Date,Team,Pitcher,Open,Close,OpenOU,CloseOU
329,CUB,JLESTER-L,-175,-200,8,8
329,MIA,JURENA-R,155,170,8,8
329,STL,CMARTINEZ-R,105,123,7,6.5
329,NYM,NSYNDERGAARD-R,-125,-138,7,6.5
329,PHI,ANOLA-R,-125,-131,8,8
329,ATL,JTEHERAN-R,105,116,8,8
329,MIL,CANDERSON-R,-115,-131,8,8
329,SDG,CRICHARD-L,-105,116,8,8
329,SFO,TBLACH-L,250,256,7,7.5
329,LAD,CKERSHAW-L,-300,-306,7,7.5
329,COL,JGRAY-R,-115,-101,9,8
329,ARI,PCORBIN-L,-105,-109,9,8
329,MIN,JODORIZZI-R,105,117,9.5,9.5
329,BAL,DBUNDY-R,-125,-127,9.5,9.5
329,HOU,JVERLANDER-R,-168,-160,9,9
329,TEX,CHAMELS-L,148,145,9,9
329,NYY,LSEVERINO-R,-155,-171,8.5,8.5
329,TOR,JHAPP-L,135,151,8.5,8.5
329,BOS,CSALE-L,-175,-173,7,6.5
329,TAM,CARCHER-R,155,153,7,6.5
329,LAA,GRICHARDS-R,-135,-118,8.5,9
329,OAK,KGRAVEMAN-R,115,108,8.5,9
329,CWS,JSHIELDS-R,150,125,9,8.5
329,KAN,DDUFFY-L,-170,-140,9,8.5
329,CLE,CKLUBER-R,-170,-180,7.5,7
329,SEA,FHERNANDEZ-R,150,160,7.5,7
330,CUB,KHENDRICKS-R,-230,-200,8.5,8
330,MIA,CSMITH-L,200,170,8.5,8
330,PHI,NPIVETTA-R,110,-109,9,9
330,ATL,MFOLTYNEWICZ-R,-130,-101,9,9
330,COL,TANDERSON-L,145,128,8.5,8
330,ARI,RRAY-L,-165,-143,8.5,8
330,SFO,JCUETO-R,170,148,7,7.5
330,LAD,AWOOD-L,-190,-163,7,7.5
330,MIL,JCHACIN-R,-123,-113,8,8
330,SDG,JLUCCHESI-L,103,103,8,8
330,NYY,MTANAKA-R,-145,-137,9,8.5
330,TOR,ASANCHEZ-R,125,122,9,8.5
330,BOS,DPRICE-L,-175,-141,7.5,7
330,TAM,BSNELL-L,155,126,7.5,7
330,HOU,DKEUCHEL-L,-200,-170,9.5,9
330,TEX,DFISTER-R,170,150,9.5,9
330,LAA,TSKAGGS-L,-113,-114,9,9
330,OAK,SMANAEA-L,-107,104,9,9
330,WAS,MSCHERZER-R,-200,-215,8.5,9
330,CIN,HBAILEY-R,170,185,8.5,9
330,PIT,INOVA-R,-119,-129,9.5,9
330,DET,JZIMMERMANN-R,-101,119,9.5,9
331,STL,MWACHA-R,135,107,7.5,7
331,NYM,JDEGROM-R,-155,-117,7.5,7
331,WAS,SSTRASBURG-R,-185,-145,8,8
331,CIN,LCASTILLO-R,165,130,8,8
331,PHI,VVELASQUEZ-R,105,105,9,8
331,ATL,BMCCARTHY-R,-125,-115,9,8
331,CUB,YDARVISH-R,-230,-210,8.5,8
331,MIA,ODESPAIGNE-R,200,180,8.5,8
331,COL,GMARQUEZ-R,145,136,8.5,8.5
331,ARI,ZGREINKE-R,-165,-151,8.5,8.5
331,MIL,BSUTER-L,-125,-120,8,7.5
331,SDG,LPERDOMO-R,105,110,8,7.5
331,SFO,DHOLLAND-L,180,175,8.5,8
331,LAD,KMAEDA-R,-210,-205,8.5,8
331,HOU,LMCCULLERSJR.-R,-190,-201,10,9.5
331,TEX,MMOORE-L,170,171,10,9.5
331,LAA,MSHOEMAKER-R,-127,-107,9,9
331,OAK,DMENGDEN-R,107,-103,9,9
331,NYY,CSABATHIA-L,-145,-104,9,9.5
331,TOR,MESTRADA-R,125,-106,9,9.5
331,CLE,CCARRASCO-R,-121,-107,7.5,6.5
331,SEA,JPAXTON-L,101,-103,7.5,6.5
331,BOS,RPORCELLO-R,-155,-111,8.5,8
331,TAM,AKITTREDGE-R,135,101,8.5,8
331,MIN,KGIBSON-R,104,-119,9.5,9
331,BAL,ACASHNER-R,-124,109,9.5,9
331,CWS,LGIOLITO-R,106,-108,9,8.5
331,KAN,IKENNEDY-R,-126,-102,9,8.5
401,CUB,JQUINTANA-L,-205,-208,8,8
401,MIA,DPETERS-L,175,178,8,8
401,STL,LWEAVER-R,-111,-152,8,8
401,NYM,SMATZ-L,-109,137,8,8
401,WAS,GGONZALEZ-L,-165,-131,9,8.5
401,CIN,SROMANO-R,145,116,9,8.5
401,SFO,CSTRATTON-R,165,175,7.5,7.5
401,LAD,RHILL-L,-185,-195,7.5,7.5
401,MIN,JBERRIOS-R,-105,103,9,9
401,BAL,KGAUSMAN-R,-115,-113,9,9
401,NYY,SGRAY-R,-119,104,8.5,8.5
401,TOR,MSTROMAN-R,-101,-114,8.5,8.5
401,BOS,HVELAZQUEZ-R,-115,104,8,8.5
401,TAM,JFARIA-R,-105,-114,8,8.5
401,HOU,GCOLE-R,-155,-155,9.5,9.5
401,TEX,MMINOR-L,135,140,9.5,9.5
401,LAA,SOHTANI-R,-119,-126,9.5,9
401,OAK,DGOSSETT-R,-101,116,9.5,9
401,CLE,TBAUER-R,-140,-145,8.5,7.5
401,SEA,MLEAKE-R,120,130,8.5,7.5
401,PIT,TWILLIAMS-R,-111,101,8.5,8.5
401,DET,MFULMER-R,-109,-111,8.5,8.5
401,PIT,CKUHL-R,-105,-121,9,8.5
401,DET,RCARPENTER-L,-105,111,9,8.5
402,STL,MMIKOLAS-R,110,101,9,9.5
402,MIL,ZDAVIES-R,-130,-111,9,9.5
402,CUB,TCHATWOOD-R,-140,-140,9,8.5
402,CIN,TMAHLE-R,120,125,9,8.5
402,WAS,TROARK-R,-130,-121,9.5,9
402,ATL,SNEWCOMB-L,110,111,9.5,9
402,LAD,HRYU-L,-115,-109,9,9
402,ARI,TWALKER-R,-105,-101,9,9
402,COL,CBETTIS-R,-120,101,8.5,8
402,SDG,BMITCHELL-R,100,-111,8.5,8
402,KAN,JHAMMEL-R,-112,101,9.5,8.5
402,DET,FLIRIANO-L,-108,-111,9.5,8.5
402,CWS,RLOPEZ-R,120,155,9.5,9
402,TOR,JGARCIA-L,-140,-175,9.5,9
402,BAL,CTILLMAN-R,180,198,9,9.5
402,HOU,CMORTON-R,-210,-228,9,9.5
402,TEX,BCOLON-R,110,152,9,9
402,OAK,ATRIGGS-R,-130,-167,9,9
402,CLE,MCLEVINGER-R,-135,-111,9,8
402,LAA,JRAMIREZ-R,115,101,9,8
402,MIN,LLYNN-R,-112,131,8.5,7.5
402,PIT,JTAILLON-R,-108,-146,8.5,7.5
402,BOS,BJOHNSON-L,-170,-133,9,8.5
402,MIA,TRICHARDS-R,150,118,9,8.5
403,PHI,BLIVELY-R,-107,116,8,7.5
403,NYM,MHARVEY-R,-113,-126,8,7.5
403,WAS,ACOLE-R,-115,-129,9,9.5
403,ATL,JTEHERAN-R,-105,119,9,9.5
403,STL,JFLAHERTY-R,120,-102,9,9.5
403,MIL,CANDERSON-R,-140,-108,9,9.5
403,LAD,CKERSHAW-L,-175,-173,7.5,7.5
403,ARI,ZGODLEY-R,155,153,7.5,7.5
403,COL,KFREELAND-L,-122,-112,8.5,8
403,SDG,TROSS-R,102,102,8.5,8
403,KAN,JJUNIS-R,-115,102,9,8.5
403,DET,MBOYD-L,-105,-112,9,8.5
403,CWS,MGONZALEZ-R,145,165,9,9
403,TOR,JHAPP-L,-165,-185,9,9
403,BAL,MWRIGHTJR.-R,215,210,9,9
403,HOU,JVERLANDER-R,-255,-250,9,9
403,TEX,CHAMELS-L,-113,117,8.5,9
403,OAK,KGRAVEMAN-R,-107,-132,8.5,9
403,CLE,JTOMLIN-R,100,118,8.5,8
403,LAA,GRICHARDS-R,-120,-133,8.5,8
403,SEA,MGONZALES-L,110,105,8.5,8
403,SFO,TBLACH-L,-130,-115,8.5,8
403,BOS,CSALE-L,-260,-270,7.5,7.5
403,MIA,JURENA-R,220,230,7.5,7.5
403,TAM,CARCHER-R,140,165,8.5,7
403,NYY,JMONTGOMERY-L,-160,-185,8.5,7
404,WAS,MSCHERZER-R,-200,-209,8,8
404,ATL,MFOLTYNEWICZ-R,170,179,8,8
404,PHI,ANOLA-R,136,131,7,7
404,NYM,NSYNDERGAARD-R,-156,-146,7,7
404,LAD,AWOOD-L,-130,-131,8.5,8
404,ARI,PCORBIN-L,110,116,8.5,8
404,STL,CMARTINEZ-R,-120,-105,9,9.5
404,MIL,JCHACIN-R,100,-105,9,9.5
404,COL,JGRAY-R,-128,-131,7.5,7
404,SDG,CRICHARD-L,108,116,7.5,7
404,TAM,BSNELL-L,205,227,8,8.5
404,NYY,LSEVERINO-R,-235,-267,8,8.5
404,BAL,DBUNDY-R,175,151,8.5,8
404,HOU,DKEUCHEL-L,-205,-166,8.5,8
404,CLE,CKLUBER-R,-155,-150,7.5,7
404,LAA,TSKAGGS-L,135,135,7.5,7
404,CWS,CFULMER-R,175,193,9,9.5
404,TOR,ASANCHEZ-R,-205,-223,9,9.5
404,TEX,DFISTER-R,130,145,8.5,8.5
404,OAK,SMANAEA-L,-150,-160,8.5,8.5
404,MIN,JODORIZZI-R,-112,111,8,8
404,PIT,INOVA-R,-108,-121,8,8
404,SEA,FHERNANDEZ-R,117,125,7,7.5
404,SFO,JCUETO-R,-137,-140,7,7.5
405,NYM,JDEGROM-R,140,140,7.5,7
405,WAS,SSTRASBURG-R,-160,-155,7.5,7
405,MIA,CSMITH-L,140,130,9,8
405,PHI,NPIVETTA-R,-160,-145,9,8
405,COL,TANDERSON-L,-120,-101,8.5,7.5
405,SDG,JLUCCHESI-L,100,-109,8.5,7.5
405,CIN,HBAILEY-R,110,147,8.5,8
405,PIT,SBRAULT-L,-130,-162,8.5,8
405,ARI,RRAY-L,-105,101,8,8
405,STL,AWAINWRIGHT-R,-115,-111,8,8
405,CUB,JLESTER-L,-135,-109,9,9
405,MIL,BSUTER-L,115,-101,9,9
405,TAM,YCHIRINOS-R,205,200,8.5,9
405,BOS,DPRICE-L,-245,-230,8.5,9
405,TEX,MPEREZ-L,115,140,9.5,9
405,OAK,DMENGDEN-R,-135,-155,9.5,9
405,SEA,JPAXTON-L,-119,-105,8.5,7.5
405,MIN,KGIBSON-R,-101,-105,8.5,7.5
405,DET,JZIMMERMANN-R,110,109,9.5,8.5
405,CWS,JSHIELDS-R,-130,-119,9.5,8.5
405,BAL,ACASHNER-R,205,225,9,8.5
405,NYY,MTANAKA-R,-245,-265,9,8.5
406,ATL,BMCCARTHY-R,120,137,11,9
406,COL,GMARQUEZ-R,-140,-152,11,9
406,CIN,LCASTILLO-R,110,-121,8,8
406,PIT,TWILLIAMS-R,-130,111,8,8
406,CUB,KHENDRICKS-R,-150,-131,9,8.5
406,MIL,BWOODRUFF-R,130,116,9,8.5
406,KAN,DDUFFY-L,180,203,7.5,7
406,CLE,CCARRASCO-R,-210,-233,7.5,7
406,BAL,KGAUSMAN-R,165,161,9.5,9.5
406,NYY,CSABATHIA-L,-185,-181,9.5,9.5
406,TOR,MESTRADA-R,-120,-116,10,10
406,TEX,MMOORE-L,100,106,10,10
406,OAK,DGOSSETT-R,135,116,9,9
406,LAA,PBRIDWELL-R,-155,-131,9,9
406,SDG,LPERDOMO-R,240,248,8.5,8.5
406,HOU,LMCCULLERSJR.-R,-280,-288,8.5,8.5
407,NYM,SMATZ-L,140,140,8.5,8
407,WAS,GGONZALEZ-L,-160,-155,8.5,8
407,ARI,ZGREINKE-R,-115,-101,7.5,7.5
407,STL,MWACHA-R,-105,-109,7.5,7.5
407,LAD,RHILL-L,-165,-126,7.5,8
407,SFO,CSTRATTON-R,145,116,7.5,8
407,CUB,YDARVISH-R,-145,-133,9,9
407,MIL,ZDAVIES-R,125,118,9,9
407,MIA,DPETERS-L,125,155,8.5,8.5
407,PHI,VVELASQUEZ-R,-145,-175,8.5,8.5
407,CIN,SROMANO-R,120,116,8.5,8
407,PIT,CKUHL-R,-140,-131,8.5,8
407,ATL,ASANCHEZ-R,135,131,11.5,11
407,COL,CBETTIS-R,-155,-146,11.5,11
407,BAL,CTILLMAN-R,190,205,9.5,9.5
407,NYY,SGRAY-R,-220,-235,9.5,9.5
407,TAM,JFARIA-R,155,150,8.5,9
407,BOS,RPORCELLO-R,-175,-170,8.5,9
407,DET,MFULMER-R,-112,109,8.5,8
407,CWS,LGIOLITO-R,-108,-119,8.5,8
407,SEA,MLEAKE-R,130,149,8.5,8
407,MIN,JBERRIOS-R,-150,-164,8.5,8
407,KAN,IKENNEDY-R,180,205,8,7.5
407,CLE,TBAUER-R,-210,-245,8,7.5
407,TOR,MSTROMAN-R,-130,-126,9.5,8.5
407,TEX,MMINOR-L,110,116,9.5,8.5
407,OAK,ATRIGGS-R,111,104,8.5,9
407,LAA,JRAMIREZ-R,-131,-114,8.5,9
407,SDG,BMITCHELL-R,230,275,8.5,9
407,HOU,GCOLE-R,-270,-325,8.5,9
408,CIN,TMAHLE-R,130,140,7.5,7.5
408,PIT,JTAILLON-R,-150,-155,7.5,7.5
408,MIA,TRICHARDS-R,165,170,7.5,8
408,PHI,JARRIETA-R,-185,-200,7.5,8
408,CUB,JQUINTANA-L,-130,-114,8.5,8.5
408,MIL,CANDERSON-R,110,104,8.5,8.5
408,ARI,TWALKER-R,125,150,8,7.5
408,STL,LWEAVER-R,-145,-165,8,7.5
408,ATL,SNEWCOMB-L,120,140,11.5,11
408,COL,KFREELAND-L,-140,-155,11.5,11
408,LAD,CKERSHAW-L,-200,-245,7,8
408,SFO,TBLACH-L,170,205,7,8
408,NYM,MHARVEY-R,125,167,8,8
408,WAS,TROARK-R,-145,-187,8,8
408,BAL,MWRIGHTJR.-R,170,165,9.5,8.5
408,NYY,JMONTGOMERY-L,-200,-185,9.5,8.5
408,TAM,AKITTREDGE-R,190,170,9.5,8
408,BOS,ERODRIGUEZ-L,-220,-200,9.5,8
408,KAN,JHAMMEL-R,180,184,8,7.5
408,CLE,MCLEVINGER-R,-210,-214,8,7.5
408,DET,MFIERS-R,125,155,9,8
408,CWS,RLOPEZ-R,-145,-175,9,8
408,TOR,JGARCIA-L,100,-112,9.5,9
408,TEX,CHAMELS-L,-120,102,9.5,9
408,OAK,KGRAVEMAN-R,155,170,8.5,9
408,LAA,SOHTANI-R,-175,-190,8.5,9
408,SDG,TROSS-R,210,237,8.5,8.5
408,HOU,CMORTON-R,-250,-277,8.5,8.5
409,CIN,CREED-L,135,116,8.5,9
409,PHI,BLIVELY-R,-155,-131,8.5,9
409,ATL,JTEHERAN-R,200,214,7.5,7.5
409,WAS,MSCHERZER-R,-240,-254,7.5,7.5
409,MIL,JCHACIN-R,125,133,8.5,8
409,STL,MMIKOLAS-R,-145,-148,8.5,8
409,NYM,NSYNDERGAARD-R,-220,-235,7.5,7.5
409,MIA,JURENA-R,190,205,7.5,7.5
409,SDG,CRICHARD-L,170,170,10.5,9.5
409,COL,JGRAY-R,-200,-190,10.5,9.5
409,ARI,ZGODLEY-R,-135,-105,8.5,8
409,SFO,DHOLLAND-L,115,-105,8.5,8
409,DET,FLIRIANO-L,160,255,8.5,6.5
409,CLE,CKLUBER-R,-180,-305,8.5,6.5
409,TOR,JHAPP-L,115,107,8.5,7.5
409,BAL,DBUNDY-R,-135,-117,8.5,7.5
409,LAA,GRICHARDS-R,-130,-136,9.5,9
409,TEX,DFISTER-R,110,121,9.5,9
409,TAM,CARCHER-R,-119,-140,8.5,7
409,CWS,MGONZALEZ-R,-101,125,8.5,7
409,HOU,JVERLANDER-R,-165,-145,8.5,8
409,MIN,LLYNN-R,145,130,8.5,8
409,SEA,MGONZALES-L,-105,-105,8.5,7.5
409,KAN,JJUNIS-R,-115,-105,8.5,7.5
410,ATL,MFOLTYNEWICZ-R,200,200,7.5,7
410,WAS,SSTRASBURG-R,-230,-240,7.5,7
410,CIN,HBAILEY-R,155,175,8,7.5
410,PHI,ANOLA-R,-175,-195,8,7.5
410,NYM,JDEGROM-R,-200,-194,8,8
410,MIA,CSMITH-L,170,174,8,8
410,MIL,BSUTER-L,135,148,8,7.5
410,STL,CMARTINEZ-R,-155,-163,8,7.5
410,SDG,JLUCCHESI-L,155,135,10,10.5
410,COL,TANDERSON-L,-175,-150,10,10.5
410,ARI,PCORBIN-L,100,-108,7,7.5
410,SFO,TBEEDE-R,-120,-102,7,7.5
410,TAM,BSNELL-L,-105,-110,8,8.5
410,CWS,CFULMER-R,-115,100,8,8.5
410,DET,MBOYD-L,170,182,8.5,8.5
410,CLE,JTOMLIN-R,-200,-212,8.5,8.5
410,TOR,ASANCHEZ-R,-115,-135,8.5,9
410,BAL,ACASHNER-R,-105,120,8.5,9
410,NYY,LSEVERINO-R,125,117,7.5,7
410,BOS,CSALE-L,-145,-132,7.5,7
410,LAA,TSKAGGS-L,-135,-143,9.5,10
410,TEX,MPEREZ-L,115,128,9.5,10
410,HOU,DKEUCHEL-L,-135,-158,8,8
410,MIN,JODORIZZI-R,115,143,8,8
410,SEA,FHERNANDEZ-R,-135,-105,8.5,8.5
410,KAN,ESKOGLUND-L,115,-105,8.5,8.5
410,OAK,SMANAEA-L,130,113,7.5,8.5
410,LAD,HRYU-L,-150,-123,7.5,8.5
410,PIT,INOVA-R,125,132,8,9
410,CUB,TCHATWOOD-R,-145,-147,8,9
411,ATL,BMCCARTHY-R,125,113,8.5,9
411,WAS,ACOLE-R,-145,-123,8.5,9
411,MIL,JGUERRA-R,145,126,8.5,9.5
411,STL,AWAINWRIGHT-R,-165,-141,8.5,9.5
411,SDG,LPERDOMO-R,157,135,11,11.5
411,COL,GMARQUEZ-R,-177,-150,11,11.5
411,ARI,RRAY-L,-111,-110,7,7.5
411,SFO,ASUAREZ-L,-109,100,7,7.5
411,CIN,LCASTILLO-R,-108,-103,8,8
411,PHI,NPIVETTA-R,-112,-107,8,8
411,NYM,ZWHEELER-R,-154,-129,8.5,8.5
411,MIA,JGARCIA-L,134,119,8.5,8.5
411,PIT,SBRAULT-L,173,145,8.5,8
411,CUB,JLESTER-L,-203,-160,8.5,8
411,HOU,LMCCULLERSJR.-R,-167,-160,8,8
411,MIN,KGIBSON-R,147,145,8,8
411,TAM,YCHIRINOS-R,-101,-125,8.5,9
411,CWS,JSHIELDS-R,-119,115,8.5,9
411,SEA,JPAXTON-L,-135,-140,7.5,8.5
411,KAN,DDUFFY-L,115,125,7.5,8.5
411,DET,JZIMMERMANN-R,250,250,8,8
411,CLE,CCARRASCO-R,-290,-300,8,8
411,TOR,MESTRADA-R,-113,122,8.5,8.5
411,BAL,KGAUSMAN-R,-107,-137,8.5,8.5
411,NYY,MTANAKA-R,-109,-106,8,8
411,BOS,DPRICE-L,-111,-104,8,8
411,LAA,JBARRIA-R,-112,-115,10.5,11
411,TEX,MMOORE-L,-108,105,10.5,11
411,OAK,DMENGDEN-R,175,158,8,7.5
411,LAD,AWOOD-L,-195,-178,8,7.5
412,PIT,TWILLIAMS-R,145,155,8,8.5
412,CUB,KHENDRICKS-R,-165,-175,8,8.5
412,STL,MWACHA-R,-130,-146,9,9.5
412,CIN,SROMANO-R,110,131,9,9.5
412,COL,CBETTIS-R,155,165,8,9
412,WAS,GGONZALEZ-L,-175,-185,8,9
412,SFO,CSTRATTON-R,-120,-139,8,8.5
412,SDG,BMITCHELL-R,100,124,8,8.5
412,DET,MFULMER-R,155,195,7.5,8.5
412,CLE,TBAUER-R,-175,-225,7.5,8.5
412,NYY,SGRAY-R,110,-114,9,9
412,BOS,RPORCELLO-R,-130,104,9,9
412,CWS,LGIOLITO-R,155,205,8.5,8.5
412,MIN,JBERRIOS-R,-175,-245,8.5,8.5
412,LAA,NTROPEANO-R,-120,-152,9,10
412,KAN,IKENNEDY-R,100,137,9,10
413,ATL,ASANCHEZ-R,175,176,7.5,7.5
413,CUB,YDARVISH-R,-205,-196,7.5,7.5
413,STL,LWEAVER-R,-150,-170,8.5,9.5
413,CIN,TMAHLE-R,130,150,8.5,9.5
413,COL,KFREELAND-L,160,157,9,8.5
413,WAS,TROARK-R,-180,-177,9,8.5
413,MIL,ZDAVIES-R,105,-104,8.5,8.5
413,NYM,SMATZ-L,-125,-106,8.5,8.5
413,PIT,CKUHL-R,-150,-129,9,8
413,MIA,DPETERS-L,130,119,9,8
413,SFO,TBLACH-L,-105,-131,8,8.5
413,SDG,TROSS-R,-105,116,8,8.5
413,ARI,ZGREINKE-R,-105,127,7,6.5
413,LAD,KMAEDA-R,-115,-142,7,6.5
413,NYY,JMONTGOMERY-L,-180,-182,9,9
413,DET,MFIERS-R,160,162,9,9
413,TOR,MSTROMAN-R,135,131,8,8.5
413,CLE,MCLEVINGER-R,-155,-146,8,8.5
413,BAL,CTILLMAN-R,165,211,9.5,9.5
413,BOS,ERODRIGUEZ-L,-185,-251,9.5,9.5
413,TEX,CHAMELS-L,200,220,8,8.5
413,HOU,GCOLE-R,-230,-260,8,8.5
413,LAA,AHEANEY-L,-119,-170,9,10
413,KAN,JHAMMEL-R,-101,150,9,10
413,OAK,ATRIGGS-R,100,-129,8,8
413,SEA,MLEAKE-R,-120,119,8,8
413,PHI,VVELASQUEZ-R,-115,104,8.5,8
413,TAM,JFARIA-R,-105,-114,8.5,8
414,COL,JGRAY-R,180,164,7,7.5
414,WAS,MSCHERZER-R,-210,-184,7,7.5
414,STL,MMIKOLAS-R,-135,-121,9.5,9.5
414,CIN,BFINNEGAN-L,115,111,9.5,9.5
414,ATL,SNEWCOMB-L,155,158,7,6.5
414,CUB,JQUINTANA-L,-175,-178,7,6.5
414,PIT,JTAILLON-R,-175,-195,7.5,7.5
414,MIA,TRICHARDS-R,155,175,7.5,7.5
414,MIL,CANDERSON-R,115,-105,8,8
414,NYM,MHARVEY-R,-135,-105,8,8
414,SFO,DHOLLAND-L,-115,-102,8,8.5
414,SDG,CRICHARD-L,-105,-108,8,8.5
414,ARI,TWALKER-R,130,160,7,7.5
414,LAD,RHILL-L,-150,-180,7,7.5
414,BAL,ACOBB-R,145,140,9.5,9
414,BOS,HVELAZQUEZ-R,-165,-155,9.5,9
414,TEX,MMINOR-L,180,200,8.5,8.5
414,HOU,CMORTON-R,-210,-240,8.5,8.5
414,LAA,GRICHARDS-R,-145,-163,8.5,7.5
414,KAN,JJUNIS-R,125,148,8.5,7.5
414,OAK,KGRAVEMAN-R,110,-101,8.5,9
414,SEA,MGONZALES-L,-130,-109,8.5,9
414,PHI,JARRIETA-R,101,127,7.5,7
414,TAM,CARCHER-R,-121,-142,7.5,7
415,STL,CMARTINEZ-R,-155,-185,9,8.5
415,CIN,HBAILEY-R,135,165,9,8.5
415,PIT,INOVA-R,-140,-139,8.5,8.5
415,MIA,JURENA-R,120,124,8.5,8.5
415,MIL,JCHACIN-R,170,177,7.5,7
415,NYM,NSYNDERGAARD-R,-200,-207,7.5,7
415,COL,TANDERSON-L,170,175,7.5,7
415,WAS,SSTRASBURG-R,-200,-205,7.5,7
415,ARI,ZGODLEY-R,180,180,7,6.5
415,LAD,CKERSHAW-L,-210,-210,7,6.5
415,SFO,TBEEDE-R,-105,120,8,8
415,SDG,JLUCCHESI-L,-115,-135,8,8
415,BAL,DBUNDY-R,190,195,7,6.5
415,BOS,CSALE-L,-220,-225,7,6.5
415,OAK,SMANAEA-L,-105,-114,8.5,8.5
415,SEA,FHERNANDEZ-R,-115,104,8.5,8.5
415,TEX,BCOLON-R,280,288,8.5,8
415,HOU,JVERLANDER-R,-330,-338,8.5,8
415,PHI,BLIVELY-R,100,123,8,8
415,TAM,RYARBROUGH-L,-120,-138,8,8
416,COL,GMARQUEZ-R,105,117,8.5,8
416,PIT,SBRAULT-L,-125,-127,8.5,8
416,WAS,JHELLICKSON-R,145,151,8,7.5
416,NYM,JDEGROM-R,-165,-171,8,7.5
416,PHI,ANOLA-R,-130,-117,8,8.5
416,ATL,JTEHERAN-R,110,107,8,8.5
416,CIN,LCASTILLO-R,130,107,8.5,8
416,MIL,BSUTER-L,-150,-117,8.5,8
416,LAD,HRYU-L,-140,-143,8,7.5
416,SDG,RERLIN-L,120,128,8,7.5
416,TEX,MPEREZ-L,135,153,8.5,7.5
416,TAM,BSNELL-L,-155,-168,8.5,7.5
416,CWS,RLOPEZ-R,-105,140,8.5,8.5
416,OAK,DMENGDEN-R,-115,-155,8.5,8.5
416,HOU,DKEUCHEL-L,-130,-108,8,7
416,SEA,JPAXTON-L,110,-102,8,7
416,MIA,CSMITH-L,290,292,8,8.5
416,NYY,LSEVERINO-R,-350,-342,8,8.5
417,COL,CBETTIS-R,120,116,7.5,8
417,PIT,TWILLIAMS-R,-140,-131,7.5,8
417,WAS,GGONZALEZ-L,-101,-113,7.5,7.5
417,NYM,ZWHEELER-R,-119,103,7.5,7.5
417,PHI,NPIVETTA-R,-109,-101,8.5,8.5
417,ATL,MFOLTYNEWICZ-R,-111,-109,8.5,8.5
417,CIN,SROMANO-R,155,134,8.5,9
417,MIL,JGUERRA-R,-175,-149,8.5,9
417,STL,AWAINWRIGHT-R,110,118,7.5,8
417,CUB,TCHATWOOD-R,-130,-128,7.5,8
417,SFO,JCUETO-R,110,135,8.5,8
417,ARI,PCORBIN-L,-130,-150,8.5,8
417,LAD,AWOOD-L,-170,-226,8,7.5
417,SDG,BMITCHELL-R,150,196,8,7.5
417,BAL,ACASHNER-R,-111,-110,8,9
417,DET,FLIRIANO-L,-109,100,8,9
417,KAN,DDUFFY-L,175,138,8.5,9
417,TOR,JBIAGINI-R,-195,-153,8.5,9
417,CLE,CKLUBER-R,-205,-200,7,8
417,MIN,JODORIZZI-R,175,170,7,8
417,TEX,MMOORE-L,145,131,8,8.5
417,TAM,YCHIRINOS-R,-165,-146,8,8.5
417,CWS,MGONZALEZ-R,120,167,9,8.5
417,OAK,TCAHILL-R,-140,-187,9,8.5
417,BOS,DPRICE-L,120,151,7.5,8
417,LAA,SOHTANI-R,-140,-166,7.5,8
417,HOU,LMCCULLERSJR.-R,-170,-202,8.5,8
417,SEA,AMIRANDA-L,150,172,8.5,8
417,MIA,JGARCIA-L,235,295,8.5,9
417,NYY,MTANAKA-R,-275,-345,8.5,9
417,KAN,ESKOGLUND-L,180,185,9,9
417,TOR,JGARCIA-L,-210,-215,9,9
418,COL,KFREELAND-L,102,113,8.5,7.5
418,PIT,CKUHL-R,-122,-123,8.5,7.5
418,CIN,TMAHLE-R,135,124,8.5,9
418,MIL,ZDAVIES-R,-155,-139,8.5,9
418,WAS,TROARK-R,-112,-101,8,8
418,NYM,SMATZ-L,-108,-109,8,8
418,PHI,VVELASQUEZ-R,-103,113,8.5,9
418,ATL,BMCCARTHY-R,-117,-123,8.5,9
418,SFO,CSTRATTON-R,136,152,8.5,8
418,ARI,RRAY-L,-156,-167,8.5,8
418,LAD,KMAEDA-R,-163,-165,8,7
418,SDG,LPERDOMO-R,143,150,8,7
418,TEX,CHAMELS-L,104,-132,7.5,8
418,TAM,JFARIA-R,-124,117,7.5,8
418,CWS,CFULMER-R,180,175,8.5,9
418,OAK,ATRIGGS-R,-210,-205,8.5,9
418,KAN,IKENNEDY-R,164,177,8.5,8
418,TOR,JHAPP-L,-184,-197,8.5,8
418,BAL,KGAUSMAN-R,-114,-121,9,8.5
418,DET,MBOYD-L,-106,111,9,8.5
418,CLE,CCARRASCO-R,-134,-116,7.5,8
418,MIN,JBERRIOS-R,114,106,7.5,8
418,BOS,RPORCELLO-R,104,-109,8.5,8
418,LAA,TSKAGGS-L,-124,-101,8.5,8
418,HOU,GCOLE-R,-166,-180,8,7.5
418,SEA,MLEAKE-R,146,160,8,7.5
419,PIT,JTAILLON-R,-110,-117,7.5,7
419,PHI,JARRIETA-R,-110,107,7.5,7
419,NYM,MHARVEY-R,-107,-105,9,9.5
419,ATL,MWISLER-R,-113,-105,9,9.5
419,MIA,DPETERS-L,190,167,8.5,9
419,MIL,CANDERSON-R,-220,-187,8.5,9
419,SFO,TBLACH-L,145,153,8.5,8.5
419,ARI,ZGREINKE-R,-165,-173,8.5,8.5
419,BAL,ACOBB-R,-119,-111,9,9
419,DET,JZIMMERMANN-R,-101,101,9,9
419,HOU,CMORTON-R,-185,-185,8.5,8.5
419,SEA,MGONZALES-L,165,165,8.5,8.5
419,TOR,ASANCHEZ-R,120,145,9,9
419,NYY,CSABATHIA-L,-140,-160,9,9
419,BOS,ERODRIGUEZ-L,-112,-111,8.5,8.5
419,LAA,NTROPEANO-R,-108,101,8.5,8.5
419,STL,LWEAVER-R,-111,113,7,7
419,CUB,JLESTER-L,-109,-123,7,7
420,PIT,INOVA-R,-105,-104,8.5,8
420,PHI,BLIVELY-R,-115,-106,8.5,8
420,NYM,NSYNDERGAARD-R,-160,-140,8,7.5
420,ATL,SNEWCOMB-L,140,125,8,7.5
420,MIA,TRICHARDS-R,145,148,9,9
420,MIL,JCHACIN-R,-165,-163,9,9
420,CIN,BFINNEGAN-L,165,185,8,8.5
420,STL,MWACHA-R,-185,-215,8,8.5
420,CUB,KHENDRICKS-R,-115,-108,10.5,9.5
420,COL,JGRAY-R,-105,-102,10.5,9.5
420,SDG,TROSS-R,140,101,9,8.5
420,ARI,MKOCH-R,-160,-111,9,8.5
420,WAS,MSCHERZER-R,110,136,6,5.5
420,LAD,CKERSHAW-L,-130,-151,6,5.5
420,TOR,MESTRADA-R,174,173,9,8.5
420,NYY,SGRAY-R,-194,-193,9,8.5
420,CLE,TBAUER-R,-125,-123,8,7.5
420,BAL,DBUNDY-R,105,113,8,7.5
420,KAN,JJUNIS-R,-105,-104,9,8
420,DET,DNORRIS-L,-105,-106,9,8
420,MIN,LLYNN-R,-101,120,7.5,8
420,TAM,CARCHER-R,-119,-135,7.5,8
420,SEA,FHERNANDEZ-R,-111,115,9,9.5
420,TEX,MMINOR-L,-109,-130,9,9.5
420,HOU,JVERLANDER-R,-260,-266,8,8.5
420,CWS,JSHIELDS-R,220,226,8,8.5
420,BOS,DPOMERANZ-L,-145,-134,9,8.5
420,OAK,KGRAVEMAN-R,125,119,9,8.5
420,SFO,JSAMARDZIJA-R,120,140,9,8.5
420,LAA,AHEANEY-L,-140,-155,9,8.5
420,KAN,JHAMMEL-R,110,119,8,9
420,DET,MFULMER-R,-130,-129,8,9
421,CIN,HBAILEY-R,190,193,8,8.5
421,STL,CMARTINEZ-R,-220,-223,8,8.5
421,PIT,SBRAULT-L,160,156,8,8
421,PHI,ANOLA-R,-180,-176,8,8
421,MIA,JURENA-R,150,175,9,9
421,MIL,BSUTER-L,-170,-195,9,9
421,NYM,JDEGROM-R,-135,-163,8,8.5
421,ATL,JTEHERAN-R,115,148,8,8.5
421,CUB,YDARVISH-R,-119,-129,10.5,9.5
421,COL,TANDERSON-L,-101,119,10.5,9.5
421,SDG,CRICHARD-L,180,150,8.5,8
421,ARI,ZGODLEY-R,-210,-170,8.5,8
421,WAS,SSTRASBURG-R,-115,-109,7,7.5
421,LAD,HRYU-L,-105,-101,7,7.5
421,TOR,MSTROMAN-R,135,146,9,8.5
421,NYY,JMONTGOMERY-L,-155,-161,9,8.5
421,KAN,DDUFFY-L,-109,-101,8.5,8.5
421,DET,MFIERS-R,-111,-109,8.5,8.5
421,CLE,MCLEVINGER-R,-170,-205,9,9.5
421,BAL,CTILLMAN-R,150,175,9,9.5
421,MIN,KGIBSON-R,-111,111,8,7.5
421,TAM,BSNELL-L,-109,-121,8,7.5
421,HOU,DKEUCHEL-L,-255,-219,8.5,9
421,CWS,LGIOLITO-R,215,189,8.5,9
421,SEA,JPAXTON-L,-140,-176,9,8.5
421,TEX,BCOLON-R,120,156,9,8.5
421,BOS,CSALE-L,-150,-175,7,7.5
421,OAK,SMANAEA-L,130,155,7,7.5
421,SFO,DHOLLAND-L,179,202,8.5,9.5
421,LAA,GRICHARDS-R,-199,-232,8.5,9.5
422,PIT,TWILLIAMS-R,105,151,8,8.5
422,PHI,NPIVETTA-R,-125,-166,8,8.5
422,MIA,CSMITH-L,180,170,9,9
422,MIL,JGUERRA-R,-210,-190,9,9
422,CIN,LCASTILLO-R,135,135,8.5,7.5
422,STL,MMIKOLAS-R,-155,-150,8.5,7.5
422,CUB,JQUINTANA-L,-115,-114,10.5,10.5
422,COL,GMARQUEZ-R,-105,104,10.5,10.5
422,SDG,JLUCCHESI-L,170,134,8,7
422,ARI,PCORBIN-L,-200,-149,8,7
422,WAS,JHELLICKSON-R,155,180,8,8
422,LAD,AWOOD-L,-175,-210,8,8
422,TOR,JGARCIA-L,200,216,8.5,8.5
422,NYY,LSEVERINO-R,-240,-256,8.5,8.5
422,CLE,CKLUBER-R,-230,-270,7.5,7.5
422,BAL,ACASHNER-R,200,230,7.5,7.5
422,KAN,ESKOGLUND-L,140,163,8.5,9
422,DET,FLIRIANO-L,-160,-183,8.5,9
422,MIN,PHUGHES-R,110,109,8.5,9
422,TAM,YCHIRINOS-R,-130,-119,8.5,9
422,HOU,LMCCULLERSJR.-R,-200,-190,8.5,8
422,CWS,RLOPEZ-R,170,170,8.5,8
422,SEA,ERAMIREZ-R,-130,-115,10.5,10
422,TEX,MPEREZ-L,110,105,10.5,10
422,BOS,DPRICE-L,-160,-129,8.5,8.5
422,OAK,DMENGDEN-R,140,119,8.5,8.5
422,SFO,JCUETO-R,-115,103,8.5,9
422,LAA,JBARRIA-R,-105,-113,8.5,9
423,ATL,MFOLTYNEWICZ-R,-135,-118,9,8.5
423,CIN,SROMANO-R,115,108,9,8.5
423,SDG,BMITCHELL-R,165,179,11,12
423,COL,CBETTIS-R,-185,-199,11,12
423,MIA,JGARCIA-L,175,205,8,8
423,LAD,WBUEHLER-R,-205,-245,8,8
423,WAS,GGONZALEZ-L,-120,-111,7.5,8
423,SFO,CSTRATTON-R,100,101,7.5,8
423,MIN,JODORIZZI-R,165,170,9,8.5
423,NYY,MTANAKA-R,-185,-200,9,8.5
423,CLE,CCARRASCO-R,-230,-185,8,8
423,BAL,KGAUSMAN-R,200,165,8,8
423,OAK,TCAHILL-R,-120,-119,10,10
423,TEX,MMOORE-L,100,109,10,10
423,LAA,TSKAGGS-L,165,173,8.5,8.5
423,HOU,GCOLE-R,-185,-203,8.5,8.5
423,SEA,MLEAKE-R,-165,-150,9,9.5
423,CWS,CFULMER-R,145,135,9,9.5
424,ATL,BMCCARTHY-R,-140,-109,8.5,8.5
424,CIN,TMAHLE-R,120,-101,8.5,8.5
424,ARI,RRAY-L,-112,-103,8,7.5
424,PHI,VVELASQUEZ-R,-108,-107,8,7.5
424,NYM,ZWHEELER-R,140,175,8,8
424,STL,LWEAVER-R,-160,-195,8,8
424,SDG,ELAUER-L,135,140,11.5,10
424,COL,KFREELAND-L,-155,-155,11.5,10
424,MIA,DPETERS-L,220,220,8,7.5
424,LAD,KMAEDA-R,-260,-260,8,7.5
424,WAS,TROARK-R,-130,-109,8,8
424,SFO,TBLACH-L,110,-101,8,8
424,SEA,MGONZALES-L,-145,-124,9.5,9.5
424,CWS,CVOLSTAD-R,125,114,9.5,9.5
424,MIN,JBERRIOS-R,125,139,8.5,8.5
424,NYY,CSABATHIA-L,-145,-154,8.5,8.5
424,BOS,RPORCELLO-R,-125,105,8.5,8.5
424,TOR,JHAPP-L,105,-115,8.5,8.5
424,OAK,ATRIGGS-R,-115,104,9.5,10
424,TEX,CHAMELS-L,-105,-114,9.5,10
424,LAA,SOHTANI-R,130,125,8.5,8
424,HOU,CMORTON-R,-150,-140,8.5,8
424,CUB,TCHATWOOD-R,-101,122,9,9
424,CLE,JTOMLIN-R,-119,-137,9,9
424,MIL,ZDAVIES-R,-140,-131,8.5,9.5
424,KAN,IKENNEDY-R,120,116,8.5,9.5
425,SDG,TROSS-R,127,150,10,9.5
425,COL,JGRAY-R,-147,-170,10,9.5
425,WAS,MSCHERZER-R,-152,-165,7,7
425,SFO,JSAMARDZIJA-R,132,150,7,7
425,ATL,MWISLER-R,-114,-107,9,9.5
425,CIN,BFINNEGAN-L,-106,-103,9,9.5
425,ARI,ZGREINKE-R,-104,-105,7,7
425,PHI,JARRIETA-R,-116,-105,7,7
425,MIA,TRICHARDS-R,319,330,7,7
425,LAD,CKERSHAW-L,-379,-390,7,7
425,NYM,SMATZ-L,126,123,8.5,8.5
425,STL,MWACHA-R,-146,-138,8.5,8.5
425,SEA,FHERNANDEZ-R,-153,-138,9.5,9.5
425,CWS,JSHIELDS-R,133,123,9.5,9.5
425,LAA,NTROPEANO-R,184,186,8,8.5
425,HOU,JVERLANDER-R,-214,-216,8,8.5
425,MIN,LLYNN-R,149,155,9,9
425,NYY,SGRAY-R,-169,-175,9,9
425,TAM,JFARIA-R,107,103,7.5,9
425,BAL,ACOBB-R,-127,-113,7.5,9
425,BOS,ERODRIGUEZ-L,-116,-148,8.5,9
425,TOR,ASANCHEZ-R,-104,133,8.5,9
425,OAK,KGRAVEMAN-R,-112,-103,10.5,9.5
425,TEX,DFISTER-R,-108,-107,10.5,9.5
425,DET,MBOYD-L,179,145,7.5,8
425,PIT,CKUHL-R,-199,-160,7.5,8
425,CUB,JLESTER-L,113,123,8,7.5
425,CLE,TBAUER-R,-133,-138,8,7.5
425,MIL,JCHACIN-R,-138,-105,9,8.5
425,KAN,JHAMMEL-R,118,-105,9,8.5
425,DET,JZIMMERMANN-R,185,177,7.5,7.5
425,PIT,JTAILLON-R,-215,-207,7.5,7.5
426,ATL,SNEWCOMB-L,-113,-134,9,9
426,CIN,HBAILEY-R,-107,119,9,9
426,ARI,MKOCH-R,-111,118,8.5,9
426,PHI,BLIVELY-R,-109,-128,8.5,9
426,NYM,NSYNDERGAARD-R,100,-105,7,7.5
426,STL,CMARTINEZ-R,-120,-105,7,7.5
426,MIL,CANDERSON-R,124,150,8,8.5
426,CUB,KHENDRICKS-R,-144,-165,8,8.5
426,MIN,KGIBSON-R,165,185,9.5,10
426,NYY,JMONTGOMERY-L,-185,-215,9.5,10
426,SEA,JPAXTON-L,107,101,7.5,7.5
426,CLE,MCLEVINGER-R,-127,-111,7.5,7.5
426,TAM,CARCHER-R,118,123,7.5,7.5
426,BAL,DBUNDY-R,-138,-138,7.5,7.5
426,BOS,CSALE-L,-175,-222,8,8
426,TOR,MESTRADA-R,155,192,8,8
426,CWS,LGIOLITO-R,120,153,8.5,9
426,KAN,JJUNIS-R,-140,-173,8.5,9
426,DET,MFULMER-R,115,143,8,7.5
426,PIT,INOVA-R,-135,-158,8,7.5
427,MIL,BSUTER-L,155,150,7.5,7.5
427,CUB,YDARVISH-R,-175,-165,7.5,7.5
427,ARI,ZGODLEY-R,125,129,7,7
427,WAS,SSTRASBURG-R,-145,-144,7,7
427,ATL,JTEHERAN-R,150,151,7.5,8
427,PHI,ANOLA-R,-170,-166,7.5,8
427,STL,MMIKOLAS-R,-135,-124,8.5,8.5
427,PIT,SBRAULT-L,115,114,8.5,8.5
427,COL,TANDERSON-L,-150,-127,8,8
427,MIA,JURENA-R,130,117,8,8
427,NYM,JDEGROM-R,-160,-167,7,7
427,SDG,CRICHARD-L,140,152,7,7
427,LAD,HRYU-L,-150,-121,8,8
427,SFO,DHOLLAND-L,130,111,8,8
427,DET,MFIERS-R,-114,116,9.5,9.5
427,BAL,CTILLMAN-R,-106,-126,9.5,9.5
427,TEX,MMINOR-L,140,132,9,9
427,TOR,MSTROMAN-R,-160,-147,9,9
427,SEA,ERAMIREZ-R,210,220,7.5,8
427,CLE,CKLUBER-R,-250,-260,7.5,8
427,TAM,BSNELL-L,150,140,9,8.5
427,BOS,DPOMERANZ-L,-170,-155,9,8.5
427,OAK,SMANAEA-L,150,161,8.5,8.5
427,HOU,DKEUCHEL-L,-170,-181,8.5,8.5
427,CWS,RLOPEZ-R,100,-101,8.5,9
427,KAN,DDUFFY-L,-120,-109,8.5,9
427,NYY,LSEVERINO-R,-160,-138,8.5,8
427,LAA,AHEANEY-L,140,123,8.5,8
427,CIN,LCASTILLO-R,-105,101,9,9.5
427,MIN,PHUGHES-R,-115,-111,9,9.5
428,MIL,JGUERRA-R,135,153,7,7
428,CUB,JQUINTANA-L,-155,-168,7,7
428,ARI,PCORBIN-L,-125,-131,8,8
428,WAS,JHELLICKSON-R,105,116,8,8
428,ATL,MFOLTYNEWICZ-R,120,109,8.5,8.5
428,PHI,NPIVETTA-R,-140,-119,8.5,8.5
428,STL,JFLAHERTY-R,-115,-128,8,8.5
428,PIT,TWILLIAMS-R,-105,118,8,8.5
428,COL,GMARQUEZ-R,-150,-115,8.5,8
428,MIA,WCHEN-L,130,105,8.5,8
428,NYM,JVARGAS-L,105,128,8,7
428,SDG,JLUCCHESI-L,-125,-143,8,7
428,LAD,AWOOD-L,-125,-110,7,6.5
428,SFO,JCUETO-R,105,100,7,6.5
428,TAM,YCHIRINOS-R,185,185,8.5,9
428,BOS,DPRICE-L,-215,-215,8.5,9
428,TEX,BCOLON-R,145,138,9,9
428,TOR,JGARCIA-L,-165,-153,9,9
428,SEA,MLEAKE-R,200,200,8,7.5
428,CLE,CCARRASCO-R,-240,-230,8,7.5
428,DET,FLIRIANO-L,-109,125,9,9
428,BAL,ACASHNER-R,-111,-140,9,9
428,OAK,DMENGDEN-R,165,193,8.5,9
428,HOU,LMCCULLERSJR.-R,-185,-223,8.5,9
428,CWS,DCOVEY-R,120,133,10,10
428,KAN,ESKOGLUND-L,-140,-148,10,10
428,NYY,MTANAKA-R,-113,-108,8.5,7.5
428,LAA,GRICHARDS-R,-107,-102,8.5,7.5
428,CIN,SROMANO-R,115,133,9,10.5
428,MIN,JODORIZZI-R,-135,-148,9,10.5
428,CWS,CFULMER-R,-101,117,9.5,9.5
428,KAN,TOAKS-R,-119,-132,9.5,9.5
428,LAD,WBUEHLER-R,-107,-165,7.5,8
428,SFO,CSTRATTON-R,-113,150,7.5,8
429,COL,CBETTIS-R,-114,-111,7.5,7.5
429,MIA,CSMITH-L,-106,101,7.5,7.5
429,ARI,RRAY-L,111,108,8,7
429,WAS,GGONZALEZ-L,-131,-118,8,7
429,STL,LWEAVER-R,-144,-121,8.5,8
429,PIT,NKINGHAM-R,124,111,8.5,8
429,ATL,BMCCARTHY-R,115,101,8.5,8.5
429,PHI,VVELASQUEZ-R,-135,-111,8.5,8.5
429,MIL,ZDAVIES-R,145,137,8.5,8.5
429,CUB,TCHATWOOD-R,-165,-152,8.5,8.5
429,LAD,KMAEDA-R,-135,-142,8,8
429,SFO,TBLACH-L,115,127,8,8
429,NYM,ZWHEELER-R,-140,-140,8.5,8.5
429,SDG,BMITCHELL-R,120,125,8.5,8.5
429,TAM,MANDRIESE-R,180,185,9,8.5
429,BOS,RPORCELLO-R,-210,-215,9,8.5
429,DET,DNORRIS-L,115,145,9,8.5
429,BAL,KGAUSMAN-R,-135,-160,9,8.5
429,TEX,MPEREZ-L,185,205,9,9
429,TOR,JHAPP-L,-215,-245,9,9
429,SEA,MGONZALES-L,110,-101,9,8.5
429,CLE,JTOMLIN-R,-130,-109,9,8.5
429,OAK,TCAHILL-R,200,175,8,8
429,HOU,GCOLE-R,-230,-205,8,8
429,CWS,HSANTIAGO-L,110,105,9.5,9.5
429,KAN,IKENNEDY-R,-130,-115,9.5,9.5
429,NYY,CSABATHIA-L,100,114,8.5,9
429,LAA,TSKAGGS-L,-120,-124,8.5,9
429,CIN,TMAHLE-R,170,170,9,9
429,MIN,JBERRIOS-R,-190,-190,9,9
430,PIT,JTAILLON-R,110,106,7.5,8
430,WAS,TROARK-R,-130,-116,7.5,8
430,PHI,JARRIETA-R,-155,-153,7.5,7.5
430,MIA,DSTRAILY-R,135,138,7.5,7.5
430,MIL,JCHACIN-R,-135,-119,9,9.5
430,CIN,BFINNEGAN-L,115,109,9,9.5
430,COL,KFREELAND-L,155,170,9.5,10
430,CUB,JLESTER-L,-175,-200,9.5,10
430,LAD,RSTRIPLING-R,105,131,8.5,8
430,ARI,ZGREINKE-R,-125,-146,8.5,8
430,SDG,ELAUER-L,140,150,7.5,7.5
430,SFO,JSAMARDZIJA-R,-160,-170,7.5,7.5
430,TEX,CHAMELS-L,170,166,8,8
430,CLE,TBAUER-R,-190,-186,8,8
430,TAM,JFARIA-R,-130,-134,9.5,8.5
430,DET,JZIMMERMANN-R,110,119,9.5,8.5
430,KAN,JHAMMEL-R,190,200,9,8.5
430,BOS,ERODRIGUEZ-L,-220,-240,9,8.5
430,NYY,SGRAY-R,135,157,9,8.5
430,HOU,CMORTON-R,-155,-177,9,8.5
430,TOR,ASANCHEZ-R,-115,108,9,10
430,MIN,LLYNN-R,-105,-118,9,10
501,PIT,CKUHL-R,210,205,7,7.5
501,WAS,MSCHERZER-R,-250,-235,7,7.5
501,PHI,ZEFLIN-R,-115,-108,8.5,9
501,MIA,JGARCIA-L,-105,-102,8.5,9
501,ATL,MSOROKA-R,170,163,7,7
501,NYM,NSYNDERGAARD-R,-200,-183,7,7
501,MIL,CANDERSON-R,-140,-119,9,9.5
501,CIN,HBAILEY-R,120,109,9,9.5
501,COL,JGRAY-R,147,138,11,10.5
501,CUB,KHENDRICKS-R,-167,-153,11,10.5
501,LAD,CKERSHAW-L,-215,-205,7.5,7.5
501,ARI,MKOCH-R,185,175,7.5,7.5
501,SDG,TROSS-R,107,129,8,7.5
501,SFO,ASUAREZ-L,-127,-144,8,7.5
501,TEX,DFISTER-R,175,175,9,9.5
501,CLE,MCLEVINGER-R,-205,-195,9,9.5
501,TAM,CARCHER-R,-140,-163,8.5,8.5
501,DET,MBOYD-L,120,148,8.5,8.5
501,KAN,JJUNIS-R,250,275,7.5,8.5
501,BOS,CSALE-L,-290,-325,7.5,8.5
501,NYY,JMONTGOMERY-L,157,150,8,8.5
501,HOU,JVERLANDER-R,-177,-170,8,8.5
501,TOR,MESTRADA-R,110,117,9.5,9
501,MIN,KGIBSON-R,-130,-127,9.5,9
501,BAL,ACOBB-R,147,170,9,8.5
501,LAA,NTROPEANO-R,-167,-190,9,8.5
501,OAK,ATRIGGS-R,-107,105,8,9
501,SEA,FHERNANDEZ-R,-113,-115,8,9
501,CWS,JSHIELDS-R,205,200,9,9.5
501,STL,MWACHA-R,-235,-240,9,9.5
502,COL,TANDERSON-L,163,195,10.5,10.5
502,CUB,YDARVISH-R,-183,-225,10.5,10.5
502,SDG,CRICHARD-L,126,108,8,8
502,SFO,DHOLLAND-L,-146,-118,8,8
502,PIT,INOVA-R,171,170,7.5,7.5
502,WAS,SSTRASBURG-R,-201,-190,7.5,7.5
502,ATL,SNEWCOMB-L,163,136,7,7.5
502,NYM,JDEGROM-R,-183,-151,7,7.5
502,PHI,ANOLA-R,-160,-177,8,7
502,MIA,JURENA-R,140,157,8,7
502,MIL,WMILEY-L,102,-111,9.5,9.5
502,CIN,LCASTILLO-R,-122,101,9.5,9.5
502,LAD,HRYU-L,115,-102,8,7.5
502,ARI,ZGODLEY-R,-135,-108,8,7.5
502,KAN,DDUFFY-L,176,160,9,11
502,BOS,DPOMERANZ-L,-196,-180,9,11
502,TAM,BSNELL-L,-123,-128,8,8
502,DET,MFULMER-R,103,118,8,8
502,TOR,MSTROMAN-R,-114,-108,9.5,9
502,MIN,FROMERO-R,-106,-102,9.5,9
502,TEX,MMOORE-L,265,252,8,9
502,CLE,CKLUBER-R,-315,-302,8,9
502,NYY,LSEVERINO-R,-106,-129,8,8.5
502,HOU,DKEUCHEL-L,-114,119,8,8.5
502,BAL,DBUNDY-R,118,137,8.5,7.5
502,LAA,AHEANEY-L,-138,-152,8.5,7.5
502,OAK,BANDERSON-L,164,152,8,8
502,SEA,JPAXTON-L,-184,-172,8,8
502,CWS,LGIOLITO-R,219,220,8.5,9.5
502,STL,CMARTINEZ-R,-259,-260,8.5,9.5
503,PIT,TWILLIAMS-R,-107,121,8.5,9.5
503,WAS,JHELLICKSON-R,-113,-136,8.5,9.5
503,ATL,JTEHERAN-R,-112,105,8.5,9.5
503,NYM,JVARGAS-L,-108,-115,8.5,9.5
503,LAD,AWOOD-L,100,143,7.5,7
503,ARI,PCORBIN-L,-120,-158,7.5,7
503,NYY,MTANAKA-R,110,105,8.5,8
503,HOU,LMCCULLERSJR.-R,-130,-115,8.5,8
503,DET,MFIERS-R,-105,123,9.5,9.5
503,KAN,ESKOGLUND-L,-115,-138,9.5,9.5
503,BOS,DPRICE-L,-150,-152,9.5,9
503,TEX,MMINOR-L,130,137,9.5,9
503,MIN,JODORIZZI-R,100,-126,9,9
503,CWS,RLOPEZ-R,-120,116,9,9
503,BAL,CTILLMAN-R,165,155,8.5,10
503,LAA,JBARRIA-R,-185,-175,8.5,10
503,OAK,SMANAEA-L,-145,-115,8,8.5
503,SEA,WLEBLANC-L,125,105,8,8.5
503,TOR,JGARCIA-L,170,160,8.5,9
503,CLE,CCARRASCO-R,-200,-180,8.5,9
503,TOR,JBIAGINI-R,153,135,10,10
503,CLE,APLUTKO-R,-173,-150,10,10
504,PHI,NPIVETTA-R,125,118,8.5,9
504,WAS,GGONZALEZ-L,-145,-128,8.5,9
504,MIA,WCHEN-L,105,-103,9,9
504,CIN,SROMANO-R,-125,-107,9,9
504,COL,GMARQUEZ-R,105,111,8,8.5
504,NYM,ZWHEELER-R,-125,-121,8,8.5
504,SFO,CSTRATTON-R,115,135,9,9
504,ATL,MFOLTYNEWICZ-R,-135,-150,9,9
504,PIT,NKINGHAM-R,105,104,8.5,8.5
504,MIL,JGUERRA-R,-125,-114,8.5,8.5
504,CUB,JQUINTANA-L,-107,101,8.5,8
504,STL,MMIKOLAS-R,-113,-111,8.5,8
504,LAD,WBUEHLER-R,-135,-126,7,8
504,SDG,JLUCCHESI-L,115,116,7,8
504,CLE,JTOMLIN-R,180,180,9.5,11
504,NYY,CSABATHIA-L,-210,-210,9.5,11
504,TOR,JHAPP-L,-130,-157,8,8
504,TAM,AKITTREDGE-R,110,142,8,8
504,BOS,RPORCELLO-R,-185,-172,9.5,9
504,TEX,BCOLON-R,165,152,9.5,9
504,MIN,JBERRIOS-R,-150,-162,9,9
504,CWS,CFULMER-R,130,147,9,9
504,DET,FLIRIANO-L,-107,130,9,9
504,KAN,IKENNEDY-R,-113,-145,9,9
504,BAL,ACASHNER-R,130,168,9,9.5
504,OAK,DMENGDEN-R,-150,-188,9,9.5
504,LAA,GRICHARDS-R,-135,-117,8.5,8.5
504,SEA,MLEAKE-R,115,107,8.5,8.5
504,HOU,GCOLE-R,-175,-190,8,8.5
504,ARI,KMEDLEN-R,155,170,8,8.5
505,CUB,TCHATWOOD-R,-107,117,8.5,8.5
505,STL,LWEAVER-R,-113,-127,8.5,8.5
505,PHI,VVELASQUEZ-R,130,125,9,8.5
505,WAS,TROARK-R,-150,-140,9,8.5
505,PIT,JTAILLON-R,-115,-109,8.5,8.5
505,MIL,JCHACIN-R,-105,-101,8.5,8.5
505,MIA,CSMITH-L,115,114,9,8.5
505,CIN,TMAHLE-R,-135,-124,9,8.5
505,LAD,KMAEDA-R,-165,-225,8.5,9
505,SDG,BMITCHELL-R,145,195,8.5,9
505,COL,CBETTIS-R,-105,112,8,8.5
505,NYM,SMATZ-L,-115,-122,8,8.5
505,SFO,TBLACH-L,125,117,9,9
505,ATL,BMCCARTHY-R,-145,-127,9,9
505,CLE,TBAUER-R,110,-105,9,9
505,NYY,SGRAY-R,-130,-105,9,9
505,DET,JZIMMERMANN-R,115,150,9.5,9.5
505,KAN,JHAMMEL-R,-135,-165,9.5,9.5
505,TOR,ASANCHEZ-R,-114,-101,8,8
505,TAM,JFARIA-R,-106,-109,8,8
505,MIN,LLYNN-R,-115,-123,9.5,9.5
505,CWS,HSANTIAGO-L,-105,113,9.5,9.5
505,BOS,ERODRIGUEZ-L,-150,-153,9.5,9
505,TEX,CHAMELS-L,130,138,9.5,9
505,BAL,KGAUSMAN-R,140,130,8.5,9
505,OAK,TCAHILL-R,-160,-145,8.5,9
505,LAA,TSKAGGS-L,-125,-109,8.5,8.5
505,SEA,MGONZALES-L,105,-101,8.5,8.5
505,HOU,CMORTON-R,-120,-127,8.5,7.5
505,ARI,ZGREINKE-R,100,117,8.5,7.5
506,COL,KFREELAND-L,150,185,7,6.5
506,NYM,NSYNDERGAARD-R,-170,-215,7,6.5
506,SFO,ASUAREZ-L,120,130,9,9
506,ATL,MSOROKA-R,-140,-145,9,9
506,PHI,JARRIETA-R,160,192,7,7
506,WAS,MSCHERZER-R,-180,-222,7,7
506,PIT,CKUHL-R,130,116,9,9
506,MIL,CANDERSON-R,-150,-126,9,9
506,MIA,DSTRAILY-R,-105,119,9,10
506,CIN,BFINNEGAN-L,-115,-134,9,10
506,LAD,RSTRIPLING-R,-175,-145,8.5,9.5
506,SDG,ELAUER-L,155,130,8.5,9.5
506,CUB,JLESTER-L,100,-110,8.5,8.5
506,STL,MWACHA-R,-120,100,8.5,8.5
506,CLE,MCLEVINGER-R,105,117,9.5,8.5
506,NYY,DGERMAN-R,-125,-127,9.5,8.5
506,TOR,MESTRADA-R,115,120,8,8
506,TAM,CARCHER-R,-135,-135,8,8
506,MIN,KGIBSON-R,-145,-157,9.5,9
506,CWS,JSHIELDS-R,125,142,9.5,9
506,DET,MBOYD-L,115,127,8.5,8.5
506,KAN,JJUNIS-R,-135,-142,8.5,8.5
506,BOS,CSALE-L,-240,-240,9,8.5
506,TEX,DFISTER-R,200,200,9,8.5
506,BAL,ACOBB-R,170,150,9,8.5
506,OAK,ATRIGGS-R,-190,-170,9,8.5
506,LAA,SOHTANI-R,-135,-132,8.5,8.5
506,SEA,FHERNANDEZ-R,115,117,8.5,8.5
506,HOU,JVERLANDER-R,-200,-219,8,8
506,ARI,MKOCH-R,170,189,8,8
507,SFO,JSAMARDZIJA-R,100,-122,8.5,9
507,PHI,ZEFLIN-R,-120,112,8.5,9
507,NYM,PCONLON-L,-115,-105,9.5,9.5
507,CIN,HBAILEY-R,-105,-105,9.5,9.5
507,MIA,JGARCIA-L,170,185,7.5,8
507,CUB,KHENDRICKS-R,-200,-215,7.5,8
507,WAS,SSTRASBURG-R,-160,-177,7,7
507,SDG,TROSS-R,140,157,7,7
507,DET,MFULMER-R,-125,-219.5,9.5,104
507,TEX,MMOORE-L,105,189.5,9.5,104
507,HOU,DKEUCHEL-L,-150,-135,8.5,8.5
507,OAK,BANDERSON-L,130,120,8.5,8.5
507,MIN,FROMERO-R,120,104,8.5,8.5
507,STL,JGANT-R,-140,-114,8.5,8.5
508,SFO,DHOLLAND-L,170,155,7.5,8.5
508,PHI,ANOLA-R,-190,-175,7.5,8.5
508,NYM,JVARGAS-L,115,137,9.5,9.5
508,CIN,LCASTILLO-R,-135,-152,9.5,9.5
508,MIA,JURENA-R,200,147,9,9.5
508,CUB,JTSENG-R,-240,-162,9,9.5
508,WAS,JHELLICKSON-R,-138,-116,8,8.5
508,SDG,CRICHARD-L,118,106,8,8.5
508,ARI,ZGODLEY-R,112,108,7.5,7
508,LAD,RHILL-L,-132,-118,7.5,7
508,BOS,DPOMERANZ-L,165,200,8.5,8.5
508,NYY,LSEVERINO-R,-185,-240,8.5,8.5
508,KAN,DDUFFY-L,125,143,8.5,8.5
508,BAL,DBUNDY-R,-145,-158,8.5,8.5
508,SEA,JPAXTON-L,-122,-120,8.5,8
508,TOR,MSTROMAN-R,102,110,8.5,8
508,DET,MFIERS-R,125,154,9.5,9.5
508,TEX,MMINOR-L,-145,-174,9.5,9.5
508,HOU,LMCCULLERSJR.-R,-125,-155,8,8
508,OAK,SMANAEA-L,105,140,8,8
508,MIN,JODORIZZI-R,175,155,8,8
508,STL,CMARTINEZ-R,-195,-175,8,8
508,ATL,SNEWCOMB-L,113,119,7.5,7.5
508,TAM,BSNELL-L,-133,-129,7.5,7.5
508,CLE,CKLUBER-R,-220,-152,8,8
508,MIL,WMILEY-L,190,137,8,8
508,PIT,INOVA-R,-135,-146,9,9.5
508,CWS,LGIOLITO-R,115,131,9,9.5
508,LAA,AHEANEY-L,123,111,10.5,10.5
508,COL,JGRAY-R,-143,-121,10.5,10.5
509,NYM,ZWHEELER-R,-118,-105,9.5,10
509,CIN,SROMANO-R,-102,-105,9.5,10
509,MIA,WCHEN-L,205,204,11,11.5
509,CUB,JQUINTANA-L,-235,-244,11,11.5
509,SFO,CSTRATTON-R,105,101,9,8.5
509,PHI,NPIVETTA-R,-125,-111,9,8.5
509,WAS,GGONZALEZ-L,-127,-131,7.5,7
509,SDG,JLUCCHESI-L,107,116,7.5,7
509,ARI,PCORBIN-L,-105,111,7,7
509,LAD,AWOOD-L,-115,-121,7,7
509,DET,FLIRIANO-L,-102,155,9.5,9
509,TEX,BCOLON-R,-118,-175,9.5,9
509,HOU,GCOLE-R,-177,-176,8.5,7.5
509,OAK,DMENGDEN-R,157,156,8.5,7.5
509,KAN,ESKOGLUND-L,113,104,9,10
509,BAL,ACASHNER-R,-133,-114,9,10
509,BOS,RPORCELLO-R,143,126,9,8.5
509,NYY,MTANAKA-R,-163,-141,9,8.5
509,SEA,WLEBLANC-L,100,101,9,9.5
509,TOR,JGARCIA-L,-120,-111,9,9.5
509,CLE,CCARRASCO-R,-148,-160,8.5,8
509,MIL,JGUERRA-R,128,145,8.5,8
509,PIT,TWILLIAMS-R,-128,-109,9,10
509,CWS,RLOPEZ-R,108,-101,9,10
509,LAA,JBARRIA-R,108,123,11.5,12
509,COL,TANDERSON-L,-128,-138,11.5,12
509,ATL,JTEHERAN-R,-117,-104,8,8.5
509,TAM,RYARBROUGH-L,-103,-106,8,8.5
510,SFO,TBLACH-L,105,155,9,9.5
510,PHI,VVELASQUEZ-R,-125,-175,9,9.5
510,ATL,MFOLTYNEWICZ-R,-125,-105,8,7.5
510,MIA,CSMITH-L,105,-105,8,7.5
510,MIL,JCHACIN-R,120,131,11.5,11.5
510,COL,GMARQUEZ-R,-140,-146,11.5,11.5
510,WAS,TROARK-R,115,132,8,8
510,ARI,ZGREINKE-R,-135,-147,8,8
510,CIN,TMAHLE-R,170,172,7.5,7
510,LAD,WBUEHLER-R,-200,-192,7.5,7
510,STL,MMIKOLAS-R,-140,-155,7.5,7.5
510,SDG,JLYLES-R,120,140,7.5,7.5
510,KAN,IKENNEDY-R,-115,-105,9.5,10.5
510,BAL,CTILLMAN-R,-105,-105,9.5,10.5
510,BOS,ERODRIGUEZ-L,135,112,9,9
510,NYY,CSABATHIA-L,-155,-122,9,9
510,SEA,MLEAKE-R,150,143,9,9
510,TOR,JHAPP-L,-170,-158,9,9
510,MIN,JBERRIOS-R,135,146,8,7.5
510,LAA,GRICHARDS-R,-155,-161,8,7.5
511,NYM,SMATZ-L,150,148,8,8.5
511,PHI,JARRIETA-R,-170,-163,8,8.5
511,SFO,ASUAREZ-L,130,109,8,7.5
511,PIT,JTAILLON-R,-150,-119,8,7.5
511,ATL,BMCCARTHY-R,-140,-138,8.5,9
511,MIA,DSTRAILY-R,120,123,8.5,9
511,MIL,BWOODRUFF-R,135,101,11.5,11
511,COL,CBETTIS-R,-155,-111,11.5,11
511,WAS,MSCHERZER-R,-195,-195,7.5,8
511,ARI,MKOCH-R,175,175,7.5,8
511,STL,LWEAVER-R,-150,-145,7.5,7.5
511,SDG,ELAUER-L,130,130,7.5,7.5
511,CIN,MHARVEY-R,180,170,8,8.5
511,LAD,KMAEDA-R,-210,-200,8,8.5
511,TAM,JFARIA-R,-101,118,8.5,9
511,BAL,KGAUSMAN-R,-119,-133,8.5,9
511,OAK,KGRAVEMAN-R,190,167,9.5,9.5
511,NYY,SGRAY-R,-220,-187,9.5,9.5
511,BOS,CSALE-L,-205,-190,8,8
511,TOR,ASANCHEZ-R,175,170,8,8
511,KAN,JHAMMEL-R,200,200,8.5,8.5
511,CLE,TBAUER-R,-240,-240,8.5,8.5
511,TEX,CHAMELS-L,220,232,7.5,8.5
511,HOU,JVERLANDER-R,-260,-272,7.5,8.5
511,MIN,LLYNN-R,155,176,8.5,8
511,LAA,TSKAGGS-L,-175,-206,8.5,8
511,CWS,CFULMER-R,200,204,7.5,8
511,CUB,TCHATWOOD-R,-240,-244,7.5,8
512,WAS,SSTRASBURG-R,-183,-180,8,8
512,ARI,TSCRIBNER-R,163,160,8,8
512,SFO,JSAMARDZIJA-R,115,110,8.5,8.5
512,PIT,CKUHL-R,-135,-120,8.5,8.5
512,ATL,MSOROKA-R,-121,-137,7.5,8
512,MIA,JGARCIA-L,101,122,7.5,8
512,MIL,BSUTER-L,110,111,10.5,11
512,COL,KFREELAND-L,-130,-121,10.5,11
512,STL,MWACHA-R,-130,-117,7.5,7.5
512,SDG,TROSS-R,110,107,7.5,7.5
512,CIN,HBAILEY-R,160,157,8,8.5
512,LAD,RSTRIPLING-R,-180,-177,8,8.5
512,OAK,ATRIGGS-R,165,170,9,9
512,NYY,DGERMAN-R,-185,-190,9,9
512,BOS,DPRICE-L,-125,-144,9.5,9.5
512,TOR,MESTRADA-R,105,129,9.5,9.5
512,KAN,JJUNIS-R,175,170,8.5,8.5
512,CLE,MCLEVINGER-R,-205,-200,8.5,8.5
512,SEA,MGONZALES-L,-120,-155,9,9
512,DET,MBOYD-L,100,140,9,9
512,TAM,MANDRIESE-R,-103,111,10,9.5
512,BAL,ACOBB-R,-117,-121,10,9.5
512,TEX,DFISTER-R,215,195,8.5,8.5
512,HOU,CMORTON-R,-255,-225,8.5,8.5
512,MIN,KGIBSON-R,135,106,8.5,8.5
512,LAA,NTROPEANO-R,-155,-116,8.5,8.5
512,CWS,JSHIELDS-R,220,218,7.5,7.5
512,CUB,JLESTER-L,-260,-258,7.5,7.5
512,TAM,CARCHER-R,-130,-128,9,9.5
512,BAL,DHESS-R,110,118,9,9.5
512,SEA,FHERNANDEZ-R,-135,-115,8.5,8.5
512,DET,MFULMER-R,115,105,8.5,8.5
513,ATL,SNEWCOMB-L,-135,-145,8,8
513,MIA,JURENA-R,115,130,8,8
513,NYM,JDEGROM-R,110,113,7.5,6.5
513,PHI,ANOLA-R,-130,-123,7.5,6.5
513,SFO,DHOLLAND-L,120,130,8.5,9
513,PIT,INOVA-R,-140,-145,8.5,9
513,MIL,FPERALTA-R,145,145,11,10.5
513,COL,JGRAY-R,-165,-160,11,10.5
513,STL,AWAINWRIGHT-R,-140,-129,8.5,8.5
513,SDG,CRICHARD-L,120,119,8.5,8.5
513,CIN,LCASTILLO-R,140,138,8.5,7.5
513,LAD,RHILL-L,-160,-153,8.5,7.5
513,WAS,JHELLICKSON-R,100,111,8,8.5
513,ARI,ZGODLEY-R,-120,-121,8,8.5
513,OAK,BANDERSON-L,250,265,8.5,8.5
513,NYY,LSEVERINO-R,-300,-315,8.5,8.5
513,TAM,BSNELL-L,-120,109,9,8
513,BAL,DBUNDY-R,100,-119,9,8
513,BOS,DPOMERANZ-L,-140,-128,9.5,9.5
513,TOR,JBIAGINI-R,120,118,9.5,9.5
513,KAN,DDUFFY-L,240,221,8.5,7.5
513,CLE,CKLUBER-R,-280,-261,8.5,7.5
513,SEA,JPAXTON-L,-185,-226,8.5,8
513,DET,BHARDY-L,165,196,8.5,8
513,TEX,MMOORE-L,240,250,9,8.5
513,HOU,DKEUCHEL-L,-280,-290,9,8.5
513,MIN,FROMERO-R,135,153,8,7.5
513,LAA,SOHTANI-R,-155,-173,8,7.5
513,CWS,LGIOLITO-R,225,235,8.5,8.5
513,CUB,KHENDRICKS-R,-265,-275,8.5,8.5
514,MIL,JGUERRA-R,135,130,8,8
514,ARI,PCORBIN-L,-155,-145,8,8
514,COL,TANDERSON-L,-115,100,7,7
514,SDG,JLUCCHESI-L,-105,-110,7,7
514,CIN,SROMANO-R,120,127,8,8.5
514,SFO,CSTRATTON-R,-140,-142,8,8.5
514,TAM,RYARBROUGH-L,-115,-105,9,9.5
514,KAN,ESKOGLUND-L,-105,-105,9,9.5
514,CLE,CCARRASCO-R,-210,-275,8.5,8
514,DET,MFIERS-R,180,235,8.5,8
514,OAK,SMANAEA-L,140,141,9,10
514,BOS,RPORCELLO-R,-160,-156,9,10
514,HOU,LMCCULLERSJR.-R,-135,-128,8,8.5
514,LAA,AHEANEY-L,115,118,8,8.5
514,SEA,WLEBLANC-L,100,-104,9,10
514,MIN,JODORIZZI-R,-120,-106,9,10
514,ATL,JTEHERAN-R,145,135,8,8.5
514,CUB,JQUINTANA-L,-165,-150,8,8.5
515,COL,GMARQUEZ-R,-125,-105,8,7.5
515,SDG,JLYLES-R,105,-105,8,7.5
515,LAD,AWOOD-L,-175,-181,8,8
515,MIA,WCHEN-L,155,161,8,8
515,CUB,YDARVISH-R,-125,-119,8.5,9
515,ATL,MFOLTYNEWICZ-R,105,109,8.5,9
515,MIL,JCHACIN-R,140,147,8,8
515,ARI,ZGREINKE-R,-160,-162,8,8
515,CIN,TMAHLE-R,105,129,7.5,8
515,SFO,TBLACH-L,-125,-144,7.5,8
515,OAK,DMENGDEN-R,165,165,9.5,10
515,BOS,ERODRIGUEZ-L,-185,-185,9.5,10
515,CLE,JTOMLIN-R,-130,-153,9.5,9
515,DET,FLIRIANO-L,110,138,9.5,9
515,TAM,ABANDA-L,105,-114,9,8.5
515,KAN,IKENNEDY-R,-125,104,9,8.5
515,HOU,GCOLE-R,-165,-165,7.5,8
515,LAA,JBARRIA-R,145,150,7.5,8
515,TEX,MMINOR-L,125,119,8.5,9
515,SEA,MLEAKE-R,-145,-134,8.5,9
515,NYY,MTANAKA-R,-120,-128,8.5,8.5
515,WAS,GGONZALEZ-L,100,118,8.5,8.5
515,CWS,RLOPEZ-R,140,118,8,9
515,PIT,TWILLIAMS-R,-160,-133,8,9
515,TOR,JGARCIA-L,160,130,7.5,7.5
515,NYM,NSYNDERGAARD-R,-180,-145,7.5,7.5
515,STL,JFLAHERTY-R,105,109,9,9
515,MIN,JBERRIOS-R,-125,-119,9,9
516,MIL,BWOODRUFF-R,105,-101,8.5,8.5
516,ARI,MKOCH-R,-125,-109,8.5,8.5
516,CIN,MHARVEY-R,117,143,8.5,8
516,SFO,ASUAREZ-L,-137,-158,8.5,8
516,LAD,WBUEHLER-R,-175,-200,7.5,8
516,MIA,EHERNANDEZ-R,155,170,7.5,8
516,CUB,TCHATWOOD-R,-135,101,9.5,10
516,ATL,BMCCARTHY-R,115,-111,9.5,10
516,CLE,TBAUER-R,-230,-232,9.5,9
516,DET,RCARPENTER-L,200,202,9.5,9
516,TAM,JFARIA-R,-119,-115,9,9
516,KAN,JHAMMEL-R,-101,105,9,9
516,TEX,BCOLON-R,118,-107,9,8.5
516,SEA,CBERGMAN-R,-138,-103,9,8.5
516,OAK,TCAHILL-R,220,220,8.5,8
516,BOS,CSALE-L,-260,-260,8.5,8
516,HOU,JVERLANDER-R,-160,-115,7.5,7.5
516,LAA,GRICHARDS-R,140,105,7.5,7.5
516,PHI,NPIVETTA-R,-114,-109,10.5,10
516,BAL,ACASHNER-R,-106,-101,10.5,10
516,CWS,HSANTIAGO-L,180,155,8.5,8
516,PIT,JTAILLON-R,-210,-175,8.5,8
516,TOR,JHAPP-L,-109,-149,8,7
516,NYM,ZWHEELER-R,-111,134,8,7
516,STL,MMIKOLAS-R,-130,-102,9.5,9.5
516,MIN,LLYNN-R,110,-108,9.5,9.5
517,LAD,KMAEDA-R,-143,-165,8,7.5
517,MIA,CSMITH-L,123,150,8,7.5
517,SDG,ELAUER-L,155,118,8.5,8
517,PIT,CKUHL-R,-175,-128,8.5,8
517,PHI,VVELASQUEZ-R,110,120,8.5,8.5
517,STL,LWEAVER-R,-130,-135,8.5,8.5
517,COL,CBETTIS-R,-111,128,8,8
517,SFO,JSAMARDZIJA-R,-109,-143,8,8
517,OAK,ATRIGGS-R,111,106,9.5,9.5
517,TOR,ASANCHEZ-R,-131,-116,9.5,9.5
517,TEX,DFISTER-R,-135,-114,9,9.5
517,CWS,JSHIELDS-R,115,104,9,9.5
517,TAM,CARCHER-R,130,150,8,7.5
517,LAA,TSKAGGS-L,-150,-170,8,7.5
517,DET,MBOYD-L,135,160,8.5,8
517,SEA,MGONZALES-L,-155,-180,8.5,8
517,BAL,KGAUSMAN-R,150,145,9,9.5
517,BOS,DPRICE-L,-170,-160,9,9.5
518,SDG,TROSS-R,105,109,8,7.5
518,PIT,INOVA-R,-125,-119,8,7.5
518,ARI,ZGODLEY-R,135,129,7,6.5
518,NYM,JDEGROM-R,-155,-144,7,6.5
518,CUB,JLESTER-L,-190,-177,9.5,9.5
518,CIN,HBAILEY-R,170,157,9.5,9.5
518,MIA,DSTRAILY-R,185,150,9,9
518,ATL,MWISLER-R,-215,-170,9,9
518,PHI,JARRIETA-R,-106,126,7.5,8
518,STL,MWACHA-R,-114,-141,7.5,8
518,COL,KFREELAND-L,-105,103,8.5,8.5
518,SFO,DHOLLAND-L,-105,-113,8.5,8.5
518,OAK,BANDERSON-L,130,116,10,9.5
518,TOR,MESTRADA-R,-150,-126,10,9.5
518,BAL,ACOBB-R,175,165,10,9.5
518,BOS,DPOMERANZ-L,-195,-185,10,9.5
518,CLE,MCLEVINGER-R,140,150,8,7.5
518,HOU,CMORTON-R,-160,-170,8,7.5
518,TEX,MMOORE-L,-115,-115,9.5,9.5
518,CWS,CFULMER-R,-105,105,9.5,9.5
518,NYY,CSABATHIA-L,-175,-185,9.5,9
518,KAN,JJUNIS-R,155,165,9.5,9
518,TAM,BSNELL-L,105,130,8.5,8
518,LAA,NTROPEANO-R,-125,-145,8.5,8
518,DET,MFULMER-R,135,155,8,7.5
518,SEA,FHERNANDEZ-R,-155,-175,8,7.5
518,MIL,BSUTER-L,115,132,9,9
518,MIN,KGIBSON-R,-135,-147,9,9
519,PHI,ZEFLIN-R,-103,-101,8.5,9.5
519,STL,JGANT-R,-117,-109,8.5,9.5
519,COL,JGRAY-R,-110,-113,8,7.5
519,SFO,CSTRATTON-R,-110,103,8,7.5
519,LAD,RHILL-L,125,190,8.5,7
519,WAS,MSCHERZER-R,-145,-220,8.5,7
519,SDG,CRICHARD-L,118,130,7.5,7.5
519,PIT,NKINGHAM-R,-138,-145,7.5,7.5
519,ARI,PCORBIN-L,-115,-131,7,7
519,NYM,SMATZ-L,-105,116,7,7
519,MIA,JURENA-R,170,175,8.5,8.5
519,ATL,SNEWCOMB-L,-190,-205,8.5,8.5
519,CUB,JQUINTANA-L,-158,-183,9,9
519,CIN,SROMANO-R,138,163,9,9
519,OAK,SMANAEA-L,-130,-109,9.5,9
519,TOR,SGAVIGLIO-R,110,-101,9.5,9
519,CLE,CKLUBER-R,-105,101,7,7
519,HOU,DKEUCHEL-L,-115,-111,7,7
519,BAL,DBUNDY-R,175,170,9.5,9
519,BOS,RPORCELLO-R,-205,-190,9.5,9
519,TEX,AJURADO-R,-108,-121,9.5,10
519,CWS,LGIOLITO-R,-112,111,9.5,10
519,NYY,LSEVERINO-R,-250,-282,8.5,8
519,KAN,DDUFFY-L,210,242,8.5,8
519,TAM,SROMO-R,150,160,8.5,8
519,LAA,AHEANEY-L,-170,-180,8.5,8
519,DET,MFIERS-R,200,230,7.5,7.5
519,SEA,JPAXTON-L,-240,-270,7.5,7.5
519,MIL,FPERALTA-R,100,-104,8.5,8
519,MIN,FROMERO-R,-120,-106,8.5,8
519,CUB,KHENDRICKS-R,-153,-121,8.5,9
519,CIN,LCASTILLO-R,133,111,8.5,9
519,LAD,RSTRIPLING-R,125,116,8.5,8.5
519,WAS,TROARK-R,-145,-126,8.5,8.5
520,ARI,CBUCHHOLZ-R,165,165,7,7.5
520,NYM,NSYNDERGAARD-R,-185,-185,7,7.5
520,CUB,YDARVISH-R,-150,-140,9,9.5
520,CIN,TMAHLE-R,130,125,9,9.5
520,MIA,WCHEN-L,175,170,9,9
520,ATL,JTEHERAN-R,-205,-190,9,9
520,SDG,JLYLES-R,115,129,8,8
520,PIT,TWILLIAMS-R,-135,-144,8,8
520,LAD,AWOOD-L,130,118,7.5,7.5
520,WAS,SSTRASBURG-R,-150,-133,7.5,7.5
520,PHI,ANOLA-R,-125,-111,7.5,8
520,STL,JFLAHERTY-R,105,101,7.5,8
520,COL,TANDERSON-L,-114,-316,8,8
520,SFO,TBLACH-L,-106,266,8,8
520,BAL,DHESS-R,170,205,9.5,10.5
520,BOS,ERODRIGUEZ-L,-200,-235,9.5,10.5
520,OAK,DMENGDEN-R,-114,-105,9.5,9.5
520,TOR,JBIAGINI-R,-106,-105,9.5,9.5
520,TEX,MMINOR-L,100,-102,9,8.5
520,CWS,RLOPEZ-R,-120,-108,9,8.5
520,NYY,SGRAY-R,-180,-171,9.5,9
520,KAN,ESKOGLUND-L,160,151,9.5,9
520,TAM,SROMO-R,165,177,8,7.5
520,LAA,SOHTANI-R,-185,-197,8,7.5
520,DET,FLIRIANO-L,145,147,8,8.5
520,SEA,WLEBLANC-L,-165,-162,8,8.5
520,CLE,CCARRASCO-R,125,130,8,7.5
520,HOU,LMCCULLERSJR.-R,-145,-145,8,7.5
520,MIL,JGUERRA-R,-105,109,9,9
520,MIN,JODORIZZI-R,-115,-119,9,9
521,SDG,RERLIN-L,170,160,8,8
521,WAS,GGONZALEZ-L,-190,-180,8,8
521,ATL,MFOLTYNEWICZ-R,-101,-109,9,8.5
521,PHI,NPIVETTA-R,-119,-101,9,8.5
521,MIA,EHERNANDEZ-R,117,116,8.5,8.5
521,NYM,JVARGAS-L,-137,-126,8.5,8.5
521,ARI,ZGREINKE-R,-114,-135,8,7.5
521,MIL,CANDERSON-R,-106,120,8,7.5
521,COL,GMARQUEZ-R,150,166,7.5,7
521,LAD,WBUEHLER-R,-170,-186,7.5,7
521,NYY,MTANAKA-R,-180,-215,9.5,9.5
521,TEX,BCOLON-R,160,185,9.5,9.5
521,BAL,ACASHNER-R,-112,261,9.5,9.5
521,CWS,HSANTIAGO-L,-108,-311,9.5,9.5
521,DET,BHARDY-L,170,185,9,8.5
521,MIN,JBERRIOS-R,-200,-215,9,8.5
521,KAN,IKENNEDY-R,175,185,8.5,8.5
521,STL,MMIKOLAS-R,-205,-215,8.5,8.5
522,ATL,BMCCARTHY-R,105,107,8.5,8.5
522,PHI,VVELASQUEZ-R,-125,-117,8.5,8.5
522,SDG,ELAUER-L,170,177,8,8.5
522,WAS,JHELLICKSON-R,-190,-197,8,8.5
522,MIA,CSMITH-L,115,102,8,7
522,NYM,ZWHEELER-R,-135,-112,8,7
522,PIT,JTAILLON-R,-145,-114,9,9
522,CIN,MHARVEY-R,125,104,9,9
522,ARI,MKOCH-R,120,127,8.5,9
522,MIL,JCHACIN-R,-140,-142,8.5,9
522,COL,CBETTIS-R,125,130,8,8.5
522,LAD,BSTEWART-R,-145,-145,8,8.5
522,LAA,GRICHARDS-R,-114,-116,8.5,8.5
522,TOR,JHAPP-L,-106,106,8.5,8.5
522,BOS,CSALE-L,-215,-235,7.5,7.5
522,TAM,JFARIA-R,185,205,7.5,7.5
522,NYY,DGERMAN-R,-160,-167,9.5,9.5
522,TEX,CHAMELS-L,140,152,9.5,9.5
522,BAL,KGAUSMAN-R,-125,-132,9,8.5
522,CWS,JSHIELDS-R,105,117,9,8.5
522,DET,MBOYD-L,125,152,9,9
522,MIN,LLYNN-R,-145,-172,9,9
522,SEA,MLEAKE-R,135,125,8.5,8
522,OAK,TCAHILL-R,-155,-140,8.5,8
522,CLE,TBAUER-R,-103,-118,7.5,8
522,CUB,TCHATWOOD-R,-117,108,7.5,8
522,SFO,ASUAREZ-L,235,204,8,8
522,HOU,GCOLE-R,-275,-244,8,8
522,KAN,JHAMMEL-R,170,174,8.5,8.5
522,STL,LWEAVER-R,-200,-194,8.5,8.5
523,ARI,ZGODLEY-R,-104,101,8.5,8
523,MIL,BSUTER-L,-116,-111,8.5,8
523,SDG,TROSS-R,105,134,8.5,8.5
523,WAS,EFEDDE-R,-125,-149,8.5,8.5
523,ATL,LGOHARA-L,127,108,8.5,9
523,PHI,JARRIETA-R,-147,-118,8.5,9
523,PIT,CKUHL-R,-113,-115,9.5,9.5
523,CIN,HBAILEY-R,-107,105,9.5,9.5
523,MIA,DSTRAILY-R,170,200,7,7.5
523,NYM,JDEGROM-R,-200,-240,7,7.5
523,COL,KFREELAND-L,132,165,7.5,7.5
523,LAD,KMAEDA-R,-152,-185,7.5,7.5
523,DET,MFULMER-R,150,139,8.5,8.5
523,MIN,KGIBSON-R,-170,-154,8.5,8.5
523,NYY,CSABATHIA-L,-185,-206,10,9.5
523,TEX,DFISTER-R,165,176,10,9.5
523,LAA,TSKAGGS-L,-115,-126,8.5,9.5
523,TOR,ASANCHEZ-R,-105,116,8.5,9.5
523,BOS,DPRICE-L,-133,-141,7.5,7.5
523,TAM,CARCHER-R,113,126,7.5,7.5
523,BAL,ACOBB-R,-125,-119,9.5,9
523,CWS,DCOVEY-R,105,109,9.5,9
523,SEA,MGONZALES-L,105,102,8.5,8.5
523,OAK,DGOSSETT-R,-125,-112,8.5,8.5
523,KAN,JJUNIS-R,175,143,8.5,8
523,STL,MWACHA-R,-195,-158,8.5,8
523,SFO,JSAMARDZIJA-R,220,266,7.5,8
523,HOU,JVERLANDER-R,-260,-316,7.5,8
523,CLE,APLUTKO-R,147,153,8.5,8.5
523,CUB,JLESTER-L,-167,-173,8.5,8.5
524,PIT,INOVA-R,-105,103,9,8.5
524,CIN,LCASTILLO-R,-115,-113,9,8.5
524,NYM,SMATZ-L,130,145,8.5,9
524,MIL,ZDAVIES-R,-150,-160,8.5,9
524,LAA,NTROPEANO-R,-120,-132,9.5,9.5
524,TOR,MESTRADA-R,100,117,9.5,9.5
524,BAL,DBUNDY-R,-105,-151,9,9.5
524,CWS,LGIOLITO-R,-115,136,9,9.5
524,SEA,FHERNANDEZ-R,-108,120,9,9
524,OAK,JLucas-R,-112,-135,9,9
524,HOU,CMORTON-R,-140,-119,8,7.5
524,CLE,MCLEVINGER-R,120,109,8,7.5
524,BOS,RPORCELLO-R,-130,-116,8,7
524,TAM,BSNELL-L,110,106,8,7
524,KAN,DDUFFY-L,115,-114,10,10
524,TEX,ABIBENS-DIRKX-R,-135,104,10,10
525,SFO,DHOLLAND-L,175,205,9.5,11
525,CUB,KHENDRICKS-R,-205,-235,9.5,11
525,STL,JGANT-R,-111,119,8.5,9
525,PIT,JMUSGROVE-R,-109,-129,8.5,9
525,WAS,MSCHERZER-R,-260,-240,7,7
525,MIA,JURENA-R,220,200,7,7
525,NYM,NSYNDERGAARD-R,-118,-119,7.5,8
525,MIL,JGUERRA-R,-102,109,7.5,8
525,CIN,SROMANO-R,155,175,11,11.5
525,COL,JGRAY-R,-175,-195,11,11.5
525,SDG,CRICHARD-L,170,167,7.5,7.5
525,LAD,RSTRIPLING-R,-200,-187,7.5,7.5
525,LAA,AHEANEY-L,200,205,8,9
525,NYY,LSEVERINO-R,-230,-235,8,9
525,CWS,RLOPEZ-R,-120,-101,9,9
525,DET,MFIERS-R,100,-109,9,9
525,BAL,DHESS-R,125,145,8.5,8
525,TAM,SROMO-R,-145,-160,8.5,8
525,HOU,DKEUCHEL-L,130,140,7,7.5
525,CLE,CKLUBER-R,-150,-155,7,7.5
525,KAN,ESKOGLUND-L,125,127,10,9.5
525,TEX,MMINOR-L,-145,-142,10,9.5
525,MIN,FROMERO-R,150,145,7,7
525,SEA,JPAXTON-L,-170,-160,7,7
525,TOR,SGAVIGLIO-R,120,-119,8.5,9
525,PHI,ZEFLIN-R,-140,109,8.5,9
525,ATL,JTEHERAN-R,150,166,9,10.5
525,BOS,ERODRIGUEZ-L,-170,-186,9,10.5
525,ARI,PCORBIN-L,115,125,7.5,7
525,OAK,SMANAEA-L,-135,-140,7.5,7
526,STL,JFLAHERTY-R,-105,-104,8.5,8.5
526,PIT,TWILLIAMS-R,-105,-106,8.5,8.5
526,NYM,JVARGAS-L,145,128,9,9.5
526,MIL,CANDERSON-R,-165,-143,9,9.5
526,WAS,TROARK-R,-170,-150,8.5,8
526,MIA,WCHEN-L,150,135,8.5,8
526,SFO,CSTRATTON-R,175,200,9,10
526,CUB,JQUINTANA-L,-195,-240,9,10
526,CIN,TMAHLE-R,120,156,11,11.5
526,COL,TANDERSON-L,-140,-176,11,11.5
526,SDG,JLYLES-R,175,195,7,7
526,LAD,AWOOD-L,-195,-225,7,7
526,KAN,IKENNEDY-R,120,123,10,10.5
526,TEX,BCOLON-R,-140,-138,10,10.5
526,CWS,HSANTIAGO-L,115,-106,9,9.5
526,DET,FLIRIANO-L,-135,-104,9,9.5
526,BAL,ACASHNER-R,120,128,8.5,8
526,TAM,RSTANEK-R,-140,-143,8.5,8
526,LAA,JBARRIA-R,140,140,9.5,10
526,NYY,SGRAY-R,-160,-155,9.5,10
526,HOU,LMCCULLERSJR.-R,-125,-101,8,8
526,CLE,CCARRASCO-R,105,-109,8,8
526,MIN,JODORIZZI-R,125,117,7.5,8.5
526,SEA,WLEBLANC-L,-145,-127,7.5,8.5
526,ATL,SNEWCOMB-L,110,115,9.5,10.5
526,BOS,DPOMERANZ-L,-130,-125,9.5,10.5
526,TOR,JGARCIA-L,175,161,8.5,8.5
526,PHI,ANOLA-R,-195,-181,8.5,8.5
526,ARI,CBUCHHOLZ-R,120,151,8,9
526,OAK,DMENGDEN-R,-140,-166,8,9
527,WAS,SSTRASBURG-R,-195,-215,7.5,7.5
527,MIA,EHERNANDEZ-R,175,185,7.5,7.5
527,STL,MMIKOLAS-R,-130,106,8.5,8
527,PIT,JTAILLON-R,110,-116,8.5,8
527,NYM,ZWHEELER-R,155,125,9,9
527,MIL,JCHACIN-R,-175,-140,9,9
527,CIN,MHARVEY-R,130,150,11.5,12.5
527,COL,GMARQUEZ-R,-150,-170,11.5,12.5
527,SDG,MSTRAHM-L,215,215,7.5,7.5
527,LAD,WBUEHLER-R,-255,-255,7.5,7.5
527,SFO,TBLACH-L,175,158,9.5,10
527,CUB,TCHATWOOD-R,-195,-178,9.5,10
527,LAA,GRICHARDS-R,130,146,9.5,8
527,NYY,MTANAKA-R,-150,-161,9.5,8
527,CWS,JSHIELDS-R,-115,119,9,9.5
527,DET,BHARDY-L,-105,-134,9,9.5
527,BAL,KGAUSMAN-R,-114,-101,8,8
527,TAM,SROMO-R,-106,-109,8,8
527,HOU,GCOLE-R,-145,-124,7.5,8
527,CLE,TBAUER-R,125,114,7.5,8
527,KAN,JHAMMEL-R,145,170,9.5,10
527,TEX,CHAMELS-L,-165,-200,9.5,10
527,MIN,JBERRIOS-R,-114,-127,8.5,8
527,SEA,MLEAKE-R,-106,117,8.5,8
527,ATL,MFOLTYNEWICZ-R,205,185,8,7.5
527,BOS,CSALE-L,-235,-215,8,7.5
527,TOR,JHAPP-L,-114,-111,8.5,8
527,PHI,NPIVETTA-R,-106,101,8.5,8
527,ARI,ZGREINKE-R,-101,-121,7.5,8
527,OAK,FMONTAS-R,-119,111,7.5,8
528,CUB,MMONTGOMERY-L,-125,-105,9,9
528,PIT,CKUHL-R,105,-105,9,9
528,NYM,JDEGROM-R,-140,261,8,7.5
528,ATL,MFRIED-L,120,-311,8,7.5
528,STL,LWEAVER-R,-115,-101,9,9
528,MIL,BSUTER-L,-105,-109,9,9
528,MIA,CSMITH-L,-115,106,7,7.5
528,SDG,ELAUER-L,-105,-116,7,7.5
528,CIN,HBAILEY-R,135,104,8.5,9
528,ARI,MKOCH-R,-155,-114,8.5,9
528,SFO,ASUAREZ-L,125,101,11.5,11
528,COL,CBETTIS-R,-145,-111,11.5,11
528,PHI,VVELASQUEZ-R,115,123,8,8.5
528,LAD,BSTEWART-R,-135,-138,8,8.5
528,HOU,JVERLANDER-R,-160,-110,8.5,8.5
528,NYY,DGERMAN-R,140,100,8.5,8.5
528,TOR,ASANCHEZ-R,170,160,9,9
528,BOS,DPRICE-L,-190,-180,9,9
528,LAA,TSKAGGS-L,-155,-176,9,10
528,DET,MBOYD-L,135,156,9,10
528,TAM,CARCHER-R,115,119,7.5,8
528,OAK,TCAHILL-R,-135,-129,7.5,8
528,CWS,DCOVEY-R,165,160,9,10
528,CLE,APLUTKO-R,-185,-180,9,10
528,TEX,DFISTER-R,150,155,8.5,8
528,SEA,MGONZALES-L,-170,-175,8.5,8
528,MIN,LLYNN-R,-105,-128,9.5,9
528,KAN,JJUNIS-R,-115,118,9.5,9
528,WAS,GGONZALEZ-L,-155,-129,9,9
528,BAL,ACOBB-R,135,119,9,9
528,NYM,PCONLON-L,130,150,9.5,9
528,ATL,BMCCARTHY-R,-150,-170,9.5,9
529,CUB,JLESTER-L,-135,-135,8,8.5
529,PIT,NKINGHAM-R,115,120,8,8.5
529,NYM,SMATZ-L,115,121,9,8.5
529,ATL,ASANCHEZ-R,-135,-136,9,8.5
529,STL,MWACHA-R,-115,105,9,8.5
529,MIL,ZDAVIES-R,-105,-115,9,8.5
529,SFO,JSAMARDZIJA-R,130,131,11,11.5
529,COL,KFREELAND-L,-150,-146,11,11.5
529,CIN,LCASTILLO-R,100,100,8,8
529,ARI,ZGODLEY-R,-120,-110,8,8
529,MIA,DSTRAILY-R,130,149,7,7
529,SDG,TROSS-R,-150,-164,7,7
529,PHI,JARRIETA-R,125,173,7.5,7
529,LAD,KMAEDA-R,-145,-193,7.5,7
529,CWS,LGIOLITO-R,249,249,10,10
529,CLE,MCLEVINGER-R,-289,-289,10,10
529,HOU,CMORTON-R,-135,-124,9,9
529,NYY,CSABATHIA-L,115,114,9,9
529,LAA,NTROPEANO-R,-135,-140,8.5,9
529,DET,MFULMER-R,115,125,8.5,9
529,TOR,MESTRADA-R,165,170,9.5,9.5
529,BOS,RPORCELLO-R,-185,-190,9.5,9.5
529,MIN,KGIBSON-R,-130,-126,9,9
529,KAN,DDUFFY-L,110,116,9,9
529,TAM,BSNELL-L,-120,-106,8,7.5
529,OAK,DGOSSETT-R,100,-104,8,7.5
529,TEX,ABIBENS-DIRKX-R,155,134,8.5,8.5
529,SEA,FHERNANDEZ-R,-175,-149,8.5,8.5
529,WAS,JHELLICKSON-R,-130,105,9,9
529,BAL,DBUNDY-R,110,-115,9,9
530,STL,AREYES-R,-114,-101,9,8.5
530,MIL,JGUERRA-R,-106,-109,9,8.5
530,CIN,SROMANO-R,170,170,8.5,8
530,ARI,PCORBIN-L,-200,-200,8.5,8
530,CUB,KHENDRICKS-R,-125,-131,8,8
530,PIT,JMUSGROVE-R,105,116,8,8
530,NYM,JVARGAS-L,160,135,9,9
530,ATL,JTEHERAN-R,-180,-150,9,9
530,SFO,DHOLLAND-L,160,145,11.5,10.5
530,COL,JGRAY-R,-180,-160,11.5,10.5
530,MIA,JURENA-R,120,116,7,7
530,SDG,CRICHARD-L,-140,-126,7,7
530,PHI,ZEFLIN-R,154,170,8,7.5
530,LAD,RSTRIPLING-R,-174,-190,8,7.5
530,TOR,SGAVIGLIO-R,170,165,10,9
530,BOS,ERODRIGUEZ-L,-190,-185,10,9
530,CWS,RLOPEZ-R,250,210,8,8.5
530,CLE,CKLUBER-R,-300,-250,8,8.5
530,HOU,DKEUCHEL-L,150,173,8,8
530,NYY,LSEVERINO-R,-170,-193,8,8
530,LAA,SOHTANI-R,-205,-242,9,8.5
530,DET,MFIERS-R,175,202,9,8.5
530,MIN,FROMERO-R,-138,-134,9,9
530,KAN,BKELLER-R,118,119,9,9
530,TAM,NEOVALDI-R,150,116,8,8
530,OAK,SMANAEA-L,-170,-126,8,8
530,TEX,MMOORE-L,205,236,8,7.5
530,SEA,JPAXTON-L,-235,-276,8,7.5
530,WAS,MSCHERZER-R,-230,-260,8.5,9
530,BAL,DHESS-R,200,220,8.5,9
531,CUB,JQUINTANA-L,-140,-167,8,8
531,NYM,SLUGO-R,120,152,8,8
531,PIT,TWILLIAMS-R,145,118,8,8
531,STL,JFLAHERTY-R,-165,-133,8,8
531,WAS,TROARK-R,-105,112,8.5,8.5
531,ATL,SNEWCOMB-L,-115,-122,8.5,8.5
531,PHI,ANOLA-R,150,148,6.5,6.5
531,LAD,CKERSHAW-L,-170,-163,6.5,6.5
531,MIA,WCHEN-L,120,118,7.5,7.5
531,SDG,JLYLES-R,-140,-133,7.5,7.5
531,LAA,AHEANEY-L,-220,-200,9.5,10
531,DET,RCARPENTER-L,190,170,9.5,10
531,TAM,RSTANEK-R,120,127,8,8
531,OAK,DMENGDEN-R,-140,-142,8,8
531,BOS,DPOMERANZ-L,175,170,9,8.5
531,HOU,LMCCULLERSJR.-R,-205,-200,9,8.5
531,CLE,SBIEBER-R,-125,-124,9,9.5
531,MIN,JODORIZZI-R,105,114,9,9.5
531,TEX,MMINOR-L,160,125,8.5,7.5
531,SEA,WLEBLANC-L,-180,-140,8.5,7.5
601,CUB,TCHATWOOD-R,-140,-103,8.5,8.5
601,NYM,ZWHEELER-R,120,-107,8.5,8.5
601,WAS,SSTRASBURG-R,-140,-138,8.5,8
601,ATL,MFOLTYNEWICZ-R,120,123,8.5,8
601,PIT,JTAILLON-R,135,-101,8,8
601,STL,MMIKOLAS-R,-155,-109,8,8
601,LAD,SALEXANDER-L,-120,-105,11,11.5
601,COL,TANDERSON-L,100,-105,11,11.5
601,MIA,EHERNANDEZ-R,155,130,8.5,9
601,ARI,CBUCHHOLZ-R,-175,-145,8.5,9
601,CIN,TMAHLE-R,-117,-117,8,8
601,SDG,WLOCKETT-R,-103,107,8,8
601,PHI,NPIVETTA-R,-115,118,8.5,8
601,SFO,CSTRATTON-R,-105,-128,8.5,8
601,NYY,SGRAY-R,-180,-180,9.5,10.5
601,BAL,ACASHNER-R,160,160,9.5,10.5
601,TOR,JGARCIA-L,-105,-310,9,9
601,DET,BHARDY-L,-115,260,9,9
601,BOS,CSALE-L,110,111,7.5,7
601,HOU,GCOLE-R,-130,-121,7.5,7
601,CLE,CCARRASCO-R,-125,-124,8.5,8.5
601,MIN,JBERRIOS-R,105,114,8.5,8.5
601,OAK,FMONTAS-R,-125,-127,9,9.5
601,KAN,IKENNEDY-R,105,117,9,9.5
601,TEX,BCOLON-R,150,155,8.5,8.5
601,LAA,JBARRIA-R,-170,-175,8.5,8.5
601,TAM,SROMO-R,113,116,8,8
601,SEA,MLEAKE-R,-133,-131,8,8
601,MIL,CANDERSON-R,-155,-145,9.5,9
601,CWS,HSANTIAGO-L,135,130,9.5,9
602,PIT,CKUHL-R,120,139,9,8.5
602,STL,LWEAVER-R,-140,-154,9,8.5
602,WAS,GGONZALEZ-L,-140,-119,9,9
602,ATL,BMCCARTHY-R,120,109,9,9
602,CUB,MMONTGOMERY-L,100,104,7.5,7
602,NYM,JDEGROM-R,-120,-114,7.5,7
602,LAD,WBUEHLER-R,-140,-134,10.5,11
602,COL,GMARQUEZ-R,120,119,10.5,11
602,CIN,MHARVEY-R,-115,-101,8.5,8.5
602,SDG,ELAUER-L,-105,-109,8.5,8.5
602,PHI,VVELASQUEZ-R,-125,-101,8.5,7.5
602,SFO,ASUAREZ-L,105,-109,8.5,7.5
602,MIA,CSMITH-L,135,157,7.5,7
602,ARI,ZGREINKE-R,-155,-177,7.5,7
602,OAK,TCAHILL-R,-145,-150,9,9
602,KAN,JHAMMEL-R,125,135,9,9
602,NYY,MTANAKA-R,-190,-190,9.5,9
602,BAL,KGAUSMAN-R,170,170,9.5,9
602,CLE,TBAUER-R,-155,-171,9,8.5
602,MIN,LLYNN-R,135,151,9,8.5
602,TOR,JHAPP-L,-120,-137,8.5,9
602,DET,MBOYD-L,100,122,8.5,9
602,BOS,DPRICE-L,145,175,7.5,7.5
602,HOU,JVERLANDER-R,-165,-195,7.5,7.5
602,TEX,CHAMELS-L,140,158,8,8.5
602,LAA,GRICHARDS-R,-160,-178,8,8.5
602,TAM,CARCHER-R,100,111,8,8
602,SEA,MGONZALES-L,-120,-121,8,8
602,MIL,JCHACIN-R,-145,-155,9,9
602,CWS,JSHIELDS-R,125,140,9,9
603,CUB,JLESTER-L,-155,-161,8,7.5
603,NYM,SMATZ-L,135,146,8,7.5
603,WAS,JHELLICKSON-R,-125,114,9,9.5
603,ATL,ASANCHEZ-R,105,-124,9,9.5
603,PIT,NKINGHAM-R,130,109,8.5,8.5
603,STL,MWACHA-R,-150,-119,8.5,8.5
603,LAD,AWOOD-L,-135,-145,11,12
603,COL,CBETTIS-R,115,130,11,12
603,PHI,JARRIETA-R,-129,104,8,8
603,SFO,DRODRIGUEZ-R,109,-114,8,8
603,MIA,DSTRAILY-R,115,117,8.5,9
603,ARI,MKOCH-R,-135,-132,8.5,9
603,CIN,LCASTILLO-R,105,-109,7.5,7.5
603,SDG,TROSS-R,-125,-101,7.5,7.5
603,TOR,ASANCHEZ-R,105,107,9,9
603,DET,MFULMER-R,-125,-117,9,9
603,CLE,MCLEVINGER-R,-125,-105,9,8.5
603,MIN,KGIBSON-R,105,-105,9,8.5
603,OAK,DGOSSETT-R,-105,261,9,9
603,KAN,JJUNIS-R,-105,-311,9,9
603,TEX,DFISTER-R,145,176,8.5,8.5
603,LAA,TSKAGGS-L,-165,-196,8.5,8.5
603,TAM,BSNELL-L,-113,107,8,7.5
603,SEA,FHERNANDEZ-R,-107,-117,8,7.5
603,BOS,RPORCELLO-R,140,160,8,7.5
603,HOU,CMORTON-R,-160,-180,8,7.5
603,MIL,BSUTER-L,-145,-155,9.5,9.5
603,CWS,DCOVEY-R,125,140,9.5,9.5
604,ATL,JTEHERAN-R,-115,-105,7.5,7.5
604,SDG,CRICHARD-L,-105,-105,7.5,7.5
604,ARI,ZGODLEY-R,-105,103,8,7.5
604,SFO,DHOLLAND-L,-115,-113,8,7.5
604,KAN,DDUFFY-L,165,175,8.5,8.5
604,LAA,NTROPEANO-R,-185,-205,8.5,8.5
604,NYY,LSEVERINO-R,-275,-285,9,9
604,DET,DVERHAGEN-R,235,245,9,9
604,NYY,DGERMAN-R,-200,-194,10,10
604,DET,MFIERS-R,170,174,10,10
605,LAD,RSTRIPLING-R,-125,-127,8.5,7.5
605,PIT,JMUSGROVE-R,105,117,8.5,7.5
605,COL,KFREELAND-L,-125,-108,9,8.5
605,CIN,ADESCLAFANI-R,105,-102,9,8.5
605,PHI,ZEFLIN-R,170,180,8,7.5
605,CUB,KHENDRICKS-R,-200,-210,8,7.5
605,MIA,JURENA-R,200,180,7.5,7.5
605,STL,CMARTINEZ-R,-230,-210,7.5,7.5
605,ATL,SNEWCOMB-L,-140,-129,7,7.5
605,SDG,JLYLES-R,120,119,7,7.5
605,ARI,PCORBIN-L,110,130,7,6.5
605,SFO,MBUMGARNER-L,-130,-145,7,6.5
605,NYY,CSABATHIA-L,-150,-140,9.5,9.5
605,TOR,MESTRADA-R,130,125,9.5,9.5
605,DET,ALEWICKI-R,190,170,9.5,10
605,BOS,SWRIGHT-R,-220,-190,9.5,10
605,OAK,SMANAEA-L,-145,-142,10,10.5
605,TEX,MMOORE-L,125,127,10,10.5
605,SEA,JPAXTON-L,105,117,7,7.5
605,HOU,DKEUCHEL-L,-125,-127,7,7.5
605,CWS,LGIOLITO-R,130,160,9.5,9.5
605,MIN,ZLITTELL-R,-150,-180,9.5,9.5
605,KAN,BKELLER-R,170,170,8.5,8
605,LAA,AHEANEY-L,-200,-200,8.5,8
605,TAM,NEOVALDI-R,210,235,7,6.5
605,WAS,MSCHERZER-R,-250,-275,7,6.5
605,BAL,ACOBB-R,110,116,8.5,9
605,NYM,JVARGAS-L,-130,-126,8.5,9
605,MIL,JGUERRA-R,190,180,7.5,7.5
605,CLE,CKLUBER-R,-220,-210,7.5,7.5
605,CWS,RLOPEZ-R,150,151,8.5,8.5
605,MIN,FROMERO-R,-170,-166,8.5,8.5
606,ATL,MFOLTYNEWICZ-R,-143,-111,8,7
606,SDG,MSTRAHM-L,123,101,8,7
606,ARI,CBUCHHOLZ-R,108,107,8,8
606,SFO,CSTRATTON-R,-128,-117,8,8
606,LAD,CFERGUSON-L,-113,-115,8.5,8.5
606,PIT,TWILLIAMS-R,-107,105,8.5,8.5
606,COL,JGRAY-R,-135,-126,8.5,9.5
606,CIN,SROMANO-R,115,116,8.5,9.5
606,PHI,ANOLA-R,113,117,7.5,7.5
606,CUB,JQUINTANA-L,-133,-132,7.5,7.5
606,MIA,WCHEN-L,175,179,8.5,8.5
606,STL,JFLAHERTY-R,-195,-209,8.5,8.5
606,NYY,SGRAY-R,-150,-154,9.5,9.5
606,TOR,SGAVIGLIO-R,130,139,9.5,9.5
606,DET,BHARDY-L,195,175,9.5,9
606,BOS,ERODRIGUEZ-L,-225,-205,9.5,9
606,OAK,DMENGDEN-R,-135,-115,10,10
606,TEX,BCOLON-R,115,105,10,10
606,SEA,WLEBLANC-L,170,166,8,8.5
606,HOU,LMCCULLERSJR.-R,-190,-186,8,8.5
606,CWS,HSANTIAGO-L,148,150,9,9.5
606,MIN,JODORIZZI-R,-168,-170,9,9.5
606,KAN,IKENNEDY-R,220,210,8,7.5
606,LAA,SOHTANI-R,-260,-250,8,7.5
606,TAM,JVENTERS-L,165,135,8.5,7.5
606,WAS,TROARK-R,-185,-150,8.5,7.5
606,BAL,DBUNDY-R,100,116,8.5,8
606,NYM,ZWHEELER-R,-120,-126,8.5,8
606,MIL,CANDERSON-R,160,181,8.5,8.5
606,CLE,CCARRASCO-R,-180,-211,8.5,8.5
607,LAD,DHUDSON-R,105,125,8,8
607,PIT,JTAILLON-R,-125,-140,8,8
607,COL,TANDERSON-L,-113,-102,9,9
607,CIN,TMAHLE-R,-107,-108,9,9
607,MIA,TRICHARDS-R,175,206,8.5,8.5
607,STL,MMIKOLAS-R,-205,-236,8.5,8.5
607,PHI,NPIVETTA-R,125,103,8,8
607,CUB,TCHATWOOD-R,-145,-113,8,8
607,CWS,JSHIELDS-R,190,166,9,8.5
607,MIN,JBERRIOS-R,-220,-186,9,8.5
607,BAL,DHESS-R,120,111,9.5,9.5
607,TOR,JGARCIA-L,-140,-121,9.5,9.5
607,DET,MBOYD-L,157,150,9.5,10
607,BOS,JBEEKS-L,-177,-170,9.5,10
607,SEA,MLEAKE-R,-118,-107,8,8
607,TAM,RSTANEK-R,-102,-103,8,8
607,HOU,GCOLE-R,-190,-192,9.5,9
607,TEX,CHAMELS-L,170,172,9.5,9
607,KAN,JHAMMEL-R,148,147,8.5,8.5
607,OAK,PBLACKBURN-R,-168,-162,8.5,8.5
608,PIT,CKUHL-R,165,149,8,8
608,CUB,MMONTGOMERY-L,-185,-164,8,8
608,MIL,JCHACIN-R,108,100,8,8
608,PHI,VVELASQUEZ-R,-128,-110,8,8
608,SFO,ASUAREZ-L,190,170,7.5,7.5
608,WAS,SSTRASBURG-R,-220,-190,7.5,7.5
608,STL,LWEAVER-R,-155,-131,9.5,9.5
608,CIN,MHARVEY-R,135,116,9.5,9.5
608,SDG,ELAUER-L,115,123,8,7.5
608,MIA,CSMITH-L,-135,-138,8,7.5
608,ARI,ZGREINKE-R,-113,-101,10.5,11
608,COL,GMARQUEZ-R,-107,-109,10.5,11
608,ATL,BMCCARTHY-R,165,160,7.5,7.5
608,LAD,WBUEHLER-R,-185,-180,7.5,7.5
608,BAL,ACASHNER-R,155,162,9,9
608,TOR,JHAPP-L,-175,-182,9,9
608,CWS,DCOVEY-R,270,270,8,8
608,BOS,CSALE-L,-320,-320,8,8
608,CLE,TBAUER-R,-160,-170,8.5,8.5
608,DET,MFULMER-R,140,150,8.5,8.5
608,SEA,MGONZALES-L,-140,271,8,8
608,TAM,WFONT-R,120,-321,8,8
608,HOU,JVERLANDER-R,-230,-200,9,9
608,TEX,DFISTER-R,200,170,9,9
608,LAA,GRICHARDS-R,-130,-117,8.5,9
608,MIN,LLYNN-R,110,107,8.5,9
608,KAN,JJUNIS-R,140,149,8,7.5
608,OAK,FMONTAS-R,-160,-164,8,7.5
608,NYY,MTANAKA-R,-114,-101,7.5,7
608,NYM,JDEGROM-R,-106,-109,7.5,7
609,SFO,DRODRIGUEZ-R,150,170,8,9
609,WAS,GGONZALEZ-L,-170,-190,8,9
609,MIL,BSUTER-L,115,106,8,8
609,PHI,JARRIETA-R,-135,-116,8,8
609,PIT,NKINGHAM-R,170,151,8,8
609,CUB,JLESTER-L,-200,-171,8,8
609,STL,MWACHA-R,-135,-219.5,8.5,102
609,CIN,LCASTILLO-R,115,189.5,8.5,102
609,SDG,TROSS-R,-114,-124,7.5,7.5
609,MIA,DSTRAILY-R,-106,114,7.5,7.5
609,ARI,MKOCH-R,135,123,12,13
609,COL,CBETTIS-R,-155,-138,12,13
609,ATL,ASANCHEZ-R,165,138,8,7.5
609,LAD,AWOOD-L,-185,-153,8,7.5
609,BAL,KGAUSMAN-R,130,-103,9,9
609,TOR,ASANCHEZ-R,-150,-107,9,9
609,LAA,TSKAGGS-L,-114,106,9,8.5
609,MIN,KGIBSON-R,-106,-116,9,8.5
609,KAN,DDUFFY-L,165,155,8,9
609,OAK,CBASSITT-R,-185,-175,8,9
609,CWS,CRODON-L,220,187,9,9
609,BOS,DPRICE-L,-260,-217,9,9
609,CLE,MCLEVINGER-R,-165,-165,9.5,9
609,DET,MFIERS-R,145,150,9.5,9
609,SEA,FHERNANDEZ-R,115,116,7.5,7
609,TAM,BSNELL-L,-135,-126,7.5,7
609,HOU,CMORTON-R,-190,-182,10,9.5
609,TEX,MMINOR-L,170,162,10,9.5
609,NYY,DGERMAN-R,-155,-163,8.5,8.5
609,NYM,SMATZ-L,135,148,8.5,8.5
610,STL,CMARTINEZ-R,-160,-116,9,9.5
610,CIN,ADESCLAFANI-R,140,106,9,9.5
610,SDG,CRICHARD-L,-101,-105,8,7
610,MIA,JURENA-R,-119,-105,8,7
610,MIL,BWOODRUFF-R,-109,-117,8.5,8.5
610,PHI,ZEFLIN-R,-111,107,8.5,8.5
610,PIT,INOVA-R,170,175,8.5,9
610,CUB,KHENDRICKS-R,-190,-195,8.5,9
610,ARI,ZGODLEY-R,-105,142,11.5,12
610,COL,KFREELAND-L,-115,-157,11.5,12
610,SFO,DHOLLAND-L,250,255,7.5,7
610,WAS,MSCHERZER-R,-290,-305,7.5,7
610,ATL,SNEWCOMB-L,135,143,7.5,7
610,LAD,RSTRIPLING-R,-155,-158,7.5,7
610,CWS,RLOPEZ-R,170,190,9,9.5
610,BOS,RPORCELLO-R,-200,-220,9,9.5
610,BAL,ACOBB-R,115,116,9.5,9
610,TOR,MESTRADA-R,-135,-131,9.5,9
610,SEA,JPAXTON-L,-160,-165,7,7
610,TAM,NEOVALDI-R,140,150,7,7
610,CLE,CKLUBER-R,-260,-225,8,8
610,DET,ALEWICKI-R,220,195,8,8
610,LAA,NTROPEANO-R,-112,103,9.5,9
610,MIN,FROMERO-R,-108,-113,9.5,9
610,HOU,DKEUCHEL-L,-215,-185,10.5,10.5
610,TEX,MMOORE-L,185,165,10.5,10.5
610,KAN,BKELLER-R,155,150,8.5,8
610,OAK,SMANAEA-L,-175,-165,8.5,8
610,NYY,LSEVERINO-R,-240,-280,7,7
610,NYM,SLUGO-R,200,240,7,7
611,SFO,MBUMGARNER-L,-165,-175,7.5,7.5
611,MIA,WCHEN-L,145,155,7.5,7.5
611,CUB,JQUINTANA-L,-130,-121,8.5,8
611,MIL,JGUERRA-R,110,111,8.5,8
611,SDG,JLYLES-R,170,153,8.5,8.5
611,STL,JFLAHERTY-R,-200,-173,8.5,8.5
611,PIT,JMUSGROVE-R,140,142,8,7.5
611,ARI,PCORBIN-L,-160,-157,8,7.5
611,BOS,SWRIGHT-R,-135,-133,9,8.5
611,BAL,DBUNDY-R,115,118,9,8.5
611,TOR,SGAVIGLIO-R,-113,-105,8,8
611,TAM,RYARBROUGH-L,-107,-105,8,8
611,CLE,CCARRASCO-R,-205,-240,9,9
611,CWS,LGIOLITO-R,175,200,9,9
611,LAA,AHEANEY-L,-115,-123,8,8.5
611,SEA,WLEBLANC-L,-105,113,8,8.5
612,COL,JGRAY-R,145,131,7.5,7
612,PHI,ANOLA-R,-165,-146,7.5,7
612,SFO,CSTRATTON-R,-120,-121,8.5,8.5
612,MIA,TRICHARDS-R,100,111,8.5,8.5
612,NYM,ZWHEELER-R,145,137,8.5,8.5
612,ATL,MFOLTYNEWICZ-R,-165,-152,8.5,8.5
612,CUB,TCHATWOOD-R,-114,-113,9.5,9
612,MIL,CANDERSON-R,-106,103,9.5,9
612,SDG,MSTRAHM-L,170,178,8,8.5
612,STL,MMIKOLAS-R,-200,-198,8,8.5
612,PIT,TWILLIAMS-R,125,142,8.5,9
612,ARI,CBUCHHOLZ-R,-145,-157,8.5,9
612,BOS,ERODRIGUEZ-L,-175,-167,9,9.5
612,BAL,DHESS-R,155,152,9,9.5
612,TOR,JGARCIA-L,100,105,8,8
612,TAM,RSTANEK-R,-120,-115,8,8
612,MIN,JODORIZZI-R,-105,-105,9,9
612,DET,BHARDY-L,-115,-105,9,9
612,CLE,APLUTKO-R,-170,-143,9.5,10.5
612,CWS,JSHIELDS-R,150,128,9.5,10.5
612,HOU,LMCCULLERSJR.-R,-140,-153,8,8.5
612,OAK,DMENGDEN-R,120,138,8,8.5
612,LAA,JBARRIA-R,-107,-102,8,8.5
612,SEA,MLEAKE-R,-113,-108,8,8.5
612,WAS,TROARK-R,140,135,9.5,9
612,NYY,CSABATHIA-L,-160,-150,9.5,9
612,CIN,SROMANO-R,-114,-105,9.5,9.5
612,KAN,IKENNEDY-R,-106,-105,9.5,9.5
612,TEX,BCOLON-R,155,157,8.5,8.5
612,LAD,CFERGUSON-L,-175,-177,8.5,8.5
613,NYM,JDEGROM-R,-118,-131,8,7.5
613,ATL,MSOROKA-R,-102,116,8,7.5
613,CUB,MMONTGOMERY-L,-115,-103,9,9
613,MIL,JCHACIN-R,-105,-107,9,9
613,PIT,JTAILLON-R,125,137,8,7.5
613,ARI,ZGREINKE-R,-145,-152,8,7.5
613,COL,TANDERSON-L,111,114,8.5,8.5
613,PHI,NPIVETTA-R,-131,-124,8.5,8.5
613,SFO,ASUAREZ-L,-111,-109,8,7.5
613,MIA,CSMITH-L,-109,-101,8,7.5
613,SDG,ELAUER-L,173,175,8.5,8.5
613,STL,LWEAVER-R,-203,-195,8.5,8.5
613,TOR,JHAPP-L,-148,-114,8,7
613,TAM,WFONT-R,128,104,8,7
613,BOS,CSALE-L,-235,-280,8,9
613,BAL,YRAMIREZ-R,205,240,8,9
613,LAA,GRICHARDS-R,-109,-118,7.5,7.5
613,SEA,MGONZALES-L,-111,108,7.5,7.5
613,MIN,JBERRIOS-R,-150,-150,8.5,9
613,DET,MBOYD-L,130,135,8.5,9
613,CLE,TBAUER-R,-185,-210,8.5,8.5
613,CWS,DCOVEY-R,165,180,8.5,8.5
613,HOU,GCOLE-R,-166,-205,8,7.5
613,OAK,PBLACKBURN-R,146,175,8,7.5
613,WAS,EFEDDE-R,180,155,9.5,9.5
613,NYY,SGRAY-R,-210,-175,9.5,9.5
613,CIN,TMAHLE-R,-111,-118,9.5,9.5
613,KAN,JHAMMEL-R,-109,108,9.5,9.5
613,TEX,CHAMELS-L,157,162,7.5,8
613,LAD,KMAEDA-R,-177,-182,7.5,8
614,SFO,DRODRIGUEZ-R,-112,-134,8,8
614,MIA,DSTRAILY-R,-108,119,8,8
614,COL,GMARQUEZ-R,105,107,8.5,8.5
614,PHI,VVELASQUEZ-R,-125,-117,8.5,8.5
614,SDG,TROSS-R,115,150,8.5,8.5
614,ATL,ASANCHEZ-R,-135,-170,8.5,8.5
614,NYM,JVARGAS-L,120,130,9,9
614,ARI,MKOCH-R,-140,-145,9,9
614,MIN,LLYNN-R,-120,-109,8.5,9
614,DET,MFULMER-R,100,-101,8.5,9
614,CLE,MCLEVINGER-R,-170,-136,9,8.5
614,CWS,CRODON-L,150,121,9,8.5
614,HOU,JVERLANDER-R,-175,-200,7.5,7.5
614,OAK,FMONTAS-R,155,170,7.5,7.5
614,TAM,BSNELL-L,140,155,8.5,8.5
614,NYY,DGERMAN-R,-160,-175,8.5,8.5
614,BOS,DPRICE-L,-135,-127,8.5,8.5
614,SEA,FHERNANDEZ-R,115,117,8.5,8.5
615,CIN,MHARVEY-R,130,122,9,9
615,PIT,CKUHL-R,-150,-137,9,9
615,SDG,CRICHARD-L,115,127,8.5,8
615,ATL,BMCCARTHY-R,-135,-142,8.5,8
615,PHI,JARRIETA-R,115,127,8.5,8
615,MIL,BSUTER-L,-135,-142,8.5,8
615,CUB,JLESTER-L,-109,-109,7.5,8.5
615,STL,MWACHA-R,-111,-101,7.5,8.5
615,NYM,SLUGO-R,115,120,8,8
615,ARI,ZGODLEY-R,-135,-135,8,8
615,SFO,DHOLLAND-L,170,220,7.5,8
615,LAD,RSTRIPLING-R,-190,-260,7.5,8
615,TAM,NEOVALDI-R,145,185,9,9
615,NYY,JLOAISIGA-R,-165,-215,9,9
615,MIN,KGIBSON-R,200,190,7.5,8
615,CLE,CKLUBER-R,-240,-220,7.5,8
615,DET,MFIERS-R,125,125,8.5,8.5
615,CWS,RLOPEZ-R,-145,-140,8.5,8.5
615,HOU,CMORTON-R,-220,-235,9.5,9
615,KAN,JJUNIS-R,190,205,9.5,9
615,LAA,TSKAGGS-L,-120,-115,8.5,8.5
615,OAK,CBASSITT-R,100,105,8.5,8.5
615,BOS,RPORCELLO-R,135,137,8.5,7
615,SEA,JPAXTON-L,-155,-152,8.5,7
615,MIA,JURENA-R,110,140,9,8.5
615,BAL,KGAUSMAN-R,-130,-155,9,8.5
615,WAS,GGONZALEZ-L,-122,-132,8.5,9.5
615,TOR,ASANCHEZ-R,102,117,8.5,9.5
615,COL,CBETTIS-R,-115,-101,11,10.5
615,TEX,YMENDEZ-L,-105,-109,11,10.5
616,CIN,LCASTILLO-R,105,-105,8.5,8.5
616,PIT,INOVA-R,-125,-105,8.5,8.5
616,PHI,ZEFLIN-R,130,147,9,9
616,MIL,JGUERRA-R,-150,-162,9,9
616,SDG,JLYLES-R,170,175,8.5,8.5
616,ATL,SNEWCOMB-L,-190,-195,8.5,8.5
616,CUB,KHENDRICKS-R,-112,-128,8.5,9
616,STL,CMARTINEZ-R,-108,118,8.5,9
616,SFO,MBUMGARNER-L,125,130,7.5,7.5
616,LAD,AWOOD-L,-145,-145,7.5,7.5
616,NYM,SMATZ-L,140,157,8,7.5
616,ARI,PCORBIN-L,-160,-177,8,7.5
616,TAM,RSTANEK-R,250,285,8,8
616,NYY,LSEVERINO-R,-290,-335,8,8
616,DET,JZIMMERMANN-R,100,-111,9.5,9.5
616,CWS,LGIOLITO-R,-120,101,9.5,9.5
616,HOU,DKEUCHEL-L,-220,-255,9,9.5
616,KAN,DDUFFY-L,190,215,9,9.5
616,LAA,JLAMB-L,115,-101,9,9
616,OAK,SMANAEA-L,-135,-109,9,9
616,MIN,FROMERO-R,180,160,8.5,9
616,CLE,CCARRASCO-R,-210,-180,8.5,9
616,BOS,SWRIGHT-R,-115,-109,8.5,8.5
616,SEA,WLEBLANC-L,-105,-101,8.5,8.5
616,MIA,WCHEN-L,115,143,9,9.5
616,BAL,ACOBB-R,-135,-158,9,9.5
616,COL,KFREELAND-L,-113,-115,10.5,9.5
616,TEX,MMINOR-L,-107,105,10.5,9.5
616,WAS,MSCHERZER-R,-220,-240,8,7.5
616,TOR,MESTRADA-R,190,200,8,7.5
617,CIN,ADESCLAFANI-R,120,130,9,8.5
617,PIT,JMUSGROVE-R,-140,-145,9,8.5
617,SDG,MSTRAHM-L,130,104,8.5,8.5
617,ATL,JTEHERAN-R,-150,-114,8.5,8.5
617,PHI,ANOLA-R,-105,-128,8,8.5
617,MIL,CANDERSON-R,-105,118,8,8.5
617,CUB,JQUINTANA-L,-119,-115,8.5,8.5
617,STL,JFLAHERTY-R,-101,105,8.5,8.5
617,SFO,CSTRATTON-R,130,160,8.5,8.5
617,LAD,CFERGUSON-L,-150,-180,8.5,8.5
617,NYM,ZWHEELER-R,135,116,9,9
617,ARI,CBUCHHOLZ-R,-155,-126,9,9
617,MIN,JODORIZZI-R,120,130,9.5,10
617,CLE,SBIEBER-R,-140,-145,9.5,10
617,TAM,WFONT-R,205,200,9,9.5
617,NYY,CSABATHIA-L,-245,-240,9,9.5
617,DET,BHARDY-L,-114,-114,9,9.5
617,CWS,JSHIELDS-R,-106,104,9,9.5
617,HOU,LMCCULLERSJR.-R,-250,-245,9,9.5
617,KAN,BKELLER-R,210,205,9,9.5
617,LAA,AHEANEY-L,-105,-121,8.5,8.5
617,OAK,DMENGDEN-R,-105,111,8.5,8.5
617,BOS,ERODRIGUEZ-L,-130,-153,8,8.5
617,SEA,MLEAKE-R,110,138,8,8.5
617,MIA,TRICHARDS-R,140,160,8.5,8.5
617,BAL,DBUNDY-R,-160,-180,8.5,8.5
617,WAS,TROARK-R,-115,-126,9.5,9.5
617,TOR,SGAVIGLIO-R,-105,116,9.5,9.5
617,COL,JGRAY-R,-135,-124,10.5,10
617,TEX,YGALLARDO-R,115,114,10.5,10
618,STL,MMIKOLAS-R,-119,-109,8.5,8.5
618,PHI,NPIVETTA-R,-101,-101,8.5,8.5
618,MIL,JCHACIN-R,-143,-107,8.5,9
618,PIT,TWILLIAMS-R,123,-103,8.5,9
618,NYM,JDEGROM-R,-115,-119,9.5,9.5
618,COL,TANDERSON-L,-105,109,9.5,9.5
618,MIA,CSMITH-L,125,145,7.5,7.5
618,SFO,ASUAREZ-L,-145,-160,7.5,7.5
618,CWS,DCOVEY-R,200,231,8.5,8.5
618,CLE,TBAUER-R,-230,-271,8.5,8.5
618,TAM,RSTANEK-R,250,231,7.5,7
618,HOU,GCOLE-R,-290,-271,7.5,7
618,TEX,BCOLON-R,-112,-145,9.5,9.5
618,KAN,IKENNEDY-R,-108,130,9.5,9.5
618,ARI,ZGREINKE-R,-115,111,8.5,7.5
618,LAA,JBARRIA-R,-105,-121,8.5,7.5
618,NYY,SGRAY-R,-140,-125,9,9.5
618,WAS,EFEDDE-R,120,115,9,9.5
619,MIL,FPERALTA-R,-105,109,8,8
619,PIT,JTAILLON-R,-115,-119,8,8
619,STL,LWEAVER-R,-101,104,8.5,8.5
619,PHI,VVELASQUEZ-R,-119,-114,8.5,8.5
619,LAD,RHILL-L,115,108,8.5,8
619,CUB,MMONTGOMERY-L,-135,-118,8.5,8
619,NYM,JVARGAS-L,130,149,11.5,11.5
619,COL,GMARQUEZ-R,-150,-164,11.5,11.5
619,MIA,DSTRAILY-R,135,147,7.5,8
619,SFO,DRODRIGUEZ-R,-155,-162,7.5,8
619,SEA,MGONZALES-L,135,155,9,9.5
619,NYY,DGERMAN-R,-155,-175,9,9.5
619,CWS,CRODON-L,180,176,8.5,8.5
619,CLE,MCLEVINGER-R,-210,-196,8.5,8.5
619,TAM,BSNELL-L,220,205,7,7
619,HOU,JVERLANDER-R,-260,-235,7,7
619,BOS,CSALE-L,-170,-210,7.5,7
619,MIN,JBERRIOS-R,150,180,7.5,7
619,TEX,CHAMELS-L,-125,-137,9,9
619,KAN,JHAMMEL-R,105,122,9,9
619,BAL,DHESS-R,160,170,9,9.5
619,WAS,JRODRIGUEZ-R,-180,-190,9,9.5
619,ATL,MSOROKA-R,-115,-105,9,9
619,TOR,JGARCIA-L,-105,-105,9,9
619,DET,MBOYD-L,105,117,9,9
619,CIN,SROMANO-R,-125,-132,9,9
619,ARI,MKOCH-R,110,133,9,9
619,LAA,FPENA-R,-130,-148,9,9
619,OAK,PBLACKBURN-R,-105,-101,8,8.5
619,SDG,ELAUER-L,-105,-109,8,8.5
619,LAD,KMAEDA-R,-126,-119,9,8.5
619,CUB,TCHATWOOD-R,106,109,9,8.5
620,STL,MWACHA-R,105,103,8.5,9
620,PHI,JARRIETA-R,-125,-113,8.5,9
620,LAD,RSTRIPLING-R,115,-117,7,7.5
620,CUB,JLESTER-L,-135,107,7,7.5
620,MIA,JURENA-R,115,109,7.5,8
620,SFO,DHOLLAND-L,-135,-119,7.5,8
620,NYM,SLUGO-R,-101,-103,11.5,11
620,COL,CBETTIS-R,-119,-107,11.5,11
620,CWS,RLOPEZ-R,250,283,7.5,8
620,CLE,CKLUBER-R,-290,-333,7.5,8
620,SEA,FHERNANDEZ-R,160,180,9,10
620,NYY,JLOAISIGA-R,-180,-210,9,10
620,TAM,NEOVALDI-R,220,220,8,7.5
620,HOU,CMORTON-R,-260,-260,8,7.5
620,BOS,DPRICE-L,-150,-175,9,8.5
620,MIN,LLYNN-R,130,155,9,8.5
620,TEX,ABIBENS-DIRKX-R,-105,100,9.5,9.5
620,KAN,JJUNIS-R,-115,-110,9.5,9.5
620,DET,MFULMER-R,-105,125,8.5,9
620,CIN,TMAHLE-R,-115,-140,8.5,9
620,ATL,ASANCHEZ-R,125,150,8.5,8.5
620,TOR,JHAPP-L,-145,-165,8.5,8.5
620,OAK,FMONTAS-R,-101,118,8,7.5
620,SDG,JLUCCHESI-L,-119,-133,8,7.5
620,BAL,ACASHNER-R,190,175,9,9
620,WAS,GGONZALEZ-L,-220,-205,9,9
621,NYM,SMATZ-L,115,145,11,11.5
621,COL,KFREELAND-L,-135,-160,11,11.5
621,ARI,ZGODLEY-R,-111,109,8.5,8
621,PIT,CKUHL-R,-109,-119,8.5,8
621,CUB,KHENDRICKS-R,-165,-182,9.5,9.5
621,CIN,MHARVEY-R,145,162,9.5,9.5
621,STL,CMARTINEZ-R,110,106,9,8.5
621,MIL,BSUTER-L,-130,-116,9,8.5
621,SDG,TROSS-R,130,148,7.5,7.5
621,SFO,MBUMGARNER-L,-150,-163,7.5,7.5
621,SEA,JPAXTON-L,170,165,7.5,7.5
621,NYY,LSEVERINO-R,-200,-185,7.5,7.5
621,BOS,RPORCELLO-R,-115,-129,8.5,9
621,MIN,KGIBSON-R,-105,119,8.5,9
621,TOR,ASANCHEZ-R,130,123,7.5,8.5
621,LAA,JLAMB-L,-150,-138,7.5,8.5
621,BAL,KGAUSMAN-R,250,235,7.5,7
621,WAS,MSCHERZER-R,-300,-275,7.5,7
622,ARI,PCORBIN-L,-119,-121,8,7.5
622,PIT,INOVA-R,-101,111,8,7.5
622,PHI,ZEFLIN-R,120,146,9,8.5
622,WAS,TROARK-R,-140,-161,9,8.5
622,CUB,JQUINTANA-L,-155,-131,9,8.5
622,CIN,LCASTILLO-R,135,116,9,8.5
622,LAD,AWOOD-L,-160,-150,8,7.5
622,NYM,ZWHEELER-R,140,135,8,7.5
622,STL,JFLAHERTY-R,-105,108,8.5,8.5
622,MIL,JGUERRA-R,-115,-118,8.5,8.5
622,MIA,WCHEN-L,170,190,11.5,11
622,COL,JGRAY-R,-190,-220,11.5,11
622,SDG,CRICHARD-L,125,107,7.5,7.5
622,SFO,CSTRATTON-R,-145,-117,7.5,7.5
622,NYY,CSABATHIA-L,-170,-155,8,7.5
622,TAM,RSTANEK-R,150,140,8,7.5
622,SEA,WLEBLANC-L,135,119,9,9.5
622,BOS,SWRIGHT-R,-155,-129,9,9.5
622,DET,MFIERS-R,165,205,9.5,9
622,CLE,SBIEBER-R,-185,-235,9.5,9
622,KAN,DDUFFY-L,265,290,8.5,8.5
622,HOU,DKEUCHEL-L,-315,-340,8.5,8.5
622,OAK,CBASSITT-R,-130,-143,9.5,9.5
622,CWS,LGIOLITO-R,110,128,9.5,9.5
622,TEX,MMINOR-L,110,-320,9,9
622,MIN,FROMERO-R,-130,270,9,9
622,TOR,MESTRADA-R,105,136,8.5,8.5
622,LAA,AHEANEY-L,-125,-151,8.5,8.5
622,BAL,ACOBB-R,185,161,8.5,8
622,ATL,SNEWCOMB-L,-215,-181,8.5,8
622,OAK,SMANAEA-L,-145,-126,8.5,9
622,CWS,JSHIELDS-R,125,116,8.5,9
623,MIA,TRICHARDS-R,155,210,11.5,11.5
623,COL,TANDERSON-L,-175,-250,11.5,11.5
623,PHI,ANOLA-R,-140,108,8,8.5
623,WAS,EFEDDE-R,120,-118,8,8.5
623,ARI,ZGREINKE-R,-120,-109,8,7.5
623,PIT,JMUSGROVE-R,100,-101,8,7.5
623,SDG,MSTRAHM-L,150,127,8,8.5
623,SFO,ASUAREZ-L,-170,-142,8,8.5
623,STL,MMIKOLAS-R,-105,-105,9,9
623,MIL,CANDERSON-R,-115,-105,9,9
623,CUB,LFARRELL-R,-109,100,9.5,9.5
623,CIN,ADESCLAFANI-R,-111,-110,9.5,9.5
623,LAD,CKERSHAW-L,110,-111,7,6.5
623,NYM,JDEGROM-R,-130,101,7,6.5
623,TEX,YGALLARDO-R,125,114,9.5,10.5
623,MIN,JODORIZZI-R,-145,-124,9.5,10.5
623,OAK,DMENGDEN-R,-135,-113,9,9
623,CWS,DCOVEY-R,115,103,9,9
623,NYY,SGRAY-R,-155,-173,8,8
623,TAM,WFONT-R,135,153,8,8
623,DET,FLIRIANO-L,220,225,8.5,8.5
623,CLE,TBAUER-R,-260,-265,8.5,8.5
623,KAN,IKENNEDY-R,280,295,8.5,8
623,HOU,LMCCULLERSJR.-R,-330,-345,8.5,8
623,SEA,MLEAKE-R,150,162,9,9
623,BOS,ERODRIGUEZ-L,-170,-182,9,9
623,TOR,MSTROMAN-R,115,120,8.5,8.5
623,LAA,JBARRIA-R,-135,-135,8.5,8.5
623,BAL,DBUNDY-R,125,116,8.5,8.5
623,ATL,JTEHERAN-R,-145,-131,8.5,8.5
624,CUB,MMONTGOMERY-L,-160,-131,9,9.5
624,CIN,SROMANO-R,140,116,9,9.5
624,LAD,RHILL-L,-175,-170,8,8.5
624,NYM,JBLEVINS-L,155,150,8,8.5
624,ARI,CBUCHHOLZ-R,-109,105,8.5,8.5
624,PIT,TWILLIAMS-R,-111,-115,8.5,8.5
624,PHI,NPIVETTA-R,105,112,9,9
624,WAS,JRODRIGUEZ-R,-125,-122,9,9
624,STL,LWEAVER-R,115,111,9,8.5
624,MIL,JCHACIN-R,-135,-121,9,8.5
624,MIA,CSMITH-L,155,154,11.5,11
624,COL,GMARQUEZ-R,-175,-174,11.5,11
624,SDG,ELAUER-L,130,137,8.5,8
624,SFO,DRODRIGUEZ-R,-150,-152,8.5,8
624,SEA,MGONZALES-L,200,210,8.5,8.5
624,BOS,CSALE-L,-230,-250,8.5,8.5
624,DET,MBOYD-L,140,147,9.5,9.5
624,CLE,APLUTKO-R,-160,-162,9.5,9.5
624,NYY,DGERMAN-R,-150,-170,8,7.5
624,TAM,MANDRIESE-R,130,150,8,7.5
624,KAN,JHAMMEL-R,290,310,8,7.5
624,HOU,GCOLE-R,-340,-370,8,7.5
624,OAK,PBLACKBURN-R,-111,109,9,9.5
624,CWS,CRODON-L,-109,-119,9,9.5
624,TEX,BCOLON-R,160,152,9,9
624,MIN,JBERRIOS-R,-180,-172,9,9
624,TOR,SGAVIGLIO-R,120,127,9,9
624,LAA,FPENA-R,-140,-142,9,9
624,BAL,DHESS-R,140,165,9,9.5
624,ATL,BMCCARTHY-R,-160,-185,9,9.5
625,PIT,JTAILLON-R,-120,-116,7.5,7.5
625,NYM,SLUGO-R,100,106,7.5,7.5
625,ARI,SMILLER-R,-125,-127,8.5,7.5
625,MIA,DSTRAILY-R,105,117,8.5,7.5
625,CIN,TMAHLE-R,130,138,8.5,9
625,ATL,MFOLTYNEWICZ-R,-150,-153,8.5,9
625,CUB,DUNDERWOOD-R,150,153,8,8.5
625,LAD,KMAEDA-R,-170,-168,8,8.5
625,OAK,EJACKSON-R,-105,-115,9.5,9.5
625,DET,JZIMMERMANN-R,-115,105,9.5,9.5
625,SEA,FHERNANDEZ-R,-150,-111,9.5,9.5
625,BAL,ACASHNER-R,130,101,9.5,9.5
625,TOR,JHAPP-L,200,200,7.5,7
625,HOU,JVERLANDER-R,-240,-240,7.5,7
625,NYY,JLOAISIGA-R,-145,-150,9,8
625,PHI,VVELASQUEZ-R,125,135,9,8
625,WAS,GGONZALEZ-L,100,102,7.5,7
625,TAM,BSNELL-L,-120,-112,7.5,7
625,SDG,JLUCCHESI-L,150,122,9.5,9.5
625,TEX,CHAMELS-L,-170,-137,9.5,9.5
625,CLE,MCLEVINGER-R,-135,-118,8.5,8
625,STL,JGANT-R,115,108,8.5,8
625,LAA,TSKAGGS-L,-160,-187,9,9
625,KAN,BKELLER-R,140,167,9,9
626,PIT,CKUHL-R,105,107,8,8
626,NYM,SMATZ-L,-125,-117,8,8
626,ARI,ZGODLEY-R,-160,-157,8.5,8
626,MIA,EHERNANDEZ-R,140,142,8.5,8
626,CIN,MHARVEY-R,130,125,9,9.5
626,ATL,ASANCHEZ-R,-150,-140,9,9.5
626,CUB,JLESTER-L,120,140,7.5,7.5
626,LAD,RSTRIPLING-R,-140,-155,7.5,7.5
626,COL,CBETTIS-R,105,129,8.5,8.5
626,SFO,DHOLLAND-L,-125,-144,8.5,8.5
626,SEA,JPAXTON-L,-165,-140,8.5,8
626,BAL,KGAUSMAN-R,145,125,8.5,8
626,OAK,FMONTAS-R,-114,-126,9,9
626,DET,BHARDY-L,-106,116,9,9
626,LAA,JLAMB-L,180,141,9.5,10
626,BOS,DPRICE-L,-210,-156,9.5,10
626,TOR,RBORUCKI-L,220,200,8.5,8
626,HOU,CMORTON-R,-260,-240,8.5,8
626,MIN,LLYNN-R,-120,-127,9,8.5
626,CWS,RLOPEZ-R,100,117,9,8.5
626,WAS,MSCHERZER-R,-220,-201,6.5,7
626,TAM,NEOVALDI-R,190,171,6.5,7
626,NYY,LSEVERINO-R,-200,-186,7.5,7.5
626,PHI,JARRIETA-R,170,166,7.5,7.5
626,SDG,TROSS-R,-115,117,10,10.5
626,TEX,ABIBENS-DIRKX-R,-105,-127,10,10.5
626,KAN,JJUNIS-R,175,190,8.5,8
626,MIL,FPERALTA-R,-195,-220,8.5,8
626,CLE,CKLUBER-R,-170,-164,7.5,7.5
626,STL,CMARTINEZ-R,150,149,7.5,7.5
627,CIN,LCASTILLO-R,130,109,8.5,8.5
627,ATL,SNEWCOMB-L,-150,-119,8.5,8.5
627,PIT,INOVA-R,-115,109,7.5,8
627,NYM,ZWHEELER-R,-105,-119,7.5,8
627,ARI,RRAY-L,-160,-158,8,7
627,MIA,WCHEN-L,140,143,8,7
627,CUB,KHENDRICKS-R,125,132,7.5,7.5
627,LAD,AWOOD-L,-145,-147,7.5,7.5
627,COL,KFREELAND-L,140,149,7.5,7
627,SFO,MBUMGARNER-L,-160,-164,7.5,7
627,TOR,MESTRADA-R,205,170,8.5,8
627,HOU,DKEUCHEL-L,-235,-190,8.5,8
627,SEA,WLEBLANC-L,-135,-105,9.5,9.5
627,BAL,ACOBB-R,115,-105,9.5,9.5
627,LAA,AHEANEY-L,140,135,9.5,9
627,BOS,RPORCELLO-R,-160,-150,9.5,9
627,OAK,CBASSITT-R,-140,-122,9,9.5
627,DET,MFIERS-R,120,112,9,9.5
627,MIN,KGIBSON-R,-140,-153,9,9
627,CWS,JSHIELDS-R,120,138,9,9
627,KAN,DDUFFY-L,170,170,8.5,8
627,MIL,BSUTER-L,-190,-200,8.5,8
627,NYY,LCESSA-R,-140,-124,9,8
627,PHI,ZEFLIN-R,120,114,9,8
627,SDG,CRICHARD-L,120,106,9.5,9.5
627,TEX,MMINOR-L,-140,-116,9.5,9.5
627,CLE,SBIEBER-R,100,102,8.5,8
627,STL,JFLAHERTY-R,-120,-112,8.5,8
628,ARI,ZGREINKE-R,-170,-170,7.5,7
628,MIA,TRICHARDS-R,150,150,7.5,7
628,CUB,JQUINTANA-L,165,165,7.5,7.5
628,LAD,CKERSHAW-L,-185,-185,7.5,7.5
628,COL,JGRAY-R,105,-124,8,8
628,SFO,CSTRATTON-R,-125,114,8,8
628,WAS,TROARK-R,140,113,8,8.5
628,PHI,ANOLA-R,-160,-123,8,8.5
628,MIL,JGUERRA-R,-114,-111,9,9.5
628,CIN,ADESCLAFANI-R,-106,101,9,9.5
628,OAK,SMANAEA-L,-125,-113,8.5,9
628,DET,MFULMER-R,105,103,8.5,9
628,MIN,JODORIZZI-R,-134,-112,9.5,9.5
628,CWS,LGIOLITO-R,114,102,9.5,9.5
628,SEA,MLEAKE-R,-140,-133,9,10.5
628,BAL,JYACABONIS-R,120,118,9,10.5
628,LAA,JBARRIA-R,135,150,10,10.5
628,BOS,BJOHNSON-L,-155,-165,10,10.5
628,HOU,LMCCULLERSJR.-R,-155,-157,7.5,7.5
628,TAM,RSTANEK-R,135,142,7.5,7.5
629,WAS,EFEDDE-R,105,-110,9,9
629,PHI,NPIVETTA-R,-125,100,9,9
629,NYM,COSWALT-R,-145,-101,7,8.5
629,MIA,SALCANTARA-R,125,-109,7,8.5
629,MIL,CANDERSON-R,-105,111,9,9.5
629,CIN,SROMANO-R,-105,-121,9,9.5
629,ATL,JTEHERAN-R,145,121,8.5,8.5
629,STL,MMIKOLAS-R,-165,-136,8.5,8.5
629,SFO,ASUAREZ-L,130,120,8,7
629,ARI,PCORBIN-L,-150,-135,8,7
629,PIT,JMUSGROVE-R,-114,101,8,7.5
629,SDG,ELAUER-L,-106,-111,8,7.5
629,COL,TANDERSON-L,145,148,7.5,8
629,LAD,RHILL-L,-165,-163,7.5,8
629,LAA,FPENA-R,-130,-155,10,10
629,BAL,DHESS-R,110,140,10,10
629,BOS,ERODRIGUEZ-L,-105,111,9,9.5
629,NYY,CSABATHIA-L,-115,-121,9,9.5
629,DET,FLIRIANO-L,155,180,8.5,9
629,TOR,MSTROMAN-R,-175,-210,8.5,9
629,HOU,GCOLE-R,-200,-185,7,7
629,TAM,WFONT-R,170,165,7,7
629,CWS,DCOVEY-R,115,131,10.5,10.5
629,TEX,YGALLARDO-R,-135,-146,10.5,10.5
629,CLE,TBAUER-R,-170,-180,8,8.5
629,OAK,PBLACKBURN-R,150,160,8,8.5
629,KAN,IKENNEDY-R,180,185,8,8
629,SEA,MGONZALES-L,-210,-215,8,8
629,MIN,JBERRIOS-R,100,114,10,9.5
629,CUB,MMONTGOMERY-L,-120,-124,10,9.5
630,NYM,JDEGROM-R,-165,-171,7,7
630,MIA,PLOPEZ-R,145,151,7,7
630,MIL,JCHACIN-R,-114,118,9.5,9.5
630,CIN,TMAHLE-R,-106,-133,9.5,9.5
630,WAS,JHELLICKSON-R,110,-112,9,9.5
630,PHI,VVELASQUEZ-R,-130,102,9,9.5
630,ATL,MFRIED-L,125,120,8.5,9
630,STL,LWEAVER-R,-145,-135,8.5,9
630,COL,GMARQUEZ-R,160,155,8,8
630,LAD,KMAEDA-R,-180,-175,8,8
630,SFO,DRODRIGUEZ-R,-114,111,9,8.5
630,ARI,SMILLER-R,-106,-121,9,8.5
630,PIT,TWILLIAMS-R,-114,126,8,7
630,SDG,JLUCCHESI-L,-106,-141,8,7
630,DET,MBOYD-L,155,143,9.5,9
630,TOR,SGAVIGLIO-R,-175,-158,9.5,9
630,CLE,APLUTKO-R,-114,-121,9.5,9.5
630,OAK,EJACKSON-R,-106,111,9.5,9.5
630,LAA,TSKAGGS-L,-150,-163,9,9.5
630,BAL,ACASHNER-R,130,148,9,9.5
630,HOU,JVERLANDER-R,-190,-168,7,7
630,TAM,RSTANEK-R,170,153,7,7
630,BOS,CSALE-L,-145,-150,8,8.5
630,NYY,SGRAY-R,125,135,8,8.5
630,CWS,CRODON-L,105,111,10,10
630,TEX,BCOLON-R,-125,-121,10,10
630,KAN,JHAMMEL-R,180,180,8.5,8.5
630,SEA,FHERNANDEZ-R,-210,-210,8.5,8.5
630,MIN,AMEJIA-L,130,125,11,10.5
630,CUB,TCHATWOOD-R,-150,-140,11,10.5
701,NYM,SMATZ-L,-114,-111,8,8
701,MIA,DSTRAILY-R,-106,101,8,8
701,MIL,FPERALTA-R,-130,-127,9,9
701,CIN,MHARVEY-R,110,117,9,9
701,WAS,GGONZALEZ-L,-114,-135,9,9.5
701,PHI,JARRIETA-R,-106,120,9,9.5
701,ATL,MFOLTYNEWICZ-R,-105,-115,8.5,8.5
701,STL,JGANT-R,-115,105,8.5,8.5
701,SFO,DHOLLAND-L,115,118,8.5,8
701,ARI,ZGODLEY-R,-135,-133,8.5,8
701,PIT,JTAILLON-R,-114,-113,7.5,7.5
701,SDG,TROSS-R,-106,103,7.5,7.5
701,COL,CBETTIS-R,175,195,8,8.5
701,LAD,RSTRIPLING-R,-205,-225,8,8.5
701,LAA,DMCGUIRE-R,100,103,10,10
701,BAL,KGAUSMAN-R,-120,-113,10,10
701,DET,JZIMMERMANN-R,175,172,8.5,9
701,TOR,JHAPP-L,-205,-202,8.5,9
701,HOU,CMORTON-R,-150,-150,7,7
701,TAM,BSNELL-L,130,135,7,7
701,CWS,RLOPEZ-R,145,151,10,10.5
701,TEX,CHAMELS-L,-165,-171,10,10.5
701,CLE,MCLEVINGER-R,-130,-151,8.5,9
701,OAK,FMONTAS-R,110,136,8.5,9
701,KAN,BKELLER-R,200,245,7.5,7
701,SEA,JPAXTON-L,-240,-285,7.5,7
701,BOS,DPRICE-L,170,165,8,8.5
701,NYY,LSEVERINO-R,-190,-185,8,8.5
701,MIN,LLYNN-R,170,162,11.5,12
701,CUB,JLESTER-L,-190,-182,11.5,12
702,SFO,MBUMGARNER-L,-120,-105,10,11.5
702,COL,KFREELAND-L,100,-105,10,11.5
702,STL,CMARTINEZ-R,120,130,8,8
702,ARI,RRAY-L,-140,-145,8,8
702,PIT,NKINGHAM-R,150,200,7.5,8
702,LAD,AWOOD-L,-170,-230,7.5,8
702,DET,MFIERS-R,145,123,9.5,9.5
702,TOR,RBORUCKI-L,-165,-138,9.5,9.5
702,CLE,CKLUBER-R,-260,-278,8.5,8.5
702,KAN,JJUNIS-R,220,238,8.5,8.5
702,BOS,RPORCELLO-R,155,160,7,8
702,WAS,MSCHERZER-R,-175,-180,7,8
702,ATL,ASANCHEZ-R,160,185,9.5,9.5
702,NYY,JLOAISIGA-R,-180,-215,9.5,9.5
702,CWS,JSHIELDS-R,140,180,9.5,9.5
702,CIN,LCASTILLO-R,-160,-210,9.5,9.5
702,TAM,NEOVALDI-R,-130,-138,7.5,7.5
702,MIA,WCHEN-L,110,123,7.5,7.5
702,MIN,KGIBSON-R,130,108,8.5,8
702,MIL,BSUTER-L,-150,-118,8.5,8
703,SFO,CSTRATTON-R,110,127,12,12
703,COL,ASENZATELA-R,-130,-142,12,12
703,STL,JFLAHERTY-R,120,125,7.5,7.5
703,ARI,ZGREINKE-R,-140,-140,7.5,7.5
703,PIT,INOVA-R,190,215,7,7.5
703,LAD,CKERSHAW-L,-220,-255,7,7.5
703,HOU,DKEUCHEL-L,-160,-170,10.5,10.5
703,TEX,ABIBENS-DIRKX-R,140,150,10.5,10.5
703,CLE,SBIEBER-R,-200,-160,8.5,9.5
703,KAN,DDUFFY-L,170,145,8.5,9.5
703,LAA,AHEANEY-L,100,100,8.5,8.5
703,SEA,WLEBLANC-L,-120,-110,8.5,8.5
703,DET,MFULMER-R,170,175,8.5,8
703,CUB,KHENDRICKS-R,-200,-205,8.5,8
703,MIN,JODORIZZI-R,130,138,9,8.5
703,MIL,JGUERRA-R,-150,-153,9,8.5
703,BOS,BJOHNSON-L,-114,104,9,9.5
703,WAS,TROARK-R,-106,-114,9,9.5
703,BAL,ACOBB-R,155,150,9,8.5
703,PHI,ZEFLIN-R,-175,-165,9,8.5
703,ATL,SNEWCOMB-L,150,145,9,9
703,NYY,DGERMAN-R,-170,-160,9,9
703,NYM,ZWHEELER-R,125,109,9,9
703,TOR,MESTRADA-R,-145,-119,9,9
703,CWS,LGIOLITO-R,165,205,9.5,9.5
703,CIN,ADESCLAFANI-R,-185,-235,9.5,9.5
703,TAM,RYARBROUGH-L,-130,101,7.5,7
703,MIA,TRICHARDS-R,110,-111,7.5,7
703,SDG,CRICHARD-L,125,116,8,8.5
703,OAK,CBASSITT-R,-145,-126,8,8.5
704,PIT,CHOLMES-R,165,205,8,8.5
704,LAD,RHILL-L,-185,-235,8,8.5
704,SFO,ASUAREZ-L,115,116,11.5,10.5
704,COL,TANDERSON-L,-135,-126,11.5,10.5
704,STL,MMIKOLAS-R,110,-104,8,7
704,ARI,PCORBIN-L,-130,-106,8,7
704,LAA,GRICHARDS-R,-114,-107,8.5,9
704,SEA,MLEAKE-R,-106,-103,8.5,9
704,HOU,GCOLE-R,-160,-180,10,9.5
704,TEX,MMINOR-L,140,160,10,9.5
704,CLE,TBAUER-R,-230,-270,9,9
704,KAN,TOAKS-R,200,230,9,9
704,BOS,ERODRIGUEZ-L,-135,-127,9,9
704,WAS,EFEDDE-R,115,117,9,9
704,ATL,JTEHERAN-R,155,185,9.5,9.5
704,NYY,CSABATHIA-L,-175,-215,9.5,9.5
704,TAM,MANDRIESE-R,-112,-143,8,7
704,MIA,JURENA-R,-108,128,8,7
704,DET,FLIRIANO-L,200,205,8.5,9.5
704,CUB,JQUINTANA-L,-230,-235,8.5,9.5
704,BAL,YRAMIREZ-R,200,181,8.5,8.5
704,PHI,ANOLA-R,-240,-211,8.5,8.5
704,SDG,LPERDOMO-R,155,150,8.5,8.5
704,OAK,SMANAEA-L,-175,-165,8.5,8.5
704,MIN,JBERRIOS-R,100,103,8.5,8.5
704,MIL,CANDERSON-R,-120,-113,8.5,8.5
704,NYM,COSWALT-R,170,153,9,9.5
704,TOR,MSTROMAN-R,-190,-173,9,9.5
704,CWS,DCOVEY-R,165,162,10,10.5
704,CIN,SROMANO-R,-185,-182,10,10.5
705,MIA,PLOPEZ-R,155,175,8.5,9
705,WAS,JHELLICKSON-R,-175,-205,8.5,9
705,ATL,MFRIED-L,100,-121,8.5,8.5
705,MIL,JCHACIN-R,-120,111,8.5,8.5
705,SDG,ELAUER-L,140,148,9,8.5
705,ARI,SMILLER-R,-160,-163,9,8.5
705,STL,LWEAVER-R,125,120,7.5,8
705,SFO,JCUETO-R,-145,-135,7.5,8
705,TEX,YGALLARDO-R,-115,-106,9.5,9.5
705,DET,MBOYD-L,-105,-104,9.5,9.5
705,CWS,CRODON-L,230,280,8,8
705,HOU,JVERLANDER-R,-270,-330,8,8
705,BAL,ACASHNER-R,110,132,9.5,9.5
705,MIN,ASLEGERS-R,-130,-147,9.5,9.5
705,LAA,JBARRIA-R,-112,118,8.5,9
705,SEA,MGONZALES-L,-108,-133,8.5,9
706,CIN,TMAHLE-R,145,135,7.5,7.5
706,CUB,MMONTGOMERY-L,-165,-150,7.5,7.5
706,MIA,DSTRAILY-R,170,205,9,9
706,WAS,GGONZALEZ-L,-190,-235,9,9
706,PHI,NPIVETTA-R,-114,-106,8.5,8.5
706,PIT,TWILLIAMS-R,-106,-104,8.5,8.5
706,ATL,MFOLTYNEWICZ-R,110,119,8.5,8
706,MIL,FPERALTA-R,-130,-129,8.5,8
706,SDG,JLUCCHESI-L,135,132,8,8
706,ARI,ZGODLEY-R,-155,-147,8,8
706,STL,JGANT-R,-105,113,8,8.5
706,SFO,DRODRIGUEZ-R,-115,-123,8,8.5
706,NYY,SGRAY-R,-150,-152,9.5,9.5
706,TOR,SGAVIGLIO-R,130,137,9.5,9.5
706,OAK,PBLACKBURN-R,165,175,9,9
706,CLE,CCARRASCO-R,-185,-205,9,9
706,TEX,BCOLON-R,-114,-118,9.5,9
706,DET,JZIMMERMANN-R,-106,108,9.5,9
706,BAL,DBUNDY-R,100,136,9,9
706,MIN,LLYNN-R,-120,-151,9,9
706,CWS,RLOPEZ-R,230,245,8,8.5
706,HOU,LMCCULLERSJR.-R,-270,-285,8,8.5
706,BOS,CSALE-L,-290,-385,8,8.5
706,KAN,JHAMMEL-R,250,325,8,8.5
706,TAM,RSTANEK-R,132,150,6.5,6.5
706,NYM,JDEGROM-R,-152,-165,6.5,6.5
706,LAD,KMAEDA-R,-135,-147,8.5,9.5
706,LAA,FPENA-R,115,132,8.5,9.5
706,COL,GMARQUEZ-R,110,103,8.5,8
706,SEA,FHERNANDEZ-R,-130,-113,8.5,8
707,CIN,MHARVEY-R,125,119,8.5,9.5
707,CUB,TCHATWOOD-R,-145,-129,8.5,9.5
707,STL,CMARTINEZ-R,-105,-123,8,8.5
707,SFO,JSAMARDZIJA-R,-105,113,8,8.5
707,PHI,JARRIETA-R,-105,123,8,8
707,PIT,JTAILLON-R,-115,-138,8,8
707,ATL,ASANCHEZ-R,105,-105,9,9
707,MIL,AWILKERSON-R,-125,-105,9,9
707,MIA,WCHEN-L,235,290,7,7.5
707,WAS,MSCHERZER-R,-275,-350,7,7.5
707,SDG,TROSS-R,150,171,8,8
707,ARI,RRAY-L,-170,-191,8,8
707,BAL,KGAUSMAN-R,120,127,8.5,8.5
707,MIN,KGIBSON-R,-140,-142,8.5,8.5
707,NYY,LSEVERINO-R,-190,-208,8,7.5
707,TOR,JHAPP-L,170,178,8,7.5
707,CWS,JSHIELDS-R,220,322,8,8
707,HOU,CMORTON-R,-260,-382,8,8
707,TEX,CHAMELS-L,-120,-155,9,9.5
707,DET,MFIERS-R,100,140,9,9.5
707,OAK,EJACKSON-R,205,210,8,9
707,CLE,CKLUBER-R,-245,-250,8,9
707,BOS,DPRICE-L,-190,-190,9,9.5
707,KAN,BKELLER-R,170,170,9,9.5
707,TAM,BSNELL-L,-130,-129,7,7
707,NYM,SMATZ-L,110,119,7,7
707,COL,KFREELAND-L,150,180,7.5,7.5
707,SEA,JPAXTON-L,-170,-210,7.5,7.5
707,LAD,RSTRIPLING-R,-165,-153,9,10
707,LAA,DMCGUIRE-R,145,138,9,10
708,MIA,TRICHARDS-R,155,162,9,9.5
708,WAS,TROARK-R,-175,-182,9,9.5
708,PHI,DANDERSON-R,-105,141,9,9
708,PIT,NKINGHAM-R,-115,-156,9,9
708,ATL,SNEWCOMB-L,110,111,8.5,8.5
708,MIL,JGUERRA-R,-130,-121,8.5,8.5
708,CIN,LCASTILLO-R,140,148,8.5,8.5
708,CUB,JLESTER-L,-160,-163,8.5,8.5
708,STL,JFLAHERTY-R,125,109,7.5,7.5
708,SFO,MBUMGARNER-L,-145,-119,7.5,7.5
708,SDG,CRICHARD-L,170,175,7.5,7.5
708,ARI,ZGREINKE-R,-190,-205,7.5,7.5
708,NYY,DGERMAN-R,-140,-160,9.5,9
708,TOR,RBORUCKI-L,120,145,9.5,9
708,OAK,BANDERSON-L,170,150,9.5,9.5
708,CLE,SBIEBER-R,-190,-170,9.5,9.5
708,TEX,ABIBENS-DIRKX-R,-105,104,9,9
708,DET,MFULMER-R,-115,-114,9,9
708,BAL,ACOBB-R,150,125,9,10
708,MIN,JODORIZZI-R,-170,-140,9,10
708,CWS,LGIOLITO-R,275,295,8.5,9
708,HOU,DKEUCHEL-L,-325,-345,8.5,9
708,BOS,RPORCELLO-R,-245,-225,9.5,9.5
708,KAN,HFILLMYER-R,205,195,9.5,9.5
708,TAM,NEOVALDI-R,-140,-108,7.5,8
708,NYM,CFLEXEN-R,120,-102,7.5,8
708,COL,ASENZATELA-R,110,130,8.5,8.5
708,SEA,WLEBLANC-L,-130,-145,8.5,8.5
708,LAD,AWOOD-L,-130,-111,8.5,9
708,LAA,AHEANEY-L,110,101,8.5,9
709,WAS,JRODRIGUEZ-R,-115,-109,9,9.5
709,PIT,INOVA-R,-105,-101,9,9.5
709,PHI,ANOLA-R,-180,-163,7.5,8.5
709,NYM,COSWALT-R,160,148,7.5,8.5
709,MIL,CANDERSON-R,-160,-140,7.5,8
709,MIA,JURENA-R,140,125,7.5,8
709,LAD,CKERSHAW-L,-250,-250,7,8
709,SDG,LPERDOMO-R,210,210,7,8
709,CUB,KHENDRICKS-R,-120,106,7.5,8
709,SFO,ASUAREZ-L,100,-116,7.5,8
709,NYY,LCESSA-R,-170,-180,10.5,9.5
709,BAL,YRAMIREZ-R,150,160,10.5,9.5
709,TEX,MMINOR-L,185,175,9.5,10
709,BOS,ERODRIGUEZ-L,-215,-195,9.5,10
709,DET,FLIRIANO-L,155,203,7.5,7.5
709,TAM,CARCHER-R,-175,-233,7.5,7.5
709,KAN,DDUFFY-L,170,175,8.5,8.5
709,MIN,JBERRIOS-R,-190,-205,8.5,8.5
709,OAK,FMONTAS-R,210,175,8.5,8.5
709,HOU,GCOLE-R,-250,-205,8.5,8.5
709,CIN,ADESCLAFANI-R,150,155,9,9.5
709,CLE,MCLEVINGER-R,-170,-175,9,9.5
709,NYY,CSABATHIA-L,-215,-225,10,10.5
709,BAL,JYACABONIS-R,185,195,10,10.5
709,PHI,ZEFLIN-R,-125,-105,7.5,8.5
709,NYM,ZWHEELER-R,105,-105,7.5,8.5
710,WAS,JHELLICKSON-R,-115,-117,9,9
710,PIT,JMUSGROVE-R,-105,107,9,9
710,PHI,EDELOSSANTOS-R,-140,-109,8.5,9
710,NYM,DGAGNON-R,120,-101,8.5,9
710,MIL,JCHACIN-R,-150,-158,8,7.5
710,MIA,PLOPEZ-R,130,143,8,7.5
710,ARI,PCORBIN-L,105,-105,11,11
710,COL,TANDERSON-L,-125,-105,11,11
710,LAD,RHILL-L,-170,-160,8,8
710,SDG,ELAUER-L,150,145,8,8
710,CUB,JQUINTANA-L,-115,-146,7.5,8
710,SFO,DHOLLAND-L,-105,131,7.5,8
710,NYY,MTANAKA-R,-220,-236,9.5,10
710,BAL,ACASHNER-R,190,206,9.5,10
710,TEX,YGALLARDO-R,180,188,10.5,11.5
710,BOS,HVELAZQUEZ-R,-210,-218,10.5,11.5
710,DET,MBOYD-L,145,169,8,7.5
710,TAM,RSTANEK-R,-165,-189,8,7.5
710,KAN,IKENNEDY-R,165,152,9.5,10
710,MIN,ASLEGERS-R,-185,-172,9.5,10
710,OAK,SMANAEA-L,180,196,8,7.5
710,HOU,JVERLANDER-R,-210,-226,8,7.5
710,SEA,MLEAKE-R,130,148,8.5,8.5
710,LAA,GRICHARDS-R,-150,-163,8.5,8.5
710,CIN,SROMANO-R,190,203,9,9
710,CLE,TBAUER-R,-220,-233,9,9
710,TOR,MSTROMAN-R,115,118,9,8.5
710,ATL,JTEHERAN-R,-135,-133,9,8.5
710,STL,MMIKOLAS-R,-170,-187,9,9.5
710,CWS,DCOVEY-R,150,167,9,9.5
711,WAS,GGONZALEZ-L,-132,-135,9,9
711,PIT,TWILLIAMS-R,112,120,9,9
711,CUB,MMONTGOMERY-L,-116,-109,8.5,8
711,SFO,JCUETO-R,-104,-101,8.5,8
711,MIL,FPERALTA-R,-166,-175,8,7.5
711,MIA,DSTRAILY-R,146,155,8,7.5
711,PHI,VVELASQUEZ-R,135,131,7,7
711,NYM,JDEGROM-R,-155,-146,7,7
711,ARI,SMILLER-R,115,125,11.5,13
711,COL,GMARQUEZ-R,-135,-140,11.5,13
711,LAD,KMAEDA-R,-161,-150,7.5,7.5
711,SDG,JLUCCHESI-L,141,135,7.5,7.5
711,DET,JZIMMERMANN-R,136,145,7.5,7
711,TAM,HWOOD-R,-156,-160,7.5,7
711,KAN,BSMITH-R,185,175,9.5,9.5
711,MIN,LLYNN-R,-215,-205,9.5,9.5
711,NYY,SGRAY-R,-156,-170,9.5,9
711,BAL,DBUNDY-R,136,150,9.5,9
711,TEX,BCOLON-R,280,350,8.5,8.5
711,BOS,CSALE-L,-330,-430,8.5,8.5
711,OAK,CBASSITT-R,200,180,8,8.5
711,HOU,LMCCULLERSJR.-R,-240,-210,8,8.5
711,SEA,MGONZALES-L,-103,103,8.5,9
711,LAA,JBARRIA-R,-117,-113,8.5,9
711,CIN,TMAHLE-R,176,165,9,9
711,CLE,CCARRASCO-R,-206,-185,9,9
711,TOR,SGAVIGLIO-R,138,175,9,8.5
711,ATL,MFOLTYNEWICZ-R,-158,-205,9,8.5
711,STL,LWEAVER-R,-141,-155,9,9.5
711,CWS,CRODON-L,121,140,9,9.5
712,ARI,RRAY-L,102,101,11,11.5
712,COL,KFREELAND-L,-122,-111,11,11.5
712,MIL,WMILEY-L,-105,117,8.5,8
712,PIT,JTAILLON-R,-115,-127,8.5,8
712,WAS,MSCHERZER-R,-200,-205,7,7
712,NYM,SMATZ-L,170,175,7,7
712,LAD,RSTRIPLING-R,-170,-203,7.5,7.5
712,SDG,TROSS-R,150,173,7.5,7.5
712,OAK,TCAHILL-R,180,185,8.5,8
712,HOU,CMORTON-R,-210,-215,8.5,8
712,TOR,JHAPP-L,155,147,9.5,9
712,BOS,DPRICE-L,-175,-162,9.5,9
712,NYY,LSEVERINO-R,-115,-127,7.5,7.5
712,CLE,CKLUBER-R,-105,117,7.5,7.5
712,TAM,BSNELL-L,-120,-142,8,7.5
712,MIN,KGIBSON-R,100,127,8,7.5
712,SEA,JPAXTON-L,-113,-109,7.5,7.5
712,LAA,TSKAGGS-L,-107,-101,7.5,7.5
712,PHI,NPIVETTA-R,-115,101,9.5,9
712,BAL,KGAUSMAN-R,-105,-111,9.5,9
713,MIL,JGUERRA-R,-120,109,8,8.5
713,PIT,NKINGHAM-R,100,-119,8,8.5
713,WAS,TROARK-R,120,116,7.5,8.5
713,NYM,NSYNDERGAARD-R,-140,-131,7.5,8.5
713,PHI,JARRIETA-R,-140,-122,8,7.5
713,MIA,WCHEN-L,120,112,8,7.5
713,ARI,ZGODLEY-R,115,141,8.5,8.5
713,ATL,ASANCHEZ-R,-135,-156,8.5,8.5
713,CIN,MHARVEY-R,130,151,8.5,9
713,STL,CMARTINEZ-R,-150,-166,8.5,9
713,CUB,TCHATWOOD-R,-135,-134,8,8.5
713,SDG,CRICHARD-L,115,119,8,8.5
713,TEX,CHAMELS-L,-115,-116,9.5,9.5
713,BAL,ACOBB-R,-105,106,9.5,9.5
713,NYY,DGERMAN-R,-119,-105,9.5,9.5
713,CLE,SBIEBER-R,-101,-105,9.5,9.5
713,TOR,RBORUCKI-L,170,185,9.5,9.5
713,BOS,RPORCELLO-R,-190,-215,9.5,9.5
713,TAM,NEOVALDI-R,-115,-106,8.5,8.5
713,MIN,JODORIZZI-R,-105,-104,8.5,8.5
713,KAN,BKELLER-R,-101,107,9,9.5
713,CWS,JSHIELDS-R,-119,-117,9,9.5
713,DET,MFIERS-R,210,228,8.5,8.5
713,HOU,DKEUCHEL-L,-250,-268,8.5,8.5
713,SEA,CBERGMAN-R,123,123,12,13
713,COL,JHOFFMAN-R,-143,-138,12,13
713,LAA,FPENA-R,145,150,8,8
713,LAD,WBUEHLER-R,-165,-165,8,8
713,OAK,EJACKSON-R,140,130,7.5,7.5
713,SFO,MBUMGARNER-L,-160,-145,7.5,7.5
714,MIL,BSUTER-L,-135,-134,9,9
714,PIT,CHOLMES-R,115,119,9,9
714,ARI,ZGREINKE-R,-111,-109,8,7.5
714,ATL,SNEWCOMB-L,-109,-101,8,7.5
714,CIN,LCASTILLO-R,120,135,9,9
714,STL,JFLAHERTY-R,-140,-150,9,9
714,PHI,ANOLA-R,-180,-175,7.5,7
714,MIA,TRICHARDS-R,160,155,7.5,7
714,WAS,AVOTH-R,-115,-111,8,10
714,NYM,ZWHEELER-R,-105,101,8,10
714,CUB,KHENDRICKS-R,-175,-190,8,8.5
714,SDG,LPERDOMO-R,155,170,8,8.5
714,TOR,SGAVIGLIO-R,215,176,10,9.5
714,BOS,ERODRIGUEZ-L,-255,-206,10,9.5
714,TAM,CARCHER-R,110,119,8,8
714,MIN,JBERRIOS-R,-130,-129,8,8
714,KAN,DDUFFY-L,-105,106,9,9
714,CWS,RLOPEZ-R,-115,-116,9,9
714,DET,MFULMER-R,220,245,7.5,7
714,HOU,GCOLE-R,-260,-285,7.5,7
714,TEX,MPEREZ-L,-114,101,10,10.5
714,BAL,YRAMIREZ-R,-106,-111,10,10.5
714,NYY,CSABATHIA-L,-113,-105,9,9
714,CLE,MCLEVINGER-R,-107,-105,9,9
714,LAA,AHEANEY-L,138,162,12,11.5
714,LAD,AWOOD-L,-158,-182,12,11.5
714,SEA,WLEBLANC-L,100,100,8.5,8
714,COL,JGRAY-R,-120,-110,8.5,8
714,OAK,BANDERSON-L,-115,-106,8.5,8.5
714,SFO,JSAMARDZIJA-R,-105,-104,8.5,8.5
714,MIL,CANDERSON-R,180,119,7.5,8
714,PIT,INOVA-R,-210,-129,7.5,8
715,WAS,JHELLICKSON-R,-130,-143,9,9
715,NYM,COSWALT-R,110,128,9,9
715,PHI,EDELOSSANTOS-R,-130,-106,7.5,8.5
715,MIA,JURENA-R,110,-104,7.5,8.5
715,ARI,PCORBIN-L,-112,-129,8.5,8.5
715,ATL,JTEHERAN-R,-108,119,8.5,8.5
715,MIL,JCHACIN-R,-115,-101,8.5,7.5
715,PIT,JMUSGROVE-R,-105,-109,8.5,7.5
715,CIN,ADESCLAFANI-R,140,135,9,8.5
715,STL,MMIKOLAS-R,-160,-150,9,8.5
715,CUB,JLESTER-L,-175,-145,8,8
715,SDG,ELAUER-L,155,130,8,8
715,TEX,MMINOR-L,-135,100,9.5,9.5
715,BAL,MCASTRO-R,115,-110,9.5,9.5
715,TOR,MSTROMAN-R,145,131,9.5,10.5
715,BOS,BJOHNSON-L,-165,-146,9.5,10.5
715,NYY,MTANAKA-R,105,119,9,8.5
715,CLE,TBAUER-R,-125,-129,9,8.5
715,TAM,RSTANEK-R,-105,101,9,9
715,MIN,FROMERO-R,-115,-111,9,9
715,DET,FLIRIANO-L,275,320,7.5,7.5
715,HOU,JVERLANDER-R,-325,-400,7.5,7.5
715,KAN,BSMITH-R,110,-102,9.5,9.5
715,CWS,LGIOLITO-R,-130,-108,9.5,9.5
715,SEA,MLEAKE-R,140,146,11.5,11
715,COL,TANDERSON-L,-160,-161,11.5,11
715,OAK,SMANAEA-L,100,110,8,7
715,SFO,ASUAREZ-L,-120,-120,8,7
715,LAA,DMCGUIRE-R,205,190,8,8.5
715,LAD,CKERSHAW-L,-235,-220,8,8.5
719,STL,CMARTINEZ-R,135,137,9,9.5
719,CUB,KHENDRICKS-R,-155,-152,9,9.5
720,STL,JFLAHERTY-R,137,125,12,10.5
720,CUB,JLESTER-L,-157,-140,12,10.5
720,ATL,ASANCHEZ-R,160,163,8,8.5
720,WAS,SSTRASBURG-R,-180,-183,8,8.5
720,SDG,CRICHARD-L,145,153,8,8
720,PHI,JARRIETA-R,-165,-168,8,8
720,PIT,JTAILLON-R,-112,-110,9,8.5
720,CIN,TMAHLE-R,-108,100,9,8.5
720,LAD,RHILL-L,-140,-132,9,9
720,MIL,WMILEY-L,120,117,9,9
720,COL,GMARQUEZ-R,125,139,8.5,7.5
720,ARI,RRAY-L,-145,-154,8.5,7.5
720,BAL,DBUNDY-R,113,145,9,9
720,TOR,SGAVIGLIO-R,-133,-160,9,9
720,BOS,DPRICE-L,-205,-205,9,9
720,DET,MBOYD-L,175,175,9,9
720,CLE,TBAUER-R,-180,-195,9.5,10
720,TEX,MPEREZ-L,160,175,9.5,10
720,MIN,KGIBSON-R,-125,-129,9,8.5
720,KAN,DDUFFY-L,105,119,9,8.5
720,HOU,DKEUCHEL-L,-132,-111,8,8.5
720,LAA,TSKAGGS-L,112,101,8,8.5
720,CWS,JSHIELDS-R,180,170,8.5,8.5
720,SEA,WLEBLANC-L,-210,-200,8.5,8.5
720,NYM,NSYNDERGAARD-R,115,160,8.5,9
720,NYY,DGERMAN-R,-135,-180,8.5,9
720,MIA,DSTRAILY-R,145,150,7.5,7.5
720,TAM,NEOVALDI-R,-165,-170,7.5,7.5
720,SFO,DRODRIGUEZ-R,103,120,9,9
720,OAK,EJACKSON-R,-123,-135,9,9
721,LAD,CKERSHAW-L,-177,-169,8,8.5
721,MIL,CANDERSON-R,157,154,8,8.5
721,PIT,NKINGHAM-R,-101,103,9.5,9.5
721,CIN,ADESCLAFANI-R,-119,-113,9.5,9.5
721,STL,JGANT-R,127,134,7,8.5
721,CUB,MMONTGOMERY-L,-147,-149,7,8.5
721,COL,KFREELAND-L,111,130,8,8
721,ARI,ZGODLEY-R,-131,-145,8,8
721,BAL,ACOBB-R,165,178,9,9
721,TOR,MSTROMAN-R,-185,-198,9,9
721,BOS,BJOHNSON-L,-168,-144,9.5,9.5
721,DET,MFIERS-R,148,129,9.5,9.5
721,MIN,LLYNN-R,-137,-149,9.5,9.5
721,KAN,JJUNIS-R,117,134,9.5,9.5
721,HOU,JVERLANDER-R,-160,-190,8,8
721,LAA,NTROPEANO-R,140,170,8,8
721,CLE,CCARRASCO-R,-195,-179,10,11
721,TEX,BCOLON-R,175,159,10,11
721,CWS,DCOVEY-R,200,175,9,8.5
721,SEA,FHERNANDEZ-R,-230,-195,9,8.5
721,NYM,SMATZ-L,200,210,9,9.5
721,NYY,SGRAY-R,-230,-250,9,9.5
721,MIA,PLOPEZ-R,150,133,8,7.5
721,TAM,RSTANEK-R,-170,-148,8,7.5
721,SFO,MBUMGARNER-L,-115,118,8,7.5
721,OAK,TCAHILL-R,-105,-133,8,7.5
721,STL,LWEAVER-R,-101,-106,7,8.5
721,CUB,TCHATWOOD-R,-119,-104,7,8.5
722,PIT,INOVA-R,103,103,9.5,9.5
722,CIN,MHARVEY-R,-123,-113,9.5,9.5
722,ATL,MFOLTYNEWICZ-R,200,170,7.5,7.5
722,WAS,MSCHERZER-R,-230,-200,7.5,7.5
722,SDG,TROSS-R,138,153,9,8.5
722,PHI,NPIVETTA-R,-158,-168,9,8.5
722,LAD,AWOOD-L,-143,-126,9,8.5
722,MIL,BSUTER-L,123,116,9,8.5
722,STL,MMIKOLAS-R,129,120,7.5,8
722,CUB,JQUINTANA-L,-149,-135,7.5,8
722,COL,ASENZATELA-R,157,155,8,7.5
722,ARI,ZGREINKE-R,-177,-175,8,7.5
722,BAL,ACASHNER-R,170,170,9,8.5
722,TOR,JHAPP-L,-200,-200,9,8.5
722,BOS,CSALE-L,-350,-327,8.5,8
722,DET,BHARDY-L,290,277,8.5,8
722,MIN,JODORIZZI-R,-133,-140,9.5,9.5
722,KAN,BKELLER-R,113,125,9.5,9.5
722,CLE,MCLEVINGER-R,-166,-163,11,11.5
722,TEX,YGALLARDO-R,146,148,11,11.5
722,HOU,LMCCULLERSJR.-R,-140,-121,8,8.5
722,LAA,AHEANEY-L,120,111,8,8.5
722,CWS,RLOPEZ-R,195,176,8.5,8.5
722,SEA,MGONZALES-L,-225,-206,8.5,8.5
722,MIA,TRICHARDS-R,168,153,7.5,8
722,TAM,CARCHER-R,-188,-168,7.5,8
722,SFO,JCUETO-R,115,116,8,8.5
722,OAK,SMANAEA-L,-135,-131,8,8.5
722,SDG,LPERDOMO-R,138,171,9,9
722,PHI,VVELASQUEZ-R,-158,-191,9,9
723,LAD,RSTRIPLING-R,-137,-163,8.5,8
723,PHI,ZEFLIN-R,117,148,8.5,8
723,STL,DPONCEDELEON-R,111,103,9.5,9.5
723,CIN,LCASTILLO-R,-131,-113,9.5,9.5
723,ATL,SNEWCOMB-L,-131,-114,8,8
723,MIA,JURENA-R,111,104,8,8
723,SDG,JLUCCHESI-L,110,152,8,6.5
723,NYM,JDEGROM-R,-130,-167,8,6.5
723,ARI,PCORBIN-L,-114,-101,9,8.5
723,CUB,LFARRELL-R,-106,-109,9,8.5
723,WAS,GGONZALEZ-L,-114,-109,9,9
723,MIL,JCHACIN-R,-106,-101,9,9
723,BOS,RPORCELLO-R,-166,-192,9,9
723,BAL,,146,172,9,9
723,MIN,AMEJIA-L,-105,113,9.5,9.5
723,TOR,LSANTOS-R,-115,-123,9.5,9.5
723,NYY,LSEVERINO-R,-265,-275,7.5,7
723,TAM,HWOOD-R,225,235,7.5,7
723,OAK,BANDERSON-L,-108,-104,11,10.5
723,TEX,,-112,-106,11,10.5
723,DET,FLIRIANO-L,-114,-106,9.5,9.5
723,KAN,HFILLMYER-R,-106,-104,9.5,9.5
723,CWS,LGIOLITO-R,170,197,9,9.5
723,LAA,JBARRIA-R,-200,-227,9,9.5
723,PIT,TWILLIAMS-R,225,245,8.5,8.5
723,CLE,CKLUBER-R,-265,-285,8.5,8.5
724,ATL,JTEHERAN-R,-143,-119,8,7.5
724,MIA,WCHEN-L,123,109,8,7.5
724,LAD,KMAEDA-R,107,101,7.5,8
724,PHI,ANOLA-R,-127,-111,7.5,8
724,STL,AGOMBER-L,-119,-127,10,10.5
724,CIN,HBAILEY-R,-101,117,10,10.5
724,SDG,ELAUER-L,130,117,7.5,7.5
724,NYM,ZWHEELER-R,-150,-127,7.5,7.5
724,ARI,CBUCHHOLZ-R,148,149,9,9
724,CUB,KHENDRICKS-R,-168,-164,9,9
724,WAS,JHELLICKSON-R,-106,120,9,9.5
724,MIL,JGUERRA-R,-114,-135,9,9.5
724,BOS,DPOMERANZ-L,-185,-154,10,9.5
724,BAL,YRAMIREZ-R,165,139,10,9.5
724,MIN,JBERRIOS-R,-112,-109,9,8.5
724,TOR,RBORUCKI-L,-108,-101,9,8.5
724,NYY,MTANAKA-R,-190,-183,8,7.5
724,TAM,YCHIRINOS-R,170,163,8,7.5
724,OAK,FMONTAS-R,-123,-110,11,10.5
724,TEX,MMINOR-L,103,100,11,10.5
724,DET,JZIMMERMANN-R,-105,-105,9.5,9
724,KAN,BSMITH-R,-105,-105,9.5,9
724,CWS,CRODON-L,142,176,9,8.5
724,LAA,FPENA-R,-162,-196,9,8.5
724,PIT,JMUSGROVE-R,145,150,9.5,9
724,CLE,SBIEBER-R,-165,-170,9.5,9
724,HOU,GCOLE-R,-143,-141,10.5,10
724,COL,TANDERSON-L,123,126,10.5,10
724,SFO,ASUAREZ-L,163,117,7.5,8.5
724,SEA,RELIAS-L,-183,-127,7.5,8.5
725,SDG,CRICHARD-L,-112,-102,8,8
725,NYM,COSWALT-R,-108,-108,8,8
725,LAD,WBUEHLER-R,-122,-140,8.5,8.5
725,PHI,JARRIETA-R,102,125,8.5,8.5
725,STL,JFLAHERTY-R,-128,-131,9.5,9
725,CIN,SROMANO-R,108,116,9.5,9
725,WAS,TROARK-R,107,123,9,9.5
725,MIL,FPERALTA-R,-127,-138,9,9.5
725,ARI,RRAY-L,117,-107,8,8.5
725,CUB,JLESTER-L,-137,-103,8,8.5
725,NYY,LCESSA-R,-148,-144,8,8
725,TAM,RSTANEK-R,128,129,8,8
725,DET,MBOYD-L,111,112,8.5,8.5
725,KAN,DDUFFY-L,-131,-122,8.5,8.5
725,MIN,ESANTANA-R,102,-114,9,9.5
725,TOR,SGAVIGLIO-R,-122,104,9,9.5
725,OAK,EJACKSON-R,-115,-119,12,12
725,TEX,MPEREZ-L,-105,109,12,12
725,CWS,JSHIELDS-R,200,207,8.5,8.5
725,LAA,TSKAGGS-L,-230,-237,8.5,8.5
725,PIT,JTAILLON-R,148,185,8.5,8
725,CLE,TBAUER-R,-168,-215,8.5,8
725,SFO,DHOLLAND-L,108,130,8.5,8.5
725,SEA,MLEAKE-R,-128,-145,8.5,8.5
725,HOU,CMORTON-R,-138,-116,10.5,9.5
725,COL,JGRAY-R,118,106,10.5,9.5
726,ARI,ZGODLEY-R,-102,-109,9,9.5
726,CUB,TCHATWOOD-R,-118,-101,9,9.5
726,NYM,SMATZ-L,146,128,8.5,8.5
726,PIT,NKINGHAM-R,-166,-143,8.5,8.5
726,PHI,RSUAREZ-L,-101,123,9.5,9.5
726,CIN,TMAHLE-R,-119,-138,9.5,9.5
726,WAS,TMILONE-L,-175,-141,8,8.5
726,MIA,DSTRAILY-R,155,126,8,8.5
726,LAD,RHILL-L,-127,-131,9,9
726,ATL,ASANCHEZ-R,107,116,9,9
726,MIL,WMILEY-L,109,107,8,7.5
726,SFO,DRODRIGUEZ-R,-129,-117,8,7.5
726,CWS,DCOVEY-R,167,162,9,9.5
726,LAA,NTROPEANO-R,-187,-182,9,9.5
726,TAM,HWOOD-R,-101,-137,9,8.5
726,BAL,ACOBB-R,-119,122,9,8.5
726,KAN,JJUNIS-R,235,245,9.5,9.5
726,NYY,SGRAY-R,-275,-285,9.5,9.5
726,MIN,KGIBSON-R,145,150,10,10
726,BOS,BJOHNSON-L,-165,-170,10,10
726,OAK,TCAHILL-R,-138,-146,11.5,11
726,TEX,BCOLON-R,118,131,11.5,11
727,NYM,JVARGAS-L,152,120,9,9
727,PIT,INOVA-R,-172,-135,9,9
727,PHI,NPIVETTA-R,-112,-112,9.5,8.5
727,CIN,ADESCLAFANI-R,-108,102,9.5,8.5
727,WAS,MSCHERZER-R,-245,-235,7.5,7.5
727,MIA,PLOPEZ-R,205,205,7.5,7.5
727,LAD,CKERSHAW-L,-170,-157,8,8
727,ATL,MFOLTYNEWICZ-R,150,142,8,8
727,CUB,MMONTGOMERY-L,-105,118,8.5,9
727,STL,LWEAVER-R,-115,-128,8.5,9
727,ARI,ZGREINKE-R,-180,-183,7.5,7.5
727,SDG,LPERDOMO-R,160,163,7.5,7.5
727,MIL,CANDERSON-R,136,116,7.5,7
727,SFO,MBUMGARNER-L,-156,-131,7.5,7
727,TAM,,-143,-160,8.5,8
727,BAL,ACASHNER-R,123,145,8.5,8
727,MIN,,285,330,8.5,9
727,BOS,CSALE-L,-335,-390,8.5,9
727,CLE,CCARRASCO-R,-190,-260,8.5,8.5
727,DET,,170,220,8.5,8.5
727,TEX,YGALLARDO-R,225,230,9,8.5
727,HOU,DKEUCHEL-L,-265,-270,9,8.5
727,TOR,MSTROMAN-R,-143,-122,9,9
727,CWS,RLOPEZ-R,123,112,9,9
727,SEA,WLEBLANC-L,117,125,8.5,9
727,LAA,AHEANEY-L,-137,-140,8.5,9
727,OAK,SMANAEA-L,-103,103,11.5,11.5
727,COL,KFREELAND-L,-117,-113,11.5,11.5
728,CUB,JQUINTANA-L,-114,117,8.5,9
728,STL,MMIKOLAS-R,-106,-127,8.5,9
728,PHI,VVELASQUEZ-R,-125,-129,9,9.5
728,CIN,MHARVEY-R,105,119,9,9.5
728,NYM,JDEGROM-R,-140,-129,7.5,7.5
728,PIT,TWILLIAMS-R,120,119,7.5,7.5
728,WAS,GGONZALEZ-L,-145,-157,8,8.5
728,MIA,TRICHARDS-R,125,142,8,8.5
728,LAD,AWOOD-L,-130,-128,9,8.5
728,ATL,MFRIED-L,110,118,9,8.5
728,ARI,PCORBIN-L,-150,-165,7.5,7.5
728,SDG,,130,150,7.5,7.5
728,MIL,JCHACIN-R,105,-119,7.5,7.5
728,SFO,JCUETO-R,-125,109,7.5,7.5
728,KAN,BKELLER-R,335,335,8.5,8.5
728,NYY,LSEVERINO-R,-415,-415,8.5,8.5
728,CLE,MCLEVINGER-R,-180,-191,9,8.5
728,DET,BHARDY-L,160,171,9,8.5
728,TAM,RSTANEK-R,-113,-115,9,8.5
728,BAL,,-107,105,9,8.5
728,MIN,JODORIZZI-R,170,178,9.5,10
728,BOS,RPORCELLO-R,-200,-198,9.5,10
728,TOR,,-113,-151,10,9.5
728,CWS,LGIOLITO-R,-107,136,10,9.5
728,TEX,AJURADO-R,290,250,8.5,8.5
728,HOU,JVERLANDER-R,-340,-300,8.5,8.5
728,SEA,FHERNANDEZ-R,110,113,9,9
728,LAA,JBARRIA-R,-130,-123,9,9
728,OAK,BANDERSON-L,110,107,12,11
728,COL,ASENZATELA-R,-130,-117,12,11
728,KAN,HFILLMYER-R,265,275,9,9.5
728,NYY,CSABATHIA-L,-315,-325,9,9.5
729,PHI,ZEFLIN-R,111,106,9.5,9
729,CIN,LCASTILLO-R,-131,-116,9.5,9
729,WAS,JHELLICKSON-R,-151,-144,8.5,8.5
729,MIA,JURENA-R,131,129,8.5,8.5
729,NYM,ZWHEELER-R,118,149,8.5,7.5
729,PIT,JMUSGROVE-R,-138,-164,8.5,7.5
729,LAD,RSTRIPLING-R,-127,-160,9,8.5
729,ATL,SNEWCOMB-L,107,145,9,8.5
729,MIL,JGUERRA-R,-108,-107,8.5,7.5
729,SFO,ASUAREZ-L,-112,-103,8.5,7.5
729,ARI,CBUCHHOLZ-R,-130,-117,8,8
729,SDG,JLUCCHESI-L,110,107,8,8
729,CUB,KHENDRICKS-R,-112,-121,8.5,8.5
729,STL,JGANT-R,-108,111,8.5,8.5
729,KAN,BSMITH-R,300,270,9,9
729,NYY,JHAPP-L,-360,-320,9,9
729,TAM,YCHIRINOS-R,-113,-114,9,8.5
729,BAL,DBUNDY-R,-107,104,9,8.5
729,MIN,JBERRIOS-R,127,151,9,9.5
729,BOS,NEOVALDI-R,-147,-166,9,9.5
729,CLE,CKLUBER-R,-280,-235,8,8.5
729,DET,JZIMMERMANN-R,240,205,8,8.5
729,TEX,MMINOR-L,240,177,8.5,8.5
729,HOU,LMCCULLERSJR.-R,-280,-207,8.5,8.5
729,TOR,RBORUCKI-L,-102,112,9.5,9
729,CWS,CRODON-L,-118,-122,9.5,9
729,SEA,MGONZALES-L,100,104,8.5,9
729,LAA,FPENA-R,-120,-114,8.5,9
729,OAK,FMONTAS-R,110,129,12,11.5
729,COL,GMARQUEZ-R,-130,-144,12,11.5
730,MIA,WCHEN-L,143,152,8.5,9
730,ATL,JTEHERAN-R,-163,-172,8.5,9
730,COL,TANDERSON-L,109,116,8.5,7.5
730,STL,CMARTINEZ-R,-129,-131,8.5,7.5
730,MIL,FPERALTA-R,145,135,8,7.5
730,LAD,KMAEDA-R,-165,-150,8,7.5
730,SFO,DHOLLAND-L,-118,103,8,8
730,SDG,ELAUER-L,-102,-113,8,8
730,CLE,SBIEBER-R,-133,-144,9.5,10.5
730,MIN,ESANTANA-R,113,129,9.5,10.5
730,TOR,MESTRADA-R,125,121,8.5,8.5
730,OAK,EJACKSON-R,-145,-136,8.5,8.5
730,HOU,GCOLE-R,-115,-109,7,7
730,SEA,JPAXTON-L,-105,-101,7,7
730,PHI,ANOLA-R,135,136,9,9
730,BOS,DPRICE-L,-155,-151,9,9
730,TEX,MPEREZ-L,185,173,8.5,8.5
730,ARI,RRAY-L,-215,-203,8.5,8.5
731,SFO,DRODRIGUEZ-R,-118,105,8,8
731,SDG,CRICHARD-L,-102,-115,8,8
731,NYM,SMATZ-L,148,161,8.5,9
731,WAS,TROARK-R,-168,-181,8.5,9
731,CUB,JLESTER-L,-128,111,8,7.5
731,PIT,JTAILLON-R,108,-121,8,7.5
731,MIA,DSTRAILY-R,153,152,9,8.5
731,ATL,KALLARD-L,-173,-172,9,8.5
731,COL,JGRAY-R,-102,107,8,7
731,STL,JFLAHERTY-R,-118,-117,8,7
731,MIL,WMILEY-L,150,149,8,8.5
731,LAD,WBUEHLER-R,-170,-164,8,8.5
731,BAL,YRAMIREZ-R,280,255,9,8.5
731,NYY,MTANAKA-R,-330,-295,9,8.5
731,LAA,TSKAGGS-L,-127,-110,7.5,7.5
731,TAM,RSTANEK-R,107,100,7.5,7.5
731,KAN,DDUFFY-L,-114,108,9,9
731,CWS,JSHIELDS-R,-106,-118,9,9
731,CLE,TBAUER-R,-155,-156,8.5,8.5
731,MIN,KGIBSON-R,135,141,8.5,8.5
731,TOR,SGAVIGLIO-R,150,157,8.5,8.5
731,OAK,TCAHILL-R,-170,-177,8.5,8.5
731,HOU,CMORTON-R,-128,-166,8,8
731,SEA,MLEAKE-R,108,151,8,8
731,PHI,JARRIETA-R,133,130,10,10
731,BOS,DPOMERANZ-L,-153,-145,10,10
731,CIN,HBAILEY-R,100,-105,9,9
731,DET,MBOYD-L,-120,-105,9,9
731,TEX,BCOLON-R,163,154,9,9
731,ARI,ZGODLEY-R,-183,-174,9,9
801,NYM,NSYNDERGAARD-R,-111,109,8.5,9
801,WAS,TMILONE-L,-109,-119,8.5,9
801,CUB,CHAMELS-L,-121,-132,8,8.5
801,PIT,NKINGHAM-R,101,117,8,8.5
801,COL,KFREELAND-L,108,130,8,8.5
801,STL,LWEAVER-R,-128,-145,8,8.5
801,MIL,CANDERSON-R,137,160,8,8
801,LAD,RHILL-L,-157,-180,8,8
801,BAL,ACOBB-R,235,240,9,9
801,NYY,SGRAY-R,-275,-280,9,9
801,CLE,CCARRASCO-R,-180,-178,9,9
801,MIN,AMEJIA-L,160,158,9,9
801,TOR,MSTROMAN-R,120,116,8.5,8
801,OAK,SMANAEA-L,-140,-131,8.5,8
801,HOU,DKEUCHEL-L,-127,-109,8,7.5
801,SEA,WLEBLANC-L,107,-101,8,7.5
801,LAA,NTROPEANO-R,-112,119,8.5,7.5
801,TAM,TGLASNOW-R,-108,-134,8.5,7.5
801,KAN,JJUNIS-R,101,117,9.5,9
801,CWS,DCOVEY-R,-121,-132,9.5,9
801,CIN,SROMANO-R,-104,-121,9,9
801,DET,,-116,111,9,9
802,COL,ASENZATELA-R,130,123,8,8.5
802,STL,MMIKOLAS-R,-150,-138,8,8.5
802,MIA,PLOPEZ-R,140,167,8.5,9
802,PHI,NPIVETTA-R,-160,-187,8.5,9
802,CIN,TMAHLE-R,240,250,7.5,8.5
802,WAS,MSCHERZER-R,-280,-290,7.5,8.5
802,ATL,MFOLTYNEWICZ-R,-165,-160,8.5,8.5
802,NYM,JVARGAS-L,145,145,8.5,8.5
802,SDG,RERLIN-L,170,143,8.5,8.5
802,CUB,MMONTGOMERY-L,-190,-158,8.5,8.5
802,MIL,JCHACIN-R,170,181,7,7.5
802,LAD,CKERSHAW-L,-200,-211,7,7.5
802,SFO,MBUMGARNER-L,140,160,7.5,7.5
802,ARI,ZGREINKE-R,-160,-180,7.5,7.5
802,LAA,AHEANEY-L,-130,122,8,7.5
802,TAM,HWOOD-R,110,-137,8,7.5
802,KAN,BKELLER-R,110,133,9.5,9.5
802,CWS,RLOPEZ-R,-130,-148,9.5,9.5
802,NYY,CSABATHIA-L,101,-105,10,10.5
802,BOS,BJOHNSON-L,-121,-105,10,10.5
802,BAL,ACASHNER-R,120,127,10.5,11
802,TEX,YGALLARDO-R,-140,-142,10.5,11
802,TOR,TCLIPPARD-R,140,135,9,8.5
802,SEA,FHERNANDEZ-R,-160,-150,9,8.5
803,SDG,,170,193,8,9
803,CUB,JQUINTANA-L,-200,-223,8,9
803,STL,JGANT-R,122,142,8.5,8.5
803,PIT,CARCHER-R,-142,-157,8.5,8.5
803,MIA,TRICHARDS-R,155,159,8.5,8.5
803,PHI,VVELASQUEZ-R,-175,-179,8.5,8.5
803,ATL,ASANCHEZ-R,120,142,7,7
803,NYM,JDEGROM-R,-140,-157,7,7
803,COL,GMARQUEZ-R,110,118,8.5,9
803,MIL,JGUERRA-R,-130,-128,8.5,9
803,SFO,CSTRATTON-R,155,180,8.5,8
803,ARI,PCORBIN-L,-175,-210,8.5,8
803,NYY,LSEVERINO-R,-130,-127,8.5,9
803,BOS,RPORCELLO-R,110,117,8.5,9
803,CWS,LGIOLITO-R,170,171,8,8.5
803,TAM,RSTANEK-R,-190,-201,8,8.5
803,LAA,JBARRIA-R,170,220,9,9
803,CLE,MCLEVINGER-R,-190,-260,9,9
803,BAL,DHESS-R,155,148,11.5,11.5
803,TEX,AJURADO-R,-175,-163,11.5,11.5
803,KAN,HFILLMYER-R,160,175,9,9.5
803,MIN,JODORIZZI-R,-180,-205,9,9.5
803,DET,BHARDY-L,160,171,8.5,9
803,OAK,BANDERSON-L,-180,-191,8.5,9
803,TOR,RBORUCKI-L,145,150,8,8
803,SEA,MGONZALES-L,-165,-165,8,8
803,HOU,JVERLANDER-R,-105,-109,7,7.5
803,LAD,AWOOD-L,-105,-101,7,7.5
804,SDG,WLOCKETT-R,175,215,10,11
804,CUB,KHENDRICKS-R,-195,-255,10,11
804,STL,AGOMBER-L,-102,101,8.5,8.5
804,PIT,INOVA-R,-118,-111,8.5,8.5
804,MIA,JURENA-R,154,152,8.5,9
804,PHI,ZEFLIN-R,-174,-172,8.5,9
804,CIN,MHARVEY-R,160,153,10,9.5
804,WAS,JHELLICKSON-R,-180,-173,10,9.5
804,COL,TANDERSON-L,107,132,8.5,8.5
804,MIL,FPERALTA-R,-127,-147,8.5,8.5
804,ATL,KGAUSMAN-R,-122,-123,8,8
804,NYM,ZWHEELER-R,102,113,8,8
804,SFO,ASUAREZ-L,122,131,8.5,8.5
804,ARI,CBUCHHOLZ-R,-142,-146,8.5,8.5
804,NYY,CADAMS-R,135,145,10,9.5
804,BOS,NEOVALDI-R,-155,-160,10,9.5
804,CWS,CRODON-L,152,125,7.5,7
804,TAM,BSNELL-L,-172,-140,7.5,7
804,LAA,FPENA-R,220,250,8.5,8.5
804,CLE,CKLUBER-R,-260,-300,8.5,8.5
804,KAN,BSMITH-R,205,205,8.5,9
804,MIN,JBERRIOS-R,-235,-235,8.5,9
804,BAL,DBUNDY-R,135,130,10.5,9.5
804,TEX,MMINOR-L,-155,-145,10.5,9.5
804,DET,JZIMMERMANN-R,160,150,8.5,8
804,OAK,EJACKSON-R,-180,-170,8.5,8
804,TOR,MESTRADA-R,200,200,7.5,8
804,SEA,JPAXTON-L,-230,-230,7.5,8
804,HOU,LMCCULLERSJR.-R,-105,112,7.5,8
804,LAD,KMAEDA-R,-115,-122,7.5,8
804,CIN,ADESCLAFANI-R,175,165,10,9.5
804,WAS,GGONZALEZ-L,-195,-185,10,9.5
805,ATL,JTEHERAN-R,-145,-140,8.5,8.5
805,NYM,COSWALT-R,125,125,8.5,8.5
805,MIA,DSTRAILY-R,210,240,7.5,8.5
805,PHI,ANOLA-R,-250,-280,7.5,8.5
805,STL,JFLAHERTY-R,-111,-119,8.5,8.5
805,PIT,TWILLIAMS-R,-109,109,8.5,8.5
805,CIN,LCASTILLO-R,145,152,9,9
805,WAS,TROARK-R,-165,-172,9,9
805,COL,JGRAY-R,-115,-103,8.5,9
805,MIL,WMILEY-L,-105,-107,8.5,9
805,SDG,JLUCCHESI-L,175,150,12.5,10.5
805,CUB,JLESTER-L,-205,-170,12.5,10.5
805,SFO,DHOLLAND-L,155,151,8,8.5
805,ARI,RRAY-L,-175,-171,8,8.5
805,LAA,DMCGUIRE-R,150,230,9.5,9.5
805,CLE,SBIEBER-R,-170,-270,9.5,9.5
805,CWS,JSHIELDS-R,150,145,8,8
805,TAM,HWOOD-R,-170,-160,8,8
805,KAN,DDUFFY-L,130,118,8.5,9
805,MIN,ESANTANA-R,-150,-128,8.5,9
805,BAL,YRAMIREZ-R,110,152,11,10.5
805,TEX,DHUTCHISON-R,-130,-167,11,10.5
805,DET,FLIRIANO-L,200,225,8.5,8
805,OAK,TCAHILL-R,-230,-265,8.5,8
805,TOR,SGAVIGLIO-R,125,144,8.5,8.5
805,SEA,MLEAKE-R,-145,-159,8.5,8.5
805,NYY,MTANAKA-R,120,-105,9,9.5
805,BOS,DPRICE-L,-140,-105,9,9.5
805,HOU,GCOLE-R,-111,106,7,8
805,LAD,WBUEHLER-R,-109,-116,7,8
806,STL,LWEAVER-R,-150,-160,8.5,8.5
806,MIA,WCHEN-L,130,145,8.5,8.5
806,CIN,HBAILEY-R,150,150,7.5,8
806,NYM,NSYNDERGAARD-R,-170,-165,7.5,8
806,PIT,JMUSGROVE-R,130,113,11,10.5
806,COL,KFREELAND-L,-150,-123,11,10.5
806,PHI,JARRIETA-R,105,112,8.5,8.5
806,ARI,ZGODLEY-R,-125,-122,8.5,8.5
806,MIN,KGIBSON-R,170,180,8,8.5
806,CLE,TBAUER-R,-190,-210,8,8.5
806,SEA,WLEBLANC-L,-120,-126,10.5,11.5
806,TEX,MPEREZ-L,100,116,10.5,11.5
806,NYY,LLYNN-R,-190,-181,9.5,9.5
806,CWS,DCOVEY-R,170,161,9.5,9.5
806,DET,MBOYD-L,125,126,8,8.5
806,LAA,NTROPEANO-R,-145,-141,8,8.5
806,CUB,CHAMELS-L,-200,-195,9,9
806,KAN,JJUNIS-R,170,175,9,9
806,HOU,CMORTON-R,-145,-134,7.5,7
806,SFO,DRODRIGUEZ-R,125,119,7.5,7
807,ATL,SNEWCOMB-L,170,205,7.5,8
807,WAS,MSCHERZER-R,-200,-235,7.5,8
807,STL,MMIKOLAS-R,-165,-142,8,7.5
807,MIA,PLOPEZ-R,145,127,8,7.5
807,CIN,SROMANO-R,-115,122,8.5,8.5
807,NYM,JVARGAS-L,-105,-137,8.5,8.5
807,SDG,CRICHARD-L,165,170,8.5,8.5
807,MIL,CANDERSON-R,-185,-190,8.5,8.5
807,PIT,JTAILLON-R,-125,-111,10.5,11
807,COL,CBETTIS-R,105,101,10.5,11
807,PHI,NPIVETTA-R,155,148,8,7.5
807,ARI,ZGREINKE-R,-175,-163,8,7.5
807,BOS,DPOMERANZ-L,-135,-103,9.5,9
807,TOR,MSTROMAN-R,115,-107,9.5,9
807,BAL,ACOBB-R,145,153,8,7.5
807,TAM,TGLASNOW-R,-165,-173,8,7.5
807,MIN,AMEJIA-L,190,205,8.5,8.5
807,CLE,CCARRASCO-R,-220,-245,8.5,8.5
807,SEA,FHERNANDEZ-R,-115,-115,11,11
807,TEX,BCOLON-R,-105,105,11,11
807,NYY,CSABATHIA-L,-190,-195,9.5,9
807,CWS,RLOPEZ-R,170,175,9.5,9
807,DET,JTURNER-R,170,175,8.5,8.5
807,LAA,AHEANEY-L,-200,-205,8.5,8.5
807,HOU,DKEUCHEL-L,-115,105,7,7
807,SFO,MBUMGARNER-L,-105,-115,7,7
807,CUB,MMONTGOMERY-L,-175,-171,9.5,8.5
807,KAN,BKELLER-R,155,151,9.5,8.5
807,LAD,RHILL-L,-109,-116,8,8
807,OAK,SMANAEA-L,-111,106,8,8
807,ATL,MFRIED-L,-101,-117,9.5,10
807,WAS,JRODRIGUEZ-R,-119,107,9.5,10
808,CIN,RSTEPHENSON-R,170,175,7,7
808,NYM,JDEGROM-R,-200,-205,7,7
808,PIT,CARCHER-R,105,114,11,10
808,COL,GMARQUEZ-R,-125,-124,11,10
808,PHI,VVELASQUEZ-R,132,170,8,7.5
808,ARI,PCORBIN-L,-152,-190,8,7.5
808,ATL,MFOLTYNEWICZ-R,-105,125,9,9.5
808,WAS,TMILONE-L,-115,-140,9,9.5
808,STL,JGANT-R,-142,-113,8,8
808,MIA,TRICHARDS-R,122,103,8,8
808,SDG,BKENNEDY-R,165,174,9,8.5
808,MIL,JCHACIN-R,-185,-204,9,8.5
808,SEA,MGONZALES-L,-133,-158,11,11
808,TEX,YGALLARDO-R,113,143,11,11
808,DET,BHARDY-L,138,116,8.5,8.5
808,LAA,JBARRIA-R,-158,-131,8.5,8.5
808,BOS,BJOHNSON-L,-158,-150,9.5,9.5
808,TOR,MHAUSCHILD-R,138,135,9.5,9.5
808,MIN,JODORIZZI-R,175,180,9,9
808,CLE,MCLEVINGER-R,-205,-210,9,9
808,BAL,ACASHNER-R,160,155,7.5,8
808,TAM,RSTANEK-R,-180,-175,7.5,8
808,NYY,LSEVERINO-R,-285,-260,8.5,8.5
808,CWS,LGIOLITO-R,245,220,8.5,8.5
808,CUB,JQUINTANA-L,-225,-220,9,9.5
808,KAN,HFILLMYER-R,195,190,9,9.5
808,LAD,CKERSHAW-L,-153,-177,7.5,8
808,OAK,MFIERS-R,133,157,7.5,8
809,ATL,ASANCHEZ-R,115,112,9,9
809,WAS,GGONZALEZ-L,-135,-122,9,9
809,SDG,RERLIN-L,150,162,8.5,8.5
809,MIL,JGUERRA-R,-170,-182,8.5,8.5
809,LAD,RSTRIPLING-R,-120,-132,10.5,11
809,COL,TANDERSON-L,100,117,10.5,11
809,PIT,INOVA-R,105,130,8.5,8
809,SFO,ASUAREZ-L,-125,-145,8.5,8
809,MIN,JBERRIOS-R,180,180,7.5,7.5
809,CLE,CKLUBER-R,-210,-210,7.5,7.5
809,TEX,AJURADO-R,170,200,9.5,9.5
809,NYY,JHAPP-L,-200,-230,9.5,9.5
809,BOS,RPORCELLO-R,-160,-160,9.5,9
809,TOR,RBORUCKI-L,140,145,9.5,9
809,BAL,DHESS-R,173,176,8,8
809,TAM,HWOOD-R,-193,-206,8,8
809,SEA,JPAXTON-L,140,120,7,6.5
809,HOU,JVERLANDER-R,-160,-135,7,6.5
810,WAS,JHELLICKSON-R,130,122,8.5,8.5
810,CUB,KHENDRICKS-R,-150,-137,8.5,8.5
810,NYM,ZWHEELER-R,-115,-121,7.5,7.5
810,MIA,JURENA-R,-105,111,7.5,7.5
810,ARI,CBUCHHOLZ-R,-120,-122,9.5,9
810,CIN,ADESCLAFANI-R,100,112,9.5,9
810,MIL,FPERALTA-R,-105,-106,8.5,8.5
810,ATL,KGAUSMAN-R,-115,-104,8.5,8.5
810,LAD,KMAEDA-R,-105,-105,10.5,11
810,COL,JGRAY-R,-115,-105,10.5,11
810,PHI,ZEFLIN-R,-130,-153,8,8.5
810,SDG,JNIX-R,110,138,8,8.5
810,PIT,CHOLMES-R,105,108,8,8
810,SFO,DHOLLAND-L,-125,-118,8,8
810,TEX,MMINOR-L,170,190,9,9
810,NYY,MTANAKA-R,-200,-220,9,9
810,BOS,NEOVALDI-R,-180,-235,9,9
810,BAL,DBUNDY-R,160,205,9,9
810,TAM,BSNELL-L,-130,-119,8.5,8
810,TOR,MESTRADA-R,110,109,8.5,8
810,MIN,ESANTANA-R,-125,-103,8.5,9.5
810,DET,JZIMMERMANN-R,105,-107,8.5,9.5
810,CLE,SBIEBER-R,-140,-145,9,9
810,CWS,CRODON-L,120,130,9,9
810,SEA,MLEAKE-R,200,175,7.5,7.5
810,HOU,GCOLE-R,-230,-195,7.5,7.5
810,OAK,BANDERSON-L,-112,-133,8.5,9
810,LAA,FPENA-R,-108,118,8.5,9
810,STL,AGOMBER-L,-170,-145,9,9.5
810,KAN,BSMITH-R,150,130,9,9.5
811,WAS,TROARK-R,115,115,8.5,9
811,CUB,JLESTER-L,-135,-130,8.5,9
811,ARI,RRAY-L,-130,-161,9,8.5
811,CIN,MHARVEY-R,110,146,9,8.5
811,MIL,WMILEY-L,-105,-101,9,9
811,ATL,JTEHERAN-R,-105,-109,9,9
811,NYM,COSWALT-R,-114,-109,8,8
811,MIA,DSTRAILY-R,-106,-101,8,8
811,LAD,WBUEHLER-R,-115,-138,10.5,11.5
811,COL,KFREELAND-L,-105,123,10.5,11.5
811,PHI,ANOLA-R,-200,-180,7.5,8
811,SDG,WLOCKETT-R,170,160,7.5,8
811,PIT,TWILLIAMS-R,-112,116,8.5,8.5
811,SFO,TBLACH-L,-108,-131,8.5,8.5
811,TEX,DHUTCHISON-R,200,185,10,9.5
811,NYY,LLYNN-R,-230,-215,10,9.5
811,TAM,RSTANEK-R,-112,-107,9,9
811,TOR,SGAVIGLIO-R,-108,-103,9,9
811,MIN,KGIBSON-R,-140,-131,8.5,8.5
811,DET,FLIRIANO-L,120,116,8.5,8.5
811,BOS,HVELAZQUEZ-R,-200,-220,11,9.5
811,BAL,YRAMIREZ-R,170,190,11,9.5
811,CLE,TBAUER-R,-230,-220,9,9
811,CWS,JSHIELDS-R,200,190,9,9
811,SEA,WLEBLANC-L,170,171,8,8
811,HOU,CMORTON-R,-200,-201,8,8
811,OAK,EJACKSON-R,-102,105,8.5,8.5
811,LAA,TSKAGGS-L,-118,-115,8.5,8.5
811,STL,JFLAHERTY-R,-160,-170,8.5,9
811,KAN,DDUFFY-L,140,150,8.5,9
811,BOS,DPRICE-L,-245,-270,9.5,10
811,BAL,JYACABONIS-R,205,230,9.5,10
812,NYM,NSYNDERGAARD-R,-145,-175,7,7
812,MIA,WCHEN-L,125,155,7,7
812,ARI,ZGODLEY-R,-115,-108,9,8.5
812,CIN,LCASTILLO-R,-105,-102,9,8.5
812,MIL,CANDERSON-R,115,120,8.5,8.5
812,ATL,SNEWCOMB-L,-135,-135,8.5,8.5
812,LAD,RHILL-L,-165,-189,11,12
812,COL,CBETTIS-R,145,169,11,12
812,PHI,JARRIETA-R,-120,-119,7.5,7.5
812,SDG,JLUCCHESI-L,100,109,7.5,7.5
812,PIT,JMUSGROVE-R,100,-103,8,7.5
812,SFO,DRODRIGUEZ-R,-120,-107,8,7.5
812,WAS,MSCHERZER-R,-145,-133,8,7.5
812,CUB,CHAMELS-L,125,118,8,7.5
812,TEX,MPEREZ-L,185,180,10,9.5
812,NYY,CSABATHIA-L,-215,-210,10,9.5
812,BOS,CSALE-L,-350,-339,8.5,8.5
812,BAL,ACOBB-R,290,289,8.5,8.5
812,TAM,TGLASNOW-R,100,117,8.5,8
812,TOR,MSTROMAN-R,-120,-132,8.5,8
812,MIN,KSTEWART-R,100,-112,9,8.5
812,DET,MBOYD-L,-120,102,9,8.5
812,CLE,CCARRASCO-R,-265,-220,9,8.5
812,CWS,DCOVEY-R,225,190,9,8.5
812,SEA,ERAMIREZ-R,190,171,8.5,8.5
812,HOU,DKEUCHEL-L,-220,-191,8.5,8.5
812,OAK,TCAHILL-R,-111,-140,8.5,8.5
812,LAA,TCOLE-R,-109,125,8.5,8.5
812,STL,LWEAVER-R,-175,-143,9,9
812,KAN,JJUNIS-R,155,128,9,9
813,MIA,MGONZALEZ-R,200,260,9,9
813,ATL,MFOLTYNEWICZ-R,-230,-310,9,9
813,WAS,TMILONE-L,130,116,9,9
813,STL,MMIKOLAS-R,-150,-131,9,9
813,SFO,MBUMGARNER-L,170,170,7,7
813,LAD,CKERSHAW-L,-190,-200,7,7
813,CWS,RLOPEZ-R,-109,-105,9,9
813,DET,ALEWICKI-R,-111,-105,9,9
813,TOR,SREID-FOLEY-R,-120,-131,9,8.5
813,KAN,BKELLER-R,100,116,9,8.5
813,SEA,MGONZALES-L,125,121,8,8
813,OAK,SMANAEA-L,-145,-136,8,8
813,CLE,MCLEVINGER-R,-160,-179,9,9.5
813,CIN,HBAILEY-R,140,159,9,9.5
813,ARI,ZGREINKE-R,-170,-172,10,9.5
813,TEX,BCOLON-R,150,152,10,9.5
813,LAA,AHEANEY-L,-125,274,8,8
813,SDG,CRICHARD-L,105,-324,8,8
813,MIA,PLOPEZ-R,170,175,9,8.5
813,ATL,TTOUSSAINT-R,-190,-195,9,8.5
813,NYM,JDEGROM-R,160,180,7,7
813,NYY,LSEVERINO-R,-180,-210,7,7
814,MIL,JCHACIN-R,120,121,9,9.5
814,CUB,JQUINTANA-L,-140,-136,9,9.5
814,MIA,TRICHARDS-R,160,170,8.5,8.5
814,ATL,ASANCHEZ-R,-180,-200,8.5,8.5
814,WAS,GGONZALEZ-L,-112,-102,9,9
814,STL,JGANT-R,-108,-108,9,9
814,SFO,ASUAREZ-L,170,172,8,8
814,LAD,AWOOD-L,-190,-192,8,8
814,TAM,HWOOD-R,190,175,9,8.5
814,NYY,JHAPP-L,-220,-205,9,8.5
814,CWS,LGIOLITO-R,110,116,9,9
814,DET,BHARDY-L,-130,-131,9,9
814,TOR,RBORUCKI-L,-140,-147,9,9
814,KAN,HFILLMYER-R,120,132,9,9
814,SEA,JPAXTON-L,-107,-135,7.5,7.5
814,OAK,MFIERS-R,-113,120,7.5,7.5
814,BOS,RPORCELLO-R,-150,-118,9,8.5
814,PHI,NPIVETTA-R,130,108,9,8.5
814,NYM,JVARGAS-L,-105,-311,9.5,10
814,BAL,ACASHNER-R,-105,261,9.5,10
814,CLE,CKLUBER-R,-230,-205,8.5,8.5
814,CIN,SROMANO-R,200,175,8.5,8.5
814,ARI,PCORBIN-L,-160,-174,10,10
814,TEX,YGALLARDO-R,140,154,10,10
814,PIT,JTAILLON-R,-130,-129,9,9
814,MIN,JODORIZZI-R,110,119,9,9
814,COL,GMARQUEZ-R,170,172,7.5,7
814,HOU,JVERLANDER-R,-200,-202,7.5,7
814,LAA,JBARRIA-R,-125,116,8.5,8.5
814,SDG,BKENNEDY-R,105,-131,8.5,8.5
815,MIL,JGUERRA-R,120,125,10.5,9
815,CUB,KHENDRICKS-R,-140,-140,10.5,9
815,MIA,JURENA-R,205,200,8.5,8.5
815,ATL,KGAUSMAN-R,-235,-240,8.5,8.5
815,WAS,JHELLICKSON-R,-107,105,9,9
815,STL,AGOMBER-L,-113,-115,9,9
815,SFO,DHOLLAND-L,170,160,8,8
815,LAD,HRYU-L,-190,-180,8,8
815,CWS,CRODON-L,-115,105,8.5,9
815,DET,JZIMMERMANN-R,-105,-115,8.5,9
815,SEA,MLEAKE-R,117,101,9,8.5
815,OAK,BANDERSON-L,-137,-111,9,8.5
815,TAM,JFARIA-R,170,165,9,9
815,NYY,LCESSA-R,-200,-185,9,9
815,TOR,MESTRADA-R,-135,-124,9,9
815,KAN,JLOPEZ-R,115,114,9,9
815,PIT,CARCHER-R,105,105,8,7.5
815,MIN,JBERRIOS-R,-125,-115,8,7.5
815,NYM,ZWHEELER-R,-135,-126,8.5,8.5
815,BAL,DBUNDY-R,115,116,8.5,8.5
815,BOS,NEOVALDI-R,-143,-105,9,8.5
815,PHI,VVELASQUEZ-R,123,-105,9,8.5
815,CLE,SBIEBER-R,-177,-168,9.5,9
815,CIN,RSTEPHENSON-R,157,153,9.5,9
815,COL,TANDERSON-L,175,173,7.5,7.5
815,HOU,GCOLE-R,-195,-203,7.5,7.5
815,LAA,FPENA-R,-108,117,8.5,8
815,SDG,RERLIN-L,-112,-127,8.5,8
816,NYM,COSWALT-R,130,137,9,10
816,PHI,RSUAREZ-L,-150,-152,9,10
816,NYM,SMATZ-L,145,170,8.5,8.5
816,PHI,ZEFLIN-R,-165,-190,8.5,8.5
816,CUB,JLESTER-L,-112,-119,8.5,8.5
816,PIT,INOVA-R,-108,109,8.5,8.5
816,WAS,TROARK-R,115,102,8.5,9
816,STL,LWEAVER-R,-135,-112,8.5,9
816,COL,JGRAY-R,-112,261,8.5,8.5
816,ATL,JTEHERAN-R,-108,-311,8.5,8.5
816,ARI,CBUCHHOLZ-R,-130,-140,8,8
816,SDG,JNIX-R,110,125,8,8
816,TAM,BSNELL-L,160,151,8,8
816,NYY,MTANAKA-R,-180,-171,8,8
816,LAA,TCOLE-R,115,101,11,11
816,TEX,AJURADO-R,-135,-111,11,11
816,DET,FLIRIANO-L,140,151,9,9.5
816,MIN,ESANTANA-R,-160,-171,9,9.5
816,TOR,SGAVIGLIO-R,-130,-133,9,9
816,KAN,GSPARKMAN-R,110,118,9,9
817,NYM,NSYNDERGAARD-R,130,145,7,7.5
817,PHI,ANOLA-R,-150,-160,7,7.5
817,MIA,DSTRAILY-R,290,320,7.5,8.5
817,WAS,MSCHERZER-R,-350,-380,7.5,8.5
817,CUB,CHAMELS-L,-130,-127,8.5,8
817,PIT,TWILLIAMS-R,110,117,8.5,8
817,SFO,CKELLY-R,-115,100,8.5,9
817,CIN,ADESCLAFANI-R,-105,-110,8.5,9
817,COL,KFREELAND-L,110,117,8.5,8.5
817,ATL,SNEWCOMB-L,-130,-127,8.5,8.5
817,MIL,FPERALTA-R,110,111,8.5,8
817,STL,JFLAHERTY-R,-130,-121,8.5,8
817,ARI,RRAY-L,-130,-126,7.5,7.5
817,SDG,JLUCCHESI-L,110,116,7.5,7.5
817,TOR,MSTROMAN-R,155,160,8.5,9
817,NYY,LLYNN-R,-175,-180,8.5,9
817,BAL,DHESS-R,275,297,9,8.5
817,CLE,CCARRASCO-R,-325,-357,9,8.5
817,TAM,RSTANEK-R,155,165,9.5,9
817,BOS,BJOHNSON-L,-175,-185,9.5,9
817,LAA,ODESPAIGNE-R,113,101,11,11.5
817,TEX,DHUTCHISON-R,-133,-111,11,11.5
817,DET,MBOYD-L,150,154,8.5,8.5
817,MIN,KGIBSON-R,-170,-174,8.5,8.5
817,KAN,JJUNIS-R,115,126,9,8.5
817,CWS,JSHIELDS-R,-135,-141,9,8.5
817,HOU,CMORTON-R,-135,-148,8,8
817,OAK,EJACKSON-R,115,133,8,8
817,LAD,WBUEHLER-R,-130,-134,8,8
817,SEA,WLEBLANC-L,110,119,8,8
818,NYM,JDEGROM-R,-114,-105,7.5,7.5
818,PHI,JARRIETA-R,-106,-105,7.5,7.5
818,MIA,WCHEN-L,175,175,9,9.5
818,WAS,JRODRIGUEZ-R,-205,-195,9,9.5
818,CUB,TCHATWOOD-R,-114,135,8.5,8.5
818,PIT,JMUSGROVE-R,-106,-150,8.5,8.5
818,SFO,MBUMGARNER-L,-135,-167,8.5,8.5
818,CIN,MHARVEY-R,115,152,8.5,8.5
818,COL,ASENZATELA-R,125,147,8.5,8.5
818,ATL,MFOLTYNEWICZ-R,-145,-162,8.5,8.5
818,MIL,WMILEY-L,115,137,8.5,8
818,STL,MMIKOLAS-R,-135,-152,8.5,8
818,ARI,ZGODLEY-R,-140,-160,8,8
818,SDG,CRICHARD-L,120,145,8,8
818,TOR,SREID-FOLEY-R,230,280,8.5,9
818,NYY,LSEVERINO-R,-270,-330,8.5,9
818,BAL,ACOBB-R,190,165,9,9
818,CLE,APLUTKO-R,-220,-185,9,9
818,HOU,DKEUCHEL-L,-120,-107,8,7.5
818,OAK,TCAHILL-R,100,-103,8,7.5
818,TAM,TGLASNOW-R,190,185,9,8.5
818,BOS,DPRICE-L,-220,-215,9,8.5
818,KAN,BKELLER-R,100,119,9.5,9
818,CWS,DCOVEY-R,-120,-129,9.5,9
818,DET,RCARPENTER-L,150,152,9.5,9.5
818,MIN,KSTEWART-R,-170,-172,9.5,9.5
818,LAA,AHEANEY-L,-115,-136,10.5,10.5
818,TEX,MPEREZ-L,-105,121,10.5,10.5
818,LAD,RHILL-L,-135,-150,8,8.5
818,SEA,ERAMIREZ-R,115,135,8,8.5
819,SFO,ASUAREZ-L,-114,-106,8.5,8.5
819,CIN,LCASTILLO-R,-106,-104,8.5,8.5
819,CUB,JQUINTANA-L,100,109,8,8
819,PIT,JTAILLON-R,-120,-119,8,8
819,MIA,JURENA-R,205,204,9,9
819,WAS,GGONZALEZ-L,-235,-234,9,9
819,COL,GMARQUEZ-R,110,116,8.5,8
819,ATL,ASANCHEZ-R,-130,-131,8.5,8
819,MIL,JCHACIN-R,100,-101,8.5,8.5
819,STL,JGANT-R,-120,-109,8.5,8.5
819,ARI,ZGREINKE-R,-190,-200,8,8
819,SDG,BKENNEDY-R,170,170,8,8
819,NYM,JVARGAS-L,170,170,9,8.5
819,PHI,NPIVETTA-R,-190,-190,9,8.5
819,TAM,DCASTILLO-R,205,170,9,9
819,BOS,HVELAZQUEZ-R,-245,-190,9,9
819,TOR,RBORUCKI-L,200,204,9,8
819,NYY,JHAPP-L,-230,-234,9,8
819,BAL,YRAMIREZ-R,220,213,9,8.5
819,CLE,MCLEVINGER-R,-260,-253,9,8.5
819,DET,BFARMER-R,170,165,10,9.5
819,MIN,JODORIZZI-R,-200,-185,10,9.5
819,KAN,HFILLMYER-R,125,136,9,9
819,CWS,RLOPEZ-R,-145,-151,9,9
819,LAA,JBARRIA-R,-117,-105,11.5,11
819,TEX,YGALLARDO-R,-103,-105,11.5,11
819,HOU,JVERLANDER-R,-140,-169,7.5,7.5
819,OAK,SMANAEA-L,120,154,7.5,7.5
819,LAD,CKERSHAW-L,-190,-195,8,8
819,SEA,RELIAS-L,170,175,8,8
820,ATL,BWILSON-R,-101,116,8,8
820,PIT,CARCHER-R,-119,-126,8,8
820,SFO,DHOLLAND-L,110,-111,8,7.5
820,NYM,ZWHEELER-R,-130,101,8,7.5
820,CIN,HBAILEY-R,170,200,9,9.5
820,MIL,CANDERSON-R,-190,-230,9,9.5
820,STL,AGOMBER-L,130,175,8,8.5
820,LAD,AWOOD-L,-150,-205,8,8.5
820,BAL,ACASHNER-R,145,155,9,9
820,TOR,MESTRADA-R,-165,-175,9,9
820,KAN,JLOPEZ-R,170,179,8,8
820,TAM,HWOOD-R,-190,-209,8,8
820,CLE,CKLUBER-R,-112,261,8.5,8.5
820,BOS,RPORCELLO-R,-108,-311,8.5,8.5
820,CWS,LGIOLITO-R,141,148,9.5,9.5
820,MIN,SGONSALVES-L,-161,-163,9.5,9.5
820,TEX,BCOLON-R,162,170,8.5,9
820,OAK,MFIERS-R,-182,-190,8.5,9
820,HOU,GCOLE-R,-165,-170,8,8
820,SEA,FHERNANDEZ-R,145,150,8,8
821,ATL,KGAUSMAN-R,-105,-116,8,7.5
821,PIT,INOVA-R,-115,106,8,7.5
821,PHI,VVELASQUEZ-R,120,119,8.5,9.5
821,WAS,TROARK-R,-140,-129,8.5,9.5
821,SFO,CSTRATTON-R,-107,100,8,8
821,NYM,SMATZ-L,-113,-110,8,8
821,CIN,SROMANO-R,170,170,9,9
821,MIL,JGUERRA-R,-190,-200,9,9
821,SDG,RERLIN-L,160,155,10.5,10.5
821,COL,TANDERSON-L,-180,-175,10.5,10.5
821,STL,DPONCEDELEON-R,140,155,8,8.5
821,LAD,HRYU-L,-160,-175,8,8.5
821,BAL,DBUNDY-R,130,124,9,8.5
821,TOR,SGAVIGLIO-R,-150,-139,9,8.5
821,CLE,SBIEBER-R,130,142,9.5,9
821,BOS,NEOVALDI-R,-150,-157,9.5,9
821,KAN,GSPARKMAN-R,200,240,7,7
821,TAM,BSNELL-L,-240,-280,7,7
821,MIN,JBERRIOS-R,-145,-111,9,8.5
821,CWS,MKOPECH-R,125,101,9,8.5
821,TEX,AJURADO-R,175,190,9,9
821,OAK,BANDERSON-L,-205,-220,9,9
821,HOU,BPEACOCK-R,-143,-131,8.5,8.5
821,SEA,NVINCENT-R,123,116,8.5,8.5
821,CUB,KHENDRICKS-R,-180,-205,9,9
821,DET,JZIMMERMANN-R,160,175,9,9
821,NYY,MTANAKA-R,-230,-220,8,7.5
821,MIA,PLOPEZ-R,200,190,8,7.5
821,LAA,FPENA-R,155,185,8.5,8
821,ARI,PCORBIN-L,-175,-215,8.5,8
822,CIN,RSTEPHENSON-R,200,231,9,9
822,MIL,FPERALTA-R,-230,-271,9,9
822,ATL,JTEHERAN-R,-105,-109,8,8
822,PIT,TWILLIAMS-R,-115,-101,8,8
822,PHI,ZEFLIN-R,155,138,8.5,8.5
822,WAS,SSTRASBURG-R,-175,-153,8.5,8.5
822,SFO,CKELLY-R,145,141,7.5,7
822,NYM,NSYNDERGAARD-R,-165,-156,7.5,7
822,SDG,JNIX-R,200,235,10.5,10
822,COL,JGRAY-R,-240,-275,10.5,10
822,STL,JFLAHERTY-R,140,156,8,7.5
822,LAD,WBUEHLER-R,-160,-176,8,7.5
822,BAL,DHESS-R,150,150,9.5,9.5
822,TOR,TPANNONE-L,-170,-170,9.5,9.5
822,MIN,KGIBSON-R,-108,-101,8.5,8.5
822,CWS,CRODON-L,-112,-109,8.5,8.5
822,TEX,MMINOR-L,155,139,9,8.5
822,OAK,EJACKSON-R,-175,-154,9,8.5
822,HOU,CMORTON-R,-145,-152,8.5,8
822,SEA,MGONZALES-L,125,137,8.5,8
822,KAN,JJUNIS-R,161,160,7,7
822,TAM,RSTANEK-R,-181,-180,7,7
822,CLE,CCARRASCO-R,-122,-124,9,9.5
822,BOS,BJOHNSON-L,102,114,9,9.5
822,NYY,LLYNN-R,-200,-170,8,7.5
822,MIA,TRICHARDS-R,170,150,8,7.5
822,CUB,JLESTER-L,-190,-180,9,9.5
822,DET,FLIRIANO-L,170,160,9,9.5
822,LAA,ODESPAIGNE-R,165,188,8.5,8.5
822,ARI,CBUCHHOLZ-R,-185,-218,8.5,8.5
823,PHI,ANOLA-R,140,146,7,7
823,WAS,MSCHERZER-R,-160,-161,7,7
823,SFO,MBUMGARNER-L,130,132,6.5,6.5
823,NYM,JDEGROM-R,-150,-147,6.5,6.5
823,SDG,JLUCCHESI-L,160,177,10,10.5
823,COL,KFREELAND-L,-180,-207,10,10.5
823,ATL,SNEWCOMB-L,-180,-190,8,8.5
823,MIA,EHERNANDEZ-R,160,170,8,8.5
823,CIN,ADESCLAFANI-R,200,175,9,9
823,CUB,CHAMELS-L,-230,-205,9,9
823,CLE,APLUTKO-R,155,170,9.5,10
823,BOS,DPRICE-L,-175,-200,9.5,10
823,CWS,JSHIELDS-R,100,119,9,8.5
823,DET,MBOYD-L,-120,-129,9,8.5
823,KAN,DDUFFY-L,170,155,7.5,7
823,TAM,TGLASNOW-R,-190,-175,7.5,7
823,OAK,TCAHILL-R,-155,-172,9.5,9
823,MIN,KSTEWART-R,135,152,9.5,9
824,CIN,MHARVEY-R,153,172,13,11.5
824,CUB,AMILLS-R,-173,-202,13,11.5
824,WAS,GGONZALEZ-L,-150,-144,8.5,9
824,NYM,JVARGAS-L,130,129,8.5,9
824,ATL,MFOLTYNEWICZ-R,-190,-192,8,7.5
824,MIA,DSTRAILY-R,170,172,8,7.5
824,PIT,JMUSGROVE-R,115,116,8.5,8.5
824,MIL,WMILEY-L,-135,-126,8.5,8.5
824,STL,MMIKOLAS-R,-114,-116,10.5,11
824,COL,ASENZATELA-R,-106,106,10.5,11
824,SDG,CRICHARD-L,205,208,7.5,8.5
824,LAD,RHILL-L,-245,-248,7.5,8.5
824,NYY,CSABATHIA-L,-175,-184,8.5,9
824,BAL,ACOBB-R,155,164,8.5,9
824,BOS,HVELAZQUEZ-R,-148,-119,8,8.5
824,TAM,DCASTILLO-R,128,109,8,8.5
824,CWS,RLOPEZ-R,120,125,9,8
824,DET,MFULMER-R,-140,-140,9,8
824,OAK,SMANAEA-L,-145,-133,9.5,9
824,MIN,JODORIZZI-R,125,118,9.5,9
824,CLE,MCLEVINGER-R,-220,-211,8.5,9.5
824,KAN,BKELLER-R,190,181,8.5,9.5
824,HOU,DKEUCHEL-L,-140,-134,8.5,8
824,LAA,AHEANEY-L,120,119,8.5,8
824,PHI,JARRIETA-R,-125,-129,9,9
824,TOR,RBORUCKI-L,105,119,9,9
824,SEA,ERAMIREZ-R,140,150,8.5,8.5
824,ARI,ZGODLEY-R,-160,-165,8.5,8.5
824,TEX,DHUTCHISON-R,140,154,8,8.5
824,SFO,DRODRIGUEZ-R,-160,-174,8,8.5
825,CIN,LCASTILLO-R,170,154,9.5,10.5
825,CUB,JQUINTANA-L,-200,-174,9.5,10.5
825,WAS,TROARK-R,-115,-102,8,8
825,NYM,ZWHEELER-R,-105,-108,8,8
825,ATL,ASANCHEZ-R,-165,-175,8,7.5
825,MIA,WCHEN-L,145,155,8,7.5
825,PIT,JTAILLON-R,115,122,8,8.5
825,MIL,JCHACIN-R,-135,-137,8,8.5
825,STL,JGANT-R,110,148,11,11
825,COL,GMARQUEZ-R,-130,-163,11,11
825,SDG,BKENNEDY-R,315,315,7,7.5
825,LAD,CKERSHAW-L,-375,-375,7,7.5
825,NYY,JHAPP-L,-245,-250,9,9
825,BAL,JYACABONIS-R,205,210,9,9
825,CWS,LGIOLITO-R,-101,109,9.5,9
825,DET,RCARPENTER-L,-119,-119,9.5,9
825,BOS,RPORCELLO-R,-147,-159,8.5,8
825,TAM,RYARBROUGH-L,127,144,8.5,8
825,NYY,SGRAY-R,-195,-190,9,9
825,BAL,ACASHNER-R,175,170,9,9
825,OAK,MFIERS-R,-160,-158,9.5,9.5
825,MIN,SGONSALVES-L,140,143,9.5,9.5
825,CLE,CKLUBER-R,-320,-303,8.5,9.5
825,KAN,HFILLMYER-R,270,253,8.5,9.5
825,HOU,JVERLANDER-R,-180,-213,8,7.5
825,LAA,JBARRIA-R,160,183,8,7.5
825,TEX,MPEREZ-L,125,135,8.5,8.5
825,SFO,ASUAREZ-L,-145,-150,8.5,8.5
825,PHI,NPIVETTA-R,-115,-136,9,9
825,TOR,ASANCHEZ-R,-105,121,9,9
825,SEA,WLEBLANC-L,148,136,8.5,8.5
825,ARI,RRAY-L,-168,-151,8.5,8.5
826,WAS,JRODRIGUEZ-R,-113,-105,9,8.5
826,NYM,SMATZ-L,-107,-105,9,8.5
826,ATL,KGAUSMAN-R,-190,-185,7.5,7.5
826,MIA,PLOPEZ-R,170,165,7.5,7.5
826,PIT,CARCHER-R,120,119,8.5,8.5
826,MIL,CANDERSON-R,-140,-134,8.5,8.5
826,CIN,HBAILEY-R,205,245,10.5,10.5
826,CUB,KHENDRICKS-R,-245,-285,10.5,10.5
826,STL,AGOMBER-L,-101,133,11,11.5
826,COL,TANDERSON-L,-119,-148,11,11.5
826,SDG,RERLIN-L,200,200,8,8
826,LAD,HRYU-L,-240,-230,8,8
826,NYY,LSEVERINO-R,-280,-275,8.5,8.5
826,BAL,DBUNDY-R,240,235,8.5,8.5
826,BOS,NEOVALDI-R,-101,103,7.5,7
826,TAM,BSNELL-L,-119,-113,7.5,7
826,CWS,MKOPECH-R,-114,-115,8.5,8
826,DET,JZIMMERMANN-R,-106,105,8.5,8
826,OAK,CBASSITT-R,-105,114,9,9
826,MIN,JBERRIOS-R,-105,-124,9,9
826,CLE,SBIEBER-R,-230,-230,9,9.5
826,KAN,JLOPEZ-R,200,200,9,9.5
826,HOU,FVALDEZ-L,-140,-124,9,8.5
826,LAA,FPENA-R,120,114,9,8.5
826,PHI,VVELASQUEZ-R,-115,-118,9,9
826,TOR,MESTRADA-R,-105,108,9,9
826,TEX,YGALLARDO-R,120,136,8.5,8.5
826,SFO,DHOLLAND-L,-140,-151,8.5,8.5
826,SEA,MLEAKE-R,170,152,8,8
826,ARI,ZGREINKE-R,-200,-167,8,8
827,WAS,SSTRASBURG-R,-115,-110,8.5,9
827,PHI,ZEFLIN-R,-105,100,8.5,9
827,NYM,NSYNDERGAARD-R,120,119,10,10.5
827,CUB,JLESTER-L,-140,-129,10,10.5
827,ARI,PCORBIN-L,-175,-174,8,7
827,SFO,CSTRATTON-R,155,154,8,7
827,CWS,CRODON-L,180,215,8,9
827,NYY,MTANAKA-R,-210,-255,8,9
827,TOR,SGAVIGLIO-R,-135,-131,9.5,9.5
827,BAL,DHESS-R,115,116,9.5,9.5
827,OAK,BANDERSON-L,155,170,8,8
827,HOU,GCOLE-R,-175,-200,8,8
827,COL,JGRAY-R,-160,-145,8.5,8
827,LAA,ODESPAIGNE-R,140,130,8.5,8
828,WAS,MSCHERZER-R,-115,-110,7,7
828,PHI,ANOLA-R,-105,100,7,7
828,MIL,JGUERRA-R,-125,-123,9.5,9
828,CIN,ADESCLAFANI-R,105,113,9.5,9
828,NYM,JDEGROM-R,110,107,9,8.5
828,CUB,CHAMELS-L,-130,-117,9,8.5
828,PIT,INOVA-R,140,152,8,8
828,STL,JFLAHERTY-R,-160,-167,8,8
828,ARI,CBUCHHOLZ-R,-114,-105,7,7
828,SFO,MBUMGARNER-L,-106,-105,7,7
828,CWS,JSHIELDS-R,200,207,9,10
828,NYY,LLYNN-R,-230,-247,9,10
828,TOR,TPANNONE-L,-140,-118,9.5,9.5
828,BAL,JROGERS-L,120,108,9.5,9.5
828,MIN,KGIBSON-R,180,203,8.5,9
828,CLE,CCARRASCO-R,-210,-233,8.5,9
828,OAK,EJACKSON-R,155,196,8.5,8.5
828,HOU,CMORTON-R,-175,-226,8.5,8.5
828,DET,MBOYD-L,-101,108,9,8
828,KAN,JJUNIS-R,-119,-118,9,8
828,MIA,JURENA-R,205,220,9,10.5
828,BOS,BJOHNSON-L,-245,-260,9,10.5
828,TAM,RSTANEK-R,115,117,8,8.5
828,ATL,JTEHERAN-R,-135,-127,8,8.5
828,LAD,WBUEHLER-R,-200,-240,10,11.5
828,TEX,AJURADO-R,170,200,10,11.5
828,COL,KFREELAND-L,-135,-122,9,8.5
828,LAA,NRAMIREZ-R,115,112,9,8.5
828,SEA,FHERNANDEZ-R,-140,-112,8.5,8.5
828,SDG,JNIX-R,120,102,8.5,8.5
829,NYM,JVARGAS-L,162,163,9,8.5
829,CUB,AMILLS-R,-182,-183,9,8.5
829,WAS,,103,124,9,9.5
829,PHI,JARRIETA-R,-123,-139,9,9.5
829,MIL,FPERALTA-R,-148,-150,9,9
829,CIN,MHARVEY-R,128,135,9,9
829,PIT,TWILLIAMS-R,153,142,8,7.5
829,STL,MMIKOLAS-R,-173,-157,8,7.5
829,ARI,ZGODLEY-R,-113,-119,7.5,7.5
829,SFO,DRODRIGUEZ-R,-107,109,7.5,7.5
829,OAK,TCAHILL-R,158,135,8.5,8.5
829,HOU,DKEUCHEL-L,-178,-150,8.5,8.5
829,DET,MFULMER-R,-108,-101,8.5,7.5
829,KAN,DDUFFY-L,-112,-109,8.5,7.5
829,CWS,RLOPEZ-R,220,235,10,9.5
829,NYY,CSABATHIA-L,-260,-275,10,9.5
829,TOR,RBORUCKI-L,-117,-114,9,9
829,BAL,ACOBB-R,-103,104,9,9
829,MIN,KSTEWART-R,170,163,9.5,10
829,CLE,APLUTKO-R,-190,-183,9.5,10
829,SEA,ERAMIREZ-R,-118,188,8,101
829,SDG,JLUCCHESI-L,-102,-218,8,101
829,MIA,TRICHARDS-R,270,300,9,10
829,BOS,DPRICE-L,-320,-360,9,10
829,TAM,DCASTILLO-R,133,119,8.5,8
829,ATL,SNEWCOMB-L,-153,-129,8.5,8
829,LAD,AWOOD-L,-166,-165,10,10
829,TEX,MMINOR-L,146,150,10,10
830,MIL,WMILEY-L,-145,-145,9.5,9
830,CIN,CREED-L,125,130,9.5,9
830,PIT,JMUSGROVE-R,115,105,8,8
830,STL,JGANT-R,-135,-115,8,8
830,CUB,MMONTGOMERY-L,120,117,8,8.5
830,ATL,MFOLTYNEWICZ-R,-140,-132,8,8.5
830,ARI,RRAY-L,120,140,7.5,8
830,LAD,RHILL-L,-140,-155,7.5,8
830,COL,GMARQUEZ-R,-143,-143,8,7.5
830,SDG,ELAUER-L,123,128,8,7.5
830,MIN,JODORIZZI-R,175,180,9,8.5
830,CLE,MCLEVINGER-R,-205,-210,9,8.5
830,DET,FLIRIANO-L,250,290,9.5,9
830,NYY,JHAPP-L,-300,-340,9.5,9
830,LAA,AHEANEY-L,200,225,8,8
830,HOU,JVERLANDER-R,-230,-265,8,8
830,BOS,RPORCELLO-R,-200,-215,9.5,8.5
830,CWS,LGIOLITO-R,170,185,9.5,8.5
830,SEA,WLEBLANC-L,105,121,8.5,8.5
830,OAK,FMONTAS-R,-125,-136,8.5,8.5
831,MIL,JCHACIN-R,105,111,9,9
831,WAS,TROARK-R,-125,-121,9,9
831,CUB,JQUINTANA-L,-120,114,9,8.5
831,PHI,NPIVETTA-R,100,-124,9,8.5
831,PIT,JTAILLON-R,100,117,8,8.5
831,ATL,ASANCHEZ-R,-120,-127,8,8.5
831,CIN,HBAILEY-R,190,160,8.5,9
831,STL,AGOMBER-L,-220,-180,8.5,9
831,ARI,ZGREINKE-R,105,125,7.5,7
831,LAD,HRYU-L,-125,-140,7.5,7
831,COL,ASENZATELA-R,-150,-115,8.5,8.5
831,SDG,BKENNEDY-R,130,105,8.5,8.5
831,NYM,ZWHEELER-R,-115,-105,7,7
831,SFO,ASUAREZ-L,-105,-105,7,7
831,DET,JZIMMERMANN-R,275,302,8.5,8
831,NYY,LSEVERINO-R,-325,-362,8.5,8
831,TAM,TGLASNOW-R,200,165,8,8
831,CLE,CKLUBER-R,-230,-185,8,8
831,MIN,SGONSALVES-L,110,105,11,11.5
831,TEX,DHUTCHISON-R,-130,-115,11,11.5
831,BOS,NEOVALDI-R,-170,-165,9,9
831,CWS,MKOPECH-R,150,150,9,9
831,LAA,JBARRIA-R,180,170,8.5,9
831,HOU,FVALDEZ-L,-210,-190,8.5,9
831,BAL,ACASHNER-R,110,114,9,9
831,KAN,BKELLER-R,-130,-124,9,9
831,SEA,MLEAKE-R,130,119,8,8
831,OAK,MFIERS-R,-150,-134,8,8
831,TOR,ASANCHEZ-R,-115,-113,8.5,8
831,MIA,DSTRAILY-R,-105,103,8.5,8
901,NYM,SMATZ-L,130,118,8,7.5
901,SFO,DHOLLAND-L,-150,-128,8,7.5
901,CUB,KHENDRICKS-R,-135,-127,8.5,9
901,PHI,ZEFLIN-R,115,117,8.5,9
901,MIL,CANDERSON-R,120,119,8.5,8.5
901,WAS,SSTRASBURG-R,-140,-134,8.5,8.5
901,PIT,CARCHER-R,140,107,8,8
901,ATL,KGAUSMAN-R,-160,-117,8,8
901,CIN,LCASTILLO-R,150,114,8.5,8.5
901,STL,DPONCEDELEON-R,-170,-124,8.5,8.5
901,COL,JGRAY-R,-160,-136,7.5,7
901,SDG,RERLIN-L,140,121,7.5,7
901,ARI,PCORBIN-L,155,140,7,6.5
901,LAD,CKERSHAW-L,-175,-155,7,6.5
901,DET,DNORRIS-L,290,300,9,8.5
901,NYY,MTANAKA-R,-350,-360,9,8.5
901,LAA,FPENA-R,165,167,9,8.5
901,HOU,JJAMES-R,-185,-187,9,8.5
901,BOS,ERODRIGUEZ-L,-150,-214,8.5,9
901,CWS,CRODON-L,130,184,8.5,9
901,TAM,BSNELL-L,-113,119,8,8
901,CLE,SBIEBER-R,-107,-134,8,8
901,BAL,DBUNDY-R,100,-116,9.5,9
901,KAN,HFILLMYER-R,-120,106,9.5,9
901,MIN,JBERRIOS-R,-125,-119,10.5,10
901,TEX,YGALLARDO-R,105,109,10.5,10
901,SEA,JPAXTON-L,-135,-126,8,8
901,OAK,LHENDRIKS-R,115,116,8,8
901,TOR,MESTRADA-R,-112,-109,8,7.5
901,MIA,WCHEN-L,-108,-101,8,7.5
902,MIL,JGUERRA-R,-105,-109,10,9.5
902,WAS,JRODRIGUEZ-R,-105,-101,10,9.5
902,CUB,JLESTER-L,120,116,7.5,8.5
902,PHI,ANOLA-R,-140,-126,7.5,8.5
902,CIN,ADESCLAFANI-R,160,135,8.5,8.5
902,STL,LWEAVER-R,-180,-150,8.5,8.5
902,NYM,NSYNDERGAARD-R,-150,-148,7.5,7.5
902,SFO,CSTRATTON-R,130,133,7.5,7.5
902,ARI,CBUCHHOLZ-R,140,170,7.5,7.5
902,LAD,WBUEHLER-R,-160,-200,7.5,7.5
902,COL,KFREELAND-L,-150,-141,8,8.5
902,SDG,JNIX-R,130,126,8,8.5
902,PIT,NKINGHAM-R,140,162,8.5,9
902,ATL,JTEHERAN-R,-160,-182,8.5,9
902,DET,MBOYD-L,200,216,9,8.5
902,NYY,LLYNN-R,-240,-256,9,8.5
902,BOS,BJOHNSON-L,-190,-200,9.5,9.5
902,CWS,JSHIELDS-R,170,170,9.5,9.5
902,BAL,DHESS-R,-109,117,9.5,9
902,KAN,JLOPEZ-R,-111,-127,9.5,9
902,MIN,GMOYA-L,-108,-101,12,10.5
902,TEX,YMENDEZ-L,-112,-109,12,10.5
902,SEA,FHERNANDEZ-R,140,102,9,9
902,OAK,EJACKSON-R,-160,-112,9,9
902,TAM,DCASTILLO-R,185,175,8.5,8.5
902,CLE,CCARRASCO-R,-215,-205,8.5,8.5
902,LAA,SOHTANI-R,160,192,8,7.5
902,HOU,GCOLE-R,-180,-222,8,7.5
902,TOR,SREID-FOLEY-R,100,-103,8.5,7.5
902,MIA,JBRIGHAM-R,-120,-107,8.5,7.5
903,STL,JFLAHERTY-R,145,170,7,7.5
903,WAS,MSCHERZER-R,-165,-190,7,7.5
903,PHI,VVELASQUEZ-R,-145,-140,8,7.5
903,MIA,JURENA-R,125,125,8,7.5
903,CIN,MHARVEY-R,140,119,8,8.5
903,PIT,TWILLIAMS-R,-160,-129,8,8.5
903,CUB,CHAMELS-L,-140,-126,8.5,8.5
903,MIL,ZDAVIES-R,120,116,8.5,8.5
903,SFO,MBUMGARNER-L,-101,136,10,10
903,COL,TANDERSON-L,-119,-151,10,10
903,NYM,JDEGROM-R,110,125,6.5,7
903,LAD,AWOOD-L,-130,-140,6.5,7
903,SDG,BMITCHELL-R,205,184,9,8.5
903,ARI,ZGODLEY-R,-235,-214,9,8.5
903,DET,MFULMER-R,110,109,9,8.5
903,CWS,RLOPEZ-R,-130,-119,9,8.5
903,MIN,KGIBSON-R,200,200,8,7.5
903,HOU,DKEUCHEL-L,-240,-240,8,7.5
903,NYY,CSABATHIA-L,100,104,8.5,8
903,OAK,TCAHILL-R,-120,-114,8.5,8
903,KAN,JJUNIS-R,190,170,9,9
903,CLE,APLUTKO-R,-220,-200,9,9
903,TAM,RSTANEK-R,100,-103,8.5,8
903,TOR,MSTROMAN-R,-120,-107,8.5,8
903,LAA,MSHOEMAKER-R,-120,122,10.5,10.5
903,TEX,JSPRINGS-L,100,-137,10.5,10.5
903,BAL,JROGERS-L,155,200,9,9
903,SEA,ERAMIREZ-R,-175,-240,9,9
903,BOS,NEOVALDI-R,-120,-129,9,9
903,ATL,TTOUSSAINT-R,100,119,9,9
904,STL,JGANT-R,-120,109,9,10
904,WAS,EFEDDE-R,100,-119,9,10
904,CIN,CREED-L,120,125,8.5,8
904,PIT,JMUSGROVE-R,-140,-140,8.5,8
904,PHI,JARRIETA-R,-140,-134,7.5,7
904,MIA,TRICHARDS-R,120,119,7.5,7
904,CUB,MMONTGOMERY-L,100,-110,9,9
904,MIL,WMILEY-L,-120,100,9,9
904,SFO,DRODRIGUEZ-R,140,175,10,10
904,COL,GMARQUEZ-R,-160,-195,10,10
904,SDG,JLUCCHESI-L,160,164,8,8
904,ARI,RRAY-L,-180,-184,8,8
904,NYM,JVARGAS-L,170,205,7.5,8
904,LAD,RHILL-L,-200,-245,7.5,8
904,TAM,RSTANEK-R,-119,-121,8.5,8.5
904,TOR,RBORUCKI-L,-101,111,8.5,8.5
904,KAN,DDUFFY-L,185,200,8.5,8.5
904,CLE,MCLEVINGER-R,-215,-240,8.5,8.5
904,LAA,AHEANEY-L,-105,-111,10,9
904,TEX,MMINOR-L,-115,101,10,9
904,DET,FLIRIANO-L,125,146,9,8.5
904,CWS,LGIOLITO-R,-145,-161,9,8.5
904,MIN,TMAY-R,250,250,7.5,7.5
904,HOU,JVERLANDER-R,-300,-300,7.5,7.5
904,NYY,JHAPP-L,-125,-123,8.5,8
904,OAK,LHENDRIKS-R,105,113,8.5,8
904,BAL,ACOBB-R,165,172,8.5,7.5
904,SEA,WLEBLANC-L,-185,-202,8.5,7.5
904,BOS,RPORCELLO-R,-130,-126,9,8.5
904,ATL,SNEWCOMB-L,110,116,9,8.5
905,STL,MMIKOLAS-R,105,-103,9,9
905,WAS,TROARK-R,-125,-107,9,9
905,CIN,HBAILEY-R,175,170,8.5,9
905,PIT,JTAILLON-R,-205,-190,8.5,9
905,PHI,NPIVETTA-R,-155,-190,7.5,8.5
905,MIA,SALCANTARA-R,135,170,7.5,8.5
905,NYM,ZWHEELER-R,150,167,7.5,7.5
905,LAD,HRYU-L,-170,-187,7.5,7.5
905,CUB,JQUINTANA-L,-101,-103,9,8.5
905,MIL,JCHACIN-R,-119,-107,9,8.5
905,SFO,ASUAREZ-L,150,145,10.5,10.5
905,COL,ASENZATELA-R,-170,-160,10.5,10.5
905,KAN,BKELLER-R,300,276,8,8.5
905,CLE,CKLUBER-R,-360,-326,8,8.5
905,TAM,TGLASNOW-R,-140,-140,8.5,8.5
905,TOR,ASANCHEZ-R,120,125,8.5,8.5
905,LAA,JBARRIA-R,-131,116,10,10.5
905,TEX,BCOLON-R,111,-126,10,10.5
905,MIN,JODORIZZI-R,195,200,8.5,8.5
905,HOU,FVALDEZ-L,-225,-230,8.5,8.5
905,DET,JZIMMERMANN-R,135,136,8.5,8
905,CWS,MKOPECH-R,-155,-151,8.5,8
905,NYY,LSEVERINO-R,-140,-153,8,7
905,OAK,MFIERS-R,120,138,8,7
905,BAL,ACASHNER-R,200,208,8.5,8
905,SEA,MLEAKE-R,-230,-238,8.5,8
905,BOS,HVELAZQUEZ-R,-130,153,8.5,7.5
905,ATL,MFOLTYNEWICZ-R,110,-173,8.5,7.5
906,SDG,ELAUER-L,147,150,8.5,8.5
906,CIN,LCASTILLO-R,-167,-165,8.5,8.5
906,CUB,KHENDRICKS-R,107,-105,8.5,8.5
906,WAS,SSTRASBURG-R,-127,-105,8.5,8.5
906,ATL,ASANCHEZ-R,155,149,8,8
906,ARI,ZGREINKE-R,-175,-164,8,8
906,CLE,SBIEBER-R,-155,-160,9.5,9
906,TOR,SGAVIGLIO-R,135,145,9.5,9
907,SDG,BKENNEDY-R,140,138,9,9
907,CIN,ADESCLAFANI-R,-160,-153,9,9
907,MIA,DSTRAILY-R,150,180,7.5,8
907,PIT,CARCHER-R,-170,-210,7.5,8
907,PHI,ANOLA-R,-160,-155,7,7
907,NYM,SMATZ-L,140,140,7,7
907,SFO,DHOLLAND-L,140,158,8.5,8.5
907,MIL,CANDERSON-R,-160,-178,8.5,8.5
907,LAD,CKERSHAW-L,-150,-150,9.5,9.5
907,COL,JGRAY-R,130,135,9.5,9.5
907,ATL,KGAUSMAN-R,111,175,7.5,7.5
907,ARI,PCORBIN-L,-131,-195,7.5,7.5
907,CLE,CCARRASCO-R,-190,-240,9,8.5
907,TOR,MESTRADA-R,170,200,9,8.5
907,BAL,DBUNDY-R,235,235,7,6.5
907,TAM,BSNELL-L,-275,-275,7,6.5
907,HOU,GCOLE-R,-105,-115,8.5,8.5
907,BOS,DPRICE-L,-115,105,8.5,8.5
907,KAN,HFILLMYER-R,120,150,9.5,9.5
907,MIN,SGONSALVES-L,-140,-170,9.5,9.5
907,LAA,FPENA-R,107,-117,8.5,8.5
907,CWS,CRODON-L,-127,107,8.5,8.5
907,TEX,YGALLARDO-R,155,166,9,9
907,OAK,LHENDRIKS-R,-175,-186,9,9
907,NYY,MTANAKA-R,-112,101,7.5,7.5
907,SEA,JPAXTON-L,-108,-111,7.5,7.5
907,STL,AGOMBER-L,-170,-136,9,9
907,DET,DNORRIS-L,150,121,9,9
908,MIA,WCHEN-L,130,145,8,7
908,PIT,INOVA-R,-150,-160,8,7
908,SDG,RERLIN-L,115,109,9,8.5
908,CIN,MHARVEY-R,-135,-119,9,8.5
908,CUB,JGARCIA-L,125,170,7.5,7.5
908,WAS,MSCHERZER-R,-145,-200,7.5,7.5
908,SFO,CSTRATTON-R,150,174,8.5,8
908,MIL,GGONZALEZ-L,-170,-194,8.5,8
908,PHI,ZEFLIN-R,140,131,7,7
908,NYM,NSYNDERGAARD-R,-160,-146,7,7
908,ATL,JTEHERAN-R,105,119,8,8.5
908,ARI,CBUCHHOLZ-R,-125,-134,8,8.5
908,LAD,WBUEHLER-R,-135,-126,9.5,10
908,COL,KFREELAND-L,115,116,9.5,10
908,HOU,CMORTON-R,100,111,9,9
908,BOS,ERODRIGUEZ-L,-120,-121,9,9
908,TEX,YMENDEZ-L,160,160,8.5,9.5
908,OAK,EJACKSON-R,-180,-180,8.5,9.5
908,CLE,APLUTKO-R,-140,-134,9.5,9.5
908,TOR,SREID-FOLEY-R,120,119,9.5,9.5
908,BAL,DHESS-R,200,205,8,8
908,TAM,DCASTILLO-R,-240,-245,8,8
908,KAN,JLOPEZ-R,155,180,9,8.5
908,MIN,JBERRIOS-R,-175,-210,9,8.5
908,LAA,MSHOEMAKER-R,-118,-142,9,9
908,CWS,JSHIELDS-R,-102,127,9,9
908,NYY,LLYNN-R,-114,-113,8.5,8.5
908,SEA,FHERNANDEZ-R,-106,103,8.5,8.5
908,STL,JFLAHERTY-R,-165,-172,8.5,8
908,DET,MBOYD-L,145,152,8.5,8
908,CUB,CHAMELS-L,-160,-178,9,9
908,WAS,JRODRIGUEZ-R,140,158,9,9
909,PHI,VVELASQUEZ-R,160,-130,6.5,8.5
909,NYM,COSWALT-R,-180,115,6.5,8.5
909,SDG,JNIX-R,120,125,9,9
909,CIN,TMAHLE-R,-140,-140,9,9
909,SFO,MBUMGARNER-L,120,135,8,8
909,MIL,ZDAVIES-R,-140,-150,8,8
909,LAD,RHILL-L,-130,-111,10.5,11
909,COL,TANDERSON-L,110,101,10.5,11
909,ATL,TTOUSSAINT-R,120,124,8.5,8.5
909,ARI,RRAY-L,-140,-139,8.5,8.5
909,CLE,MCLEVINGER-R,-175,-185,9,9
909,TOR,TPANNONE-L,155,165,9,9
909,BAL,JROGERS-L,200,220,8,8
909,TAM,RSTANEK-R,-230,-260,8,8
909,KAN,IKENNEDY-R,130,119,9.5,9.5
909,MIN,CDEJONG-R,-150,-134,9.5,9.5
909,LAA,AHEANEY-L,-140,-159,9,8.5
909,CWS,RLOPEZ-R,120,144,9,8.5
909,TEX,JSPRINGS-L,200,194,9,9
909,OAK,TCAHILL-R,-230,-224,9,9
909,NYY,CSABATHIA-L,-135,-125,8.5,8
909,SEA,ERAMIREZ-R,115,115,8.5,8
909,HOU,DKEUCHEL-L,100,-105,9,9
909,BOS,RPORCELLO-R,-120,-105,9,9
909,STL,JGANT-R,-135,-132,8.5,8.5
909,DET,MFULMER-R,115,117,8.5,8.5
910,LAD,AWOOD-L,-170,-205,9,9
910,CIN,CREED-L,150,175,9,9
910,MIL,WMILEY-L,120,116,8.5,8.5
910,CUB,JLESTER-L,-140,-131,8.5,8.5
910,PIT,TWILLIAMS-R,110,121,8,8.5
910,STL,AWAINWRIGHT-R,-130,-136,8,8.5
910,ARI,ZGODLEY-R,120,135,10,10
910,COL,GMARQUEZ-R,-140,-150,10,10
910,ATL,SNEWCOMB-L,-130,-118,7.5,7.5
910,SFO,DRODRIGUEZ-R,110,108,7.5,7.5
910,HOU,JVERLANDER-R,-300,-360,8.5,8.5
910,DET,FLIRIANO-L,250,300,8.5,8.5
910,CLE,CKLUBER-R,-150,-150,7,7
910,TAM,DCASTILLO-R,130,135,7,7
910,NYY,JHAPP-L,-160,-189,9,8.5
910,MIN,KGIBSON-R,140,169,9,8.5
910,CWS,LGIOLITO-R,110,116,9,8.5
910,KAN,JJUNIS-R,-130,-131,9,8.5
910,TEX,MMINOR-L,120,116,8.5,8.5
910,LAA,JBARRIA-R,-140,-126,8.5,8.5
911,LAD,HRYU-L,-160,-175,9,8.5
911,CIN,LCASTILLO-R,140,155,9,8.5
911,WAS,TROARK-R,-112,118,9,8.5
911,PHI,JARRIETA-R,-108,-133,9,8.5
911,MIA,JURENA-R,125,230,8,6.5
911,NYM,JDEGROM-R,-145,-270,8,6.5
911,MIL,JCHACIN-R,120,114,8.5,9
911,CUB,JQUINTANA-L,-140,-124,8.5,9
911,PIT,JMUSGROVE-R,125,125,8,7.5
911,STL,MMIKOLAS-R,-145,-140,8,7.5
911,ARI,ZGREINKE-R,-125,-119,10,10.5
911,COL,ASENZATELA-R,105,109,10,10.5
911,ATL,MFOLTYNEWICZ-R,-140,-145,7.5,7
911,SFO,ASUAREZ-L,120,130,7.5,7
911,HOU,FVALDEZ-L,-230,-183,9,9
911,DET,JZIMMERMANN-R,200,163,9,9
911,OAK,MFIERS-R,-190,-189,9,9
911,BAL,ACOBB-R,170,169,9,9
911,CLE,SBIEBER-R,-106,-135,8,8.5
911,TAM,TGLASNOW-R,-114,120,8,8.5
911,TOR,RBORUCKI-L,250,280,8.5,9
911,BOS,CSALE-L,-300,-330,8.5,9
911,NYY,SGRAY-R,-190,-182,9.5,9.5
911,MIN,TDUFFEY-R,170,162,9.5,9.5
911,CWS,DCOVEY-R,115,107,9,8.5
911,KAN,BKELLER-R,-135,-117,9,8.5
911,TEX,ASAMPSON-R,110,154,9,9
911,LAA,JJOHNSON-R,-130,-174,9,9
911,SDG,BMITCHELL-R,150,180,8,8.5
911,SEA,MGONZALES-L,-170,-210,8,8.5
911,WAS,EFEDDE-R,115,127,9,9
911,PHI,NPIVETTA-R,-135,-142,9,9
912,LAD,RSTRIPLING-R,-180,-183,9,8.5
912,CIN,ADESCLAFANI-R,160,163,9,8.5
912,PIT,JTAILLON-R,-114,106,8.5,7.5
912,STL,DPONCEDELEON-R,-106,-116,8.5,7.5
912,ATL,ASANCHEZ-R,-115,-141,8,7.5
912,SFO,DHOLLAND-L,-105,126,8,7.5
912,WAS,SSTRASBURG-R,120,116,7.5,7.5
912,PHI,ANOLA-R,-140,-126,7.5,7.5
912,MIL,CANDERSON-R,125,146,8.5,8.5
912,CUB,KHENDRICKS-R,-145,-161,8.5,8.5
912,ARI,PCORBIN-L,100,-119,10,9.5
912,COL,JGRAY-R,-120,109,10,9.5
912,HOU,GCOLE-R,-260,-280,8.5,8
912,DET,DNORRIS-L,220,240,8.5,8
912,CLE,CCARRASCO-R,-105,-103,7,6
912,TAM,BSNELL-L,-115,-107,7,6
912,OAK,LHENDRIKS-R,-190,-210,9.5,9.5
912,BAL,ACASHNER-R,170,180,9.5,9.5
912,TOR,ASANCHEZ-R,210,255,9,9
912,BOS,DPRICE-L,-250,-295,9,9
912,NYY,LSEVERINO-R,-225,-215,8.5,9
912,MIN,JODORIZZI-R,195,185,8.5,9
912,CWS,CRODON-L,-125,-113,9,8.5
912,KAN,ESKOGLUND-L,105,103,9,8.5
912,TEX,YGALLARDO-R,155,162,9,9.5
912,LAA,FPENA-R,-175,-182,9,9.5
912,SDG,JLUCCHESI-L,150,123,7.5,7.5
912,SEA,WLEBLANC-L,-170,-138,7.5,7.5
912,MIA,TRICHARDS-R,195,170,7.5,7
912,NYM,ZWHEELER-R,-225,-190,7.5,7
913,ARI,MKOCH-R,110,109,10,10
913,COL,KFREELAND-L,-130,-119,10,10
913,MIA,SALCANTARA-R,140,157,7.5,7.5
913,NYM,SMATZ-L,-160,-177,7.5,7.5
913,LAD,CKERSHAW-L,-170,-190,7.5,7.5
913,STL,AGOMBER-L,150,170,7.5,7.5
913,OAK,BANDERSON-L,-180,-178,9.5,9
913,BAL,DBUNDY-R,160,158,9.5,9
913,TOR,SGAVIGLIO-R,240,190,9.5,9
913,BOS,ERODRIGUEZ-L,-280,-220,9.5,9
913,MIN,GMOYA-L,-105,-126,9.5,9.5
913,KAN,HFILLMYER-R,-105,116,9.5,9.5
913,SEA,MLEAKE-R,110,103,8.5,9
913,LAA,ODESPAIGNE-R,-130,-113,8.5,9
913,CUB,MMONTGOMERY-L,-115,-111,9.5,9
913,WAS,JROSS-R,-105,101,9.5,9
913,MIA,JBRIGHAM-R,145,155,8,8
913,NYM,JVARGAS-L,-165,-175,8,8
914,CIN,MHARVEY-R,200,175,8.5,8.5
914,CUB,CHAMELS-L,-240,-205,8.5,8.5
914,MIA,WCHEN-L,155,165,8,8.5
914,PHI,ZEFLIN-R,-175,-185,8,8.5
914,WAS,MSCHERZER-R,-145,-152,7.5,8
914,ATL,KGAUSMAN-R,125,137,7.5,8
914,PIT,CARCHER-R,125,127,8.5,8.5
914,MIL,GGONZALEZ-L,-145,-142,8.5,8.5
914,LAD,WBUEHLER-R,-130,-123,8,7.5
914,STL,JFLAHERTY-R,110,113,8,7.5
914,COL,TANDERSON-L,-140,-111,7.5,7.5
914,SFO,CSTRATTON-R,120,101,7.5,7.5
914,CWS,JSHIELDS-R,-113,-112,9,9
914,BAL,LORTIZ-R,-107,102,9,9
914,TOR,MESTRADA-R,240,258,8.5,9
914,NYY,MTANAKA-R,-280,-308,8.5,9
914,OAK,EJACKSON-R,-127,116,8.5,8.5
914,TAM,DCASTILLO-R,107,-131,8.5,8.5
914,DET,MBOYD-L,170,174,9,9
914,CLE,JTOMLIN-R,-190,-194,9,9
914,MIN,JBERRIOS-R,-140,-138,8.5,8.5
914,KAN,JLOPEZ-R,120,123,8.5,8.5
914,SEA,RELIAS-L,118,134,9,9
914,LAA,MSHOEMAKER-R,-138,-149,9,9
914,NYM,NSYNDERGAARD-R,125,102,9,9
914,BOS,WCUEVAS-R,-145,-112,9,9
914,ARI,RRAY-L,160,158,8,8
914,HOU,DKEUCHEL-L,-180,-178,8,8
914,TEX,CSADZECK-R,110,127,8.5,8
914,SDG,RERLIN-L,-130,-142,8.5,8
915,LAD,RHILL-L,-125,-155,8.5,8.5
915,STL,JGANT-R,105,140,8.5,8.5
915,CIN,CREED-L,180,185,8.5,8.5
915,CUB,JLESTER-L,-210,-215,8.5,8.5
915,MIA,JGARCIA-L,170,185,8.5,8.5
915,PHI,VVELASQUEZ-R,-200,-215,8.5,8.5
915,WAS,JHELLICKSON-R,140,115,9,9.5
915,ATL,JTEHERAN-R,-160,-125,9,9.5
915,PIT,INOVA-R,140,154,8.5,8.5
915,MIL,ZDAVIES-R,-160,-174,8.5,8.5
915,COL,GMARQUEZ-R,-135,-157,7,6.5
915,SFO,MBUMGARNER-L,115,142,7,6.5
915,DET,MFULMER-R,185,240,8,8
915,CLE,MCLEVINGER-R,-215,-280,8,8
915,TOR,SREID-FOLEY-R,205,190,9,9
915,NYY,CSABATHIA-L,-235,-220,9,9
915,OAK,LHENDRIKS-R,-108,103,8.5,8.5
915,TAM,RSTANEK-R,-112,-113,8.5,8.5
915,CWS,RLOPEZ-R,-120,-109,9,9
915,BAL,YRAMIREZ-R,100,-101,9,9
915,MIN,CDEJONG-R,100,102,9,9
915,KAN,IKENNEDY-R,-120,-112,9,9
915,SEA,ERAMIREZ-R,125,135,8.5,8.5
915,LAA,AHEANEY-L,-145,-150,8.5,8.5
915,NYM,COSWALT-R,210,220,9.5,10
915,BOS,RPORCELLO-R,-250,-260,9.5,10
915,ARI,ZGODLEY-R,175,158,8,8
915,HOU,CMORTON-R,-205,-178,8,8
915,TEX,ACLAUDIO-L,125,123,8.5,8
915,SDG,ELAUER-L,-145,-138,8.5,8
916,MIA,JURENA-R,165,185,8.5,8.5
916,PHI,NPIVETTA-R,-185,-215,8.5,8.5
916,WAS,TROARK-R,125,116,9,9
916,ATL,SNEWCOMB-L,-145,-131,9,9
916,PIT,TWILLIAMS-R,150,153,8.5,8
916,MIL,JCHACIN-R,-170,-168,8.5,8
916,LAD,RSTRIPLING-R,-145,-151,8.5,8.5
916,STL,AWAINWRIGHT-R,125,136,8.5,8.5
916,CIN,LCASTILLO-R,160,138,8,8
916,CUB,JQUINTANA-L,-180,-153,8,8
916,COL,ASENZATELA-R,-115,-125,7.5,7.5
916,SFO,DRODRIGUEZ-R,-105,115,7.5,7.5
916,CWS,LGIOLITO-R,-120,-119,9.5,9
916,BAL,DHESS-R,100,109,9.5,9
916,TOR,TPANNONE-L,185,190,9.5,10
916,NYY,LLYNN-R,-215,-220,9.5,10
916,OAK,MFIERS-R,-114,-310,8,7.5
916,TAM,DCASTILLO-R,-106,260,8,7.5
916,DET,FLIRIANO-L,220,170,9,8
916,CLE,SBIEBER-R,-260,-190,9,8
916,MIN,KGIBSON-R,-105,-105,9,8.5
916,KAN,JJUNIS-R,-115,-105,9,8.5
916,SEA,MGONZALES-L,100,-117,8.5,8.5
916,LAA,JBARRIA-R,-120,107,8.5,8.5
916,ARI,ZGREINKE-R,170,175,7.5,7
916,HOU,JVERLANDER-R,-190,-195,7.5,7
916,TEX,MMINOR-L,-125,-122,8.5,8.5
916,SDG,JNIX-R,105,112,8.5,8.5
916,NYM,JDEGROM-R,175,158,7.5,7
916,BOS,CSALE-L,-195,-178,7.5,7
917,NYM,ZWHEELER-R,-105,140,7.5,7.5
917,PHI,JARRIETA-R,-115,-155,7.5,7.5
917,WAS,EFEDDE-R,-160,-160,8.5,8.5
917,MIA,TRICHARDS-R,140,145,8.5,8.5
917,STL,MMIKOLAS-R,120,127,8.5,8
917,ATL,MFOLTYNEWICZ-R,-140,-142,8.5,8
917,CIN,ADESCLAFANI-R,170,172,9,9
917,MIL,WMILEY-L,-190,-192,9,9
917,CUB,KHENDRICKS-R,115,128,7.5,7.5
917,ARI,PCORBIN-L,-135,-143,7.5,7.5
917,SFO,ASUAREZ-L,110,101,7.5,7.5
917,SDG,BMITCHELL-R,-130,-111,7.5,7.5
917,COL,JGRAY-R,125,142,7.5,7.5
917,LAD,HRYU-L,-145,-157,7.5,7.5
917,TOR,RBORUCKI-L,-145,-126,9.5,9.5
917,BAL,EPHILLIPS-R,125,116,9.5,9.5
917,MIN,GMOYA-L,-104,-118,9,9
917,DET,JZIMMERMANN-R,-116,108,9,9
917,TAM,TGLASNOW-R,-140,-142,10.5,10.5
917,TEX,ASAMPSON-R,120,127,10.5,10.5
917,SEA,WLEBLANC-L,160,140,8.5,9
917,HOU,FVALDEZ-L,-180,-155,8.5,9
917,KAN,BKELLER-R,140,150,8,7
917,PIT,JMUSGROVE-R,-160,-170,8,7
918,NYM,SMATZ-L,160,170,7,7.5
918,PHI,ANOLA-R,-180,-190,7,7.5
918,WAS,SSTRASBURG-R,-175,-235,7.5,7.5
918,MIA,SALCANTARA-R,155,205,7.5,7.5
918,STL,AGOMBER-L,125,116,8.5,9
918,ATL,ASANCHEZ-R,-145,-126,8.5,9
918,CIN,MLORENZEN-R,170,175,9,9
918,MIL,CANDERSON-R,-190,-205,9,9
918,CUB,MMONTGOMERY-L,-120,103,8.5,8.5
918,ARI,MANDRIESE-R,100,-113,8.5,8.5
918,SFO,DHOLLAND-L,110,165,7,7
918,SDG,JLUCCHESI-L,-130,-185,7,7
918,COL,KFREELAND-L,170,195,7,7
918,LAD,CKERSHAW-L,-200,-225,7,7
918,BOS,NEOVALDI-R,120,152,9,9
918,NYY,JHAPP-L,-140,-167,9,9
918,TOR,ASANCHEZ-R,-115,-116,9,9
918,BAL,DBUNDY-R,-105,106,9,9
918,MIN,JODORIZZI-R,-105,-108,9,8.5
918,DET,DNORRIS-L,-105,-102,9,8.5
918,CWS,CRODON-L,205,250,8,8
918,CLE,CKLUBER-R,-235,-290,8,8
918,TAM,BSNELL-L,-200,-197,9.5,9
918,TEX,YGALLARDO-R,170,177,9.5,9
918,SEA,MLEAKE-R,205,152,7.5,8.5
918,HOU,JJAMES-R,-235,-167,7.5,8.5
918,LAA,TSKAGGS-L,125,128,8.5,8
918,OAK,LHENDRIKS-R,-145,-143,8.5,8
918,KAN,ESKOGLUND-L,170,196,8,7.5
918,PIT,JTAILLON-R,-200,-226,8,7.5
919,STL,JFLAHERTY-R,-114,-116,8.5,8.5
919,ATL,TTOUSSAINT-R,-106,106,8.5,8.5
919,NYM,NSYNDERGAARD-R,-130,-119,7.5,8
919,PHI,ZEFLIN-R,110,109,7.5,8
919,CIN,MHARVEY-R,160,150,9,8.5
919,MIL,GGONZALEZ-L,-180,-165,9,8.5
919,SFO,CSTRATTON-R,110,150,7.5,7
919,SDG,RERLIN-L,-130,-165,7.5,7
919,CUB,CHAMELS-L,-114,-155,8,7.5
919,ARI,RRAY-L,-106,140,8,7.5
919,COL,TANDERSON-L,180,185,7.5,7
919,LAD,WBUEHLER-R,-210,-215,7.5,7
919,MIN,GMOYA-L,-118,-113,9,9
919,DET,STURNBULL-R,-102,103,9,9
919,TAM,DCASTILLO-R,-148,-150,10.5,9.5
919,TEX,YMENDEZ-L,128,135,10.5,9.5
919,TOR,MESTRADA-R,-128,-121,9.5,9.5
919,BAL,JYACABONIS-R,108,111,9.5,9.5
919,BOS,DPRICE-L,128,145,8.5,8.5
919,NYY,LSEVERINO-R,-148,-160,8.5,8.5
919,CWS,DCOVEY-R,250,310,8.5,9
919,CLE,CCARRASCO-R,-300,-370,8.5,9
919,SEA,MFESTA-R,205,179,8.5,8.5
919,HOU,DKEUCHEL-L,-235,-199,8.5,8.5
919,LAA,FPENA-R,125,130,8.5,8
919,OAK,BANDERSON-L,-145,-145,8.5,8
919,KAN,HFILLMYER-R,170,196,8,8
919,PIT,CARCHER-R,-200,-226,8,8
920,NYM,JVARGAS-L,230,255,8,8
920,WAS,MSCHERZER-R,-270,-295,8,8
920,CIN,CREED-L,-140,-129,8.5,8
920,MIA,JBRIGHAM-R,120,119,8.5,8
920,PHI,VVELASQUEZ-R,130,128,8.5,9
920,ATL,KGAUSMAN-R,-150,-143,8.5,9
920,LAA,MSHOEMAKER-R,125,119,9,8.5
920,OAK,EJACKSON-R,-145,-129,9,8.5
920,BOS,ERODRIGUEZ-L,143,138,8.5,8.5
920,NYY,MTANAKA-R,-163,-153,8.5,8.5
920,TAM,RSTANEK-R,-143,-153,9,8.5
920,TOR,SGAVIGLIO-R,123,138,9,8.5
920,CWS,JSHIELDS-R,175,185,9.5,10.5
920,CLE,JTOMLIN-R,-195,-215,9.5,10.5
920,KAN,JLOPEZ-R,120,127,8.5,8
920,DET,MBOYD-L,-140,-142,8.5,8
921,NYM,JDEGROM-R,-145,-170,8,8
921,WAS,JROSS-R,125,150,8,8
921,MIL,JCHACIN-R,-125,-138,8,8
921,PIT,INOVA-R,105,123,8,8
921,CIN,LCASTILLO-R,-135,-138,7.5,7.5
921,MIA,WCHEN-L,115,123,7.5,7.5
921,PHI,NPIVETTA-R,125,112,8.5,9
921,ATL,JTEHERAN-R,-145,-122,8.5,9
921,SFO,MBUMGARNER-L,130,156,7.5,7.5
921,STL,JGANT-R,-150,-176,7.5,7.5
921,COL,GMARQUEZ-R,115,108,7.5,7
921,ARI,ZGREINKE-R,-135,-118,7.5,7
921,SDG,ELAUER-L,225,230,7.5,8
921,LAD,RSTRIPLING-R,-265,-270,7.5,8
921,BAL,YRAMIREZ-R,240,283,9,9
921,NYY,CSABATHIA-L,-280,-333,9,9
921,TAM,DCASTILLO-R,-133,-152,8.5,8.5
921,TOR,SREID-FOLEY-R,113,137,8.5,8.5
921,BOS,CSALE-L,-130,140,8,7
921,CLE,TBAUER-R,110,-155,8,7
921,KAN,IKENNEDY-R,-101,-105,9,8.5
921,DET,FLIRIANO-L,-119,-105,9,8.5
921,SEA,ERAMIREZ-R,-130,-118,10.5,10.5
921,TEX,CSADZECK-R,110,108,10.5,10.5
921,LAA,AHEANEY-L,185,175,8,7.5
921,HOU,GCOLE-R,-215,-195,8,7.5
921,MIN,JBERRIOS-R,117,158,8.5,7.5
921,OAK,LHENDRIKS-R,-137,-178,8.5,7.5
921,CUB,JQUINTANA-L,-165,-190,8.5,9
921,CWS,RLOPEZ-R,145,170,8.5,9
922,NYM,COSWALT-R,150,131,9,9.5
922,WAS,AVOTH-R,-170,-146,9,9.5
922,MIL,ZDAVIES-R,-119,-119,8,7.5
922,PIT,TWILLIAMS-R,-101,109,8,7.5
922,CIN,ADESCLAFANI-R,-114,-115,8,7.5
922,MIA,JURENA-R,-106,105,8,7.5
922,PHI,JARRIETA-R,126,140,8.5,8.5
922,ATL,MFOLTYNEWICZ-R,-146,-155,8.5,8.5
922,SFO,DRODRIGUEZ-R,150,159,8,7.5
922,STL,AWAINWRIGHT-R,-170,-179,8,7.5
922,COL,ASENZATELA-R,150,158,7.5,8
922,ARI,PCORBIN-L,-170,-178,7.5,8
922,SDG,JNIX-R,240,275,8,8.5
922,LAD,RHILL-L,-280,-325,8,8.5
922,BAL,DHESS-R,255,277,9.5,10
922,NYY,LLYNN-R,-305,-327,9.5,10
922,TAM,TGLASNOW-R,-140,-151,9,8.5
922,TOR,TPANNONE-L,120,136,9,8.5
922,KAN,JJUNIS-R,-114,-218,8.5,100
922,DET,JZIMMERMANN-R,-106,188,8.5,100
922,LAA,JBARRIA-R,240,243,7.5,7.5
922,HOU,JVERLANDER-R,-280,-283,7.5,7.5
922,BOS,RPORCELLO-R,105,134,9,8.5
922,CLE,MCLEVINGER-R,-125,-149,9,8.5
922,SEA,MGONZALES-L,-105,-101,10,9.5
922,TEX,MMINOR-L,-115,-109,10,9.5
922,MIN,CDEJONG-R,200,212,8.5,8.5
922,OAK,MFIERS-R,-240,-252,8.5,8.5
922,CUB,JLESTER-L,-210,-205,9,9
922,CWS,LGIOLITO-R,180,175,9,9
923,CIN,MLORENZEN-R,-125,-121,8,7.5
923,MIA,TRICHARDS-R,105,111,8,7.5
923,MIL,WMILEY-L,-125,-156,8,8
923,PIT,NKINGHAM-R,105,141,8,8
923,PHI,ANOLA-R,-180,-155,7.5,7.5
923,ATL,ASANCHEZ-R,160,140,7.5,7.5
923,NYM,SMATZ-L,110,116,9,8.5
923,WAS,EFEDDE-R,-130,-126,9,8.5
923,SFO,ASUAREZ-L,170,170,7.5,7.5
923,STL,MMIKOLAS-R,-190,-200,7.5,7.5
923,SDG,JLUCCHESI-L,210,200,7.5,7.5
923,LAD,HRYU-L,-250,-230,7.5,7.5
923,COL,KFREELAND-L,-105,-103,8,8
923,ARI,ZGODLEY-R,-105,-107,8,8
923,BAL,ACOBB-R,250,255,8.5,8.5
923,NYY,JHAPP-L,-300,-305,8.5,8.5
923,TAM,BSNELL-L,-190,-185,8,7.5
923,TOR,RBORUCKI-L,170,165,8,7.5
923,BOS,HVELAZQUEZ-R,-115,-117,9.5,9
923,CLE,APLUTKO-R,-105,107,9.5,9
923,KAN,BKELLER-R,-105,110,8.5,8
923,DET,DNORRIS-L,-105,-120,8.5,8
923,LAA,TSKAGGS-L,190,180,8,8
923,HOU,CMORTON-R,-220,-210,8,8
923,SEA,WLEBLANC-L,-140,-129,10.5,10
923,TEX,MPEREZ-L,120,119,10.5,10
923,MIN,KGIBSON-R,170,165,8.5,8.5
923,OAK,TCAHILL-R,-190,-185,8.5,8.5
923,CUB,KHENDRICKS-R,-175,-190,8.5,8
923,CWS,CRODON-L,155,170,8.5,8
924,MIA,SALCANTARA-R,210,231,8,7.5
924,WAS,SSTRASBURG-R,-250,-271,8,7.5
924,PIT,JTAILLON-R,145,144,8,8
924,CUB,CHAMELS-L,-165,-159,8,8
924,MIL,DJENNINGS-L,120,127,8,8
924,STL,JFLAHERTY-R,-140,-142,8,8
924,PHI,ZEFLIN-R,120,157,11,10.5
924,COL,JGRAY-R,-140,-177,11,10.5
924,LAD,CKERSHAW-L,-170,-196,7,7.5
924,ARI,RRAY-L,150,176,7,7.5
924,SDG,BMITCHELL-R,115,125,7.5,7.5
924,SFO,DHOLLAND-L,-135,-140,7.5,7.5
924,HOU,DKEUCHEL-L,-205,-183,9,9
924,TOR,MESTRADA-R,175,163,9,9
924,NYY,JHOLDER-R,105,-123,8.5,8
924,TAM,DCASTILLO-R,-125,113,8.5,8
924,BAL,DBUNDY-R,220,210,9.5,8
924,BOS,NEOVALDI-R,-260,-250,9.5,8
924,CLE,CKLUBER-R,-260,-210,9,7.5
924,CWS,DCOVEY-R,220,180,9,7.5
924,TEX,ASAMPSON-R,150,130,9,8.5
924,LAA,FPENA-R,-170,-145,9,8.5
924,OAK,DMENGDEN-R,105,145,8,7.5
924,SEA,JPAXTON-L,-125,-160,8,7.5
925,MIA,JBRIGHAM-R,280,325,7.5,7.5
925,WAS,MSCHERZER-R,-330,-385,7.5,7.5
925,ATL,TTOUSSAINT-R,130,130,7,7.5
925,NYM,NSYNDERGAARD-R,-150,-145,7,7.5
925,PIT,CARCHER-R,130,152,9,9
925,CUB,MMONTGOMERY-L,-150,-172,9,9
925,MIL,GGONZALEZ-L,-105,-101,8.5,8.5
925,STL,AGOMBER-L,-115,-109,8.5,8.5
925,PHI,VVELASQUEZ-R,130,138,11,11
925,COL,CBETTIS-R,-150,-153,11,11
925,LAD,WBUEHLER-R,-200,-224,8,9
925,ARI,MKOCH-R,170,194,8,9
925,SDG,RERLIN-L,100,-105,7.5,7
925,SFO,CSTRATTON-R,-120,-105,7.5,7
925,HOU,JJAMES-R,-175,-185,9,9
925,TOR,SGAVIGLIO-R,155,165,9,9
925,NYY,LSEVERINO-R,-170,-200,8,8
925,TAM,JFARIA-R,150,170,8,8
925,DET,STURNBULL-R,140,128,9.5,8.5
925,MIN,GMOYA-L,-160,-143,9.5,8.5
925,CLE,TBAUER-R,-200,-223,8.5,9
925,CWS,JSHIELDS-R,170,193,8.5,9
925,TEX,YGALLARDO-R,145,145,8.5,9
925,LAA,MSHOEMAKER-R,-165,-160,8.5,9
925,OAK,BANDERSON-L,-115,-103,8.5,8
925,SEA,MLEAKE-R,-105,-107,8.5,8
925,KAN,ESKOGLUND-L,140,140,8.5,9
925,CIN,MHARVEY-R,-160,-155,8.5,9
926,MIA,WCHEN-L,180,161,8.5,9
926,WAS,KMCGOWIN-R,-210,-181,8.5,9
926,ATL,SNEWCOMB-L,140,153,7,7
926,NYM,JDEGROM-R,-160,-168,7,7
926,MIL,JCHACIN-R,-110,-109,8.5,8.5
926,STL,JGANT-R,-110,-101,8.5,8.5
926,PIT,INOVA-R,160,170,8,8.5
926,CUB,JQUINTANA-L,-180,-190,8,8.5
926,PHI,NPIVETTA-R,170,175,10.5,9.5
926,COL,GMARQUEZ-R,-190,-205,10.5,9.5
926,LAD,RSTRIPLING-R,-115,-124,7.5,8
926,ARI,ZGREINKE-R,-105,114,7.5,8
926,SDG,LPERDOMO-R,130,-105,7,7.5
926,SFO,CKELLY-R,-150,-105,7,7.5
926,HOU,CDEVENSKI-R,117,-110,8,8
926,TOR,SREID-FOLEY-R,-137,100,8,8
926,NYY,MTANAKA-R,-175,-168,7.5,7
926,TAM,RSTANEK-R,155,153,7.5,7
926,BAL,JYACABONIS-R,350,290,8,8
926,BOS,CSALE-L,-450,-350,8,8
926,CLE,SBIEBER-R,-185,-185,9,9
926,CWS,JFRY-L,165,165,9,9
926,DET,MBOYD-L,130,125,8.5,8
926,MIN,JODORIZZI-R,-150,-140,8.5,8
926,TEX,YMENDEZ-L,165,155,8.5,9
926,LAA,AHEANEY-L,-185,-175,8.5,9
926,OAK,EJACKSON-R,-115,-109,8.5,8.5
926,SEA,FHERNANDEZ-R,-105,-101,8.5,8.5
926,KAN,HFILLMYER-R,145,150,9,9
926,CIN,CREED-L,-165,-165,9,9
926,BAL,RMEISINGER-R,280,270,9,9
926,BOS,DPRICE-L,-330,-320,9,9
927,PHI,JARRIETA-R,150,160,11,11
927,COL,ASENZATELA-R,-170,-180,11,11
927,ATL,JTEHERAN-R,-130,-121,8,8
927,NYM,JVARGAS-L,110,111,8,8
927,PIT,TWILLIAMS-R,145,150,9.5,9
927,CUB,JLESTER-L,-165,-170,9.5,9
927,NYY,CSABATHIA-L,-145,-147,8.5,8
927,TAM,JSCHULTZ-R,125,132,8.5,8
927,DET,FLIRIANO-L,113,116,9.5,8.5
927,MIN,GMOYA-L,-133,-131,9.5,8.5
927,CLE,JTOMLIN-R,-160,-136,9.5,9
927,KAN,GSPARKMAN-R,140,121,9.5,9
927,TEX,AJURADO-R,160,175,9,9
927,SEA,MGONZALES-L,-180,-195,9,9
928,STL,AWAINWRIGHT-R,145,133,8.5,8
928,CUB,KHENDRICKS-R,-165,-148,8.5,8
928,PIT,NKINGHAM-R,-114,116,9,9
928,CIN,ADESCLAFANI-R,-106,-131,9,9
928,ATL,MFOLTYNEWICZ-R,-125,-142,8.5,8.5
928,PHI,JEICKHOFF-R,105,127,8.5,8.5
928,MIA,JURENA-R,120,120,7.5,7.5
928,NYM,COSWALT-R,-140,-135,7.5,7.5
928,WAS,JROSS-R,170,182,10.5,10.5
928,COL,KFREELAND-L,-190,-212,10.5,10.5
928,ARI,PCORBIN-L,-150,-155,7,7
928,SDG,ELAUER-L,130,140,7,7
928,LAD,HRYU-L,-170,-190,7,7
928,SFO,MBUMGARNER-L,150,170,7,7
928,CWS,RLOPEZ-R,125,154,8.5,8
928,MIN,JBERRIOS-R,-145,-169,8.5,8
928,HOU,GCOLE-R,-280,-272,8.5,8.5
928,BAL,DHESS-R,240,232,8.5,8.5
928,NYY,JHAPP-L,-130,-155,9,9.5
928,BOS,BJOHNSON-L,110,140,9,9.5
928,TOR,TPANNONE-L,145,150,7.5,7.5
928,TAM,TGLASNOW-R,-165,-170,7.5,7.5
928,CWS,LGIOLITO-R,115,122,9,9
928,MIN,CDEJONG-R,-135,-137,9,9
928,CLE,MCLEVINGER-R,-170,-190,8.5,8
928,KAN,IKENNEDY-R,150,170,8.5,8
928,OAK,LTRIVINO-R,-145,-119,9,9
928,LAA,JBARRIA-R,125,109,9,9
928,TEX,MPEREZ-L,160,150,8.5,8.5
928,SEA,WLEBLANC-L,-180,-165,8.5,8.5
928,DET,JZIMMERMANN-R,200,227,8.5,8
928,MIL,ZDAVIES-R,-230,-267,8.5,8
929,STL,MMIKOLAS-R,130,130,8,8
929,CUB,CHAMELS-L,-150,-145,8,8
929,LAD,CKERSHAW-L,-240,-270,7,7
929,SFO,DRODRIGUEZ-R,200,230,7,7
929,PIT,JTAILLON-R,-145,-135,8.5,8.5
929,CIN,MLORENZEN-R,125,120,8.5,8.5
929,ATL,ASANCHEZ-R,125,127,7.5,7.5
929,PHI,ANOLA-R,-145,-142,7.5,7.5
929,MIA,TRICHARDS-R,160,150,7.5,7.5
929,NYM,SMATZ-L,-180,-165,7.5,7.5
929,WAS,SSTRASBURG-R,110,-101,9.5,10
929,COL,JGRAY-R,-130,-109,9.5,10
929,ARI,ZGODLEY-R,-135,-126,8,8
929,SDG,JNIX-R,115,116,8,8
929,TOR,RBORUCKI-L,200,201,7,7
929,TAM,BSNELL-L,-240,-231,7,7
929,HOU,JVERLANDER-R,-260,-270,8,8
929,BAL,DBUNDY-R,220,230,8,8
929,NYY,DGERMAN-R,170,147,9.5,9.5
929,BOS,NEOVALDI-R,-200,-162,9.5,9.5
929,CWS,CRODON-L,120,125,8.5,8
929,MIN,KGIBSON-R,-140,-140,8.5,8
929,CLE,CKLUBER-R,-230,-245,8,7.5
929,KAN,JJUNIS-R,200,205,8,7.5
929,OAK,LHENDRIKS-R,115,-101,9,8.5
929,LAA,TSKAGGS-L,-135,-109,9,8.5
929,TEX,ASAMPSON-R,180,190,8,8
929,SEA,JPAXTON-L,-210,-220,8,8
929,DET,DNORRIS-L,220,214,8.5,8.5
929,MIL,WMILEY-L,-260,-254,8.5,8.5
929,HOU,DKEUCHEL-L,-240,-240,8.5,8.5
929,BAL,YRAMIREZ-R,200,200,8.5,8.5
930,ATL,KGAUSMAN-R,-135,-145,8.5,8.5
930,PHI,RSUAREZ-L,115,130,8.5,8.5
930,LAD,RHILL-L,-250,-225,8,7.5
930,SFO,ASUAREZ-L,210,195,8,7.5
930,ARI,RRAY-L,-130,-115,7.5,7.5
930,SDG,JLUCCHESI-L,110,105,7.5,7.5
930,PIT,CHOLMES-R,110,114,9.5,9.5
930,CIN,SROMANO-R,-130,-124,9.5,9.5
930,WAS,EFEDDE-R,133,162,11,11.5
930,COL,TANDERSON-L,-153,-182,11,11.5
930,MIA,SALCANTARA-R,200,220,7,7
930,NYM,NSYNDERGAARD-R,-230,-260,7,7
930,STL,JFLAHERTY-R,115,145,8.5,8.5
930,CUB,MMONTGOMERY-L,-135,-160,8.5,8.5
930,HOU,CMORTON-R,-240,-230,9,9
930,BAL,JYACABONIS-R,200,200,9,9
930,NYY,LCESSA-R,130,120,9,9
930,BOS,RPORCELLO-R,-150,-135,9,9
930,OAK,BANDERSON-L,-114,-102,9,9
930,LAA,MSHOEMAKER-R,-106,-108,9,9
930,TEX,YGALLARDO-R,145,145,8.5,9
930,SEA,RELIAS-L,-165,-160,8.5,9
930,TOR,SGAVIGLIO-R,140,146,8,8
930,TAM,RSTANEK-R,-160,-161,8,8
930,CWS,DCOVEY-R,125,117,9,9
930,MIN,ZLITTELL-R,-145,-132,9,9
930,CLE,CCARRASCO-R,-215,-230,8.5,8.5
930,KAN,ESKOGLUND-L,185,200,8.5,8.5
930,DET,STURNBULL-R,220,245,9,9
930,MIL,GGONZALEZ-L,-260,-285,9,9
1001,MIL,JCHACIN-R,110,112,8,8
1001,CUB,JQUINTANA-L,-130,-122,8,8
1001,COL,GMARQUEZ-R,140,150,7,7
1001,LAD,WBUEHLER-R,-160,-170,7,7
1002,COL,KFREELAND-L,107,128,7.5,8
1002,CUB,JLESTER-L,-127,-143,7.5,8
1003,OAK,LHENDRIKS-R,160,176,8.5,8.5
1003,NYY,LSEVERINO-R,-180,-196,8.5,8.5
1004,COL,ASENZATELA-R,120,156,8.5,8.5
1004,MIL,BWOODRUFF-R,-140,-176,8.5,8.5
1004,ATL,MFOLTYNEWICZ-R,175,155,6.5,7
1004,LAD,HRYU-L,-205,-175,6.5,7
1005,NYY,JHAPP-L,165,150,8,8
1005,BOS,CSALE-L,-185,-165,8,8
1005,CLE,CKLUBER-R,117,120,6.5,6.5
1005,HOU,JVERLANDER-R,-137,-135,6.5,6.5
1005,COL,TANDERSON-L,130,149,8,8.5
1005,MIL,JCHACIN-R,-150,-164,8,8.5
1005,ATL,ASANCHEZ-R,172,215,7,7
1005,LAD,CKERSHAW-L,-202,-255,7,7
1006,CLE,CCARRASCO-R,125,111,7,7.5
1006,HOU,GCOLE-R,-145,-121,7,7.5
1006,NYY,MTANAKA-R,105,-121,9,8.5
1006,BOS,DPRICE-L,-125,111,9,8.5
1007,MIL,WMILEY-L,125,153,9.5,9.5
1007,COL,GMARQUEZ-R,-145,-168,9.5,9.5
1007,LAD,WBUEHLER-R,-165,-153,8,7.5
1007,ATL,SNEWCOMB-L,145,138,8,7.5
1008,BOS,NEOVALDI-R,155,150,8.5,8
1008,NYY,LSEVERINO-R,-175,-165,8.5,8
1008,HOU,DKEUCHEL-L,-105,114,8.5,8.5
1008,CLE,MCLEVINGER-R,-115,-124,8.5,8.5
1008,LAD,RHILL-L,-140,-152,8,8
1008,ATL,MFOLTYNEWICZ-R,120,137,8,8
1009,BOS,RPORCELLO-R,-105,127,9,9
1009,NYY,CSABATHIA-L,-115,-142,9,9
1012,LAD,CKERSHAW-L,-160,-131,7.5,7.5
1012,MIL,GGONZALEZ-L,140,116,7.5,7.5
1013,HOU,JVERLANDER-R,110,116,7.5,7
1013,BOS,CSALE-L,-130,-126,7.5,7
1013,LAD,HRYU-L,-113,-123,8.5,8
1013,MIL,WMILEY-L,-107,113,8.5,8
1014,HOU,GCOLE-R,-109,-121,8,8
1014,BOS,DPRICE-L,-111,111,8,8
1015,MIL,JCHACIN-R,145,156,7,7.5
1015,LAD,WBUEHLER-R,-165,-176,7,7.5
1016,BOS,NEOVALDI-R,111,114,8.5,8
1016,HOU,DKEUCHEL-L,-131,-124,8.5,8
1016,MIL,GGONZALEZ-L,130,138,7.5,7.5
1016,LAD,RHILL-L,-150,-153,7.5,7.5
1017,MIL,WMILEY-L,150,160,7,7
1017,LAD,CKERSHAW-L,-170,-180,7,7
1017,BOS,RPORCELLO-R,120,140,8.5,8
1017,HOU,CMORTON-R,-140,-155,8.5,8
1018,BOS,DPRICE-L,170,164,7.5,8
1018,HOU,JVERLANDER-R,-190,-184,7.5,8
1019,LAD,HRYU-L,-119,-112,8,7.5
1019,MIL,WMILEY-L,-101,102,8,7.5
1020,LAD,WBUEHLER-R,-130,-105,8,7
1020,MIL,JCHACIN-R,110,-105,8,7
1023,LAD,CKERSHAW-L,130,158,7.5,7.5
1023,BOS,CSALE-L,-150,-178,7.5,7.5
1024,LAD,HRYU-L,115,125,8.5,8.5
1024,BOS,DPRICE-L,-135,-140,8.5,8.5
1026,BOS,RPORCELLO-R,140,155,7.5,7.5
1026,LAD,WBUEHLER-R,-160,-175,7.5,7.5
1027,BOS,ERODRIGUEZ-L,140,125,8,8.5
1027,LAD,RHILL-L,-160,-140,8,8.5
1028,BOS,DPRICE-L,111,130,7.5,7.5
1028,LAD,CKERSHAW-L,-131,-145,7.5,7.5
