Date,Team,Pitcher,Open,Close,OpenOU,CloseOU
405,STL,WAINWRIGHT-R,-115,-102,7.5,7
405,CUB,JLESTER-L,-105,-108,7.5,7
406,COL,KKENDRICK-R,140,138,8,9
406,MIL,KLOHSE-R,-160,-153,8,9
406,NYM,BCOLON-R,170,150,7,7
406,WAS,MSCHERZER-R,-190,-170,7,7
406,ATL,JTEHERAN-R,105,137,7,7
406,MIA,HALVAREZ-R,-125,-152,7,7
406,PIT,FLIRIANO-L,110,113,7,7
406,CIN,JCUETO-R,-130,-123,7,7
406,SDG,JSHIELDS-R,170,174,6,6
406,LOS,CKERSHAW-L,-190,-194,6,6
406,SFO,BUMGARNER-L,-140,-143,7.5,7.5
406,ARI,COLLMENTER-R,120,128,7.5,7.5
406,TOR,HUTCHISON-R,130,125,8,8
406,NYY,MTANAKA-R,-150,-140,8,8
406,MIN,PHUGHES-R,170,146,7.5,8
406,DET,DPRICE-L,-190,-161,7.5,8
406,BAL,CTILLMAN-R,105,113,7.5,7
406,TAM,CARCHER-R,-125,-123,7.5,7
406,CWS,SAMARDZIJA-R,105,110,7.5,7.5
406,KAN,YVENTURA-R,-125,-120,7.5,7.5
406,LAA,JWEAVER-R,125,140,6.5,6.5
406,SEA,FHERNANDZ-R,-145,-155,6.5,6.5
406,CLE,CKLUBER-R,-125,-110,7.5,7.5
406,HOU,DKEUCHEL-L,105,100,7.5,7.5
406,TEX,YGALLARDO-R,130,151,7,7
406,OAK,SGRAY-R,-150,-166,7,7
406,BOS,CBUCHHOLZ-R,-109,-104,7.5,7.5
406,PHI,CHAMELS-L,-111,-106,7.5,7.5
407,ATL,AWOOD-L,115,131,7,7
407,MIA,MLATOS-R,-135,-146,7,7
407,COL,JLYLES-R,145,113,8.5,8
407,MIL,MGARZA-R,-165,-123,8.5,8
407,SFO,VOGELSONG-R,105,-105,7.5,8.5
407,ARI,DELAROSA-R,-125,-105,7.5,8.5
407,SDG,TROSS-R,150,130,6.5,6.5
407,LOS,ZGREINKE-R,-170,-145,6.5,6.5
407,BAL,WCHEN-L,100,-108,7.5,7
407,TAM,NKARNS-R,-120,-102,7.5,7
407,TEX,CLEWIS-R,140,140,7.5,7
407,OAK,JHAHN-R,-160,-155,7.5,7
407,LAA,CWILSON-L,120,110,7.5,7
407,SEA,JPAXTON-L,-140,-120,7.5,7
408,STL,LLYNN-R,-114,100,6.5,6
408,CUB,JARRIETA-R,-106,-110,6.5,6
408,NYM,JDEGROM-R,140,120,6.5,6
408,WAS,ZIMMERMAN-R,-160,-135,6.5,6
408,ATL,SMILLER-R,105,115,7.5,7.5
408,MIA,TKOEHLER-R,-125,-130,7.5,7.5
408,PIT,GCOLE-R,-115,-120,7,7.5
408,CIN,MLEAKE-R,-105,110,7,7.5
408,COL,EBUTLER-R,130,116,8.5,8.5
408,MIL,WPERALTA-R,-150,-131,8.5,8.5
408,SFO,CHESTON-R,110,106,9,8.5
408,ARI,HELLICKSON-R,-130,-116,9,8.5
408,SDG,ACASHNER-R,125,110,7,7
408,LOS,BMCCARTHY-R,-145,-120,7,7
408,MIN,RNOLASCO-R,170,150,8,8.5
408,DET,ASANCHEZ-R,-200,-170,8,8.5
408,TOR,RDICKEY-R,120,117,7.5,6.5
408,NYY,MPINEDA-R,-140,-132,7.5,6.5
408,BAL,MGONZALEZ-R,105,102,7.5,7.5
408,TAM,JODORIZZI-R,-125,-112,7.5,7.5
408,CWS,JQUINTANA-L,115,109,8,7.5
408,KAN,DDUFFY-L,-135,-119,8,7.5
408,CLE,CCARRASCO-R,-120,-120,8,8.5
408,HOU,SFELDMAN-R,100,110,8,8.5
408,TEX,RDETWILER-L,150,145,7.5,6.5
408,OAK,SKAZMIR-L,-170,-160,7.5,6.5
408,LAA,SHOEMAKER-R,120,115,7,7
408,SEA,HIWAKUMA-R,-140,-130,7,7
408,BOS,RPORCELLO-R,-140,-140,8,7.5
408,PHI,AHARANG-R,120,125,8,7.5
409,PIT,ABURNETT-R,-120,-107,8,8
409,CIN,DESCLAFANI-R,100,-103,8,8
409,NYM,MHARVEY-R,115,104,6,6
409,WAS,STRASBURG-R,-135,-114,6,6
409,SFO,THUDSON-R,115,117,7,7
409,SDG,IKENNEDY-R,-135,-127,7,7
409,MIN,KGIBSON-R,140,126,8.5,9
409,DET,SGREENE-R,-160,-141,8.5,9
409,CWS,JDANKS-L,110,119,8.5,8.5
409,KAN,EVOLQUEZ-R,-130,-134,8.5,8.5
409,CLE,TBAUER-R,-115,-106,8.5,9
409,HOU,AWOJCIECH-R,-105,-104,8.5,9
409,TEX,NMARTINEZ-R,125,145,7.5,7.5
409,OAK,KGRAVEMAN-R,-145,-160,7.5,7.5
409,TOR,DNORRIS-L,110,-140,8,7.5
409,NYY,CSABATHIA-L,-130,125,8,7.5
409,BOS,MASTERSON-R,-150,-125,8,7.5
409,PHI,DBUCHANAN-R,130,115,8,7.5
410,CUB,TWOOD-L,115,125,10.5,10
410,COL,TMATZEK-L,-135,-140,10.5,10
410,WAS,GGONZALEZ-L,-165,-165,7.5,7.5
410,PHI,JWILLIAMS-R,145,150,7.5,7.5
410,STL,JLACKEY-R,-120,-125,8,8
410,CIN,JMARQUIS-R,100,115,8,8
410,NYM,JNIESE-L,-120,-115,7,7
410,ATL,ESTULTS-L,100,105,7,7
410,PIT,JLOCKE-L,102,125,8,7.5
410,MIL,MFIERS-R,-122,-140,8,7.5
410,LOS,BANDERSON-L,-143,-119,8.5,8.5
410,ARI,CANDERSON-R,123,109,8.5,8.5
410,SFO,TLINCECUM-R,105,107,7,7
410,SDG,BMORROW-R,-125,-117,7,7
410,TOR,MBUEHRLE-L,104,104,8.5,9
410,BAL,BNORRIS-R,-124,-114,8.5,9
410,DET,ASIMON-R,-113,114,8.5,8.5
410,CLE,MCALLISTER-R,-107,-124,8.5,8.5
410,HOU,CMCHUGH-R,100,108,8.5,8
410,TEX,DHOLLAND-L,-120,-118,8.5,8
410,MIN,TMILONE-L,125,102,9,9
410,CWS,HNOESI-R,-145,-112,9,9
410,BOS,WMILEY-L,-112,-102,7.5,8.5
410,NYY,NEOVALDI-R,-108,-108,7.5,8.5
410,KAN,JVARGAS-L,125,117,8,7.5
410,LAA,HSANTIAGO-L,-145,-132,8,7.5
410,SEA,TWALKER-R,105,101,7,7
410,OAK,DPOMERANZ-L,-125,-111,7,7
410,TAM,SGELTZ-R,140,111,7.5,7.5
410,MIA,DHAREN-R,-160,-121,7.5,7.5
411,STL,MWACHA-R,110,107,6.5,6.5
411,CIN,JCUETO-R,-130,-117,6.5,6.5
411,WAS,DFISTER-R,-120,-105,7,6.5
411,PHI,CHAMELS-L,100,-105,7,6.5
411,NYM,DGEE-R,110,107,6.5,7
411,ATL,JTEHERAN-R,-130,-117,6.5,7
411,PIT,VWORLEY-R,-105,119,8.5,8
411,MIL,JNELSON-R,-115,-129,8.5,8
411,CUB,JHAMMEL-R,105,100,10.5,10.5
411,COL,KKENDRICK-R,-125,-110,10.5,10.5
411,LOS,CKERSHAW-L,-210,-200,7,7
411,ARI,ABRADLEY-R,180,170,7,7
411,SFO,BUMGARNER-L,-115,-101,6,6
411,SDG,JSHIELDS-R,-105,-109,6,6
411,BOS,JKELLY-R,-125,105,8.5,8.5
411,NYY,AWARREN-R,105,-115,8.5,8.5
411,MIN,MPELFREY-R,160,144,8.5,8.5
411,CWS,SAMARDZIJA-R,-180,-159,8.5,8.5
411,SEA,JHAPP-L,140,125,7,7.5
411,OAK,SGRAY-R,-160,-140,7,7.5
411,DET,DPRICE-L,-112,-107,7,6
411,CLE,CKLUBER-R,-108,-103,7,6
411,TOR,ASANCHEZ-R,100,-102,9,8
411,BAL,UJIMENEZ-R,-120,-108,9,8
411,HOU,RHERNANDE-R,130,113,8.5,9
411,TEX,YGALLARDO-R,-150,-123,8.5,9
411,KAN,JGUTHRIE-R,145,115,7.5,7.5
411,LAA,JWEAVER-R,-165,-130,7.5,7.5
411,TAM,CARCHER-R,115,-105,7,7.5
411,MIA,JCOSART-R,-135,-105,7,7.5
412,STL,CMARTINEZ-R,-115,-113,8,7.5
412,CIN,RIGLESIAS-R,-105,103,8,7.5
412,WAS,MSCHERZER-R,-205,-195,7,7
412,PHI,O'SULLIVAN-R,175,175,7,7
412,NYM,BCOLON-R,105,113,7,6.5
412,ATL,AWOOD-L,-125,-123,7,6.5
412,PIT,CSADLER-R,115,100,8.5,8.5
412,MIL,KLOHSE-R,-135,-110,8.5,8.5
412,CUB,HENDRICKS-R,115,100,10,10
412,COL,JLYLES-R,-135,-110,10,10
412,LOS,ZGREINKE-R,-160,-144,7.5,8
412,ARI,COLLMENTER-R,140,129,7.5,8
412,SFO,JPEAVY-R,120,125,6.5,6.5
412,SDG,TROSS-R,-140,-140,6.5,6.5
412,DET,KLOBSTEIN-L,-105,-117,9,8
412,CLE,THOUSE-L,-115,107,9,8
412,TOR,HUTCHISON-R,100,108,8.5,8
412,BAL,CTILLMAN-R,-120,-118,8.5,8
412,MIN,PHUGHES-R,150,152,7.5,7.5
412,CWS,CSALE-L,-170,-172,7.5,7.5
412,HOU,DKEUCHEL-L,-120,-124,8.5,8.5
412,TEX,CLEWIS-R,100,114,8.5,8.5
412,KAN,YVENTURA-R,105,106,7.5,7
412,LAA,CWILSON-L,-125,-116,7.5,7
412,SEA,FHERNANDZ-R,-135,-140,6.5,7
412,OAK,JHAHN-R,115,125,6.5,7
412,BOS,CBUCHHOLZ-R,-115,107,7,7.5
412,NYY,MTANAKA-R,-105,-117,7,7.5
412,TAM,NKARNS-R,140,112,7.5,7.5
412,MIA,HALVAREZ-R,-160,-122,7.5,7.5
413,PHI,AHARANG-R,155,150,7,7
413,NYM,JDEGROM-R,-175,-170,7,7
413,MIL,MGARZA-R,165,150,7,7.5
413,STL,WAINWRIGHT-R,-185,-170,7,7.5
413,COL,EBUTLER-R,100,118,7.5,7.5
413,SFO,CHESTON-R,-120,-133,7.5,7.5
413,MIA,MLATOS-R,110,-101,7,7
413,ATL,SMILLER-R,-130,-109,7,7
413,CIN,MLEAKE-R,140,132,7,7.5
413,CUB,JLESTER-L,-160,-147,7,7.5
413,ARI,DELAROSA-R,155,150,6.5,6.5
413,SDG,ACASHNER-R,-175,-165,6.5,6.5
413,KAN,DDUFFY-L,-135,-128,8.5,8
413,MIN,TMAY-R,115,118,8.5,8
413,TAM,JODORIZZI-R,130,125,8.5,8.5
413,TOR,RDICKEY-R,-150,-140,8.5,8.5
413,NYY,MPINEDA-R,-105,101,7.5,7.5
413,BAL,WCHEN-L,-115,-111,7.5,7.5
413,LAA,SHOEMAKER-R,-145,-131,8.5,9
413,TEX,RDETWILER-L,125,116,8.5,9
413,OAK,SKAZMIR-L,-130,-109,7.5,8.5
413,HOU,SFELDMAN-R,110,-101,7.5,8.5
413,DET,ASANCHEZ-R,-114,125,7,7.5
413,PIT,GCOLE-R,-106,-140,7,7.5
413,WAS,ZIMMERMAN-R,100,125,8,9
413,BOS,RPORCELLO-R,-120,-140,8,9
413,SEA,JPAXTON-L,100,111,7,7
413,LOS,BMCCARTHY-R,-120,-121,7,7
414,MIA,TKOEHLER-R,100,-114,7.5,7.5
414,ATL,TCAHILL-R,-120,104,7.5,7.5
414,PHI,DBUCHANAN-R,205,200,6.5,6.5
414,NYM,MHARVEY-R,-245,-230,6.5,6.5
414,CIN,DESCLAFANI-R,145,131,7,6.5
414,CUB,JARRIETA-R,-165,-146,7,6.5
414,ARI,HELLICKSON-R,140,119,6.5,6.5
414,SDG,DESPAIGNE-R,-160,-129,6.5,6.5
414,COL,CBERGMAN-R,145,114,7,7
414,SFO,THUDSON-R,-165,-124,7,7
414,NYY,CSABATHIA-L,125,-101,8.5,8
414,BAL,MGONZALEZ-R,-145,-109,8.5,8
414,TAM,MANDRIESE-R,130,130,9,8.5
414,TOR,DNORRIS-L,-150,-145,9,8.5
414,CWS,JQUINTANA-L,130,112,7.5,6.5
414,CLE,CCARRASCO-R,-150,-122,7.5,6.5
414,LAA,DRUCINSKI-R,-120,-114,9,9
414,TEX,NMARTINEZ-R,100,104,9,9
414,OAK,KGRAVEMAN-R,-120,101,8.5,9
414,HOU,BPEACOCK-R,100,-111,8.5,9
414,WAS,STRASBURG-R,100,118,8,8.5
414,BOS,MASTERSON-R,-120,-128,8,8.5
414,DET,SGREENE-R,-105,103,7.5,7.5
414,PIT,ABURNETT-R,-115,-113,7.5,7.5
414,SEA,HIWAKUMA-R,-114,-115,7.5,7.5
414,LOS,DHUFF-L,-106,105,7.5,7.5
415,MIA,DHAREN-R,-114,-130,7.5,7.5
415,ATL,ESTULTS-L,-106,115,7.5,7.5
415,PHI,JWILLIAMS-R,145,145,7,7
415,NYM,JNIESE-L,-165,-160,7,7
415,CIN,JMARQUIS-R,110,131,7.5,7
415,CUB,TWOOD-L,-130,-146,7.5,7
415,MIL,WPERALTA-R,140,140,7,7
415,STL,LLYNN-R,-160,-155,7,7
415,ARI,CANDERSON-R,125,118,6.5,6.5
415,SDG,BMORROW-R,-145,-133,6.5,6.5
415,COL,TMATZEK-L,115,-107,7,7.5
415,SFO,TLINCECUM-R,-135,-103,7,7.5
415,CWS,JDANKS-L,130,118,7.5,7.5
415,CLE,TBAUER-R,-150,-133,7.5,7.5
415,LAA,HSANTIAGO-L,-120,-124,9,9
415,TEX,ARANAUDO-R,100,114,9,9
415,TAM,ERAMIREZ-R,135,118,8.5,9
415,TOR,MBUEHRLE-L,-155,-133,8.5,9
415,NYY,NEOVALDI-R,110,-105,8.5,7.5
415,BAL,BNORRIS-R,-130,-105,8.5,7.5
415,OAK,DPOMERANZ-L,100,-101,8,7.5
415,HOU,CMCHUGH-R,-120,-109,8,7.5
415,KAN,EVOLQUEZ-R,-130,-124,8,8.5
415,MIN,KGIBSON-R,110,114,8,8.5
415,WAS,GGONZALEZ-L,110,112,8,9
415,BOS,WMILEY-L,-130,-122,8,9
415,DET,ASIMON-R,120,129,7.5,7.5
415,PIT,FLIRIANO-L,-140,-144,7.5,7.5
415,SEA,TWALKER-R,115,117,7,7.5
415,LOS,BANDERSON-L,-135,-132,7,7.5
416,MIL,MFIERS-R,140,125,8,7.5
416,STL,JLACKEY-R,-160,-140,8,7.5
416,PHI,CHAMELS-L,130,125,6,6.5
416,WAS,DFISTER-R,-150,-140,6,6.5
416,MIA,JCOSART-R,-105,-105,7,7.5
416,NYM,DGEE-R,-115,-105,7,7.5
416,ARI,ABRADLEY-R,165,151,6,6.5
416,SFO,BUMGARNER-L,-185,-171,6,6.5
416,KAN,JVARGAS-L,-115,-115,8.5,7.5
416,MIN,TMILONE-L,-105,105,8.5,7.5
416,TAM,CARCHER-R,-120,-112,8.5,8.5
416,TOR,ASANCHEZ-R,100,102,8.5,8.5
417,SDG,JSHIELDS-R,-115,105,7,8
417,CUB,JHAMMEL-R,-105,-115,7,8
417,MIL,JNELSON-R,100,110,7,7.5
417,PIT,VWORLEY-R,-120,-120,7,7.5
417,PHI,O'SULLIVAN-R,210,235,7,7
417,WAS,MSCHERZER-R,-250,-275,7,7
417,MIA,DPHELPS-R,130,118,7.5,7.5
417,NYM,BCOLON-R,-150,-133,7.5,7.5
417,CIN,JCUETO-R,120,106,6.5,6.5
417,STL,MWACHA-R,-140,-116,6.5,6.5
417,COL,KKENDRICK-R,200,235,6.5,6.5
417,LOS,CKERSHAW-L,-240,-275,6.5,6.5
417,ARI,COLLMENTER-R,115,130,7,7
417,SFO,JPEAVY-R,-135,-145,7,7
417,CWS,SAMARDZIJA-R,155,150,7.5,7.5
417,DET,DPRICE-L,-175,-165,7.5,7.5
417,BAL,UJIMENEZ-R,120,130,9,9
417,BOS,JKELLY-R,-140,-145,9,9
417,NYY,AWARREN-R,100,100,8,7.5
417,TAM,NKARNS-R,-120,-110,8,7.5
417,CLE,CKLUBER-R,-140,-190,7.5,8.5
417,MIN,MPELFREY-R,120,170,7.5,8.5
417,OAK,SGRAY-R,-115,-117,7.5,7.5
417,KAN,JGUTHRIE-R,-105,107,7.5,7.5
417,LAA,JWEAVER-R,-125,-119,8.5,9.5
417,HOU,RHERNANDE-R,105,109,8.5,9.5
417,TEX,YGALLARDO-R,130,139,7.5,7
417,SEA,JHAPP-L,-150,-154,7.5,7
417,ATL,JTEHERAN-R,115,146,8,7.5
417,TOR,HUTCHISON-R,-135,-161,8,7.5
418,PHI,AHARANG-R,170,160,7,7.5
418,WAS,ZIMMERMAN-R,-200,-180,7,7.5
418,CIN,HBAILEY-R,115,132,8,7
418,STL,CMARTINEZ-R,-135,-147,8,7
418,SDG,TROSS-R,-113,105,7,7
418,CUB,HENDRICKS-R,-107,-115,7,7
418,MIL,KLOHSE-R,120,129,7.5,7.5
418,PIT,JLOCKE-L,-140,-144,7.5,7.5
418,MIA,MLATOS-R,130,116,7,7
418,NYM,JDEGROM-R,-150,-131,7,7
418,ARI,DELAROSA-R,120,135,7.5,7
418,SFO,CHESTON-R,-140,-150,7.5,7
418,COL,JLYLES-R,160,160,7,7.5
418,LOS,ZGREINKE-R,-180,-180,7,7.5
418,CWS,CSALE-L,115,106,7.5,7.5
418,DET,ASANCHEZ-R,-135,-116,7.5,7.5
418,CLE,DSALAZAR-R,-112,-101,8.5,8.5
418,MIN,PHUGHES-R,-108,-109,8.5,8.5
418,BAL,CTILLMAN-R,120,121,9.5,8.5
418,BOS,CBUCHHOLZ-R,-140,-136,9.5,8.5
418,NYY,MTANAKA-R,105,-108,7.5,7
418,TAM,JODORIZZI-R,-125,-102,7.5,7
418,OAK,JHAHN-R,125,115,8,7.5
418,KAN,YVENTURA-R,-145,-130,8,7.5
418,LAA,CWILSON-L,100,107,7.5,8.5
418,HOU,DKEUCHEL-L,-120,-117,7.5,8.5
418,TEX,CLEWIS-R,190,175,7,7
418,SEA,FHERNANDZ-R,-220,-205,7,7
418,ATL,AWOOD-L,120,162,8.5,8.5
418,TOR,RDICKEY-R,-140,-182,8.5,8.5
419,MIA,TKOEHLER-R,175,157,6.5,6.5
419,NYM,MHARVEY-R,-205,-177,6.5,6.5
419,PHI,DBUCHANAN-R,185,205,7.5,7
419,WAS,STRASBURG-R,-215,-235,7.5,7
419,MIL,MGARZA-R,140,155,7,7
419,PIT,GCOLE-R,-160,-175,7,7
419,SDG,ACASHNER-R,-112,110,7,7
419,CUB,JLESTER-L,-108,-120,7,7
419,ARI,HELLICKSON-R,120,132,7.5,7
419,SFO,THUDSON-R,-140,-147,7.5,7
419,COL,EBUTLER-R,136,150,8,8
419,LOS,BMCCARTHY-R,-156,-170,8,8
419,CIN,MLEAKE-R,165,175,7,7
419,STL,WAINWRIGHT-R,-185,-195,7,7
419,CWS,JQUINTANA-L,130,125,8,8
419,DET,SGREENE-R,-150,-140,8,8
419,NYY,MPINEDA-R,-114,-126,7.5,7
419,TAM,MANDRIESE-R,-106,116,7.5,7
419,BAL,MGONZALEZ-R,115,125,9,8.5
419,BOS,RPORCELLO-R,-135,-140,9,8.5
419,LAA,GRICHARDS-R,-130,-115,8,8.5
419,HOU,SFELDMAN-R,110,105,8,8.5
419,OAK,SKAZMIR-L,-113,-116,8,7
419,KAN,DDUFFY-L,-107,106,8,7
419,CLE,THOUSE-L,-114,-111,8.5,9
419,MIN,TMAY-R,-106,101,8.5,9
419,TEX,RDETWILER-L,150,150,8,7
419,SEA,JPAXTON-L,-170,-170,8,7
419,ATL,SMILLER-R,116,155,8.5,8.5
419,TOR,DNORRIS-L,-136,-175,8.5,8.5
420,CUB,JARRIETA-R,-112,-107,7,7
420,PIT,ABURNETT-R,-108,-103,7,7
420,CIN,DESCLAFANI-R,-105,-106,7.5,7.5
420,MIL,WPERALTA-R,-115,-104,7.5,7.5
420,SDG,DESPAIGNE-R,105,133,9.5,9.5
420,COL,DELAROSA-L,-125,-148,9.5,9.5
420,BAL,WCHEN-L,115,118,9,8.5
420,BOS,MASTERSON-R,-135,-128,9,8.5
420,NYY,CSABATHIA-L,130,114,8.5,9
420,DET,ASIMON-R,-150,-124,8.5,9
420,MIN,KGIBSON-R,150,125,8,8
420,KAN,EVOLQUEZ-R,-170,-140,8,8
420,CLE,TBAUER-R,-115,100,8.5,9
420,CWS,JDANKS-L,-105,-110,8.5,9
420,OAK,KGRAVEMAN-R,115,138,8,7.5
420,LAA,SHOEMAKER-R,-135,-153,8,7.5
420,HOU,AWOJCIECH-R,150,180,7,7.5
420,SEA,HIWAKUMA-R,-170,-210,7,7.5
421,MIA,DHAREN-R,-130,-117,8,7.5
421,PHI,JWILLIAMS-R,110,107,8,7.5
421,STL,LLYNN-R,100,107,7,7
421,WAS,GGONZALEZ-L,-120,-117,7,7
421,CUB,TWOOD-L,145,127,7,7.5
421,PIT,FLIRIANO-L,-165,-142,7,7.5
421,ATL,TCAHILL-R,140,133,7.5,7
421,NYM,JNIESE-L,-160,-148,7.5,7
421,CIN,JMARQUIS-R,120,116,8,7.5
421,MIL,MFIERS-R,-140,-126,8,7.5
421,SDG,BMORROW-R,105,-102,10,10
421,COL,TMATZEK-L,-125,-108,10,10
421,LOS,BANDERSON-L,-115,-133,7,7
421,SFO,TLINCECUM-R,-105,118,7,7
421,BAL,BNORRIS-R,120,115,8.5,9
421,TOR,MBUEHRLE-L,-140,-125,8.5,9
421,NYY,NEOVALDI-R,115,108,9,8
421,DET,KLOBSTEIN-L,-135,-118,9,8
421,BOS,WMILEY-L,115,109,7.5,7.5
421,TAM,CARCHER-R,-135,-119,7.5,7.5
421,MIN,TMILONE-L,140,130,8,8
421,KAN,JVARGAS-L,-160,-145,8,8
421,CLE,CCARRASCO-R,-125,-128,8.5,8.5
421,CWS,HNOESI-R,105,118,8.5,8.5
421,OAK,DPOMERANZ-L,100,108,8,7.5
421,LAA,HSANTIAGO-L,-120,-118,8,7.5
421,HOU,CMCHUGH-R,110,115,7,7
421,SEA,TWALKER-R,-130,-125,7,7
421,TEX,NMARTINEZ-R,120,130,9,9
421,ARI,CANDERSON-R,-140,-145,9,9
422,MIA,JCOSART-R,105,118,7,7
422,PHI,CHAMELS-L,-125,-128,7,7
422,STL,JLACKEY-R,105,-110,7,7
422,WAS,DFISTER-R,-125,100,7,7
422,CUB,JHAMMEL-R,110,-101,7,7.5
422,PIT,VWORLEY-R,-130,-109,7,7.5
422,ATL,ESTULTS-L,130,125,7.5,7.5
422,NYM,DGEE-R,-150,-140,7.5,7.5
422,CIN,JCUETO-R,-130,-134,7,7
422,MIL,JNELSON-R,110,119,7,7
422,SDG,JSHIELDS-R,-125,-103,10,10.5
422,COL,KKENDRICK-R,105,-107,10,10.5
422,LOS,CKERSHAW-L,-125,-141,6,5.5
422,SFO,BUMGARNER-L,105,126,6,5.5
422,CLE,CKLUBER-R,-115,-119,7,7.5
422,CWS,SAMARDZIJA-R,-105,109,7,7.5
422,BAL,UJIMENEZ-R,100,-115,9,9
422,TOR,ASANCHEZ-R,-120,105,9,9
422,NYY,AWARREN-R,170,175,7.5,7.5
422,DET,DPRICE-L,-200,-195,7.5,7.5
422,BOS,JKELLY-R,-120,-120,8,7.5
422,TAM,NKARNS-R,100,110,8,7.5
422,MIN,MPELFREY-R,140,131,8,8.5
422,KAN,JGUTHRIE-R,-160,-146,8,8.5
422,OAK,SGRAY-R,-114,-105,7,7.5
422,LAA,JWEAVER-R,-106,-105,7,7.5
422,HOU,RHERNANDE-R,140,149,7.5,7.5
422,SEA,JHAPP-L,-160,-164,7.5,7.5
422,TEX,YGALLARDO-R,120,101,8.5,8.5
422,ARI,ABRADLEY-R,-140,-111,8.5,8.5
423,CUB,HENDRICKS-R,-105,-115,8,7
423,PIT,JLOCKE-L,-115,105,8,7
423,MIA,DPHELPS-R,-120,-125,8.5,8
423,PHI,DMCGOWAN-R,100,115,8.5,8
423,ATL,JTEHERAN-R,120,115,7,7
423,NYM,BCOLON-R,-140,-125,7,7
423,CIN,HBAILEY-R,-125,-110,8.5,8
423,MIL,KLOHSE-R,105,100,8.5,8
423,SDG,TROSS-R,-112,101,10.5,10
423,COL,JLYLES-R,-108,-111,10.5,10
423,LOS,BOLSINGER-R,-114,-112,7.5,7.5
423,SFO,VOGELSONG-R,-106,102,7.5,7.5
423,STL,MWACHA-R,120,119,6.5,6.5
423,WAS,MSCHERZER-R,-140,-134,6.5,6.5
423,NYY,MTANAKA-R,110,-108,8,7
423,DET,ASANCHEZ-R,-130,-102,8,7
423,BAL,CTILLMAN-R,105,115,9,8
423,TOR,HUTCHISON-R,-125,-130,9,8
423,OAK,JCHAVEZ-R,110,120,8,8
423,LAA,NTROPEANO-R,-130,-135,8,8
423,BOS,CBUCHHOLZ-R,-114,130,7.5,7.5
423,TAM,JODORIZZI-R,-106,-145,7.5,7.5
423,KAN,YVENTURA-R,120,135,7,7
423,CWS,CSALE-L,-140,-150,7,7
424,ATL,AWOOD-L,-115,-117,7,6.5
424,PHI,AHARANG-R,-105,107,7,6.5
424,WAS,ZIMMERMAN-R,-115,-125,7.5,7.5
424,MIA,MLATOS-R,-105,115,7.5,7.5
424,CUB,JLESTER-L,-115,100,7.5,7
424,CIN,MLEAKE-R,-105,-110,7.5,7
424,STL,CMARTINEZ-R,-135,-142,7.5,7.5
424,MIL,MGARZA-R,115,127,7.5,7.5
424,SFO,CHESTON-R,105,-123,10,10.5
424,COL,EBUTLER-R,-125,113,10,10.5
424,PIT,GCOLE-R,-140,-130,8,8
424,ARI,COLLMENTER-R,120,115,8,8
424,LOS,ZGREINKE-R,-125,-120,6.5,6
424,SDG,ACASHNER-R,105,110,6.5,6
424,BOS,RPORCELLO-R,100,-110,8.5,8
424,BAL,MGONZALEZ-R,-120,100,8.5,8
424,CLE,DSALAZAR-R,130,106,8,8
424,DET,SGREENE-R,-150,-116,8,8
424,TOR,RDICKEY-R,100,112,7.5,7.5
424,TAM,DSMYLY-L,-120,-122,7.5,7.5
424,KAN,DDUFFY-L,-115,111,8,7.5
424,CWS,JQUINTANA-L,-105,-121,8,7.5
424,TEX,WRODRIGEZ-L,170,153,8,8
424,LAA,GRICHARDS-R,-190,-173,8,8
424,HOU,DKEUCHEL-L,120,119,7,7
424,OAK,SKAZMIR-L,-140,-134,7,7
424,MIN,PHUGHES-R,175,180,6.5,6.5
424,SEA,FHERNANDZ-R,-205,-210,6.5,6.5
424,NYM,JDEGROM-R,101,130,7,7
424,NYY,MPINEDA-R,-121,-145,7,7
425,WAS,STRASBURG-R,-130,-140,7.5,7.5
425,MIA,TKOEHLER-R,110,125,7.5,7.5
425,ATL,SMILLER-R,-125,-120,7.5,7.5
425,PHI,DBUCHANAN-R,105,110,7.5,7.5
425,STL,WAINWRIGHT-R,-150,-163,7,7.5
425,MIL,WPERALTA-R,130,148,7,7.5
425,PIT,ABURNETT-R,-125,-128,8.5,9
425,ARI,DELAROSA-R,105,118,8.5,9
425,SFO,THUDSON-R,100,125,10,9.5
425,COL,DELAROSA-L,-120,-140,10,9.5
425,LOS,BMCCARTHY-R,-112,-122,7,6
425,SDG,IKENNEDY-R,-108,112,7,6
425,CLE,THOUSE-L,115,146,8,9.5
425,DET,ASIMON-R,-135,-161,8,9.5
425,HOU,SFELDMAN-R,110,100,8,8.5
425,OAK,KGRAVEMAN-R,-130,-110,8,8.5
425,TOR,DNORRIS-L,-115,-105,8,8.5
425,TAM,ERAMIREZ-R,-105,-105,8,8.5
425,BOS,MASTERSON-R,100,106,8,8.5
425,BAL,WCHEN-L,-120,-116,8,8.5
425,TEX,CLEWIS-R,150,135,8,7.5
425,LAA,CWILSON-L,-170,-150,8,7.5
425,MIN,TMAY-R,140,138,7.5,7.5
425,SEA,JPAXTON-L,-160,-153,7.5,7.5
425,NYM,MHARVEY-R,-120,112,7,7
425,NYY,CSABATHIA-L,100,-122,7,7
426,WAS,GGONZALEZ-L,-114,-116,7,7.5
426,MIA,DHAREN-R,-106,106,7,7.5
426,CUB,JARRIETA-R,-125,-116,8,7
426,CIN,DESCLAFANI-R,105,106,8,7
426,ATL,TCAHILL-R,-102,-103,8.5,7.5
426,PHI,JWILLIAMS-R,-118,-107,8.5,7.5
426,STL,LLYNN-R,-145,-118,8,7
426,MIL,MFIERS-R,125,108,8,7
426,PIT,FLIRIANO-L,-145,-131,8,8.5
426,ARI,HELLICKSON-R,125,116,8,8.5
426,LOS,SBAKER-R,-105,116,7.5,7.5
426,SDG,BMORROW-R,-115,-131,7.5,7.5
426,CLE,CCARRASCO-R,-115,-105,8,8
426,DET,KLOBSTEIN-L,-105,-105,8,8
426,TOR,MBUEHRLE-L,130,135,7.5,7
426,TAM,CARCHER-R,-150,-150,7.5,7
426,BOS,WMILEY-L,-125,-102,9,8.5
426,BAL,BNORRIS-R,105,-108,9,8.5
426,KAN,EVOLQUEZ-R,-130,-115,8,8.5
426,CWS,JDANKS-L,110,105,8,8.5
426,TEX,NMARTINEZ-R,130,135,8,8
426,LAA,HSANTIAGO-L,-150,-150,8,8
426,HOU,AWOJCIECH-R,140,151,8,8
426,OAK,DPOMERANZ-L,-160,-171,8,8
426,MIN,KGIBSON-R,140,135,8,7.5
426,SEA,RELIAS-L,-160,-150,8,7.5
426,NYM,JNIESE-L,110,145,8,8
426,NYY,NEOVALDI-R,-130,-160,8,8
427,NYM,DGEE-R,-110,128,7,7.5
427,MIA,JCOSART-R,-110,-143,7,7.5
427,WAS,DFISTER-R,-135,-134,7,7
427,ATL,ESTULTS-L,115,119,7,7
427,MIL,JNELSON-R,-115,111,8,7
427,CIN,JMARQUIS-R,-105,-121,8,7
427,PIT,VWORLEY-R,120,109,7,7
427,CUB,JHAMMEL-R,-140,-119,7,7
427,PHI,CHAMELS-L,140,131,6.5,6.5
427,STL,JLACKEY-R,-160,-146,6.5,6.5
427,COL,TMATZEK-L,125,118,9,8.5
427,ARI,CANDERSON-R,-145,-133,9,8.5
427,SFO,TLINCECUM-R,130,143,7,7.5
427,LOS,BANDERSON-L,-150,-158,7,7.5
427,KAN,JVARGAS-L,150,130,7.5,6.5
427,CLE,CKLUBER-R,-170,-145,7.5,6.5
427,TOR,ASANCHEZ-R,140,127,9.5,9.5
427,BOS,JKELLY-R,-160,-142,9.5,9.5
427,TAM,NKARNS-R,120,111,8.5,8.5
427,NYY,AWARREN-R,-140,-121,8.5,8.5
427,SEA,TWALKER-R,100,104,9,8.5
427,TEX,YGALLARDO-R,-120,-114,9,8.5
427,DET,DPRICE-L,-160,-170,8,8
427,MIN,TMILONE-L,140,150,8,8
427,HOU,CMCHUGH-R,120,108,6.5,6
427,SDG,JSHIELDS-R,-140,-118,6.5,6
428,WAS,ACOLE-R,110,102,7,7
428,ATL,JTEHERAN-R,-130,-112,7,7
428,NYM,RMONTERO-R,115,111,8,7
428,MIA,DPHELPS-R,-135,-121,8,7
428,MIL,KLOHSE-R,170,175,7,6.5
428,CIN,JCUETO-R,-200,-195,7,6.5
428,PIT,JLOCKE-L,105,-110,7.5,8.5
428,CUB,TWOOD-L,-125,100,7.5,8.5
428,PHI,SGONZALEZ-R,180,185,7,7
428,STL,MWACHA-R,-210,-215,7,7
428,COL,KKENDRICK-R,130,104,9,9
428,ARI,ABRADLEY-R,-150,-114,9,9
428,SFO,BUMGARNER-L,155,165,6,6
428,LOS,CKERSHAW-L,-175,-185,6,6
428,KAN,JGUTHRIE-R,120,117,7.5,7.5
428,CLE,TBAUER-R,-140,-132,7.5,7.5
428,TOR,HUTCHISON-R,110,114,9,8.5
428,BOS,CBUCHHOLZ-R,-130,-124,9,8.5
428,TAM,JODORIZZI-R,100,-103,8,8
428,NYY,CWHITLEY-R,-120,-107,8,8
428,SEA,JHAPP-L,-125,-114,9,9
428,TEX,RDETWILER-L,105,104,9,9
428,DET,ASANCHEZ-R,-140,-140,8.5,9
428,MIN,MPELFREY-R,120,125,8.5,9
428,LAA,JWEAVER-R,130,133,7,7.5
428,OAK,SGRAY-R,-150,-148,7,7.5
428,HOU,RHERNANDE-R,140,145,7,7
428,SDG,TROSS-R,-160,-160,7,7
429,MIL,MGARZA-R,132,110,7.5,7.5
429,CIN,MLORENZEN-R,-152,-120,7.5,7.5
429,WAS,ZIMMERMAN-R,-120,-120,7,7
429,ATL,AWOOD-L,100,110,7,7
429,NYM,BCOLON-R,-105,-103,7.5,7.5
429,MIA,MLATOS-R,-115,-107,7.5,7.5
429,PIT,GCOLE-R,-114,-112,7,7
429,CUB,HENDRICKS-R,-106,102,7,7
429,PHI,AHARANG-R,153,173,7,7
429,STL,CMARTINEZ-R,-173,-203,7,7
429,COL,JLYLES-R,-109,103,9,9
429,ARI,COLLMENTER-R,-111,-113,9,9
429,SFO,VOGELSONG-R,160,186,7,7
429,LOS,ZGREINKE-R,-180,-216,7,7
429,TAM,DSMYLY-L,140,127,7.5,7.5
429,NYY,MPINEDA-R,-160,-142,7.5,7.5
429,DET,SGREENE-R,-115,-109,8.5,8.5
429,MIN,PHUGHES-R,-105,-101,8.5,8.5
429,KAN,YVENTURA-R,100,102,7,7
429,CLE,DSALAZAR-R,-120,-112,7,7
429,TOR,RDICKEY-R,105,144,9,9
429,BOS,RPORCELLO-R,-125,-159,9,9
429,CWS,SAMARDZIJA-R,100,-105,8,8
429,BAL,UJIMENEZ-R,-120,-105,8,8
429,SEA,FHERNANDZ-R,-170,-159,7.5,8
429,TEX,WRODRIGEZ-L,150,144,7.5,8
429,LAA,SHOEMAKER-R,100,102,7.5,7.5
429,OAK,JHAHN-R,-120,-112,7.5,7.5
429,HOU,DKEUCHEL-L,-105,109,6.5,7
429,SDG,ACASHNER-R,-115,-119,6.5,7
430,PHI,DBUCHANAN-R,155,200,8,7.5
430,STL,TCOONEY-L,-175,-240,8,7.5
430,WAS,STRASBURG-R,105,-119,7,6.5
430,NYM,JDEGROM-R,-125,109,7,6.5
430,CIN,MLEAKE-R,-103,-119,7,7
430,ATL,SMILLER-R,-117,109,7,7
430,LAA,GRICHARDS-R,-105,109,7.5,8
430,OAK,JCHAVEZ-R,-115,-119,7.5,8
430,TOR,DNORRIS-L,-115,-134,8.5,8.5
430,CLE,THOUSE-L,-105,119,8.5,8.5
430,CWS,CSALE-L,-150,-152,7,7
430,MIN,TMAY-R,130,137,7,7
430,SEA,JPAXTON-L,110,-106,8,9
430,HOU,SFELDMAN-R,-130,-104,8,9
430,DET,ASIMON-R,-115,111,8,8.5
430,KAN,DDUFFY-L,-105,-121,8,8.5
501,MIL,WPERALTA-R,150,172,7.5,7.5
501,CUB,JLESTER-L,-170,-192,7.5,7.5
501,WAS,MSCHERZER-R,100,104,6,6
501,NYM,MHARVEY-R,-120,-114,6,6
501,PHI,JWILLIAMS-R,145,137,8,8
501,MIA,TKOEHLER-R,-165,-152,8,8
501,CIN,DESCLAFANI-R,-120,-121,7.5,7
501,ATL,FOLTYNEWCZ-R,100,111,7.5,7
501,PIT,ABURNETT-R,120,132,7.5,7.5
501,STL,LLYNN-R,-140,-147,7.5,7.5
501,ARI,DELAROSA-R,130,138,8,7.5
501,LOS,CFRIAS-R,-150,-153,8,7.5
501,COL,EBUTLER-R,130,129,7,7.5
501,SDG,IKENNEDY-R,-150,-144,7,7.5
501,TAM,ACOLOME-R,-125,-105,8,8
501,BAL,CTILLMAN-R,105,-105,8,8
501,TOR,MBUEHRLE-L,110,125,8,7.5
501,CLE,CCARRASCO-R,-130,-140,8,7.5
501,NYY,CSABATHIA-L,110,109,8.5,9
501,BOS,MASTERSON-R,-130,-119,8.5,9
501,OAK,SKAZMIR-L,-135,-145,8.5,8.5
501,TEX,CLEWIS-R,115,130,8.5,8.5
501,SEA,RELIAS-L,100,-109,8.5,9
501,HOU,SDEDUNO-R,-120,-101,8.5,9
501,DET,KLOBSTEIN-L,100,105,8.5,8.5
501,KAN,CYOUNG-R,-120,-115,8.5,8.5
501,CWS,JQUINTANA-L,-113,-112,8,8.5
501,MIN,KGIBSON-R,-107,102,8,8.5
501,LAA,CWILSON-L,105,103,7,7.5
501,SFO,CHESTON-R,-125,-113,7,7.5
502,PIT,FLIRIANO-L,100,-102,7,7
502,STL,JLACKEY-R,-120,-108,7,7
502,MIL,MFIERS-R,165,156,8,8
502,CUB,JARRIETA-R,-185,-176,8,8
502,PHI,CHAMELS-L,105,100,7,7
502,MIA,DHAREN-R,-125,-110,7,7
502,WAS,GGONZALEZ-L,-114,-133,7,7
502,NYM,JNIESE-L,-106,118,7,7
502,CIN,JMARQUIS-R,-110,-112,7.5,7.5
502,ATL,ESTULTS-L,-110,102,7.5,7.5
502,COL,DELAROSA-L,120,125,7,7
502,SDG,BMORROW-R,-140,-140,7,7
502,ARI,HELLICKSON-R,140,135,8,8
502,LOS,SBAKER-R,-160,-150,8,8
502,NYY,NEOVALDI-R,100,117,9.5,8.5
502,BOS,WMILEY-L,-120,-132,9.5,8.5
502,CWS,HNOESI-R,-114,109,9,9.5
502,MIN,RNOLASCO-R,-106,-119,9,9.5
502,TOR,ASANCHEZ-R,137,163,7.5,7.5
502,CLE,CKLUBER-R,-157,-183,7.5,7.5
502,TAM,CARCHER-R,-138,-119,7,7
502,BAL,MGONZALEZ-R,118,109,7,7
502,SEA,TWALKER-R,128,127,7.5,8
502,HOU,CMCHUGH-R,-148,-142,7.5,8
502,DET,DPRICE-L,-114,-126,7.5,7.5
502,KAN,EVOLQUEZ-R,-106,116,7.5,7.5
502,OAK,DPOMERANZ-L,-111,-123,8.5,8.5
502,TEX,NMARTINEZ-R,-109,113,8.5,8.5
502,LAA,HSANTIAGO-L,-105,103,7.5,7.5
502,SFO,THUDSON-R,-115,-113,7.5,7.5
503,WAS,DFISTER-R,-110,-109,7,7.5
503,NYM,DGEE-R,-110,-101,7,7.5
503,PHI,SGONZALEZ-R,165,155,8,7.5
503,MIA,JCOSART-R,-185,-175,8,7.5
503,CIN,JCUETO-R,-140,-148,6.5,6.5
503,ATL,JTEHERAN-R,120,133,6.5,6.5
503,PIT,VWORLEY-R,155,137,7.5,7.5
503,STL,MWACHA-R,-175,-152,7.5,7.5
503,MIL,JNELSON-R,150,132,10.5,10
503,CUB,JHAMMEL-R,-170,-147,10.5,10
503,ARI,CANDERSON-R,140,126,8,7.5
503,LOS,BANDERSON-L,-160,-141,8,7.5
503,COL,KKENDRICK-R,160,170,7,7
503,SDG,JSHIELDS-R,-180,-200,7,7
503,TOR,HUTCHISON-R,110,112,8,8.5
503,CLE,TBAUER-R,-130,-122,8,8.5
503,TAM,NKARNS-R,-112,-103,7.5,7.5
503,BAL,WCHEN-L,-108,-107,7.5,7.5
503,CWS,JDANKS-L,115,112,8.5,10
503,MIN,MPELFREY-R,-135,-122,8.5,10
503,SEA,JHAPP-L,-105,-122,8.5,9
503,HOU,RHERNANDE-R,-105,112,8.5,9
503,DET,ASANCHEZ-R,-115,-118,8.5,8.5
503,KAN,JGUTHRIE-R,-105,108,8.5,8.5
503,OAK,SGRAY-R,-160,-114,8,8.5
503,TEX,YGALLARDO-R,140,104,8,8.5
503,NYY,AWARREN-R,120,130,8.5,9
503,BOS,JKELLY-R,-140,-145,8.5,9
503,LAA,JWEAVER-R,-115,-105,7.5,7.5
503,SFO,TLINCECUM-R,-105,-105,7.5,7.5
504,MIA,DPHELPS-R,135,145,7,8
504,WAS,ZIMMERMAN-R,-155,-160,7,8
504,PHI,AHARANG-R,130,133,7,7
504,ATL,AWOOD-L,-150,-148,7,7
504,LOS,CKERSHAW-L,-180,-175,7,7
504,MIL,KLOHSE-R,160,155,7,7
504,CUB,TWOOD-L,140,126,7,7.5
504,STL,CMARTINEZ-R,-160,-141,7,7.5
504,SDG,TROSS-R,140,135,6.5,6.5
504,SFO,BUMGARNER-L,-160,-150,6.5,6.5
504,NYY,CWHITLEY-R,110,109,9,8.5
504,TOR,RDICKEY-R,-130,-119,9,8.5
504,TAM,JODORIZZI-R,110,125,8.5,8.5
504,BOS,CBUCHHOLZ-R,-130,-140,8.5,8.5
504,OAK,JHAHN-R,-112,103,8,8
504,MIN,PHUGHES-R,-108,-113,8,8
504,TEX,RDETWILER-L,175,180,7.5,8.5
504,HOU,DKEUCHEL-L,-205,-210,7.5,8.5
504,SEA,FHERNANDZ-R,-140,-140,7,7.5
504,LAA,SHOEMAKER-R,120,125,7,7.5
505,MIA,MLATOS-R,145,156,7,7
505,WAS,STRASBURG-R,-165,-176,7,7
505,CIN,MLORENZEN-R,130,127,8,7.5
505,PIT,JLOCKE-L,-150,-142,8,7.5
505,PHI,BILLINGSLY-R,140,130,7.5,7.5
505,ATL,SMILLER-R,-160,-145,7.5,7.5
505,LOS,ZGREINKE-R,-160,-140,7.5,7.5
505,MIL,MGARZA-R,140,125,7.5,7.5
505,CUB,HENDRICKS-R,110,127,8,8
505,STL,TLYONS-L,-130,-142,8,8
505,SDG,ACASHNER-R,-115,-115,7,7
505,SFO,VOGELSONG-R,-105,105,7,7
505,NYY,MPINEDA-R,-120,-115,8.5,8
505,TOR,MESTRADA-R,100,105,8.5,8
505,TAM,DSMYLY-L,115,105,8.5,7.5
505,BOS,RPORCELLO-R,-135,-115,8.5,7.5
505,TEX,WRODRIGEZ-L,145,140,8.5,8.5
505,HOU,SFELDMAN-R,-165,-155,8.5,8.5
505,OAK,JCHAVEZ-R,-120,-109,8.5,8.5
505,MIN,TMAY-R,100,-101,8.5,8.5
505,DET,SGREENE-R,100,-103,8.5,8
505,CWS,SAMARDZIJA-R,-120,-107,8.5,8
505,CLE,DSALAZAR-R,100,112,8,7.5
505,KAN,JVARGAS-L,-120,-122,8,7.5
505,SEA,JPAXTON-L,130,125,7.5,8
505,LAA,GRICHARDS-R,-150,-140,7.5,8
505,BAL,BNORRIS-R,125,109,7,7
505,NYM,BCOLON-R,-145,-119,7,7
506,MIA,TKOEHLER-R,170,183,7,7
506,WAS,MSCHERZER-R,-200,-213,7,7
506,ARI,COLLMENTER-R,130,110,10.5,10.5
506,COL,TMATZEK-L,-150,-120,10.5,10.5
506,SDG,IKENNEDY-R,105,119,7,7
506,SFO,CHESTON-R,-125,-129,7,7
506,CIN,MLEAKE-R,140,150,7,7
506,PIT,GCOLE-R,-160,-170,7,7
506,PHI,JWILLIAMS-R,115,130,7.5,7.5
506,ATL,FOLTYNEWCZ-R,-135,-145,7.5,7.5
506,LOS,JWIELAND-R,-120,-118,8,8.5
506,MIL,WPERALTA-R,100,108,8,8.5
506,CUB,JLESTER-L,110,118,7,7
506,STL,LLYNN-R,-130,-128,7,7
506,NYY,CSABATHIA-L,-114,119,8.5,9
506,TOR,MBUEHRLE-L,-106,-134,8.5,9
506,TAM,ACOLOME-R,115,114,8.5,9
506,BOS,MASTERSON-R,-135,-124,8.5,9
506,TEX,CLEWIS-R,120,117,8.5,9
506,HOU,SDEDUNO-R,-140,-132,8.5,9
506,OAK,SKAZMIR-L,-125,-153,8,8
506,MIN,KGIBSON-R,105,138,8,8
506,CLE,CCARRASCO-R,115,125,7.5,7
506,KAN,DDUFFY-L,-135,-140,7.5,7
506,DET,ASIMON-R,125,135,7.5,8.5
506,CWS,CSALE-L,-145,-150,7.5,8.5
506,SEA,RELIAS-L,120,135,7.5,8.5
506,LAA,CWILSON-L,-140,-150,7.5,8.5
506,BAL,UJIMENEZ-R,105,100,7,6.5
506,NYM,JDEGROM-R,-125,-110,7,6.5
506,ARI,RRAY-L,130,115,10.5,10.5
506,COL,JLYLES-R,-150,-130,10.5,10.5
507,LOS,CFRIAS-R,156,-108,7,8
507,MIL,MFIERS-R,-176,-102,7,8
507,CUB,JARRIETA-R,122,104,7.5,7.5
507,STL,JLACKEY-R,-142,-114,7.5,7.5
507,CIN,DESCLAFANI-R,125,119,7.5,7
507,PIT,ABURNETT-R,-145,-129,7.5,7
507,SDG,DESPAIGNE-R,-140,109,7.5,9
507,ARI,DELAROSA-R,120,-119,7.5,9
507,MIA,DHAREN-R,122,129,8,7
507,SFO,THUDSON-R,-142,-144,8,7
507,OAK,DPOMERANZ-L,103,104,10,8
507,MIN,RNOLASCO-R,-123,-114,10,8
507,DET,KLOBSTEIN-L,-115,105,7,10
507,CWS,JQUINTANA-L,-105,-115,7,10
507,CLE,CKLUBER-R,-115,-113,8,7.5
507,KAN,EVOLQUEZ-R,-105,103,8,7.5
507,BAL,CTILLMAN-R,-105,115,7.5,8.5
507,NYY,NEOVALDI-R,-115,-130,7.5,8.5
507,TEX,NMARTINEZ-R,134,150,8.5,7
507,TAM,CARCHER-R,-154,-170,8.5,7
507,HOU,CMCHUGH-R,-109,-110,8.5,7.5
507,LAA,HSANTIAGO-L,-111,100,8.5,7.5
508,ATL,ESTULTS-L,170,185,7.5,7.5
508,WAS,GGONZALEZ-L,-200,-215,7.5,7.5
508,NYM,MHARVEY-R,-140,-131,6.5,7
508,PHI,CHAMELS-L,120,116,6.5,7
508,STL,MWACHA-R,100,100,7,7
508,PIT,FLIRIANO-L,-120,-110,7,7
508,CUB,JHAMMEL-R,-105,100,7.5,8
508,MIL,JNELSON-R,-115,-110,7.5,8
508,LOS,BANDERSON-L,-135,-134,10.5,10
508,COL,EBUTLER-R,115,119,10.5,10
508,SDG,JSHIELDS-R,-125,-118,8.5,8.5
508,ARI,HELLICKSON-R,105,108,8.5,8.5
508,MIA,JCOSART-R,115,-105,7,7
508,SFO,TLINCECUM-R,-135,-105,7,7
508,KAN,YVENTURA-R,145,140,7.5,7.5
508,DET,DPRICE-L,-165,-155,7.5,7.5
508,BAL,MGONZALEZ-R,105,107,8.5,8.5
508,NYY,AWARREN-R,-125,-117,8.5,8.5
508,MIN,MPELFREY-R,130,152,8.5,9
508,CLE,TBAUER-R,-150,-172,8.5,9
508,BOS,WMILEY-L,100,119,9.5,9
508,TOR,ASANCHEZ-R,-120,-134,9.5,9
508,TEX,YGALLARDO-R,110,110,7.5,7.5
508,TAM,NKARNS-R,-130,-120,7.5,7.5
508,HOU,RHERNANDE-R,115,115,8.5,8.5
508,LAA,JWEAVER-R,-135,-125,8.5,8.5
508,OAK,SGRAY-R,-130,-119,7,8
508,SEA,TWALKER-R,110,109,7,8
509,ATL,JTEHERAN-R,140,135,7,7.5
509,WAS,DFISTER-R,-160,-150,7,7.5
509,STL,CMARTINEZ-R,-114,107,7.5,7.5
509,PIT,VWORLEY-R,-106,-117,7.5,7.5
509,NYM,JNIESE-L,-120,-113,7.5,7.5
509,PHI,AHARANG-R,100,103,7.5,7.5
509,CUB,TWOOD-L,-115,-105,8.5,8.5
509,MIL,KLOHSE-R,-105,-105,8.5,8.5
509,SDG,TROSS-R,-106,-101,8.5,8
509,ARI,CANDERSON-R,-114,-109,8.5,8
509,MIA,DPHELPS-R,155,141,6.5,7
509,SFO,BUMGARNER-L,-175,-156,6.5,7
509,KAN,JGUTHRIE-R,140,136,8.5,8.5
509,DET,ASANCHEZ-R,-160,-151,8.5,8.5
509,BOS,JKELLY-R,110,107,9,9
509,TOR,HUTCHISON-R,-130,-117,9,9
509,BAL,WCHEN-L,110,107,8.5,7.5
509,NYY,CWHITLEY-R,-130,-117,8.5,7.5
509,MIN,PHUGHES-R,-105,115,9,8.5
509,CLE,BCHEN-L,-115,-130,9,8.5
509,TEX,RDETWILER-L,145,126,7.5,8
509,TAM,MANDRIESE-R,-165,-141,7.5,8
509,HOU,DKEUCHEL-L,-115,-105,7,7
509,LAA,SHOEMAKER-R,-105,-105,7,7
509,OAK,JHAHN-R,105,119,7.5,7.5
509,SEA,JHAPP-L,-125,-134,7.5,7.5
509,CIN,JMARQUIS-R,-135,126,7.5,8.5
509,CWS,CRODON-L,115,-141,7.5,8.5
509,CIN,JCUETO-R,-146,-114,7.5,7.5
509,CWS,HNOESI-R,126,104,7.5,7.5
510,ATL,AWOOD-L,150,148,7.5,7.5
510,WAS,ZIMMERMAN-R,-170,-163,7.5,7.5
510,NYM,BCOLON-R,-160,-122,8,8
510,PHI,BILLINGSLY-R,140,112,8,8
510,STL,TLYONS-L,-105,-103,7.5,7.5
510,PIT,JLOCKE-L,-115,-107,7.5,7.5
510,CUB,HENDRICKS-R,-115,-110,8.5,8.5
510,MIL,MGARZA-R,-105,100,8.5,8.5
510,MIA,MLATOS-R,-111,-103,7.5,7
510,SFO,VOGELSONG-R,-109,-107,7.5,7
510,LOS,CKERSHAW-L,-180,-163,10,7.5
510,COL,DELAROSA-L,160,148,10,7.5
510,SDG,ACASHNER-R,150,-109,9,8.5
510,ARI,DHUDSON-R,-170,-101,9,8.5
510,MIN,TMAY-R,130,152,8.5,8
510,CLE,DSALAZAR-R,-150,-172,8.5,8
510,BOS,CBUCHHOLZ-R,105,-115,9,9
510,TOR,RDICKEY-R,-125,105,9,9
510,BAL,BNORRIS-R,155,161,8,8
510,NYY,MPINEDA-R,-175,-181,8,8
510,TEX,WRODRIGEZ-L,150,145,7.5,7
510,TAM,JODORIZZI-R,-170,-160,7.5,7
510,HOU,SFELDMAN-R,140,145,7.5,8.5
510,LAA,GRICHARDS-R,-160,-160,7.5,8.5
510,OAK,JCHAVEZ-R,155,150,7,6.5
510,SEA,FHERNANDZ-R,-175,-170,7,6.5
510,KAN,CYOUNG-R,100,-109,8.5,8.5
510,DET,SGREENE-R,-120,-101,8.5,8.5
510,CIN,MLORENZEN-R,100,105,9.5,8.5
510,CWS,JDANKS-L,-120,-115,9.5,8.5
511,PIT,GCOLE-R,-175,-172,7,7.5
511,PHI,JWILLIAMS-R,155,152,7,7.5
511,ATL,SMILLER-R,120,125,8,7.5
511,CIN,MLEAKE-R,-140,-140,8,7.5
511,NYM,JDEGROM-R,120,135,9,9
511,CUB,JLESTER-L,-140,-150,9,9
511,WAS,MSCHERZER-R,-135,-155,8.5,8
511,ARI,COLLMENTER-R,115,140,8.5,8
511,MIA,TKOEHLER-R,200,201,7,7
511,LOS,ZGREINKE-R,-230,-231,7,7
511,TOR,MESTRADA-R,110,110,8.5,8.5
511,BAL,UJIMENEZ-R,-130,-120,8.5,8.5
511,NYY,CSABATHIA-L,105,101,7,7.5
511,TAM,ACOLOME-R,-125,-111,7,7.5
511,KAN,DDUFFY-L,-130,-148,8.5,8
511,TEX,CLEWIS-R,110,133,8.5,8
511,BOS,RPORCELLO-R,110,111,7.5,7.5
511,OAK,SKAZMIR-L,-130,-121,7.5,7.5
511,CWS,SAMARDZIJA-R,-106,100,8,8
511,MIL,WPERALTA-R,-114,-110,8,8
512,PIT,ABURNETT-R,-162,-150,8,9
512,PHI,O'SULLIVAN-R,142,135,8,9
512,ATL,FOLTYNEWCZ-R,130,125,8,8
512,CIN,DESCLAFANI-R,-150,-140,8,8
512,NYM,NSYNDERGA-R,125,130,7.5,7
512,CUB,JARRIETA-R,-145,-145,7.5,7
512,WAS,STRASBURG-R,-140,-140,8.5,8.5
512,ARI,DELAROSA-R,120,125,8.5,8.5
512,MIA,DHAREN-R,105,142,7.5,7.5
512,LOS,BOLSINGER-R,-125,-157,7.5,7.5
512,MIN,KGIBSON-R,130,135,8.5,9
512,DET,ASIMON-R,-150,-150,8.5,9
512,TOR,MBUEHRLE-L,110,117,8.5,9.5
512,BAL,CTILLMAN-R,-130,-127,8.5,9.5
512,NYY,NEOVALDI-R,115,113,7.5,7
512,TAM,CARCHER-R,-135,-123,7.5,7
512,KAN,EVOLQUEZ-R,-125,-133,8.5,9
512,TEX,NMARTINEZ-R,105,118,8.5,9
512,BOS,MASTERSON-R,-105,108,8,8
512,OAK,DPOMERANZ-L,-115,-118,8,8
512,STL,LLYNN-R,-114,119,8,7.5
512,CLE,CCARRASCO-R,-106,-134,8,7.5
512,SFO,CHESTON-R,115,145,8,8
512,HOU,CMCHUGH-R,-135,-160,8,8
512,CWS,CSALE-L,-130,-109,7.5,7.5
512,MIL,MFIERS-R,110,-101,7.5,7.5
512,COL,KKENDRICK-R,170,163,8,8
512,LAA,CWILSON-L,-190,-183,8,8
512,SDG,IKENNEDY-R,110,120,7.5,7.5
512,SEA,JPAXTON-L,-130,-135,7.5,7.5
513,WAS,GGONZALEZ-L,-145,-123,8.5,9
513,ARI,HELLICKSON-R,125,113,8.5,9
513,PIT,FLIRIANO-L,-125,-127,7,6.5
513,PHI,CHAMELS-L,105,117,7,6.5
513,ATL,ESTULTS-L,125,119,8,7.5
513,CIN,RIGLESIAS-R,-145,-134,8,7.5
513,MIA,JCOSART-R,125,147,7.5,7.5
513,LOS,CFRIAS-R,-145,-162,7.5,7.5
513,NYM,MHARVEY-R,-120,-106,6.5,6.5
513,CUB,JHAMMEL-R,100,-104,6.5,6.5
513,BOS,WMILEY-L,130,126,7.5,7.5
513,OAK,SGRAY-R,-150,-141,7.5,7.5
513,TOR,ASANCHEZ-R,105,115,8.5,9
513,BAL,MGONZALEZ-R,-125,-125,8.5,9
513,MIN,RNOLASCO-R,130,111,9,8.5
513,DET,KLOBSTEIN-L,-150,-121,9,8.5
513,NYY,AWARREN-R,-105,-105,7.5,7.5
513,TAM,NKARNS-R,-115,-105,7.5,7.5
513,KAN,YVENTURA-R,-130,-127,8,8
513,TEX,YGALLARDO-R,110,117,8,8
513,STL,JLACKEY-R,105,125,7.5,7
513,CLE,CKLUBER-R,-125,-140,7.5,7
513,SFO,THUDSON-R,100,115,8.5,8.5
513,HOU,OBERHOLTZR-L,-120,-130,8.5,8.5
513,CWS,JQUINTANA-L,105,110,8,7
513,MIL,JNELSON-R,-125,-120,8,7
513,COL,JLYLES-R,145,147,8,8
513,LAA,HSANTIAGO-L,-165,-162,8,8
513,SDG,JSHIELDS-R,-115,127,7.5,7
513,SEA,TWALKER-R,-105,-142,7.5,7
514,PIT,VWORLEY-R,-135,-122,8,7.5
514,PHI,AHARANG-R,115,112,8,7.5
514,NYM,JNIESE-L,110,134,7.5,7.5
514,CUB,TWOOD-L,-130,-149,7.5,7.5
514,SFO,TLINCECUM-R,145,151,7,7
514,CIN,JCUETO-R,-165,-171,7,7
514,WAS,DFISTER-R,-113,108,6.5,6.5
514,SDG,TROSS-R,-107,-118,6.5,6.5
514,COL,CBETTIS-R,170,185,7.5,7.5
514,LOS,BANDERSON-L,-190,-215,7.5,7.5
514,MIN,MPELFREY-R,145,170,8.5,8
514,DET,ASANCHEZ-R,-165,-200,8.5,8
514,KAN,JGUTHRIE-R,-125,-106,9.5,9
514,TEX,RDETWILER-L,105,-104,9.5,9
514,NYY,CWHITLEY-R,-115,-132,8,7.5
514,TAM,ERAMIREZ-R,-105,117,8,7.5
514,TOR,HUTCHISON-R,-105,-105,9,9
514,HOU,RHERNANDE-R,-105,-105,9,9
514,BOS,JKELLY-R,105,-101,7.5,7.5
514,SEA,RELIAS-L,-125,-109,7.5,7.5
514,STL,MWACHA-R,-120,-110,7.5,7.5
514,CLE,TBAUER-R,100,100,7.5,7.5
515,PIT,JLOCKE-L,115,116,9,9.5
515,CUB,HENDRICKS-R,-135,-131,9,9.5
515,ARI,CANDERSON-R,-130,-113,8.5,7.5
515,PHI,BILLINGSLY-R,110,103,8.5,7.5
515,MIL,KLOHSE-R,140,113,7.5,7
515,NYM,BCOLON-R,-160,-123,7.5,7
515,SFO,BUMGARNER-L,-160,-131,7.5,7.5
515,CIN,JMARQUIS-R,140,116,7.5,7.5
515,ATL,JTEHERAN-R,120,118,7.5,7.5
515,MIA,DPHELPS-R,-140,-133,7.5,7.5
515,COL,EBUTLER-R,275,290,6.5,6.5
515,LOS,CKERSHAW-L,-325,-340,6.5,6.5
515,WAS,ZIMMERMAN-R,-125,-133,7,7
515,SDG,DESPAIGNE-R,105,118,7,7
515,LAA,JWEAVER-R,115,102,8.5,9
515,BAL,WCHEN-L,-135,-112,8.5,9
515,CLE,BCHEN-L,110,120,9,9.5
515,TEX,WRODRIGEZ-L,-130,-135,9,9.5
515,TOR,RDICKEY-R,130,105,8,8.5
515,HOU,DKEUCHEL-L,-150,-115,8,8.5
515,NYY,MPINEDA-R,-120,-116,7,7
515,KAN,CYOUNG-R,100,106,7,7
515,TAM,JODORIZZI-R,-115,-110,8,7.5
515,MIN,PHUGHES-R,-105,100,8,7.5
515,CWS,CRODON-L,105,111,7,7
515,OAK,JHAHN-R,-125,-121,7,7
515,BOS,CBUCHHOLZ-R,-110,101,7,7.5
515,SEA,JHAPP-L,-110,-111,7,7.5
515,DET,SGREENE-R,115,128,8,8
515,STL,CMARTINEZ-R,-135,-143,8,8
516,ATL,AWOOD-L,120,116,7.5,7
516,MIA,MLATOS-R,-140,-126,7.5,7
516,PIT,GCOLE-R,105,-112,7.5,8.5
516,CUB,JLESTER-L,-125,102,7.5,8.5
516,ARI,ABRADLEY-R,-125,-119,8,8
516,PHI,JWILLIAMS-R,105,109,8,8
516,MIL,MGARZA-R,130,119,7,7
516,NYM,JDEGROM-R,-150,-134,7,7
516,SFO,VOGELSONG-R,120,125,8,8
516,CIN,MLEAKE-R,-140,-140,8,8
516,WAS,MSCHERZER-R,-130,-129,6.5,6
516,SDG,ACASHNER-R,110,119,6.5,6
516,COL,DELAROSA-L,210,170,6.5,6.5
516,LOS,ZGREINKE-R,-250,-190,6.5,6.5
516,TAM,ACOLOME-R,-105,-105,8.5,8
516,MIN,TMAY-R,-115,-105,8.5,8
516,LAA,SHOEMAKER-R,-105,119,9,9
516,BAL,UJIMENEZ-R,-115,-129,9,9
516,TOR,MESTRADA-R,100,104,9,9
516,HOU,SFELDMAN-R,-120,-114,9,9
516,NYY,CSABATHIA-L,100,119,8,7.5
516,KAN,DDUFFY-L,-120,-129,8,7.5
516,CLE,DSALAZAR-R,-115,-152,8.5,9
516,TEX,CLEWIS-R,-105,137,8.5,9
516,CWS,JDANKS-L,125,136,7.5,7
516,OAK,JCHAVEZ-R,-145,-151,7.5,7
516,BOS,RPORCELLO-R,155,160,6.5,6.5
516,SEA,FHERNANDZ-R,-175,-180,6.5,6.5
516,DET,DPRICE-L,-125,-108,8,7.5
516,STL,TLYONS-L,105,-102,8,7.5
517,ATL,SMILLER-R,110,118,7,7
517,MIA,HALVAREZ-R,-130,-128,7,7
517,SFO,CHESTON-R,-105,-108,8.5,8.5
517,CIN,DESCLAFANI-R,-115,-102,8.5,8.5
517,MIL,WPERALTA-R,105,119,7.5,7.5
517,NYM,NSYNDERGA-R,-125,-134,7.5,7.5
517,ARI,COLLMENTER-R,-125,-134,9,8
517,PHI,O'SULLIVAN-R,105,119,9,8
517,PIT,ABURNETT-R,115,129,10.5,10
517,CUB,JARRIETA-R,-135,-144,10.5,10
517,WAS,STRASBURG-R,-135,-127,7.5,6.5
517,SDG,IKENNEDY-R,115,117,7.5,6.5
517,COL,KKENDRICK-R,185,190,8.5,8
517,LOS,BOLSINGER-R,-215,-220,8.5,8
517,LAA,GRICHARDS-R,-124,-120,8.5,8.5
517,BAL,MWRIGHT-R,104,110,8.5,8.5
517,NYY,CCAPUANO-L,130,111,8.5,8
517,KAN,EVOLQUEZ-R,-150,-121,8.5,8
517,TAM,CARCHER-R,-120,-125,7.5,8
517,MIN,KGIBSON-R,100,115,7.5,8
517,TOR,MBUEHRLE-L,125,133,8.5,8
517,HOU,CMCHUGH-R,-145,-148,8.5,8
517,CLE,CCARRASCO-R,-120,-140,8.5,9.5
517,TEX,NMARTINEZ-R,100,125,8.5,9.5
517,CWS,SAMARDZIJA-R,120,127,7.5,7
517,OAK,SKAZMIR-L,-140,-142,7.5,7
517,BOS,SWRIGHT-R,145,124,8,7.5
517,SEA,JPAXTON-L,-165,-139,8,7.5
517,DET,ASIMON-R,125,139,7.5,8
517,STL,LLYNN-R,-145,-154,7.5,8
518,STL,JLACKEY-R,120,130,6.5,6
518,NYM,MHARVEY-R,-140,-145,6.5,6
518,ARI,DELAROSA-R,120,112,8,8
518,MIA,DHAREN-R,-140,-122,8,8
518,PHI,CHAMELS-L,-114,-110,9,9
518,COL,JLYLES-R,-106,100,9,9
518,LAA,CWILSON-L,-111,-103,9,9.5
518,TOR,TREDMOND-R,-109,-107,9,9.5
518,OAK,DPOMERANZ-L,110,106,8.5,8.5
518,HOU,MCCULLERS-R,-130,-116,8.5,8.5
518,CLE,CKLUBER-R,105,135,7.5,7
518,CWS,CSALE-L,-125,-150,7.5,7
518,MIL,MFIERS-R,130,106,8.5,9
518,DET,KLOBSTEIN-L,-150,-116,8.5,9
519,ARI,HELLICKSON-R,125,119,8,8.5
519,MIA,TKOEHLER-R,-145,-134,8,8.5
519,STL,MWACHA-R,-130,-122,7,7.5
519,NYM,JNIESE-L,110,112,7,7.5
519,PHI,AHARANG-R,-105,106,10,9
519,COL,CBETTIS-R,-115,-116,10,9
519,CUB,JHAMMEL-R,105,113,6.5,6.5
519,SDG,JSHIELDS-R,-125,-123,6.5,6.5
519,LOS,CFRIAS-R,-114,-119,7.5,7
519,SFO,THUDSON-R,-106,109,7.5,7
519,LAA,HSANTIAGO-L,100,110,9,10
519,TOR,ASANCHEZ-R,-120,-120,9,10
519,SEA,TWALKER-R,115,114,8.5,8.5
519,BAL,MGONZALEZ-R,-135,-124,8.5,8.5
519,TEX,YGALLARDO-R,130,145,9,9
519,BOS,WMILEY-L,-150,-160,9,9
519,OAK,SGRAY-R,-130,-144,8,8.5
519,HOU,RHERNANDE-R,110,129,8,8.5
519,CLE,TBAUER-R,100,131,7.5,7.5
519,CWS,JQUINTANA-L,-120,-146,7.5,7.5
519,NYY,NEOVALDI-R,125,118,7.5,7.5
519,WAS,GGONZALEZ-L,-145,-128,7.5,7.5
519,MIN,RNOLASCO-R,150,148,7.5,7.5
519,PIT,FLIRIANO-L,-170,-163,7.5,7.5
519,MIL,JNELSON-R,140,144,8,7.5
519,DET,ASANCHEZ-R,-160,-159,8,7.5
519,TAM,ERAMIREZ-R,-105,-106,7.5,7.5
519,ATL,FOLTYNEWCZ-R,-115,-104,7.5,7.5
519,CIN,JCUETO-R,-113,111,7,6.5
519,KAN,YVENTURA-R,-107,-121,7,6.5
520,ARI,CANDERSON-R,115,115,7.5,7.5
520,MIA,DPHELPS-R,-135,-130,7.5,7.5
520,STL,CMARTINEZ-R,-105,-127,7,7
520,NYM,BCOLON-R,-115,117,7,7
520,PHI,SGONZALEZ-R,120,119,10.5,10
520,COL,EBUTLER-R,-140,-134,10.5,10
520,CUB,TWADA-L,110,126,6.5,7
520,SDG,TROSS-R,-130,-141,6.5,7
520,LOS,BANDERSON-L,-120,-140,7,7
520,SFO,TLINCECUM-R,100,125,7,7
520,OAK,JHAHN-R,140,136,8,7
520,HOU,DKEUCHEL-L,-160,-151,8,7
520,LAA,JWEAVER-R,-105,118,9,9
520,TOR,HUTCHISON-R,-115,-128,9,9
520,SEA,RELIAS-L,115,125,8.5,8
520,BAL,WCHEN-L,-135,-140,8.5,8
520,TEX,PKLEIN-R,150,150,9,9
520,BOS,JKELLY-R,-170,-170,9,9
520,CLE,SMARCUM-R,125,146,8.5,8.5
520,CWS,CRODON-L,-145,-161,8.5,8.5
520,MIN,MPELFREY-R,130,126,8,7.5
520,PIT,JLOCKE-L,-150,-141,8,7.5
520,NYY,AWARREN-R,125,140,7.5,7
520,WAS,ZIMMERMAN-R,-145,-155,7.5,7
520,MIL,KLOHSE-R,130,126,8.5,7.5
520,DET,SGREENE-R,-150,-141,8.5,7.5
520,TAM,JODORIZZI-R,-135,-130,7.5,7.5
520,ATL,WPEREZ-R,115,115,7.5,7.5
520,CIN,JMARQUIS-R,130,143,8.5,7.5
520,KAN,JGUTHRIE-R,-150,-158,8.5,7.5
521,ARI,ABRADLEY-R,110,127,8,7.5
521,MIA,MLATOS-R,-130,-142,8,7.5
521,STL,JGARCIA-L,105,-103,7.5,7
521,NYM,JDEGROM-R,-125,-107,7.5,7
521,PHI,JWILLIAMS-R,130,150,10,9
521,COL,DELAROSA-L,-150,-170,10,9
521,LOS,CKERSHAW-L,-130,-130,6,5.5
521,SFO,BUMGARNER-L,110,115,6,5.5
521,MIL,MGARZA-R,110,110,7.5,7
521,ATL,JTEHERAN-R,-130,-120,7.5,7
521,CUB,HENDRICKS-R,-105,-114,7,7
521,SDG,DESPAIGNE-R,-115,104,7,7
521,SEA,JHAPP-L,105,-103,8,8.5
521,BAL,CTILLMAN-R,-125,-107,8,8.5
521,HOU,SFELDMAN-R,150,138,8,8
521,DET,DPRICE-L,-170,-153,8,8
521,LAA,SHOEMAKER-R,105,-112,9,9
521,TOR,RDICKEY-R,-125,102,9,9
521,OAK,JCHAVEZ-R,105,-110,7.5,7
521,TAM,ACOLOME-R,-125,100,7.5,7
521,TEX,WRODRIGEZ-L,145,170,9,9
521,BOS,CBUCHHOLZ-R,-165,-190,9,9
521,CLE,DSALAZAR-R,-115,-126,8.5,8.5
521,CWS,JDANKS-L,-105,116,8.5,8.5
522,PHI,O'SULLIVAN-R,250,250,7,7
522,WAS,MSCHERZER-R,-290,-290,7,7
522,NYM,NSYNDERGA-R,130,151,7,6.5
522,PIT,GCOLE-R,-150,-171,7,6.5
522,MIL,WPERALTA-R,115,-126,7.5,7.5
522,ATL,ESTULTS-L,-135,116,7.5,7.5
522,SFO,VOGELSONG-R,-115,-109,10,10
522,COL,KKENDRICK-R,-105,-101,10,10
522,CUB,JLESTER-L,-145,-118,8.5,8.5
522,ARI,COLLMENTER-R,125,108,8.5,8.5
522,SDG,ACASHNER-R,160,170,6.5,6.5
522,LOS,ZGREINKE-R,-180,-200,6.5,6.5
522,HOU,CMCHUGH-R,-105,-111,8,8
522,DET,ASIMON-R,-115,101,8,8
522,TEX,CLEWIS-R,155,170,7.5,7.5
522,NYY,MPINEDA-R,-175,-190,7.5,7.5
522,SEA,FHERNANDZ-R,-145,-155,7.5,8
522,TOR,MESTRADA-R,125,140,7.5,8
522,OAK,SKAZMIR-L,130,119,7,6.5
522,TAM,CARCHER-R,-150,-134,7,6.5
522,LAA,GRICHARDS-R,-115,105,8,8.5
522,BOS,RPORCELLO-R,-105,-115,8,8.5
522,MIN,PHUGHES-R,130,119,8,8
522,CWS,SAMARDZIJA-R,-150,-134,8,8
522,CIN,MLEAKE-R,120,151,8,7
522,CLE,CCARRASCO-R,-140,-171,8,7
522,BAL,UJIMENEZ-R,-115,-106,7.5,7.5
522,MIA,HALVAREZ-R,-105,-104,7.5,7.5
522,STL,LLYNN-R,105,-101,7.5,7
522,KAN,CYOUNG-R,-125,-109,7.5,7
523,NYM,MHARVEY-R,-112,108,6.5,6.5
523,PIT,ABURNETT-R,-108,-118,6.5,6.5
523,PHI,CHAMELS-L,140,125,7,6.5
523,WAS,STRASBURG-R,-160,-140,7,6.5
523,MIL,MFIERS-R,120,-114,7,7
523,ATL,SMILLER-R,-140,104,7,7
523,SFO,CHESTON-R,-115,105,10,10
523,COL,JLYLES-R,-105,-115,10,10
523,CUB,JARRIETA-R,-130,-126,8.5,8
523,ARI,DELAROSA-R,110,116,8.5,8
523,SDG,IKENNEDY-R,140,142,7.5,7
523,LOS,BOLSINGER-R,-160,-157,7.5,7
523,SEA,JPAXTON-L,-105,132,8.5,8.5
523,TOR,MBUEHRLE-L,-115,-147,8.5,8.5
523,TEX,NMARTINEZ-R,140,152,8,8
523,NYY,CSABATHIA-L,-160,-167,8,8
523,HOU,MCCULLERS-R,105,100,8.5,8.5
523,DET,KLOBSTEIN-L,-125,-110,8.5,8.5
523,OAK,KGRAVEMAN-R,125,151,7.5,7
523,TAM,NKARNS-R,-145,-171,7.5,7
523,MIN,TMAY-R,165,152,7.5,7.5
523,CWS,CSALE-L,-185,-172,7.5,7.5
523,LAA,CWILSON-L,-112,-103,9,9
523,BOS,SWRIGHT-R,-108,-107,9,9
523,CIN,DESCLAFANI-R,165,207,7,7
523,CLE,CKLUBER-R,-185,-247,7,7
523,STL,JLACKEY-R,-105,114,7.5,7
523,KAN,EVOLQUEZ-R,-115,-124,7.5,7
523,BAL,MWRIGHT-R,100,-107,7.5,7.5
523,MIA,DHAREN-R,-120,-103,7.5,7.5
523,SFO,YPETIT-R,-135,-119,10.5,10
523,COL,DHALE-R,115,109,10.5,10
524,NYM,JNIESE-L,136,171,7,7.5
524,PIT,FLIRIANO-L,-156,-191,7,7.5
524,PHI,AHARANG-R,160,156,7.5,7
524,WAS,GGONZALEZ-L,-180,-176,7.5,7
524,MIL,JNELSON-R,-135,-105,7.5,7
524,ATL,FOLTYNEWCZ-R,115,-105,7.5,7
524,CUB,JHAMMEL-R,-135,-131,8,8.5
524,ARI,HELLICKSON-R,115,116,8,8.5
524,SFO,THUDSON-R,-120,-127,10.5,10.5
524,COL,CBETTIS-R,100,117,10.5,10.5
524,SDG,JSHIELDS-R,130,113,7,7
524,LOS,CFRIAS-R,-150,-123,7,7
524,HOU,RHERNANDE-R,130,140,8.5,8.5
524,DET,ASANCHEZ-R,-150,-155,8.5,8.5
524,SEA,TWALKER-R,125,-105,9,9.5
524,TOR,ASANCHEZ-R,-145,-105,9,9.5
524,OAK,SGRAY-R,-135,-119,7,6.5
524,TAM,ERAMIREZ-R,115,109,7,6.5
524,LAA,HSANTIAGO-L,102,119,9,9.5
524,BOS,WMILEY-L,-122,-134,9,9.5
524,MIN,KGIBSON-R,120,126,8.5,8
524,CWS,JQUINTANA-L,-140,-141,8.5,8
524,TEX,YGALLARDO-R,100,152,9,8.5
524,NYY,CCAPUANO-L,-120,-172,9,8.5
524,CIN,RIGLESIAS-R,160,161,7.5,8.5
524,CLE,TBAUER-R,-180,-181,7.5,8.5
524,BAL,MGONZALEZ-R,-120,-103,7.5,7
524,MIA,TKOEHLER-R,100,-107,7.5,7
524,STL,MWACHA-R,-110,115,7.5,7
524,KAN,YVENTURA-R,-110,-130,7.5,7
525,PHI,SGONZALEZ-R,150,145,7.5,7.5
525,NYM,BCOLON-R,-170,-160,7.5,7.5
525,COL,EBUTLER-R,110,130,8.5,8.5
525,CIN,JMARQUIS-R,-130,-145,8.5,8.5
525,SFO,TLINCECUM-R,-115,115,8,8.5
525,MIL,KLOHSE-R,-105,-125,8,8.5
525,WAS,TROARK-R,-112,102,11.5,11
525,CUB,TWADA-L,-108,-112,11.5,11
525,ARI,CANDERSON-R,140,146,7.5,7.5
525,STL,CMARTINEZ-R,-160,-161,7.5,7.5
525,MIA,DPHELPS-R,120,119,7.5,7.5
525,PIT,CMORTON-R,-140,-129,7.5,7.5
525,ATL,WPEREZ-R,160,175,7.5,7
525,LOS,BANDERSON-L,-180,-205,7.5,7
525,KAN,JGUTHRIE-R,100,110,8.5,8.5
525,NYY,NEOVALDI-R,-120,-120,8.5,8.5
525,HOU,DKEUCHEL-L,-120,-108,7.5,8
525,BAL,WCHEN-L,100,-102,7.5,8
525,BOS,JKELLY-R,-125,-115,8.5,9
525,MIN,RNOLASCO-R,105,105,8.5,9
525,TEX,PKLEIN-R,120,126,8.5,9
525,CLE,SMARCUM-R,-140,-141,8.5,9
525,DET,SGREENE-R,-112,115,7.5,7
525,OAK,JHAHN-R,-108,-130,7.5,7
525,CWS,HNOESI-R,130,146,9,8.5
525,TOR,HUTCHISON-R,-150,-161,9,8.5
525,SEA,RELIAS-L,130,129,7,7
525,TAM,JODORIZZI-R,-150,-144,7,7
525,SDG,TROSS-R,115,116,7.5,7.5
525,LAA,JWEAVER-R,-135,-126,7.5,7.5
526,WAS,ZIMMERMAN-R,-110,100,10.5,10
526,CUB,HENDRICKS-R,-110,-110,10.5,10
526,MIA,JURENA-R,130,129,8,8
526,PIT,JLOCKE-L,-150,-144,8,8
526,PHI,JWILLIAMS-R,170,164,7,7
526,NYM,JDEGROM-R,-190,-184,7,7
526,COL,CRUSIN-L,-105,128,8.5,8
526,CIN,MLORENZEN-R,-115,-143,8.5,8
526,SFO,BUMGARNER-L,-150,-128,7.5,8
526,MIL,MGARZA-R,130,118,7.5,8
526,ARI,ABRADLEY-R,130,150,7.5,8
526,STL,JGARCIA-L,-150,-170,7.5,8
526,ATL,JTEHERAN-R,205,230,6,6
526,LOS,CKERSHAW-L,-245,-270,6,6
526,HOU,SFELDMAN-R,100,108,8.5,8.5
526,BAL,CTILLMAN-R,-120,-118,8.5,8.5
526,TEX,WRODRIGEZ-L,140,142,8,8.5
526,CLE,DSALAZAR-R,-160,-157,8,8.5
526,KAN,JVARGAS-L,-101,-109,8.5,8.5
526,NYY,AWARREN-R,-119,-101,8.5,8.5
526,CWS,JDANKS-L,140,141,9,9
526,TOR,RDICKEY-R,-160,-156,9,9
526,SEA,JHAPP-L,-105,102,7,7
526,TAM,ACOLOME-R,-115,-112,7,7
526,BOS,CBUCHHOLZ-R,-125,-144,8,8.5
526,MIN,MPELFREY-R,105,129,8,8.5
526,DET,DPRICE-L,-115,-111,7,6.5
526,OAK,JCHAVEZ-R,-105,101,7,6.5
526,SDG,DESPAIGNE-R,125,150,8.5,8.5
526,LAA,SHOEMAKER-R,-145,-170,8.5,8.5
527,COL,KKENDRICK-R,130,140,8,8
527,CIN,MLEAKE-R,-150,-155,8,8
527,MIA,BHAND-L,175,175,7.5,7.5
527,PIT,GCOLE-R,-205,-205,7.5,7.5
527,PHI,O'SULLIVAN-R,155,151,7.5,7.5
527,NYM,NSYNDERGA-R,-175,-171,7.5,7.5
527,SFO,VOGELSONG-R,-105,109,8.5,8.5
527,MIL,MFIERS-R,-115,-119,8.5,8.5
527,WAS,MSCHERZER-R,-120,-123,6.5,6.5
527,CUB,JLESTER-L,100,113,6.5,6.5
527,ARI,COLLMENTER-R,145,170,7.5,7
527,STL,LLYNN-R,-165,-190,7.5,7
527,ATL,AWOOD-L,205,157,6.5,6.5
527,LOS,ZGREINKE-R,-235,-177,6.5,6.5
527,TEX,CLEWIS-R,140,137,8.5,8.5
527,CLE,CCARRASCO-R,-160,-152,8.5,8.5
527,KAN,CYOUNG-R,120,119,7.5,7.5
527,NYY,MPINEDA-R,-140,-134,7.5,7.5
527,SEA,FHERNANDZ-R,-125,-121,6.5,6
527,TAM,CARCHER-R,105,111,6.5,6
527,BOS,RPORCELLO-R,-105,-115,8.5,9
527,MIN,PHUGHES-R,-115,105,8.5,9
527,DET,AWILSON-R,110,125,7.5,7.5
527,OAK,SKAZMIR-L,-130,-140,7.5,7.5
527,HOU,CMCHUGH-R,-105,109,8.5,7.5
527,BAL,UJIMENEZ-R,-115,-119,8.5,7.5
527,CWS,SAMARDZIJA-R,-105,116,9,9
527,TOR,MESTRADA-R,-115,-126,9,9
527,SDG,ACASHNER-R,140,148,7,7
527,LAA,GRICHARDS-R,-160,-163,7,7
528,PIT,ABURNETT-R,-120,-128,6.5,6.5
528,SDG,IKENNEDY-R,100,118,6.5,6.5
528,ATL,SMILLER-R,105,115,6.5,6.5
528,SFO,CHESTON-R,-125,-130,6.5,6.5
528,BOS,ERODRIGUE-L,-102,-129,9,9
528,TEX,NMARTINEZ-R,-118,119,9,9
528,NYY,CSABATHIA-L,-115,-107,8,8
528,OAK,KGRAVEMAN-R,-105,-103,8,8
528,DET,BFARMER-R,125,103,7.5,8
528,LAA,CWILSON-L,-145,-113,7.5,8
528,CLE,CKLUBER-R,-125,-118,6.5,7
528,SEA,JPAXTON-L,105,108,6.5,7
528,CWS,CSALE-L,-150,-129,7.5,8.5
528,BAL,TWILSON-R,130,119,7.5,8.5
528,CWS,CBECK-R,-150,170,7.5,8.5
528,BAL,MWRIGHT-R,130,-190,7.5,8.5
529,COL,CBETTIS-R,150,144,7,7
529,PHI,CHAMELS-L,-170,-159,7,7
529,WAS,STRASBURG-R,-140,-122,8,7.5
529,CIN,DESCLAFANI-R,120,112,8,7.5
529,MIA,DHAREN-R,165,145,6.5,6.5
529,NYM,MHARVEY-R,-185,-160,6.5,6.5
529,ARI,DELAROSA-R,115,105,8.5,8
529,MIL,JNELSON-R,-135,-115,8.5,8
529,LOS,BOLSINGER-R,105,111,8,7.5
529,STL,JLACKEY-R,-125,-121,8,7.5
529,PIT,FLIRIANO-L,-105,104,6,6.5
529,SDG,JSHIELDS-R,-115,-114,6,6.5
529,ATL,FOLTYNEWCZ-R,145,138,7,7
529,SFO,THUDSON-R,-165,-153,7,7
529,TAM,NKARNS-R,105,119,8,7.5
529,BAL,MGONZALEZ-R,-125,-134,8,7.5
529,BOS,SWRIGHT-R,105,104,9,9
529,TEX,YGALLARDO-R,-125,-114,9,9
529,TOR,MBUEHRLE-L,-105,105,9,8.5
529,MIN,TMAY-R,-115,-115,9,8.5
529,CWS,CRODON-L,115,150,8.5,8.5
529,HOU,MCCULLERS-R,-135,-165,8.5,8.5
529,NYY,CCAPUANO-L,140,138,7,6.5
529,OAK,SGRAY-R,-160,-153,7,6.5
529,DET,ASANCHEZ-R,100,-117,8,8
529,LAA,HSANTIAGO-L,-120,107,8,8
529,CLE,TBAUER-R,-115,-101,7.5,8
529,SEA,TWALKER-R,-105,-109,7.5,8
529,KAN,EVOLQUEZ-R,120,129,9,8.5
529,CUB,JARRIETA-R,-140,-144,9,8.5
530,COL,EBUTLER-R,100,118,7.5,8.5
530,PHI,AHARANG-R,-120,-133,7.5,8.5
530,ARI,HELLICKSON-R,110,119,8.5,8
530,MIL,KLOHSE-R,-130,-134,8.5,8
530,WAS,GGONZALEZ-L,-135,-101,8,7.5
530,CIN,RIGLESIAS-R,115,-109,8,7.5
530,MIA,TKOEHLER-R,115,110,7.5,7.5
530,NYM,JNIESE-L,-135,-120,7.5,7.5
530,LOS,CFRIAS-R,140,118,7.5,7
530,STL,MWACHA-R,-160,-128,7.5,7
530,ATL,WPEREZ-R,150,135,7,7
530,SFO,TLINCECUM-R,-170,-150,7,7
530,PIT,CMORTON-R,100,111,7,6.5
530,SDG,TROSS-R,-120,-121,7,6.5
530,TOR,ASANCHEZ-R,105,-109,8.5,8.5
530,MIN,KGIBSON-R,-125,-101,8.5,8.5
530,TAM,ERAMIREZ-R,115,118,8.5,8
530,BAL,WCHEN-L,-135,-133,8.5,8
530,CWS,JQUINTANA-L,145,140,8,7
530,HOU,DKEUCHEL-L,-165,-155,8,7
530,BOS,WMILEY-L,-125,-128,9.5,9
530,TEX,AGONZALEZ-R,105,118,9.5,9
530,NYY,NEOVALDI-R,105,109,7.5,7
530,OAK,JHAHN-R,-125,-119,7.5,7
530,DET,SGREENE-R,115,104,8,7.5
530,LAA,JWEAVER-R,-135,-114,8,7.5
530,CLE,SMARCUM-R,130,125,8,8
530,SEA,RELIAS-L,-150,-140,8,8
531,MIA,DPHELPS-R,117,113,7.5,7.5
531,NYM,BCOLON-R,-137,-123,7.5,7.5
531,WAS,TROARK-R,-130,-126,8,8
531,CIN,MLORENZEN-R,110,116,8,8
531,COL,JLYLES-R,-115,103,8.5,8.5
531,PHI,JWILLIAMS-R,-105,-113,8.5,8.5
531,ARI,CANDERSON-R,-115,-109,8,8
531,MIL,TWAGNER-R,-105,-101,8,8
531,LOS,BANDERSON-L,-105,-105,7.5,7
531,STL,CMARTINEZ-R,-115,-105,7.5,7
531,ATL,JTEHERAN-R,175,187,7.5,6.5
531,SFO,BUMGARNER-L,-205,-217,7.5,6.5
531,PIT,JLOCKE-L,105,104,7.5,7
531,SDG,DESPAIGNE-R,-125,-114,7.5,7
531,TAM,JODORIZZI-R,-110,-107,8,8
531,BAL,CTILLMAN-R,-110,-103,8,8
531,CWS,JDANKS-L,120,129,9,8.5
531,HOU,RHERNANDE-R,-140,-144,9,8.5
531,TOR,HUTCHISON-R,-120,-129,9,8
531,MIN,RNOLASCO-R,100,119,9,8
531,BOS,JKELLY-R,105,-118,9.5,8.5
531,TEX,WRODRIGEZ-L,-125,108,9.5,8.5
531,NYY,AWARREN-R,120,117,7.5,7
531,OAK,JCHAVEZ-R,-140,-127,7.5,7
531,CLE,DSALAZAR-R,100,101,7,7
531,SEA,JHAPP-L,-120,-111,7,7
531,DET,DPRICE-L,-130,-122,7.5,7
531,LAA,SHOEMAKER-R,110,112,7.5,7
531,KAN,YVENTURA-R,140,-110,6.5,6
531,CUB,TWADA-L,-160,100,6.5,6
601,CUB,JHAMMEL-R,-140,-123,7.5,8
601,MIA,JURENA-R,120,113,7.5,8
601,MIL,MFIERS-R,140,131,7.5,7
601,STL,JGARCIA-L,-160,-146,7.5,7
601,LOS,CKERSHAW-L,-220,-215,9,9.5
601,COL,KKENDRICK-R,190,185,9,9.5
601,ATL,AWOOD-L,105,-104,8,9
601,ARI,ABRADLEY-R,-125,-106,8,9
601,NYM,JDEGROM-R,-107,102,6.5,6
601,SDG,ACASHNER-R,-113,-112,6.5,6
601,PIT,GCOLE-R,-135,-140,6.5,7
601,SFO,VOGELSONG-R,115,125,6.5,7
601,BAL,UJIMENEZ-R,100,-106,8.5,8.5
601,HOU,OBERHOLTZR-L,-120,-104,8.5,8.5
601,TAM,ACOLOME-R,145,138,7,7
601,LAA,GRICHARDS-R,-165,-153,7,7
601,NYY,MPINEDA-R,140,118,6,6
601,SEA,FHERNANDZ-R,-160,-133,6,6
602,CIN,JCUETO-R,-160,-178,7,7
602,PHI,O'SULLIVAN-R,140,158,7,7
602,CUB,HENDRICKS-R,-125,-101,8,7.5
602,MIA,BHAND-L,105,-109,8,7.5
602,MIL,TCRAVY-R,170,150,7.5,7.5
602,STL,LLYNN-R,-190,-170,7.5,7.5
602,LOS,ZGREINKE-R,-180,-193,10,10.5
602,COL,DHALE-R,160,173,10,10.5
602,ATL,SMILLER-R,-105,-111,8.5,9
602,ARI,COLLMENTER-R,-115,101,8.5,9
602,NYM,NSYNDERGA-R,-120,104,7,7
602,SDG,IKENNEDY-R,100,-114,7,7
602,PIT,ABURNETT-R,-105,112,7,6.5
602,SFO,CHESTON-R,-105,-122,7,6.5
602,OAK,KGRAVEMAN-R,130,116,8.5,9
602,DET,ASIMON-R,-150,-126,8.5,9
602,MIN,MPELFREY-R,120,170,8.5,8
602,BOS,CBUCHHOLZ-R,-140,-190,8.5,8
602,CWS,SAMARDZIJA-R,-105,-102,9,8.5
602,TEX,CLEWIS-R,-105,-108,9,8.5
602,BAL,MWRIGHT-R,124,128,8,8.5
602,HOU,CMCHUGH-R,-144,-143,8,8.5
602,CLE,CCARRASCO-R,-105,-128,8,8
602,KAN,JGUTHRIE-R,-115,118,8,8
602,TAM,CARCHER-R,100,-120,7,7
602,LAA,CWILSON-L,-120,110,7,7
602,NYY,CSABATHIA-L,-114,102,7.5,7
602,SEA,MONTGOMERY-L,-106,-112,7.5,7
602,TOR,MESTRADA-R,190,150,7,6.5
602,WAS,MSCHERZER-R,-220,-170,7,6.5
602,LOS,JNICASIO-R,-114,-108,10.5,10.5
602,COL,DELAROSA-L,-106,-102,10.5,10.5
602,TOR,RDICKEY-R,136,141,7.5,7.5
602,WAS,ZIMMERMAN-R,-156,-156,7.5,7.5
603,MIL,JNELSON-R,145,156,7.5,7
603,STL,JLACKEY-R,-165,-176,7.5,7
603,ATL,FOLTYNEWCZ-R,105,135,8.5,8
603,ARI,DELAROSA-R,-125,-150,8.5,8
603,PIT,FLIRIANO-L,-120,-123,7,7
603,SFO,THUDSON-R,100,113,7,7
603,CIN,MLEAKE-R,125,117,7,6.5
603,PHI,CHAMELS-L,-145,-132,7,6.5
603,CUB,JLESTER-L,-125,-114,7,7.5
603,MIA,DHAREN-R,105,104,7,7.5
603,LOS,BOLSINGER-R,-145,-121,10.5,10.5
603,COL,CBETTIS-R,125,111,10.5,10.5
603,NYM,DGEE-R,125,137,6.5,7
603,SDG,JSHIELDS-R,-145,-152,6.5,7
603,NYY,MTANAKA-R,-125,-105,7,7
603,SEA,TWALKER-R,105,-105,7,7
603,OAK,SGRAY-R,-105,-102,8,7
603,DET,ASANCHEZ-R,-105,-108,8,7
603,MIN,TMAY-R,140,132,9,7.5
603,BOS,RPORCELLO-R,-160,-147,9,7.5
603,CWS,CSALE-L,-140,-161,8.5,8
603,TEX,NMARTINEZ-R,120,146,8.5,8
603,BAL,MGONZALEZ-R,115,114,8.5,8.5
603,HOU,MCCULLERS-R,-135,-124,8.5,8.5
603,CLE,CKLUBER-R,-135,-119,7.5,7
603,KAN,JVARGAS-L,115,109,7.5,7
603,TAM,NKARNS-R,115,105,7.5,7.5
603,LAA,HSANTIAGO-L,-135,-115,7.5,7.5
603,TOR,MBUEHRLE-L,100,115,8,7.5
603,WAS,TJORDAN-R,-120,-130,8,7.5
603,MIN,PHUGHES-R,120,130,8.5,8
603,BOS,ERODRIGUE-L,-140,-145,8.5,8
604,CUB,JARRIETA-R,105,103,7,6.5
604,WAS,GGONZALEZ-L,-125,-113,7,6.5
604,CIN,DESCLAFANI-R,-105,-122,7.5,7
604,PHI,AHARANG-R,-115,112,7.5,7
604,NYM,MHARVEY-R,-145,-140,8.5,8.5
604,ARI,RRAY-L,125,125,8.5,8.5
604,STL,MWACHA-R,-105,-105,7,7.5
604,LOS,CFRIAS-R,-105,-105,7,7.5
604,OAK,JHAHN-R,105,-108,8.5,8.5
604,DET,SGREENE-R,-125,-102,8.5,8.5
604,BAL,WCHEN-L,140,152,7.5,7
604,HOU,DKEUCHEL-L,-160,-172,7.5,7
604,MIN,TMILONE-L,130,147,8.5,8.5
604,BOS,SWRIGHT-R,-150,-162,8.5,8.5
604,CWS,CRODON-L,110,-107,9,8.5
604,TEX,YGALLARDO-R,-130,-103,9,8.5
604,CLE,TBAUER-R,100,107,7.5,8
604,KAN,CYOUNG-R,-120,-117,7.5,8
604,TAM,ERAMIREZ-R,115,117,7.5,7.5
604,SEA,RELIAS-L,-135,-127,7.5,7.5
605,CUB,TWADA-L,110,116,7.5,8
605,WAS,TROARK-R,-130,-126,7.5,8
605,SFO,TLINCECUM-R,-145,-128,8,8
605,PHI,JWILLIAMS-R,125,118,8,8
605,SDG,TROSS-R,-120,-122,7.5,7.5
605,CIN,JMOSCOT-R,100,112,7.5,7.5
605,PIT,CMORTON-R,-125,-124,7.5,7.5
605,ATL,WPEREZ-R,105,114,7.5,7.5
605,MIA,TKOEHLER-R,-113,-106,11,11
605,COL,EBUTLER-R,-107,-104,11,11
605,NYM,JNIESE-L,110,115,9,9
605,ARI,HELLICKSON-R,-130,-130,9,9
605,STL,CMARTINEZ-R,110,110,6.5,7
605,LOS,BANDERSON-L,-130,-120,6.5,7
605,BAL,CTILLMAN-R,105,112,8.5,8.5
605,CLE,SMARCUM-R,-125,-122,8.5,8.5
605,LAA,JWEAVER-R,-105,110,8,8
605,NYY,NEOVALDI-R,-115,-120,8,8
605,HOU,RHERNANDE-R,115,146,9,9.5
605,TOR,ASANCHEZ-R,-135,-161,9,9.5
605,OAK,SKAZMIR-L,-105,108,8,8
605,BOS,WMILEY-L,-115,-118,8,8
605,DET,KRYAN-L,120,135,8.5,8.5
605,CWS,JQUINTANA-L,-140,-150,8.5,8.5
605,TEX,AGONZALEZ-R,130,157,8,8.5
605,KAN,EVOLQUEZ-R,-150,-177,8,8.5
605,TAM,JODORIZZI-R,-115,-101,7,7
605,SEA,JHAPP-L,-105,-109,7,7
605,MIL,KLOHSE-R,120,117,8,8
605,MIN,KGIBSON-R,-140,-127,8,8
606,CUB,JHAMMEL-R,-115,-107,8,8
606,WAS,JROSS-R,-105,-103,8,8
606,SFO,BUMGARNER-L,-190,-205,7.5,7.5
606,PHI,SGONZALEZ-R,170,175,7.5,7.5
606,MIA,DPHELPS-R,-115,-114,11,10.5
606,COL,CRUSIN-L,-105,104,11,10.5
606,SDG,ACASHNER-R,100,-111,8,8
606,CIN,MLORENZEN-R,-120,101,8,8
606,PIT,JLOCKE-L,100,-108,8,8
606,ATL,JTEHERAN-R,-120,-102,8,8
606,NYM,BCOLON-R,100,133,9,9
606,ARI,CANDERSON-R,-120,-148,9,9
606,STL,JGARCIA-L,170,175,6,6
606,LOS,CKERSHAW-L,-190,-205,6,6
606,HOU,OBERHOLTZR-L,130,149,9,9
606,TOR,HUTCHISON-R,-150,-164,9,9
606,TEX,WRODRIGEZ-L,145,135,8,7.5
606,KAN,YVENTURA-R,-165,-150,8,7.5
606,OAK,JCHAVEZ-R,-105,-102,8.5,8.5
606,BOS,JKELLY-R,-115,-108,8.5,8.5
606,BAL,UJIMENEZ-R,125,143,7.5,7.5
606,CLE,DSALAZAR-R,-145,-158,7.5,7.5
606,DET,DPRICE-L,-150,-180,8,8
606,CWS,JDANKS-L,130,160,8,8
606,LAA,GRICHARDS-R,-105,-117,8,8.5
606,NYY,AWARREN-R,-115,107,8,8.5
606,TAM,ACOLOME-R,155,170,6.5,6.5
606,SEA,FHERNANDZ-R,-175,-200,6.5,6.5
606,MIL,MGARZA-R,-111,115,8.5,9
606,MIN,JGRAHAM-R,-109,-130,8.5,9
607,SDG,DESPAIGNE-R,150,156,7,8
607,CIN,JCUETO-R,-170,-176,7,8
607,PIT,GCOLE-R,-140,-152,7,7
607,ATL,AWOOD-L,120,137,7,7
607,SFO,VOGELSONG-R,-140,-142,8.5,8.5
607,PHI,O'SULLIVAN-R,120,127,8.5,8.5
607,CUB,HENDRICKS-R,125,126,7,7.5
607,WAS,ZIMMERMAN-R,-145,-141,7,7.5
607,MIA,JURENA-R,105,-101,11,11.5
607,COL,KKENDRICK-R,-125,-109,11,11.5
607,NYM,JDEGROM-R,-125,-140,8,8
607,ARI,COLLMENTER-R,105,125,8,8
607,STL,LLYNN-R,150,147,6,7
607,LOS,ZGREINKE-R,-170,-162,6,7
607,BAL,BNORRIS-R,145,164,8,8
607,CLE,CCARRASCO-R,-165,-184,8,8
607,LAA,CWILSON-L,-112,102,8.5,8.5
607,NYY,CSABATHIA-L,-108,-112,8.5,8.5
607,HOU,CMCHUGH-R,105,-101,8.5,8.5
607,TOR,RDICKEY-R,-125,-109,8.5,8.5
607,OAK,KGRAVEMAN-R,140,164,8.5,8.5
607,BOS,CBUCHHOLZ-R,-160,-184,8.5,8.5
607,DET,ASIMON-R,105,119,8,9
607,CWS,SAMARDZIJA-R,-125,-129,8,9
607,TEX,CLEWIS-R,110,116,8.5,9
607,KAN,JGUTHRIE-R,-130,-131,8.5,9
607,TAM,CARCHER-R,-135,-129,7,6.5
607,SEA,MONTGOMERY-L,115,119,7,6.5
607,MIL,MFIERS-R,100,-121,8.5,8.5
607,MIN,MPELFREY-R,-120,111,8.5,8.5
608,MIL,JNELSON-R,140,119,7.5,7.5
608,PIT,ABURNETT-R,-160,-134,7.5,7.5
608,PHI,CHAMELS-L,-113,-105,7,7
608,CIN,MLEAKE-R,-107,-105,7,7
608,SDG,IKENNEDY-R,140,107,7.5,7.5
608,ATL,SMILLER-R,-160,-117,7.5,7.5
608,STL,JLACKEY-R,-140,-145,10.5,10.5
608,COL,DHALE-R,120,130,10.5,10.5
608,ARI,DELAROSA-R,150,135,7.5,7
608,LOS,BOLSINGER-R,-170,-150,7.5,7
608,HOU,MCCULLERS-R,130,125,7.5,7
608,CWS,CSALE-L,-150,-140,7.5,7
608,KAN,JVARGAS-L,-110,-110,8.5,8.5
608,MIN,PHUGHES-R,-110,100,8.5,8.5
608,MIA,BHAND-L,130,152,9,9.5
608,TOR,MESTRADA-R,-150,-172,9,9.5
609,MIL,TJUNGMANN-R,190,163,7.5,7.5
609,PIT,FLIRIANO-L,-220,-183,7.5,7.5
609,PHI,AHARANG-R,130,125,7.5,8.5
609,CIN,DESCLAFANI-R,-150,-140,7.5,8.5
609,SFO,CHESTON-R,105,107,7.5,7
609,NYM,NSYNDERGA-R,-125,-117,7.5,7
609,SDG,JSHIELDS-R,-135,-124,7.5,7
609,ATL,FOLTYNEWCZ-R,115,114,7.5,7
609,STL,MWACHA-R,-140,-112,10,10
609,COL,DELAROSA-L,120,102,10,10
609,ARI,RRAY-L,145,141,7.5,7.5
609,LOS,CFRIAS-R,-165,-156,7.5,7.5
609,BOS,ERODRIGUE-L,-105,-113,8,8
609,BAL,MGONZALEZ-R,-105,103,8,8
609,LAA,SHOEMAKER-R,100,-116,7.5,7
609,TAM,NKARNS-R,-120,106,7.5,7
609,SEA,RELIAS-L,160,170,7,7.5
609,CLE,CKLUBER-R,-180,-200,7,7.5
609,KAN,CYOUNG-R,-105,-112,8.5,9
609,MIN,TMAY-R,-105,102,8.5,9
609,HOU,DKEUCHEL-L,-125,-144,7.5,8.5
609,CWS,CRODON-L,105,129,7.5,8.5
609,TEX,NMARTINEZ-R,160,173,7,7
609,OAK,SGRAY-R,-180,-193,7,7
609,MIA,DHAREN-R,125,132,8.5,9
609,TOR,MBUEHRLE-L,-145,-147,8.5,9
609,WAS,MSCHERZER-R,-105,116,6.5,7.5
609,NYY,MTANAKA-R,-115,-126,6.5,7.5
609,CUB,JLESTER-L,-113,134,7.5,8.5
609,DET,ASANCHEZ-R,-107,-149,7.5,8.5
610,PHI,JWILLIAMS-R,130,136,8.5,9
610,CIN,JMOSCOT-R,-150,-151,8.5,9
610,STL,CMARTINEZ-R,-120,-154,10.5,9
610,COL,CBETTIS-R,100,139,10.5,9
610,MIL,KLOHSE-R,140,152,7.5,8
610,PIT,CMORTON-R,-160,-172,7.5,8
610,SFO,THUDSON-R,145,145,7,6.5
610,NYM,MHARVEY-R,-165,-160,7,6.5
610,SDG,TROSS-R,-120,-122,7.5,7
610,ATL,WPEREZ-R,100,112,7.5,7
610,ARI,HELLICKSON-R,155,162,7.5,7.5
610,LOS,BANDERSON-L,-175,-182,7.5,7.5
610,BOS,RPORCELLO-R,100,-103,8,8.5
610,BAL,WCHEN-L,-120,-107,8,8.5
610,SEA,TWALKER-R,145,114,8,9
610,CLE,TBAUER-R,-165,-124,8,9
610,LAA,JWEAVER-R,-115,113,7.5,7.5
610,TAM,ERAMIREZ-R,-105,-123,7.5,7.5
610,KAN,EVOLQUEZ-R,-113,-109,8,7.5
610,MIN,KGIBSON-R,-107,-101,8,7.5
610,HOU,VELASQUEZ-R,115,-104,8.5,8
610,CWS,JQUINTANA-L,-135,-106,8.5,8
610,TEX,YGALLARDO-R,120,126,7,7
610,OAK,JHAHN-R,-140,-141,7,7
610,MIA,TKOEHLER-R,130,127,9,9
610,TOR,SCOPELAND-R,-150,-142,9,9
610,WAS,GGONZALEZ-L,105,117,8.5,8.5
610,NYY,NEOVALDI-R,-125,-127,8.5,8.5
610,CUB,JARRIETA-R,-114,-111,8.5,8.5
610,DET,SGREENE-R,-106,101,8.5,8.5
611,SDG,ACASHNER-R,105,-113,7.5,7.5
611,ATL,JTEHERAN-R,-125,103,7.5,7.5
611,COL,CRUSIN-L,110,116,8,8
611,MIA,DPHELPS-R,-130,-131,8,8
611,SFO,TLINCECUM-R,-115,115,7.5,8.5
611,NYM,JNIESE-L,-105,-125,7.5,8.5
611,CIN,MLORENZEN-R,125,148,8,7.5
611,CUB,TWADA-L,-145,-163,8,7.5
611,WAS,TROARK-R,-115,-103,8.5,8.5
611,MIL,MGARZA-R,-105,-107,8.5,8.5
611,SEA,JHAPP-L,-112,-106,8.5,8.5
611,CLE,SMARCUM-R,-108,-104,8.5,8.5
611,TEX,AGONZALEZ-R,125,161,7.5,7.5
611,OAK,SKAZMIR-L,-145,-181,7.5,7.5
611,BOS,WMILEY-L,-105,-105,8,9
611,BAL,CTILLMAN-R,-105,-105,8,9
611,LAA,GRICHARDS-R,-130,-108,7,7
611,TAM,ACOLOME-R,110,-102,7,7
612,CIN,JCUETO-R,105,117,6.5,6.5
612,CUB,JHAMMEL-R,-125,-127,6.5,6.5
612,PHI,KCORREIA-R,150,203,8.5,8
612,PIT,JLOCKE-L,-170,-233,8.5,8
612,ATL,AWOOD-L,105,-105,7,7
612,NYM,BCOLON-R,-125,-105,7,7
612,COL,KKENDRICK-R,110,118,8,8
612,MIA,JURENA-R,-130,-133,8,8
612,WAS,ZIMMERMAN-R,-125,-105,8,7.5
612,MIL,MFIERS-R,105,-105,8,7.5
612,LOS,CKERSHAW-L,-200,-207,6,6.5
612,SDG,DESPAIGNE-R,170,177,6,6.5
612,ARI,CANDERSON-R,160,140,6.5,6.5
612,SFO,BUMGARNER-L,-180,-155,6.5,6.5
612,CLE,DSALAZAR-R,130,101,7.5,8
612,DET,DPRICE-L,-150,-111,7.5,8
612,NYY,MPINEDA-R,-112,-126,8,8
612,BAL,UJIMENEZ-R,-108,116,8,8
612,TOR,HUTCHISON-R,100,-105,9,9
612,BOS,JKELLY-R,-120,-105,9,9
612,CWS,JDANKS-L,115,138,8,8
612,TAM,MANDRIESE-R,-135,-153,8,8
612,MIN,TMILONE-L,125,116,9,9
612,TEX,WRODRIGEZ-L,-145,-126,9,9
612,SEA,FHERNANDZ-R,-170,-132,7.5,7.5
612,HOU,OBERHOLTZR-L,150,117,7.5,7.5
612,OAK,JCHAVEZ-R,105,103,7.5,7.5
612,LAA,HSANTIAGO-L,-125,-113,7.5,7.5
612,KAN,YVENTURA-R,105,114,7,6.5
612,STL,JGARCIA-L,-125,-124,7,6.5
613,PHI,O'SULLIVAN-R,225,251,7,7.5
613,PIT,GCOLE-R,-265,-291,7,7.5
613,ATL,SMILLER-R,120,145,6.5,7.5
613,NYM,JDEGROM-R,-140,-160,6.5,7.5
613,WAS,JROSS-R,110,109,8.5,7.5
613,MIL,JNELSON-R,-130,-119,8.5,7.5
613,COL,DHALE-R,120,116,8,7.5
613,MIA,MLATOS-R,-140,-131,8,7.5
613,ARI,AWEBSTER-R,130,125,7.5,7.5
613,SFO,VOGELSONG-R,-150,-140,7.5,7.5
613,CIN,MLEAKE-R,130,130,7.5,7.5
613,CUB,HENDRICKS-R,-150,-145,7.5,7.5
613,LOS,ZGREINKE-R,-160,-160,6.5,7
613,SDG,IKENNEDY-R,140,145,6.5,7
613,TOR,RDICKEY-R,125,110,9,9.5
613,BOS,CBUCHHOLZ-R,-145,-120,9,9.5
613,MIN,MPELFREY-R,105,131,9.5,9
613,TEX,CLEWIS-R,-125,-146,9.5,9
613,CLE,CCARRASCO-R,105,-116,8.5,8
613,DET,VERLANDER-R,-125,106,8.5,8
613,SEA,MONTGOMERY-L,125,118,8,8
613,HOU,CMCHUGH-R,-145,-128,8,8
613,CWS,SAMARDZIJA-R,140,160,7,6.5
613,TAM,CARCHER-R,-160,-180,7,6.5
613,NYY,CSABATHIA-L,-114,106,8.5,8.5
613,BAL,BNORRIS-R,-106,-116,8.5,8.5
613,OAK,KGRAVEMAN-R,125,125,7.5,8
613,LAA,CWILSON-L,-145,-140,7.5,8
613,KAN,JGUTHRIE-R,140,126,8,7.5
613,STL,TLYONS-L,-160,-141,8,7.5
614,ATL,FOLTYNEWCZ-R,100,109,7.5,7.5
614,NYM,DGEE-R,-120,-119,7.5,7.5
614,COL,DELAROSA-L,107,117,7.5,7
614,MIA,DHAREN-R,-127,-127,7.5,7
614,PHI,CHAMELS-L,115,126,6.5,6.5
614,PIT,ABURNETT-R,-135,-141,6.5,6.5
614,WAS,MSCHERZER-R,-150,-156,7,7
614,MIL,TJUNGMANN-R,130,141,7,7
614,ARI,DELAROSA-R,130,116,7.5,7
614,SFO,CHESTON-R,-150,-131,7.5,7
614,LOS,BOLSINGER-R,-114,-110,7,7
614,SDG,JSHIELDS-R,-106,100,7,7
614,CIN,DESCLAFANI-R,140,135,7.5,8
614,CUB,JLESTER-L,-160,-150,7.5,8
614,CLE,CKLUBER-R,-120,-164,7,8.5
614,DET,ASIMON-R,100,149,7,8.5
614,CWS,CSALE-L,-140,-140,6.5,6.5
614,TAM,NKARNS-R,120,125,6.5,6.5
614,NYY,AWARREN-R,-102,110,8.5,8.5
614,BAL,MWRIGHT-R,-118,-120,8.5,8.5
614,TOR,MESTRADA-R,120,106,8.5,9
614,BOS,ERODRIGUE-L,-140,-116,8.5,9
614,SEA,RELIAS-L,120,115,7.5,8
614,HOU,MCCULLERS-R,-140,-130,7.5,8
614,MIN,PHUGHES-R,115,105,9,9
614,TEX,NMARTINEZ-R,-135,-115,9,9
614,OAK,SGRAY-R,-120,-115,7,7
614,LAA,SHOEMAKER-R,100,105,7,7
615,CWS,CRODON-L,140,172,7,7
615,PIT,FLIRIANO-L,-160,-202,7,7
615,CIN,JMOSCOT-R,150,170,8.5,9
615,DET,ASANCHEZ-R,-170,-190,8.5,9
615,PHI,AHARANG-R,150,221,8,8
615,BAL,WCHEN-L,-170,-261,8,8
615,WAS,GGONZALEZ-L,-105,116,7,7
615,TAM,ERAMIREZ-R,-115,-126,7,7
615,ATL,WPEREZ-R,115,152,9,8
615,BOS,RPORCELLO-R,-135,-172,9,8
615,TOR,MBUEHRLE-L,-109,110,7.5,7.5
615,NYM,NSYNDERGA-R,-111,-120,7.5,7.5
615,NYY,MTANAKA-R,-150,-141,7,6.5
615,MIA,TKOEHLER-R,130,126,7,6.5
615,LOS,CFRIAS-R,-115,-111,8.5,9.5
615,TEX,YGALLARDO-R,-105,101,8.5,9.5
615,COL,CBETTIS-R,160,160,7.5,7.5
615,HOU,DKEUCHEL-L,-180,-180,7.5,7.5
615,KAN,EVOLQUEZ-R,-120,-113,8,7.5
615,MIL,KLOHSE-R,100,103,8,7.5
615,MIN,TMAY-R,165,152,7,7
615,STL,JLACKEY-R,-185,-172,7,7
615,ARI,RRAY-L,110,134,7.5,8
615,LAA,JWEAVER-R,-130,-149,7.5,8
615,OAK,JHAHN-R,105,105,7,7
615,SDG,TROSS-R,-125,-115,7,7
615,SEA,TWALKER-R,110,112,7,7
615,SFO,THUDSON-R,-130,-122,7,7
616,MIN,KGIBSON-R,160,150,7,7
616,STL,MWACHA-R,-180,-170,7,7
616,COL,CRUSIN-L,140,158,8.5,8.5
616,HOU,VELASQUEZ-R,-160,-178,8.5,8.5
616,OAK,SKAZMIR-L,100,-115,6.5,6.5
616,SDG,ACASHNER-R,-120,105,6.5,6.5
616,SEA,JHAPP-L,110,-123,7,7.5
616,SFO,TLINCECUM-R,-130,113,7,7.5
616,ATL,JTEHERAN-R,130,141,8.5,8.5
616,BOS,WMILEY-L,-150,-156,8.5,8.5
616,PHI,JWILLIAMS-R,165,175,9,8.5
616,BAL,CTILLMAN-R,-185,-195,9,8.5
616,CIN,MLORENZEN-R,130,119,9,8.5
616,DET,KRYAN-L,-150,-134,9,8.5
616,CWS,JQUINTANA-L,140,143,7.5,7
616,PIT,CMORTON-R,-160,-158,7.5,7
616,NYY,NEOVALDI-R,-105,100,8,7.5
616,MIA,DPHELPS-R,-115,-110,8,7.5
616,TOR,SCOPELAND-R,130,148,7,7
616,NYM,MHARVEY-R,-150,-163,7,7
616,WAS,TROARK-R,100,116,7.5,7
616,TAM,ACOLOME-R,-120,-126,7.5,7
616,CLE,TBAUER-R,120,132,7,6
616,CUB,JARRIETA-R,-140,-147,7,6
616,LOS,BANDERSON-L,-130,-151,9,9.5
616,TEX,AGONZALEZ-R,110,136,9,9.5
616,KAN,CYOUNG-R,-115,-113,7.5,7
616,MIL,MGARZA-R,-105,103,7.5,7
616,ARI,HELLICKSON-R,150,171,7.5,7
616,LAA,GRICHARDS-R,-170,-191,7.5,7
617,BAL,UJIMENEZ-R,-160,-170,8,7.5
617,PHI,KCORREIA-R,140,150,8,7.5
617,TAM,SGELTZ-R,140,128,7.5,7.5
617,WAS,ZIMMERMAN-R,-160,-143,7.5,7.5
617,MIA,JURENA-R,155,176,8,7.5
617,NYY,MPINEDA-R,-175,-206,8,7.5
617,NYM,JNIESE-L,140,177,9,9
617,TOR,HUTCHISON-R,-160,-197,9,9
617,CUB,TWADA-L,105,112,8,9
617,CLE,SMARCUM-R,-125,-122,8,9
617,BOS,JKELLY-R,-105,102,8,8
617,ATL,AWOOD-L,-115,-112,8,8
617,DET,DPRICE-L,100,-105,7,6.5
617,CIN,JCUETO-R,-120,-105,7,6.5
617,MIL,MFIERS-R,105,128,8.5,7.5
617,KAN,JBLANTON-R,-125,-143,8.5,7.5
617,PIT,JLOCKE-L,-125,-118,8.5,9
617,CWS,JDANKS-L,105,108,8.5,9
617,STL,CMARTINEZ-R,-135,-145,8,8
617,MIN,TMILONE-L,115,130,8,8
617,HOU,OBERHOLTZR-L,-105,-106,10.5,10.5
617,COL,KKENDRICK-R,-115,-104,10.5,10.5
617,LAA,HSANTIAGO-L,110,115,8.5,9
617,ARI,CANDERSON-R,-130,-130,8.5,9
617,SDG,DESPAIGNE-R,130,155,7.5,7
617,OAK,JCHAVEZ-R,-150,-175,7.5,7
617,SFO,BUMGARNER-L,115,118,6,6
617,SEA,FHERNANDZ-R,-135,-133,6,6
617,TEX,WRODRIGEZ-L,235,247,6,6.5
617,LOS,CKERSHAW-L,-275,-287,6,6.5
618,BAL,BNORRIS-R,-165,-170,8.5,8
618,PHI,O'SULLIVAN-R,145,150,8.5,8
618,STL,JGARCIA-L,-135,-122,8,8
618,MIN,MPELFREY-R,115,112,8,8
618,HOU,CMCHUGH-R,-125,-111,11,10.5
618,COL,DHALE-R,105,101,11,10.5
618,SDG,IKENNEDY-R,120,115,8,7.5
618,OAK,KGRAVEMAN-R,-140,-130,8,7.5
618,LAA,CWILSON-L,-120,-109,9,9
618,ARI,AWEBSTER-R,100,-101,9,9
618,TAM,CARCHER-R,-120,-109,7,7
618,WAS,DFISTER-R,100,-101,7,7
618,MIA,MLATOS-R,120,117,8,8
618,NYY,CSABATHIA-L,-140,-132,8,8
618,NYM,BCOLON-R,145,137,9,9
618,TOR,RDICKEY-R,-165,-152,9,9
618,CUB,JHAMMEL-R,120,130,7.5,7.5
618,CLE,DSALAZAR-R,-140,-145,7.5,7.5
618,BOS,CBUCHHOLZ-R,-105,-114,7.5,7
618,ATL,SMILLER-R,-115,104,7.5,7
618,MIL,JNELSON-R,110,127,8,8
618,KAN,JGUTHRIE-R,-130,-142,8,8
618,PIT,GCOLE-R,-140,-123,7.5,7
618,CWS,SAMARDZIJA-R,120,113,7.5,7
618,TEX,ARANAUDO-R,190,225,7,7.5
618,LOS,ZGREINKE-R,-220,-265,7,7.5
618,SFO,VOGELSONG-R,120,135,7.5,7.5
618,SEA,MONTGOMERY-L,-140,-150,7.5,7.5
619,PIT,ABURNETT-R,-115,-127,7.5,7
619,WAS,JROSS-R,-105,117,7.5,7
619,STL,TLYONS-L,-165,-200,8,7.5
619,PHI,PAUMONT-R,145,170,8,7.5
619,MIA,DHAREN-R,110,117,8,8
619,CIN,MLEAKE-R,-130,-127,8,8
619,NYM,JDEGROM-R,-145,-149,7.5,6.5
619,ATL,MWISLER-R,125,134,7.5,6.5
619,MIL,TJUNGMANN-R,140,128,10,10.5
619,COL,DELAROSA-L,-160,-143,10,10.5
619,SDG,JSHIELDS-R,-107,-111,8.5,8
619,ARI,DELAROSA-R,-113,101,8.5,8
619,SFO,CHESTON-R,140,131,7,7
619,LOS,BOLSINGER-R,-160,-146,7,7
619,DET,VERLANDER-R,105,-112,8.5,8.5
619,NYY,AWARREN-R,-125,102,8.5,8.5
619,BAL,MWRIGHT-R,140,-102,9.5,8.5
619,TOR,MESTRADA-R,-160,-108,9.5,8.5
619,TAM,NKARNS-R,140,151,7.5,7
619,CLE,CCARRASCO-R,-160,-171,7.5,7
619,BOS,ERODRIGUE-L,130,-109,7.5,7.5
619,KAN,YPINO-R,-150,-101,7.5,7.5
619,TEX,CLEWIS-R,155,170,7,7
619,CWS,CSALE-L,-175,-200,7,7
619,LAA,SHOEMAKER-R,145,146,7,7
619,OAK,SGRAY-R,-165,-161,7,7
619,HOU,MCCULLERS-R,-115,-109,7,7
619,SEA,RELIAS-L,-105,-101,7,7
619,CUB,HENDRICKS-R,-125,-116,8,8.5
619,MIN,PHUGHES-R,105,106,8,8.5
620,PIT,FLIRIANO-L,120,129,6.5,6.5
620,WAS,MSCHERZER-R,-140,-144,6.5,6.5
620,NYM,NSYNDERGA-R,-126,-125,7.5,7
620,ATL,WPEREZ-R,106,115,7.5,7
620,MIA,JNICOLINO-L,110,117,9,8.5
620,CIN,DESCLAFANI-R,-130,-132,9,8.5
620,MIL,KLOHSE-R,115,116,10.5,10.5
620,COL,CBETTIS-R,-135,-131,10.5,10.5
620,STL,JLACKEY-R,-185,-150,7.5,7.5
620,PHI,AHARANG-R,165,135,7.5,7.5
620,SFO,THUDSON-R,125,138,7.5,8
620,LOS,CFRIAS-R,-145,-153,7.5,8
620,SDG,TROSS-R,105,-114,8.5,8
620,ARI,RRAY-L,-125,104,8.5,8
620,BAL,KGAUSMAN-R,120,101,9,8.5
620,TOR,MBUEHRLE-L,-140,-111,9,8.5
620,TEX,NMARTINEZ-R,105,145,8.5,8.5
620,CWS,CRODON-L,-125,-160,8.5,8.5
620,LAA,JWEAVER-R,110,119,7.5,8
620,OAK,JHAHN-R,-130,-134,7.5,8
620,TAM,ERAMIREZ-R,155,165,7,7
620,CLE,CKLUBER-R,-175,-185,7,7
620,BOS,RPORCELLO-R,120,110,8,8.5
620,KAN,EVOLQUEZ-R,-140,-120,8,8.5
620,DET,ASIMON-R,100,125,8.5,8.5
620,NYY,NEOVALDI-R,-120,-140,8.5,8.5
620,HOU,DKEUCHEL-L,-135,-122,6.5,6.5
620,SEA,TWALKER-R,115,112,6.5,6.5
620,CUB,JLESTER-L,-130,-105,8.5,8
620,MIN,TMAY-R,110,-105,8.5,8
621,MIA,DPHELPS-R,-101,108,8,9
621,CIN,MLORENZEN-R,-119,-118,8,9
621,STL,MWACHA-R,-240,-195,7.5,8
621,PHI,AMORGAN-L,200,175,7.5,8
621,PIT,CMORTON-R,-105,100,7.5,8
621,WAS,GGONZALEZ-L,-115,-110,7.5,8
621,SDG,ACASHNER-R,-101,-113,8.5,8.5
621,ARI,HELLICKSON-R,-119,103,8.5,8.5
621,MIL,MGARZA-R,-101,106,10.5,11
621,COL,CRUSIN-L,-119,-116,10.5,11
621,NYM,MHARVEY-R,-140,-128,6.5,6.5
621,ATL,JTEHERAN-R,120,118,6.5,6.5
621,SFO,TLINCECUM-R,140,152,7.5,8
621,LOS,BANDERSON-L,-160,-172,7.5,8
621,DET,ASANCHEZ-R,140,135,7.5,7.5
621,NYY,MTANAKA-R,-160,-150,7.5,7.5
621,BAL,CTILLMAN-R,105,115,9.5,9
621,TOR,SCOPELAND-R,-125,-125,9.5,9
621,TAM,ACOLOME-R,105,109,8,8.5
621,CLE,CANDERSON-R,-125,-119,8,8.5
621,BOS,WMILEY-L,125,-103,8.5,8
621,KAN,CYOUNG-R,-145,-107,8.5,8
621,TEX,YGALLARDO-R,-101,116,8,8
621,CWS,JQUINTANA-L,-119,-126,8,8
621,LAA,GRICHARDS-R,110,-103,7.5,7.5
621,OAK,SKAZMIR-L,-130,-107,7.5,7.5
621,HOU,VELASQUEZ-R,-101,104,8,7.5
621,SEA,JHAPP-L,-119,-114,8,7.5
621,CUB,JARRIETA-R,-118,-134,8,8
621,MIN,KGIBSON-R,-102,119,8,8
622,LOS,CKERSHAW-L,-175,-190,9,8.5
622,CUB,TWADA-L,155,170,9,8.5
622,DET,KRYAN-L,120,130,8,9
622,CLE,TBAUER-R,-140,-145,8,9
622,TOR,HUTCHISON-R,-114,119,8,7
622,TAM,MANDRIESE-R,-106,-129,8,7
622,CWS,JDANKS-L,120,119,8.5,9
622,MIN,TMILONE-L,-140,-134,8.5,9
622,HOU,OBERHOLTZR-L,110,109,8,8
622,LAA,HSANTIAGO-L,-130,-119,8,8
622,KAN,JBLANTON-R,145,133,6.5,6.5
622,SEA,FHERNANDZ-R,-165,-148,6.5,6.5
622,PHI,KCORREIA-R,240,250,7.5,8
622,NYY,MPINEDA-R,-280,-290,7.5,8
623,CIN,JSMITH-R,-115,140,7,7.5
623,PIT,JLOCKE-L,-105,-155,7,7.5
623,ATL,AWOOD-L,143,150,7.5,7.5
623,WAS,STRASBURG-R,-163,-170,7.5,7.5
623,STL,CMARTINEZ-R,-131,-132,7.5,6.5
623,MIA,JURENA-R,111,117,7.5,6.5
623,LOS,ZGREINKE-R,-134,-143,7,7
623,CUB,JHAMMEL-R,114,128,7,7
623,NYM,JNIESE-L,110,135,8,7.5
623,MIL,MFIERS-R,-130,-150,8,7.5
623,ARI,CANDERSON-R,-120,-125,10.5,10.5
623,COL,KKENDRICK-R,100,115,10.5,10.5
623,SDG,DESPAIGNE-R,170,163,6.5,6.5
623,SFO,BUMGARNER-L,-200,-183,6.5,6.5
623,DET,DPRICE-L,-108,101,7,7
623,CLE,DSALAZAR-R,-112,-111,7,7
623,BAL,UJIMENEZ-R,-106,105,9,9
623,BOS,JKELLY-R,-114,-115,9,9
623,TOR,RDICKEY-R,142,150,7,7
623,TAM,CARCHER-R,-162,-170,7,7
623,OAK,JCHAVEZ-R,-115,-130,9,8.5
623,TEX,AGONZALEZ-R,-105,115,9,8.5
623,CWS,SAMARDZIJA-R,-105,-111,8,7.5
623,MIN,MPELFREY-R,-115,101,8,7.5
623,HOU,CMCHUGH-R,104,103,7.5,8
623,LAA,CWILSON-L,-124,-113,7.5,8
623,KAN,JGUTHRIE-R,102,109,7.5,7.5
623,SEA,MONTGOMERY-L,-122,-119,7.5,7.5
623,PHI,O'SULLIVAN-R,210,250,8.5,9.5
623,NYY,CSABATHIA-L,-250,-300,8.5,9.5
624,CIN,MLEAKE-R,158,172,6.5,7
624,PIT,GCOLE-R,-178,-192,6.5,7
624,ATL,SMILLER-R,131,153,7,6.5
624,WAS,ZIMMERMAN-R,-151,-173,7,6.5
624,STL,JGARCIA-L,-122,-115,7.5,6.5
624,MIA,MLATOS-R,102,105,7.5,6.5
624,LOS,BOLSINGER-R,-103,-105,8,8
624,CUB,HENDRICKS-R,-117,-105,8,8
624,NYM,BCOLON-R,102,118,8,7.5
624,MIL,JNELSON-R,-122,-133,8,7.5
624,ARI,AWEBSTER-R,100,106,11,10.5
624,COL,DHALE-R,-120,-116,11,10.5
624,SDG,IKENNEDY-R,114,114,7,7
624,SFO,VOGELSONG-R,-134,-124,7,7
624,DET,BFARMER-R,120,179,8,7.5
624,CLE,CCARRASCO-R,-140,-209,8,7.5
624,TOR,MESTRADA-R,-103,110,7.5,7
624,TAM,NKARNS-R,-117,-120,7.5,7
624,CWS,CSALE-L,-132,-127,7,7
624,MIN,PHUGHES-R,112,117,7,7
624,HOU,MCCULLERS-R,100,-115,7.5,7.5
624,LAA,AHEANEY-L,-120,105,7.5,7.5
624,BAL,BNORRIS-R,124,132,8.5,8.5
624,BOS,CBUCHHOLZ-R,-144,-147,8.5,8.5
624,OAK,KGRAVEMAN-R,102,111,9,9
624,TEX,WRODRIGEZ-L,-122,-121,9,9
624,KAN,DDUFFY-L,-105,-103,7,7
624,SEA,RELIAS-L,-115,-107,7,7
624,PHI,CHAMELS-L,120,116,7.5,8
624,NYY,INOVA-R,-140,-126,7.5,8
625,NYM,JDEGROM-R,-140,-115,7,7
625,MIL,TJUNGMANN-R,120,105,7,7
625,LOS,CFRIAS-R,110,129,7.5,7
625,CUB,JLESTER-L,-130,-144,7.5,7
625,ARI,DELAROSA-R,125,-130,10,10.5
625,COL,DELAROSA-L,-145,115,10,10.5
625,SDG,JSHIELDS-R,105,117,7,6.5
625,SFO,CHESTON-R,-125,-132,7,6.5
625,ATL,MWISLER-R,140,115,7.5,7.5
625,WAS,DFISTER-R,-160,-130,7.5,7.5
625,CIN,DESCLAFANI-R,140,146,7.5,7
625,PIT,ABURNETT-R,-160,-161,7.5,7
625,STL,LLYNN-R,-125,-110,7,7.5
625,MIA,DHAREN-R,105,100,7,7.5
625,CWS,CRODON-L,120,152,8.5,8.5
625,DET,ASIMON-R,-140,-172,8.5,8.5
625,BAL,MGONZALEZ-R,100,116,8.5,8.5
625,BOS,ERODRIGUE-L,-120,-131,8.5,8.5
625,OAK,SGRAY-R,-140,-145,8,9
625,TEX,CLEWIS-R,120,130,8,9
625,NYY,AWARREN-R,130,142,7,7.5
625,HOU,DKEUCHEL-L,-150,-157,7,7.5
626,ATL,WPEREZ-R,174,225,7,7
626,PIT,FLIRIANO-L,-194,-265,7,7
626,WAS,MSCHERZER-R,-205,-191,6.5,6.5
626,PHI,AHARANG-R,175,171,6.5,6.5
626,CIN,JCUETO-R,-115,-119,6.5,6.5
626,NYM,NSYNDERGA-R,-105,109,6.5,6.5
626,LOS,BANDERSON-L,-125,-130,7,7.5
626,MIA,JNICOLINO-L,105,115,7,7.5
626,CUB,JARRIETA-R,105,109,7,7
626,STL,JLACKEY-R,-125,-119,7,7
626,ARI,RRAY-L,125,131,7,6.5
626,SDG,TROSS-R,-145,-146,7,6.5
626,COL,CBETTIS-R,130,117,7,7
626,SFO,THUDSON-R,-150,-127,7,7
626,TEX,NMARTINEZ-R,145,161,9,9
626,TOR,MBUEHRLE-L,-165,-181,9,9
626,CWS,JQUINTANA-L,160,152,8,8
626,DET,ASANCHEZ-R,-180,-172,8,8
626,CLE,CKLUBER-R,-125,-113,7.5,7
626,BAL,WCHEN-L,105,103,7.5,7
626,BOS,RPORCELLO-R,105,104,7.5,7
626,TAM,ACOLOME-R,-125,-114,7.5,7
626,NYY,NEOVALDI-R,-113,116,9,8.5
626,HOU,VELASQUEZ-R,-107,-126,9,8.5
626,KAN,EVOLQUEZ-R,120,113,7,7
626,OAK,JHAHN-R,-140,-123,7,7
626,SEA,TWALKER-R,100,105,7,7.5
626,LAA,SHOEMAKER-R,-120,-115,7,7.5
626,MIN,TMAY-R,100,115,8.5,7.5
626,MIL,KLOHSE-R,-120,-130,8.5,7.5
627,ATL,JTEHERAN-R,147,145,7,7
627,PIT,CMORTON-R,-167,-160,7,7
627,COL,CRUSIN-L,133,115,7,7.5
627,SFO,TLINCECUM-R,-153,-125,7,7.5
627,CIN,MLORENZEN-R,152,148,6.5,7
627,NYM,MHARVEY-R,-172,-163,6.5,7
627,LOS,CKERSHAW-L,-195,-278,6.5,6.5
627,MIA,TKOEHLER-R,175,238,6.5,6.5
627,CUB,DROACH-R,145,161,7.5,7
627,STL,MWACHA-R,-165,-181,7.5,7
627,ARI,HELLICKSON-R,120,111,7,7
627,SDG,ACASHNER-R,-140,-121,7,7
627,TEX,YGALLARDO-R,-101,140,9,8.5
627,TOR,MBOYD-L,-119,-155,9,8.5
627,KAN,CYOUNG-R,112,135,7.5,7
627,OAK,SKAZMIR-L,-132,-150,7.5,7
627,NYY,MTANAKA-R,-125,-129,7.5,7.5
627,HOU,OBERHOLTZR-L,105,119,7.5,7.5
627,BOS,WMILEY-L,-105,105,7.5,7.5
627,TAM,MANDRIESE-R,-115,-115,7.5,7.5
627,SEA,JHAPP-L,142,120,7,7.5
627,LAA,GRICHARDS-R,-162,-135,7,7.5
627,MIN,KGIBSON-R,105,119,8,8
627,MIL,MGARZA-R,-125,-134,8,8
628,LOS,ZGREINKE-R,-180,-236,7,7
628,MIA,JURENA-R,160,206,7,7
628,CIN,JSMITH-R,125,125,7.5,7.5
628,NYM,SMATZ-L,-145,-140,7.5,7.5
628,ATL,AWOOD-L,115,144,7.5,7
628,PIT,JLOCKE-L,-135,-159,7.5,7
628,WAS,STRASBURG-R,-180,-174,8,8
628,PHI,KCORREIA-R,160,154,8,8
628,CUB,JHAMMEL-R,105,127,7,6.5
628,STL,CMARTINEZ-R,-125,-142,7,6.5
628,COL,KKENDRICK-R,200,206,7,7
628,SFO,BUMGARNER-L,-230,-236,7,7
628,ARI,CANDERSON-R,-105,100,7.5,7.5
628,SDG,DESPAIGNE-R,-115,-110,7.5,7.5
628,TEX,AGONZALEZ-R,155,154,9,9
628,TOR,HUTCHISON-R,-175,-174,9,9
628,CWS,SAMARDZIJA-R,155,147,7.5,8
628,DET,DPRICE-L,-175,-162,7.5,8
628,BOS,MASTERSON-R,170,159,6.5,6.5
628,TAM,CARCHER-R,-190,-179,6.5,6.5
628,CLE,TBAUER-R,105,117,8.5,8.5
628,BAL,UJIMENEZ-R,-125,-127,8.5,8.5
628,NYY,MPINEDA-R,-112,-106,8,7.5
628,HOU,CMCHUGH-R,-108,-104,8,7.5
628,SEA,FHERNANDZ-R,-120,-114,7,7
628,LAA,HSANTIAGO-L,100,104,7,7
628,KAN,JGUTHRIE-R,130,122,8,7
628,OAK,JCHAVEZ-R,-150,-137,8,7
628,MIN,TMILONE-L,115,149,8.5,8
628,MIL,MFIERS-R,-135,-164,8.5,8
628,CLE,TMURATA-R,115,126,9,9
628,BAL,CTILLMAN-R,-135,-141,9,9
628,WAS,TROARK-R,-180,-145,8.5,8
628,PHI,SGONZALEZ-R,160,130,8.5,8
629,MIL,JNELSON-R,-160,-156,8,8
629,PHI,O'SULLIVAN-R,140,141,8,8
629,LOS,BOLSINGER-R,-130,-156,9,9
629,ARI,AWEBSTER-R,110,141,9,9
629,BOS,CBUCHHOLZ-R,110,112,8.5,8.5
629,TOR,RDICKEY-R,-130,-122,8.5,8.5
629,TEX,WRODRIGEZ-L,120,117,9,9
629,BAL,BNORRIS-R,-140,-132,9,9
629,CLE,CANDERSON-R,100,109,7,7
629,TAM,NKARNS-R,-120,-119,7,7
629,KAN,JBLANTON-R,115,114,7.5,7
629,HOU,MCCULLERS-R,-135,-124,7.5,7
629,NYY,CSABATHIA-L,120,115,8.5,8.5
629,LAA,CWILSON-L,-140,-130,8.5,8.5
629,MIN,MPELFREY-R,125,149,7.5,8
629,CIN,MLEAKE-R,-145,-164,7.5,8
629,COL,DHALE-R,130,156,8,8
629,OAK,KGRAVEMAN-R,-150,-176,8,8
630,MIL,TJUNGMANN-R,112,114,7,7
630,PHI,CHAMELS-L,-132,-124,7,7
630,SFO,VOGELSONG-R,-114,114,7.5,7
630,MIA,MLATOS-R,-106,-124,7.5,7
630,WAS,ZIMMERMAN-R,-123,-114,6.5,6.5
630,ATL,SMILLER-R,103,104,6.5,6.5
630,CUB,HENDRICKS-R,-114,-116,7,7
630,NYM,JNIESE-L,-106,106,7,7
630,LOS,CFRIAS-R,-117,-110,9,9
630,ARI,DELAROSA-R,-103,100,9,9
630,TEX,CLEWIS-R,130,128,8.5,9
630,BAL,MGONZALEZ-R,-150,-143,8.5,9
630,BOS,ERODRIGUE-L,125,131,9,9
630,TOR,MESTRADA-R,-145,-146,9,9
630,CLE,DSALAZAR-R,-106,-140,7,7
630,TAM,ERAMIREZ-R,-114,125,7,7
630,KAN,DDUFFY-L,135,134,7,6.5
630,HOU,DKEUCHEL-L,-155,-149,7,6.5
630,NYY,INOVA-R,-101,116,8,8
630,LAA,AHEANEY-L,-119,-131,8,8
630,PIT,GCOLE-R,-133,-112,7.5,8
630,DET,VERLANDER-R,113,102,7.5,8
630,MIN,PHUGHES-R,105,118,7.5,8
630,CIN,DESCLAFANI-R,-125,-128,7.5,8
630,CWS,CSALE-L,105,-113,6.5,6
630,STL,LLYNN-R,-125,103,6.5,6
630,COL,DELAROSA-L,160,132,7,7.5
630,OAK,CBASSITT-R,-180,-147,7,7.5
630,SEA,MONTGOMERY-L,-105,107,7,7.5
630,SDG,IKENNEDY-R,-115,-117,7,7.5
701,MIL,KLOHSE-R,-124,-111,8,7.5
701,PHI,AHARANG-R,104,101,8,7.5
701,SFO,CHESTON-R,-118,-135,7.5,6.5
701,MIA,DHAREN-R,-102,120,7.5,6.5
701,WAS,DFISTER-R,-135,-141,7,7.5
701,ATL,MWISLER-R,115,126,7,7.5
701,CUB,JLESTER-L,-122,-119,6.5,7
701,NYM,BCOLON-R,102,109,6.5,7
701,LOS,BANDERSON-L,-133,-123,8.5,8.5
701,ARI,RRAY-L,113,113,8.5,8.5
701,BOS,RPORCELLO-R,123,120,9,8.5
701,TOR,MBUEHRLE-L,-143,-135,9,8.5
701,NYY,NEOVALDI-R,105,-111,8,8
701,LAA,SHOEMAKER-R,-125,101,8,8
701,TEX,NMARTINEZ-R,145,164,8.5,8.5
701,BAL,WCHEN-L,-165,-184,8.5,8.5
701,CLE,CCARRASCO-R,-113,-150,7,7
701,TAM,ACOLOME-R,-107,135,7,7
701,KAN,EVOLQUEZ-R,-105,107,8,7.5
701,HOU,VELASQUEZ-R,-115,-117,8,7.5
701,MIN,TMAY-R,163,181,7,7
701,CIN,JCUETO-R,-183,-211,7,7
701,COL,CBETTIS-R,137,175,7.5,8
701,OAK,JHAHN-R,-157,-195,7.5,8
701,SEA,TWALKER-R,114,100,6.5,7
701,SDG,JSHIELDS-R,-134,-110,6.5,7
701,PIT,ABURNETT-R,-105,102,8,8.5
701,DET,ASIMON-R,-105,-112,8,8.5
701,CWS,JQUINTANA-L,142,143,7,6.5
701,STL,JLACKEY-R,-162,-158,7,6.5
702,SFO,MCAIN-R,120,106,6.5,6.5
702,MIA,JFERNANDZ-R,-140,-116,6.5,6.5
702,CUB,JARRIETA-R,115,104,6.5,6
702,NYM,JDEGROM-R,-135,-114,6.5,6
702,MIL,MGARZA-R,-135,-145,8.5,8
702,PHI,BILLINGSLY-R,115,130,8.5,8
702,WAS,MSCHERZER-R,-210,-204,6.5,6.5
702,ATL,MBANUELOS-L,180,174,6.5,6.5
702,SDG,TROSS-R,120,-101,7.5,7
702,STL,TCOONEY-L,-140,-109,7.5,7
702,COL,CRUSIN-L,130,140,9.5,9
702,ARI,HELLICKSON-R,-150,-155,9.5,9
702,CLE,CKLUBER-R,-115,-128,6.5,6.5
702,TAM,MMOORE-L,-105,118,6.5,6.5
702,BOS,WMILEY-L,110,137,9.5,9
702,TOR,MBOYD-L,-130,-152,9.5,9
702,TEX,YGALLARDO-R,100,-104,8.5,8
702,BAL,KGAUSMAN-R,-120,-106,8.5,8
702,MIN,KGIBSON-R,125,146,7.5,7.5
702,KAN,CYOUNG-R,-145,-161,7.5,7.5
702,SEA,RELIAS-L,130,137,7,7
702,OAK,SKAZMIR-L,-150,-152,7,7
702,PIT,FLIRIANO-L,-130,-134,8,9
702,DET,KRYAN-L,110,119,8,9
703,MIA,TKOEHLER-R,140,170,7.5,7
703,CUB,JHAMMEL-R,-160,-200,7.5,7
703,SFO,JPEAVY-R,140,114,7.5,7.5
703,WAS,GGONZALEZ-L,-160,-124,7.5,7.5
703,MIL,MFIERS-R,-105,-119,8.5,8
703,CIN,MLORENZEN-R,-105,109,8.5,8
703,PHI,AMORGAN-L,170,151,7.5,7
703,ATL,JTEHERAN-R,-200,-171,7.5,7
703,SDG,ACASHNER-R,160,143,7,7
703,STL,MWACHA-R,-180,-158,7,7
703,COL,KKENDRICK-R,140,146,9,9
703,ARI,CANDERSON-R,-160,-161,9,9
703,NYM,NSYNDERGA-R,200,210,5.5,6
703,LOS,CKERSHAW-L,-240,-250,5.5,6
703,TOR,HUTCHISON-R,120,113,8.5,8.5
703,DET,ASANCHEZ-R,-140,-123,8.5,8.5
703,TAM,CARCHER-R,105,114,7,7
703,NYY,MTANAKA-R,-125,-124,7,7
703,HOU,DSTRAILY-R,125,111,9,9.5
703,BOS,MASTERSON-R,-145,-121,9,9.5
703,LAA,GRICHARDS-R,-115,-145,8.5,9.5
703,TEX,AGONZALEZ-R,-105,130,8.5,9.5
703,BAL,UJIMENEZ-R,-135,-160,9,8
703,CWS,JDANKS-L,115,145,9,8
703,MIN,TMILONE-L,125,119,8,7.5
703,KAN,JGUTHRIE-R,-145,-134,8,7.5
703,SEA,JHAPP-L,140,105,7.5,7
703,OAK,JCHAVEZ-R,-160,-115,7.5,7
703,CLE,TBAUER-R,117,110,7.5,7.5
703,PIT,CMORTON-R,-137,-120,7.5,7.5
704,SFO,BUMGARNER-L,100,-105,6.5,6.5
704,WAS,STRASBURG-R,-120,-105,6.5,6.5
704,SDG,DESPAIGNE-R,170,181,7,7
704,STL,CMARTINEZ-R,-190,-211,7,7
704,MIL,JNELSON-R,-113,-105,8.5,8.5
704,CIN,JSMITH-R,-107,-105,8.5,8.5
704,PHI,KCORREIA-R,170,160,7.5,7
704,ATL,AWOOD-L,-200,-180,7.5,7
704,NYM,MHARVEY-R,150,150,6,6.5
704,LOS,ZGREINKE-R,-170,-170,6,6.5
704,MIA,JCOSART-R,110,115,7.5,7.5
704,CUB,CRICHARD-L,-130,-125,7.5,7.5
704,COL,DHALE-R,140,150,9.5,9
704,ARI,PCORBIN-L,-160,-170,9.5,9
704,TAM,NKARNS-R,145,146,7.5,7.5
704,NYY,MPINEDA-R,-165,-161,7.5,7.5
704,TOR,RDICKEY-R,110,100,8,9
704,DET,DPRICE-L,-130,-110,8,9
704,HOU,CMCHUGH-R,110,131,8.5,8
704,BOS,CBUCHHOLZ-R,-130,-146,8.5,8
704,BAL,CTILLMAN-R,-105,-105,8.5,8
704,CWS,SAMARDZIJA-R,-115,-105,8.5,8
704,SEA,FHERNANDZ-R,-125,-131,6.5,7.5
704,OAK,KGRAVEMAN-R,105,116,6.5,7.5
704,MIN,MPELFREY-R,145,149,8.5,8
704,KAN,JBLANTON-R,-165,-164,8.5,8
704,LAA,HSANTIAGO-L,-120,-116,9,9
704,TEX,WRODRIGEZ-L,100,106,9,9
704,CLE,CANDERSON-R,-105,104,7.5,8
704,PIT,JLOCKE-L,-115,-114,7.5,8
705,MIL,TJUNGMANN-R,-112,112,8.5,7.5
705,CIN,MLEAKE-R,-108,-122,8.5,7.5
705,SFO,VOGELSONG-R,140,145,7.5,7
705,WAS,ZIMMERMAN-R,-160,-160,7.5,7
705,PHI,CHAMELS-L,105,-105,6.5,6.5
705,ATL,SMILLER-R,-125,-105,6.5,6.5
705,SDG,IKENNEDY-R,150,170,7,7
705,STL,LLYNN-R,-170,-190,7,7
705,MIA,MLATOS-R,120,115,7,7.5
705,CUB,HENDRICKS-R,-140,-130,7,7.5
705,NYM,SMATZ-L,130,140,7,7
705,LOS,BOLSINGER-R,-150,-155,7,7
705,COL,DELAROSA-L,110,149,8.5,8
705,ARI,DELAROSA-R,-130,-164,8.5,8
705,TAM,ERAMIREZ-R,110,116,8,9
705,NYY,INOVA-R,-130,-126,8,9
705,TOR,MESTRADA-R,-106,-127,9,9
705,DET,VERLANDER-R,-114,117,9,9
705,HOU,MCCULLERS-R,-112,106,8.5,8.5
705,BOS,ERODRIGUE-L,-108,-116,8.5,8.5
705,MIN,ESANTANA-R,115,137,8,8.5
705,KAN,DDUFFY-L,-135,-152,8,8.5
705,BAL,MGONZALEZ-R,-110,-110,8.5,8.5
705,CWS,CRODON-L,-110,100,8.5,8.5
705,SEA,MONTGOMERY-L,-109,-102,7.5,7.5
705,OAK,CBASSITT-R,-111,-108,7.5,7.5
705,LAA,CWILSON-L,-105,-127,8.5,9
705,TEX,CLEWIS-R,-115,117,8.5,9
705,CLE,DSALAZAR-R,110,118,7,6.5
705,PIT,GCOLE-R,-130,-133,7,6.5
706,CIN,DESCLAFANI-R,140,106,7.5,8
706,WAS,DFISTER-R,-160,-116,7.5,8
706,SDG,JSHIELDS-R,140,104,7,7
706,PIT,ABURNETT-R,-160,-114,7,7
706,STL,JLACKEY-R,105,107,9,8.5
706,CUB,JLESTER-L,-125,-117,9,8.5
706,ATL,MWISLER-R,115,145,8,8.5
706,MIL,KLOHSE-R,-135,-160,8,8.5
706,PHI,O'SULLIVAN-R,180,225,8,8
706,LOS,YGARCIA-R,-210,-265,8,8
706,NYM,JNIESE-L,150,131,7,6.5
706,SFO,CHESTON-R,-170,-146,7,6.5
706,HOU,DKEUCHEL-L,-107,108,7,7
706,CLE,CCARRASCO-R,-113,-118,7,7
706,BAL,WCHEN-L,-105,-116,7.5,7.5
706,MIN,PHUGHES-R,-105,106,7.5,7.5
706,TOR,MBUEHRLE-L,140,110,7,8
706,CWS,CSALE-L,-160,-120,7,8
706,DET,ASIMON-R,125,152,7,8
706,SEA,HIWAKUMA-R,-145,-172,7,8
707,CIN,JCUETO-R,140,135,6,6
707,WAS,MSCHERZER-R,-160,-150,6,6
707,SDG,TROSS-R,150,130,6.5,7
707,PIT,FLIRIANO-L,-170,-145,6.5,7
707,STL,TCOONEY-L,-107,-105,7.5,7
707,CUB,DBEELER-R,-113,-105,7.5,7
707,ATL,MBANUELOS-L,122,164,8,7.5
707,MIL,TCRAVY-R,-142,-184,8,7.5
707,PHI,BILLINGSLY-R,230,215,7.5,7.5
707,LOS,BANDERSON-L,-270,-255,7.5,7.5
707,NYM,BCOLON-R,130,111,7,7
707,SFO,MCAIN-R,-150,-121,7,7
707,OAK,SGRAY-R,-115,-120,8,8
707,NYY,NEOVALDI-R,-105,110,8,8
707,HOU,VELASQUEZ-R,160,160,7,7
707,CLE,CKLUBER-R,-180,-180,7,7
707,TOR,FDOUBRONT-L,100,-125,8.5,8.5
707,CWS,JQUINTANA-L,-120,115,8.5,8.5
707,TAM,MANDRIESE-R,107,111,7.5,7
707,KAN,EVOLQUEZ-R,-127,-121,7.5,7
707,BAL,KGAUSMAN-R,-113,-124,8,7
707,MIN,KGIBSON-R,-107,114,8,7
707,DET,KRYAN-L,125,170,7.5,7.5
707,SEA,TWALKER-R,-145,-200,7.5,7.5
707,MIA,DHAREN-R,133,191,9,9
707,BOS,WMILEY-L,-153,-221,9,9
707,ARI,RRAY-L,122,116,8.5,8.5
707,TEX,YGALLARDO-R,-142,-131,8.5,8.5
707,LAA,AHEANEY-L,-126,-107,11,10
707,COL,CBETTIS-R,106,-103,11,10
707,STL,TLYONS-L,125,154,6.5,5.5
707,CUB,JARRIETA-R,-145,-174,6.5,5.5
707,TAM,MMOORE-L,120,106,7.5,6.5
707,KAN,CYOUNG-R,-140,-116,7.5,6.5
708,ATL,JTEHERAN-R,140,127,7.5,7
708,MIL,MFIERS-R,-160,-142,7.5,7
708,NYM,JDEGROM-R,-108,-113,6.5,6.5
708,SFO,JPEAVY-R,-112,103,6.5,6.5
708,SDG,ACASHNER-R,122,117,7,7
708,PIT,CMORTON-R,-142,-127,7,7
708,STL,MWACHA-R,-112,105,7,6.5
708,CUB,JHAMMEL-R,-108,-115,7,6.5
708,PHI,AMORGAN-L,315,338,6.5,6.5
708,LOS,CKERSHAW-L,-375,-398,6.5,6.5
708,BAL,UJIMENEZ-R,-120,-129,8,7.5
708,MIN,TMILONE-L,100,119,8,7.5
708,DET,ASANCHEZ-R,102,104,7.5,7.5
708,SEA,JHAPP-L,-122,-114,7.5,7.5
708,OAK,SKAZMIR-L,100,-105,8,8
708,NYY,CSABATHIA-L,-120,-105,8,8
708,HOU,DSTRAILY-R,130,127,8,8
708,CLE,TBAUER-R,-150,-142,8,8
708,TAM,CARCHER-R,-127,-142,7,6.5
708,KAN,JGUTHRIE-R,107,127,7,6.5
708,TOR,HUTCHISON-R,-132,-160,9,9
708,CWS,JDANKS-L,112,145,9,9
708,MIA,TKOEHLER-R,140,160,9,9
708,BOS,RPORCELLO-R,-160,-180,9,9
708,ARI,HELLICKSON-R,120,-101,9.5,9.5
708,TEX,MHARRISON-L,-140,-109,9.5,9.5
708,LAA,SHOEMAKER-R,-132,-130,11,10.5
708,COL,CRUSIN-L,112,115,11,10.5
709,STL,CMARTINEZ-R,-114,100,7,7
709,PIT,JLOCKE-L,-106,-110,7,7
709,CIN,MLORENZEN-R,140,135,7,7
709,MIA,JFERNANDZ-R,-160,-150,7,7
709,ATL,AWOOD-L,-115,100,10.5,10
709,COL,KKENDRICK-R,-105,-110,10.5,10
709,PHI,SGONZALEZ-R,320,275,7,7
709,LOS,ZGREINKE-R,-400,-325,7,7
709,OAK,JCHAVEZ-R,110,141,7.5,8.5
709,NYY,MTANAKA-R,-130,-156,7.5,8.5
709,TOR,RDICKEY-R,-105,112,8.5,8
709,CWS,SAMARDZIJA-R,-105,-122,8.5,8
709,TAM,NKARNS-R,120,118,7.5,7
709,KAN,YVENTURA-R,-140,-128,7.5,7
709,HOU,OBERHOLTZR-L,115,108,7.5,8
709,CLE,CANDERSON-R,-135,-118,7.5,8
709,DET,DPRICE-L,-145,-125,8,8
709,MIN,MPELFREY-R,125,115,8,8
709,LAA,GRICHARDS-R,100,125,6.5,7
709,SEA,FHERNANDZ-R,-120,-140,6.5,7
710,STL,LLYNN-R,110,126,6.5,6
710,PIT,GCOLE-R,-130,-141,6.5,6
710,CIN,MLEAKE-R,-114,-122,7.5,7
710,MIA,DPHELPS-R,-106,112,7.5,7
710,ARI,CANDERSON-R,110,126,6.5,7
710,NYM,SYNDERGARD-R,-130,-141,6.5,7
710,ATL,SMILLER-R,-125,104,10,10
710,COL,GGERMEN-R,105,-114,10,10
710,MIL,JNELSON-R,140,141,7,7
710,LOS,BOLSINGER-R,-160,-156,7,7
710,PHI,CHAMELS-L,140,152,6,6
710,SFO,BUMGARNER-L,-160,-172,6,6
710,HOU,CMCHUGH-R,100,100,7,7
710,TAM,ERAMIREZ-R,-120,-110,7,7
710,OAK,KGRAVEMAN-R,120,142,7.5,7.5
710,CLE,DSALAZAR-R,-140,-157,7.5,7.5
710,NYY,MPINEDA-R,110,-112,8,7.5
710,BOS,CBUCHHOLZ-R,-130,102,8,7.5
710,TOR,MESTRADA-R,-115,-116,8.5,8.5
710,KAN,DDUFFY-L,-105,106,8.5,8.5
710,DET,VERLANDER-R,130,110,8.5,8.5
710,MIN,ESANTANA-R,-150,-120,8.5,8.5
710,LAA,HSANTIAGO-L,105,-117,7,7.5
710,SEA,MONTGOMERY-L,-125,107,7,7.5
710,CWS,CRODON-L,150,149,7.5,7
710,CUB,HENDRICKS-R,-170,-164,7.5,7
710,WAS,GGONZALEZ-L,-102,115,8.5,8.5
710,BAL,CTILLMAN-R,-118,-130,8.5,8.5
710,SDG,IKENNEDY-R,100,110,9.5,9.5
710,TEX,WRODRIGEZ-L,-120,-120,9.5,9.5
711,ARI,PCORBIN-L,140,115,6.5,6.5
711,NYM,MHARVEY-R,-160,-130,6.5,6.5
711,ATL,MWISLER-R,125,133,10,10
711,COL,DELAROSA-L,-145,-148,10,10
711,CIN,RIGLESIAS-R,102,-127,7.5,7.5
711,MIA,ACONLEY-L,-122,117,7.5,7.5
711,STL,JLACKEY-R,110,112,6.5,7
711,PIT,ABURNETT-R,-130,-122,6.5,7
711,PHI,DBUCHANAN-R,170,171,7,7.5
711,SFO,VOGELSONG-R,-200,-201,7,7.5
711,MIL,TJUNGMANN-R,133,126,7,7.5
711,LOS,BBEACHY-R,-153,-141,7,7.5
711,TOR,MBUEHRLE-L,-112,-134,8,8
711,KAN,CYOUNG-R,-108,119,8,8
711,DET,ASIMON-R,140,132,8,9
711,MIN,PHUGHES-R,-160,-147,8,9
711,HOU,DKEUCHEL-L,-115,-109,7,6.5
711,TAM,JODORIZZI-R,-105,-101,7,6.5
711,OAK,CBASSITT-R,140,140,7.5,7.5
711,CLE,CCARRASCO-R,-160,-155,7.5,7.5
711,NYY,INOVA-R,103,131,9,8.5
711,BOS,ERODRIGUE-L,-123,-146,9,8.5
711,LAA,CWILSON-L,100,-101,7.5,7.5
711,SEA,HIWAKUMA-R,-120,-109,7.5,7.5
711,CWS,CSALE-L,-114,-118,6.5,6.5
711,CUB,JLESTER-L,-106,108,6.5,6.5
711,WAS,ZIMMERMAN-R,-108,110,8,7.5
711,BAL,MGONZALEZ-R,-112,-120,8,7.5
711,SDG,JSHIELDS-R,-109,115,8.5,9
711,TEX,CLEWIS-R,-111,-125,8.5,9
712,ARI,DELAROSA-R,105,-112,7,7.5
712,NYM,JNIESE-L,-125,102,7,7.5
712,CIN,JCUETO-R,-145,-154,6.5,6
712,MIA,DHAREN-R,125,139,6.5,6
712,PHI,BILLINGSLY-R,200,181,8,7.5
712,SFO,CHESTON-R,-230,-211,8,7.5
712,ATL,AWOOD-L,100,116,10,10.5
712,COL,CBETTIS-R,-120,-126,10,10.5
712,MIL,KLOHSE-R,155,138,8,7
712,LOS,BANDERSON-L,-175,-153,8,7
712,STL,TCOONEY-L,150,149,7,6.5
712,PIT,FLIRIANO-L,-170,-164,7,6.5
712,HOU,MCCULLERS-R,-115,-124,7,7
712,TAM,MMOORE-L,-105,114,7,7
712,OAK,SGRAY-R,105,125,6.5,6.5
712,CLE,CKLUBER-R,-125,-140,6.5,6.5
712,NYY,NEOVALDI-R,105,-105,9,9
712,BOS,WMILEY-L,-125,-105,9,9
712,TOR,FDOUBRONT-L,-112,111,8.5,8.5
712,KAN,EVOLQUEZ-R,-108,-121,8.5,8.5
712,DET,SGREENE-R,140,115,8.5,9
712,MIN,KGIBSON-R,-160,-130,8.5,9
712,LAA,AHEANEY-L,-112,-105,7,7.5
712,SEA,TWALKER-R,-108,-105,7,7.5
712,WAS,MSCHERZER-R,-117,-112,7,7
712,BAL,WCHEN-L,-103,102,7,7
712,CWS,JQUINTANA-L,150,158,6.5,6
712,CUB,JARRIETA-R,-170,-178,6.5,6
712,SDG,TROSS-R,115,130,8.5,9
712,TEX,YGALLARDO-R,-135,-145,8.5,9
717,MIA,JFERNANDZ-R,-160,-172,7,7
717,PHI,AMORGAN-L,140,152,7,7
717,LOS,BOLSINGER-R,105,-121,6,7.5
717,WAS,ZIMMERMAN-R,-125,111,6,7.5
717,CUB,HENDRICKS-R,-125,-128,7,7.5
717,ATL,JTEHERAN-R,105,118,7,7.5
717,PIT,CMORTON-R,-105,-102,8,8.5
717,MIL,MFIERS-R,-115,-108,8,8.5
717,NYM,SYNDERGARD-R,130,131,7,7
717,STL,LLYNN-R,-150,-146,7,7
717,SFO,MCAIN-R,100,104,8.5,8
717,ARI,RRAY-L,-120,-114,8.5,8
717,COL,DELAROSA-L,120,125,6.5,7
717,SDG,JSHIELDS-R,-140,-140,6.5,7
717,SEA,MONTGOMERY-L,130,151,7.5,8
717,NYY,MTANAKA-R,-150,-171,7.5,8
717,TAM,JODORIZZI-R,115,132,8.5,8.5
717,TOR,HUTCHISON-R,-135,-147,8.5,8.5
717,BAL,UJIMENEZ-R,105,-106,8,8
717,DET,ASANCHEZ-R,-125,-104,8,8
717,KAN,EVOLQUEZ-R,-130,-112,8.5,9
717,CWS,JDANKS-L,110,102,8.5,9
717,TEX,MPEREZ-L,140,128,8.5,8
717,HOU,CMCHUGH-R,-160,-143,8.5,8
717,MIN,ESANTANA-R,145,152,7,6.5
717,OAK,SGRAY-R,-165,-172,7,6.5
717,BOS,WMILEY-L,112,115,8,8
717,LAA,CWILSON-L,-132,-130,8,8
717,CLE,TBAUER-R,-114,-107,8,8.5
717,CIN,MLEAKE-R,-106,-103,8,8.5
717,KAN,CYOUNG-R,100,107,8,7.5
717,CWS,SAMARDZIJA-R,-120,-117,8,7.5
718,LOS,CKERSHAW-L,-160,-232,7,7
718,WAS,DFISTER-R,140,202,7,7
718,MIA,TKOEHLER-R,-130,-114,8,7.5
718,PHI,BILLINGSLY-R,110,104,8,7.5
718,PIT,VWORLEY-R,-125,-131,8,8
718,MIL,JNELSON-R,105,116,8,8
718,CUB,JLESTER-L,-140,-170,7.5,7.5
718,ATL,MBANUELOS-L,120,150,7.5,7.5
718,NYM,BCOLON-R,130,150,7,7.5
718,STL,JLACKEY-R,-150,-170,7,7.5
718,SFO,JPEAVY-R,100,-105,8.5,8.5
718,ARI,CANDERSON-R,-120,-105,8.5,8.5
718,COL,CBETTIS-R,125,128,6.5,6.5
718,SDG,TROSS-R,-145,-143,6.5,6.5
718,SEA,HIWAKUMA-R,130,146,8,8
718,NYY,MPINEDA-R,-150,-161,8,8
718,TAM,ERAMIREZ-R,120,125,8.5,9
718,TOR,RDICKEY-R,-140,-140,8.5,9
718,KAN,JGUTHRIE-R,100,103,8.5,7.5
718,CWS,JQUINTANA-L,-120,-113,8.5,7.5
718,BAL,CTILLMAN-R,125,117,8,8
718,DET,DPRICE-L,-145,-127,8,8
718,TEX,CLEWIS-R,120,118,8.5,8.5
718,HOU,SFELDMAN-R,-140,-128,8.5,8.5
718,MIN,PHUGHES-R,140,141,7,7
718,OAK,SKAZMIR-L,-160,-156,7,7
718,BOS,RPORCELLO-R,130,127,7.5,7.5
718,LAA,GRICHARDS-R,-150,-142,7.5,7.5
718,CLE,CKLUBER-R,-145,-158,7.5,7.5
718,CIN,DESCLAFANI-R,125,143,7.5,7.5
719,MIA,DHAREN-R,105,146,7,7.5
719,PHI,CHAMELS-L,-125,-161,7,7.5
719,LOS,ZGREINKE-R,-114,-107,6.5,6
719,WAS,MSCHERZER-R,-106,-103,6.5,6
719,PIT,JLOCKE-L,105,125,8,8
719,MIL,TJUNGMANN-R,-125,-140,8,8
719,NYM,JNIESE-L,120,132,8,7.5
719,STL,TCOONEY-L,-140,-147,8,7.5
719,SFO,BUMGARNER-L,-135,-108,8,7.5
719,ARI,PCORBIN-L,115,-102,8,7.5
719,CUB,JARRIETA-R,-130,-170,7,6.5
719,ATL,SMILLER-R,110,150,7,6.5
719,SEA,FHERNANDZ-R,-130,-113,7.5,8.5
719,NYY,CSABATHIA-L,110,103,7.5,8.5
719,TAM,CARCHER-R,-105,-110,8,8
719,TOR,MESTRADA-R,-115,100,8,8
719,BAL,MGONZALEZ-R,105,107,9,9
719,DET,VERLANDER-R,-125,-117,9,9
719,KAN,DDUFFY-L,140,153,7,7
719,CWS,CSALE-L,-160,-173,7,7
719,TEX,YGALLARDO-R,140,163,7,7
719,HOU,DKEUCHEL-L,-160,-183,7,7
719,MIN,TMILONE-L,120,142,8,7.5
719,OAK,JCHAVEZ-R,-140,-157,8,7.5
719,CLE,CCARRASCO-R,110,101,7,7
719,CIN,JCUETO-R,-130,-111,7,7
720,NYM,MHARVEY-R,-113,116,7,7
720,WAS,GGONZALEZ-L,-107,-126,7,7
720,CUB,CRICHARD-L,-105,-101,8.5,9.5
720,CIN,MLORENZEN-R,-115,-109,8.5,9.5
720,LOS,BBEACHY-R,-145,-129,8,7.5
720,ATL,MWISLER-R,125,119,8,7.5
720,MIA,DPHELPS-R,120,150,8.5,8
720,ARI,DELAROSA-R,-140,-165,8.5,8
720,SFO,THUDSON-R,-112,-113,7,7
720,SDG,IKENNEDY-R,-108,103,7,7
720,SEA,JHAPP-L,100,102,9,10
720,DET,ASIMON-R,-120,-112,9,10
720,BOS,SWRIGHT-R,130,137,8,8
720,LAA,AHEANEY-L,-150,-152,8,8
720,TAM,MMOORE-L,-150,-116,8,8
720,PHI,DBUCHANAN-R,130,106,8,8
720,PIT,ABURNETT-R,105,116,7.5,7
720,KAN,YVENTURA-R,-125,-131,7.5,7
720,TEX,NMARTINEZ-R,110,147,11,10.5
720,COL,CRUSIN-L,-130,-162,11,10.5
720,BOS,ERODRIGUE-L,105,108,8,8
720,LAA,HSANTIAGO-L,-125,-118,8,8
721,NYM,JDEGROM-R,-125,-107,7,6.5
721,WAS,JROSS-R,105,-103,7,6.5
721,CUB,JHAMMEL-R,-130,-129,8.5,8.5
721,CIN,RIGLESIAS-R,110,119,8.5,8.5
721,LOS,BANDERSON-L,-150,-141,8,7
721,ATL,AWOOD-L,130,126,8,7
721,MIA,MLATOS-R,110,115,8.5,8
721,ARI,HELLICKSON-R,-130,-130,8.5,8
721,SFO,CHESTON-R,-125,-125,7,7
721,SDG,DESPAIGNE-R,105,115,7,7
721,BAL,WCHEN-L,105,110,8,8.5
721,NYY,NEOVALDI-R,-125,-120,8,8.5
721,SEA,TWALKER-R,-115,-140,9,9
721,DET,SGREENE-R,-105,125,9,9
721,BOS,BJOHNSON-L,105,105,8.5,8
721,HOU,VELASQUEZ-R,-125,-115,8.5,8
721,TOR,MBUEHRLE-L,-112,-113,7.5,7.5
721,OAK,KGRAVEMAN-R,-108,103,7.5,7.5
721,MIN,KGIBSON-R,130,115,7.5,7
721,LAA,SHOEMAKER-R,-150,-130,7.5,7
721,TAM,NKARNS-R,-130,-140,8,7.5
721,PHI,ANOLA-R,110,125,8,7.5
721,CLE,DSALAZAR-R,-120,-118,8,8
721,MIL,MGARZA-R,100,108,8,8
721,STL,MWACHA-R,-135,-134,8,7.5
721,CWS,CRODON-L,115,119,8,7.5
721,PIT,GCOLE-R,-125,-119,7.5,7
721,KAN,JVARGAS-L,105,109,7.5,7
721,TEX,MHARRISON-L,-105,115,11,11.5
721,COL,KKENDRICK-R,-115,-130,11,11.5
722,LOS,BOLSINGER-R,-140,-154,7.5,7.5
722,ATL,JTEHERAN-R,120,139,7.5,7.5
722,CUB,HENDRICKS-R,-120,-112,8,7.5
722,CIN,MLEAKE-R,100,102,8,7.5
722,NYM,SYNDERGARD-R,120,100,7,6.5
722,WAS,ZIMMERMAN-R,-140,-110,7,6.5
722,SFO,MCAIN-R,-105,-107,7,7
722,SDG,JSHIELDS-R,-115,-103,7,7
722,MIA,JFERNANDZ-R,-120,-111,7.5,7
722,ARI,RRAY-L,100,101,7.5,7
722,SEA,MONTGOMERY-L,110,126,9,8.5
722,DET,ASANCHEZ-R,-130,-141,9,8.5
722,BAL,KGAUSMAN-R,105,106,8.5,8.5
722,NYY,INOVA-R,-125,-116,8.5,8.5
722,BOS,JKELLY-R,115,129,8,8
722,HOU,CMCHUGH-R,-135,-144,8,8
722,TOR,FDOUBRONT-L,140,125,7,7
722,OAK,SGRAY-R,-160,-140,7,7
722,MIN,MPELFREY-R,165,152,8,8
722,LAA,CWILSON-L,-185,-172,8,8
722,TAM,JODORIZZI-R,-145,-178,8,8
722,PHI,AMORGAN-L,125,158,8,8
722,CLE,CANDERSON-R,-120,101,8.5,9
722,MIL,KLOHSE-R,100,-111,8.5,9
722,TEX,MPEREZ-L,130,145,10.5,10.5
722,COL,DELAROSA-L,-150,-160,10.5,10.5
722,STL,LLYNN-R,-135,-148,8,8
722,CWS,JDANKS-L,115,133,8,8
722,PIT,CMORTON-R,110,114,8,7.5
722,KAN,EVOLQUEZ-R,-130,-124,8,7.5
722,CUB,DBEELER-R,100,110,8.5,8
722,CIN,TCINGRANI-L,-120,-120,8.5,8
723,WAS,DFISTER-R,145,171,7,7
723,PIT,FLIRIANO-L,-165,-191,7,7
723,LOS,CKERSHAW-L,-200,-277,6.5,6.5
723,NYM,BCOLON-R,170,237,6.5,6.5
723,MIL,MFIERS-R,-120,-140,8.5,8
723,ARI,ZGODLEY-R,100,125,8.5,8
723,MIA,TKOEHLER-R,140,133,6.5,6
723,SDG,TROSS-R,-160,-148,6.5,6
723,SEA,HIWAKUMA-R,125,145,8,7.5
723,DET,DPRICE-L,-145,-160,8,7.5
723,BAL,UJIMENEZ-R,140,119,8,7.5
723,NYY,MTANAKA-R,-160,-129,8,7.5
723,MIN,ESANTANA-R,150,157,7,7
723,LAA,GRICHARDS-R,-170,-177,7,7
723,TOR,RDICKEY-R,105,-120,7.5,8.5
723,OAK,DPOMERANZ-L,-125,110,7.5,8.5
723,CWS,SAMARDZIJA-R,120,118,7.5,7.5
723,CLE,TBAUER-R,-140,-133,7.5,7.5
723,BOS,WMILEY-L,120,116,8,7.5
723,HOU,MCCULLERS-R,-140,-131,8,7.5
723,KAN,CYOUNG-R,120,128,7,7
723,STL,JLACKEY-R,-140,-143,7,7
724,PHI,JWILLIAMS-R,220,240,8.5,9
724,CUB,JLESTER-L,-260,-280,8.5,9
724,WAS,MSCHERZER-R,-125,-130,6.5,6.5
724,PIT,JLOCKE-L,105,115,6.5,6.5
724,LOS,ITHOMAS-L,-180,-112,6.5,7.5
724,NYM,JNIESE-L,160,102,6.5,7.5
724,ATL,MBANUELOS-L,150,166,8,7.5
724,STL,TCOONEY-L,-170,-186,8,7.5
724,CIN,DESCLAFANI-R,100,104,11,11
724,COL,EBUTLER-R,-120,-114,11,11
724,MIL,JNELSON-R,100,113,8,8
724,ARI,PCORBIN-L,-120,-123,8,8
724,MIA,DHAREN-R,125,142,6.5,7
724,SDG,ACASHNER-R,-145,-157,6.5,7
724,BAL,CTILLMAN-R,140,141,7,6.5
724,TAM,CARCHER-R,-160,-156,7,6.5
724,CWS,JQUINTANA-L,160,142,7,6.5
724,CLE,CKLUBER-R,-180,-157,7,6.5
724,DET,VERLANDER-R,110,130,9,9
724,BOS,RPORCELLO-R,-130,-145,9,9
724,NYY,MPINEDA-R,-140,-153,8,8
724,MIN,PHUGHES-R,120,138,8,8
724,HOU,SKAZMIR-L,115,-111,8.5,8
724,KAN,JGUTHRIE-R,-135,101,8.5,8
724,TEX,CLEWIS-R,140,132,8,8
724,LAA,NTROPEANO-R,-160,-147,8,8
724,TOR,MESTRADA-R,130,144,7,6.5
724,SEA,FHERNANDZ-R,-150,-159,7,6.5
724,OAK,JCHAVEZ-R,115,115,7,7
724,SFO,JPEAVY-R,-135,-130,7,7
725,PHI,CHAMELS-L,155,186,6.5,6
725,CUB,JARRIETA-R,-175,-216,6.5,6
725,WAS,GGONZALEZ-L,120,138,7,7
725,PIT,ABURNETT-R,-140,-153,7,7
725,LOS,ZLEE-R,110,115,7,7
725,NYM,MHARVEY-R,-130,-125,7,7
725,ATL,SMILLER-R,165,190,7,6.5
725,STL,CMARTINEZ-R,-185,-220,7,6.5
725,MIL,TJUNGMANN-R,-105,106,8,8
725,ARI,DELAROSA-R,-115,-116,8,8
725,CIN,JCUETO-R,-130,-130,10.5,10
725,COL,CRUSIN-L,110,115,10.5,10
725,MIA,DPHELPS-R,120,112,7,7.5
725,SDG,IKENNEDY-R,-140,-122,7,7.5
725,DET,ASIMON-R,110,114,9,9.5
725,BOS,SWRIGHT-R,-130,-124,9,9.5
725,TOR,HUTCHISON-R,-120,-131,7.5,8
725,SEA,JHAPP-L,100,116,7.5,8
725,BAL,MGONZALEZ-R,100,108,7,7
725,TAM,ERAMIREZ-R,-120,-118,7,7
725,NYY,CSABATHIA-L,-115,-105,8.5,8.5
725,MIN,TMILONE-L,-105,-105,8.5,8.5
725,CWS,CSALE-L,100,-114,6.5,6
725,CLE,CCARRASCO-R,-120,104,6.5,6
725,HOU,SFELDMAN-R,120,128,8,8
725,KAN,DDUFFY-L,-140,-143,8,8
725,TEX,YGALLARDO-R,140,137,7.5,7.5
725,LAA,HSANTIAGO-L,-160,-152,7.5,7.5
725,OAK,CBASSITT-R,160,170,6.5,7
725,SFO,BUMGARNER-L,-180,-200,6.5,7
726,LOS,ZGREINKE-R,-135,-125,6,6
726,NYM,JDEGROM-R,115,115,6,6
726,WAS,JROSS-R,165,150,7,7
726,PIT,GCOLE-R,-185,-170,7,7
726,ATL,MWISLER-R,180,173,7,7
726,STL,MWACHA-R,-210,-203,7,7
726,PHI,ANOLA-R,195,170,7,7.5
726,CUB,JHAMMEL-R,-225,-190,7,7.5
726,MIA,MLATOS-R,-105,-108,7,7
726,SDG,DESPAIGNE-R,-115,-102,7,7
726,CIN,MLORENZEN-R,-105,-115,11,11.5
726,COL,KKENDRICK-R,-115,105,11,11.5
726,MIL,MGARZA-R,100,135,8.5,8
726,ARI,HELLICKSON-R,-120,-150,8.5,8
726,CWS,CRODON-L,150,141,7.5,7
726,CLE,DSALAZAR-R,-170,-156,7.5,7
726,BAL,WCHEN-L,-114,-117,7,7
726,TAM,MMOORE-L,-106,107,7,7
726,DET,SGREENE-R,120,137,9.5,9.5
726,BOS,ERODRIGUE-L,-140,-152,9.5,9.5
726,NYY,NEOVALDI-R,-115,-126,8.5,8.5
726,MIN,KGIBSON-R,-105,116,8.5,8.5
726,HOU,DKEUCHEL-L,-115,-112,7.5,7
726,KAN,YVENTURA-R,-105,102,7.5,7
726,TEX,NMARTINEZ-R,170,163,8,7.5
726,LAA,AHEANEY-L,-200,-183,8,7.5
726,TOR,MBUEHRLE-L,-115,-120,7.5,7.5
726,SEA,TWALKER-R,-105,110,7.5,7.5
726,OAK,KGRAVEMAN-R,125,127,7.5,7.5
726,SFO,THUDSON-R,-145,-142,7.5,7.5
727,COL,DELAROSA-L,145,134,7.5,7
727,CUB,HENDRICKS-R,-165,-149,7.5,7
727,CIN,RIGLESIAS-R,165,154,7.5,7
727,STL,LLYNN-R,-185,-174,7.5,7
727,MIL,KLOHSE-R,140,170,7.5,7
727,SFO,CHESTON-R,-160,-200,7.5,7
727,DET,ASANCHEZ-R,100,106,7.5,6.5
727,TAM,NKARNS-R,-120,-116,7.5,6.5
727,CWS,JDANKS-L,115,149,9,9
727,BOS,JKELLY-R,-135,-164,9,9
727,KAN,EVOLQUEZ-R,100,-109,7.5,8
727,CLE,CANDERSON-R,-120,-101,7.5,8
727,NYY,INOVA-R,-120,-111,9,10
727,TEX,MHARRISON-L,100,101,9,10
727,ATL,AWOOD-L,140,141,7.5,7.5
727,BAL,KGAUSMAN-R,-160,-156,7.5,7.5
727,ARI,RRAY-L,120,110,7.5,7
727,SEA,MONTGOMERY-L,-140,-120,7.5,7
728,SDG,JSHIELDS-R,115,117,6.5,7
728,NYM,SYNDERGARD-R,-135,-127,6.5,7
728,WAS,ZIMMERMAN-R,110,116,6.5,6
728,MIA,JFERNANDZ-R,-130,-126,6.5,6
728,COL,YFLANDE-L,145,139,8.5,9
728,CUB,DBEELER-R,-165,-154,8.5,9
728,CIN,MLEAKE-R,160,127,7,7
728,STL,JGARCIA-L,-180,-142,7,7
728,MIL,WPERALTA-R,125,140,7,7
728,SFO,MCAIN-R,-145,-155,7,7
728,KAN,CYOUNG-R,100,111,7.5,8
728,CLE,TBAUER-R,-120,-121,7.5,8
728,DET,DPRICE-L,-115,-118,6.5,6.5
728,TAM,JODORIZZI-R,-105,108,6.5,6.5
728,CWS,SAMARDZIJA-R,105,125,8.5,8.5
728,BOS,WMILEY-L,-125,-140,8.5,8.5
728,NYY,CCAPUANO-L,-105,-116,9.5,9.5
728,TEX,MPEREZ-L,-115,106,9.5,9.5
728,LAA,CWILSON-L,100,127,8,7.5
728,HOU,CMCHUGH-R,-120,-142,8,7.5
728,PHI,AMORGAN-L,190,228,9,9.5
728,TOR,FDOUBRONT-L,-220,-268,9,9.5
728,ATL,JTEHERAN-R,145,157,7.5,8
728,BAL,UJIMENEZ-R,-165,-177,7.5,8
728,PIT,CMORTON-R,-120,-109,8.5,9.5
728,MIN,MPELFREY-R,100,-101,8.5,9.5
728,OAK,SGRAY-R,110,130,6.5,6.5
728,LOS,BANDERSON-L,-130,-145,6.5,6.5
728,ARI,ZGODLEY-R,140,157,7.5,7
728,SEA,HIWAKUMA-R,-160,-177,7.5,7
729,COL,EBUTLER-R,220,190,7.5,8
729,CUB,JLESTER-L,-260,-220,7.5,8
729,MIL,MFIERS-R,125,-105,7,7
729,SFO,JPEAVY-R,-145,-105,7,7
729,WAS,DFISTER-R,-115,-123,7.5,7.5
729,MIA,TKOEHLER-R,-105,113,7.5,7.5
729,SDG,TROSS-R,100,-105,7,7
729,NYM,BCOLON-R,-120,-105,7,7
729,CIN,DESCLAFANI-R,155,150,7.5,7.5
729,STL,JLACKEY-R,-175,-170,7.5,7.5
729,DET,VERLANDER-R,130,151,7,6.5
729,TAM,CARCHER-R,-150,-171,7,6.5
729,KAN,JGUTHRIE-R,140,153,7,7.5
729,CLE,CKLUBER-R,-160,-173,7,7.5
729,CWS,JQUINTANA-L,105,105,8.5,8.5
729,BOS,RPORCELLO-R,-125,-115,8.5,8.5
729,NYY,MTANAKA-R,-145,-170,8.5,9
729,TEX,CLEWIS-R,125,150,8.5,9
729,LAA,GRICHARDS-R,-105,118,8,7.5
729,HOU,MCCULLERS-R,-115,-128,8,7.5
729,PIT,FLIRIANO-L,-120,-128,7.5,8
729,MIN,ESANTANA-R,100,118,7.5,8
729,ARI,PCORBIN-L,155,153,6.5,6.5
729,SEA,FHERNANDZ-R,-175,-173,6.5,6.5
729,PHI,JWILLIAMS-R,210,247,9.5,9
729,TOR,RDICKEY-R,-250,-287,9.5,9
729,ATL,FOLTYNEWCZ-R,160,159,8,8.5
729,BAL,CTILLMAN-R,-180,-179,8,8.5
729,OAK,JCHAVEZ-R,250,140,6,7
729,LOS,BOLSINGER-R,-300,-155,6,7
730,WAS,MSCHERZER-R,-165,-195,6.5,6.5
730,MIA,DHAREN-R,145,175,6.5,6.5
730,SDG,ACASHNER-R,-105,-104,7,7.5
730,NYM,JNIESE-L,-115,-106,7,7.5
730,ATL,SMILLER-R,-114,-125,7.5,7.5
730,PHI,AHARANG-R,-106,115,7.5,7.5
730,PIT,ABURNETT-R,-145,-160,8.5,9
730,CIN,DHOLMBERG-L,125,145,8.5,9
730,COL,CRUSIN-L,200,165,7.5,7
730,STL,CMARTINEZ-R,-240,-185,7.5,7
730,CUB,JARRIETA-R,-135,-140,7,7
730,MIL,JNELSON-R,115,125,7,7
730,KAN,DDUFFY-L,115,115,8.5,9
730,TOR,MESTRADA-R,-135,-125,8.5,9
730,DET,ASIMON-R,140,127,9,8.5
730,BAL,MGONZALEZ-R,-160,-142,9,8.5
730,CWS,CSALE-L,-170,-195,8,7.5
730,BOS,SWRIGHT-R,150,175,8,7.5
730,NYY,CSABATHIA-L,-125,-126,9,9
730,TEX,YGALLARDO-R,105,116,9,9
730,LAA,SHOEMAKER-R,130,116,8,7.5
730,HOU,SKAZMIR-L,-150,-131,8,7.5
730,SEA,JHAPP-L,125,106,8.5,8.5
730,MIN,PHUGHES-R,-145,-116,8.5,8.5
730,CLE,CCARRASCO-R,-117,-125,7,7
730,OAK,CBASSITT-R,-103,115,7,7
731,ATL,WPEREZ-R,-114,-124,7.5,7.5
731,PHI,DBUCHANAN-R,-106,114,7.5,7.5
731,WAS,GGONZALEZ-L,115,103,6.5,7
731,NYM,MHARVEY-R,-135,-113,6.5,7
731,PIT,JLOCKE-L,-125,-131,8.5,9
731,CIN,MLORENZEN-R,105,116,8.5,9
731,SDG,IKENNEDY-R,100,102,7.5,7
731,MIA,DPHELPS-R,-120,-112,7.5,7
731,CUB,JHAMMEL-R,-113,-125,7.5,8
731,MIL,TJUNGMANN-R,-107,115,7.5,8
731,COL,KKENDRICK-R,200,206,7.5,7.5
731,STL,MWACHA-R,-230,-246,7.5,7.5
731,DET,BFARMER-R,155,155,8.5,9
731,BAL,WCHEN-L,-175,-175,8.5,9
731,KAN,JCUETO-R,-115,102,8,7.5
731,TOR,HUTCHISON-R,-105,-112,8,7.5
731,TAM,ERAMIREZ-R,105,-103,8.5,9
731,BOS,ERODRIGUE-L,-125,-107,8.5,9
731,NYY,NEOVALDI-R,-115,-120,8.5,8
731,CWS,CRODON-L,-105,110,8.5,8
731,SEA,TWALKER-R,-112,-106,8.5,8.5
731,MIN,TMILONE-L,-108,-104,8.5,8.5
731,CLE,DSALAZAR-R,-130,-151,7,7
731,OAK,KGRAVEMAN-R,110,136,7,7
731,SFO,BUMGARNER-L,-165,-174,8.5,9
731,TEX,NMARTINEZ-R,145,154,8.5,9
731,ARI,DELAROSA-R,110,125,8,8.5
731,HOU,SFELDMAN-R,-130,-140,8,8.5
731,LAA,HSANTIAGO-L,200,173,6,6
731,LOS,ZGREINKE-R,-230,-193,6,6
801,ATL,MWISLER-R,100,106,7.5,7.5
801,PHI,ANOLA-R,-120,-116,7.5,7.5
801,PIT,GCOLE-R,-165,-144,8,8
801,CIN,RIGLESIAS-R,145,129,8,8
801,WAS,JROSS-R,130,130,6.5,6.5
801,NYM,JDEGROM-R,-150,-145,6.5,6.5
801,CUB,HENDRICKS-R,-130,-147,8,8
801,MIL,MGARZA-R,110,132,8,8
801,SDG,DESPAIGNE-R,-110,-113,7.5,7
801,MIA,JURENA-R,-110,103,7.5,7
801,COL,DELAROSA-L,155,156,7.5,7
801,STL,LLYNN-R,-175,-176,7.5,7
801,KAN,YVENTURA-R,110,117,8.5,8
801,TOR,MBUEHRLE-L,-130,-127,8.5,8
801,TAM,MMOORE-L,105,116,8.5,10.5
801,BOS,JKELLY-R,-125,-131,8.5,10.5
801,DET,ASANCHEZ-R,115,138,8.5,8
801,BAL,KGAUSMAN-R,-135,-153,8.5,8
801,SEA,MONTGOMERY-L,-105,118,8.5,8.5
801,MIN,KGIBSON-R,-115,-133,8.5,8.5
801,NYY,BMITCHELL-R,-107,-130,9,9
801,CWS,JDANKS-L,-113,115,9,9
801,CLE,CANDERSON-R,-125,-102,7.5,7.5
801,OAK,ABROOKS-R,105,-108,7.5,7.5
801,LAA,AHEANEY-L,150,175,6.5,6
801,LOS,CKERSHAW-L,-170,-205,6.5,6
801,ARI,HELLICKSON-R,170,182,7.5,7.5
801,HOU,DKEUCHEL-L,-200,-212,7.5,7.5
801,SFO,CHESTON-R,110,117,8.5,8.5
801,TEX,CHAMELS-L,-130,-132,8.5,8.5
802,SDG,JSHIELDS-R,140,130,6,6
802,MIA,JFERNANDZ-R,-160,-145,6,6
802,PIT,CMORTON-R,-133,-147,9,9
802,CIN,KSAMPSON-R,113,132,9,9
802,WAS,ZIMMERMAN-R,120,116,6.5,6.5
802,NYM,SYNDERGARD-R,-140,-126,6.5,6.5
802,ATL,JTEHERAN-R,-126,-105,8,8.5
802,PHI,AMORGAN-L,106,-105,8,8.5
802,CUB,CRICHARD-L,-125,102,8.5,9.5
802,MIL,KLOHSE-R,105,-112,8.5,9.5
802,COL,YFLANDE-L,160,170,7.5,7.5
802,STL,JGARCIA-L,-180,-190,7.5,7.5
802,KAN,EVOLQUEZ-R,120,131,9,9
802,TOR,RDICKEY-R,-140,-146,9,9
802,DET,DNORRIS-L,145,158,9,9
802,BAL,UJIMENEZ-R,-165,-178,9,9
802,TAM,JODORIZZI-R,-107,-105,9,9.5
802,BOS,WMILEY-L,-113,-105,9,9.5
802,NYY,INOVA-R,105,100,8.5,9
802,CWS,SAMARDZIJA-R,-125,-110,8.5,9
802,SEA,HIWAKUMA-R,-120,-115,8.5,9
802,MIN,MPELFREY-R,100,105,8.5,9
802,CLE,TBAUER-R,140,139,7,6.5
802,OAK,SGRAY-R,-160,-154,7,6.5
802,ARI,RRAY-L,120,131,8,8
802,HOU,CMCHUGH-R,-140,-146,8,8
802,SFO,MLEAKE-R,-140,-116,9.5,9.5
802,TEX,MPEREZ-L,120,106,9.5,9.5
802,LAA,CRASMUS-R,140,118,7.5,8
802,LOS,MLATOS-R,-160,-133,7.5,8
803,ARI,ZGODLEY-R,140,109,8,8
803,WAS,DFISTER-R,-160,-119,8,8
803,SFO,MCAIN-R,-150,-147,8,7.5
803,ATL,FOLTYNEWCZ-R,130,132,8,7.5
803,NYM,BCOLON-R,-105,-116,7,7.5
803,MIA,TKOEHLER-R,-115,106,7,7.5
803,SDG,TROSS-R,-114,-110,8,7
803,MIL,WPERALTA-R,-106,100,8,7
803,MIN,ESANTANA-R,170,200,8.5,8
803,TOR,DPRICE-L,-200,-230,8.5,8
803,HOU,MCCULLERS-R,-130,-120,9,9
803,TEX,CLEWIS-R,110,110,9,9
803,TAM,NKARNS-R,120,103,8,7.5
803,CWS,JQUINTANA-L,-140,-113,8,7.5
803,BAL,TWILSON-R,-114,108,7.5,7
803,OAK,JCHAVEZ-R,-106,-118,7.5,7
803,CLE,CKLUBER-R,100,102,6.5,6.5
803,LAA,GRICHARDS-R,-120,-112,6.5,6.5
803,SEA,FHERNANDZ-R,-165,-175,9.5,9.5
803,COL,EBUTLER-R,145,155,9.5,9.5
804,CUB,JARRIETA-R,-130,-122,7,7
804,PIT,JHAPP-L,110,112,7,7
804,LOS,AWOOD-L,-185,-228,8,8.5
804,PHI,JWILLIAMS-R,165,198,8,8.5
804,ARI,PCORBIN-L,170,168,6.5,6.5
804,WAS,MSCHERZER-R,-200,-188,6.5,6.5
804,SFO,JPEAVY-R,-135,-123,7.5,7
804,ATL,SMILLER-R,115,113,7.5,7
804,NYM,JNIESE-L,-125,-121,7.5,7.5
804,MIA,BHAND-L,105,111,7.5,7.5
804,STL,JLACKEY-R,-140,-118,7.5,8
804,CIN,DESCLAFANI-R,120,108,7.5,8
804,SDG,ACASHNER-R,-114,114,8,7.5
804,MIL,JNELSON-R,-106,-124,8,7.5
804,KAN,DDUFFY-L,-113,-117,8.5,8.5
804,DET,VERLANDER-R,-107,107,8.5,8.5
804,MIN,PHUGHES-R,155,150,9,8.5
804,TOR,MESTRADA-R,-175,-170,9,8.5
804,BOS,HOWENS-L,180,158,8.5,8.5
804,NYY,MTANAKA-R,-210,-178,8.5,8.5
804,HOU,DSTRAILY-R,-120,-102,9,10
804,TEX,YGALLARDO-R,100,-108,9,10
804,TAM,CARCHER-R,120,115,6.5,6.5
804,CWS,CSALE-L,-140,-125,6.5,6.5
804,BAL,MGONZALEZ-R,-115,-110,7.5,7
804,OAK,CBASSITT-R,-105,100,7.5,7
804,CLE,CCARRASCO-R,-105,108,7,7
804,LAA,SHOEMAKER-R,-105,-118,7,7
804,SEA,VNUNO-L,-105,102,11,10.5
804,COL,JGRAY-R,-105,-112,11,10.5
805,CUB,DHAREN-R,105,131,7.5,8
805,PIT,JLOCKE-L,-125,-146,7.5,8
805,ARI,DELAROSA-R,140,128,7.5,7.5
805,WAS,GGONZALEZ-L,-160,-143,7.5,7.5
805,LOS,BANDERSON-L,-185,-169,8,8
805,PHI,AHARANG-R,165,154,8,8
805,SFO,BUMGARNER-L,-160,-205,7,7
805,ATL,WPEREZ-R,140,175,7,7
805,STL,CMARTINEZ-R,-150,-160,7.5,8
805,CIN,DHOLMBERG-L,130,145,7.5,8
805,NYM,MHARVEY-R,-150,-170,6.5,7
805,MIA,DPHELPS-R,130,150,6.5,7
805,SDG,IKENNEDY-R,105,109,7.5,7.5
805,MIL,TJUNGMANN-R,-125,-119,7.5,7.5
805,TAM,ERAMIREZ-R,-112,-104,8.5,8
805,CWS,CRODON-L,-108,-106,8.5,8
805,BAL,WCHEN-L,-130,-122,7.5,7
805,OAK,KGRAVEMAN-R,110,112,7.5,7
805,CLE,DSALAZAR-R,100,115,7.5,7.5
805,LAA,HSANTIAGO-L,-120,-125,7.5,7.5
805,KAN,JCUETO-R,-165,-177,8,7.5
805,DET,MBOYD-L,145,157,8,7.5
805,MIN,TDUFFEY-R,172,170,9,9
805,TOR,HUTCHISON-R,-192,-190,9,9
805,BOS,SWRIGHT-R,155,164,9,9.5
805,NYY,LSEVERINO-R,-175,-184,9,9.5
805,HOU,SKAZMIR-L,-150,-164,9.5,9
805,TEX,NMARTINEZ-R,130,149,9.5,9
805,SEA,TWALKER-R,-130,-114,11,10.5
805,COL,CRUSIN-L,110,104,11,10.5
806,STL,MWACHA-R,-160,-161,8,7.5
806,CIN,MLORENZEN-R,140,146,8,7.5
806,LOS,ZGREINKE-R,-240,-283,7,7.5
806,PHI,DBUCHANAN-R,200,243,7,7.5
806,SDG,DESPAIGNE-R,-106,109,8.5,8
806,MIL,MGARZA-R,-114,-119,8.5,8
806,ARI,HELLICKSON-R,140,170,8,7
806,WAS,JROSS-R,-160,-190,8,7
806,MIA,JURENA-R,115,-111,7.5,7.5
806,ATL,MWISLER-R,-135,101,7.5,7.5
806,SFO,CHESTON-R,-105,126,7,7
806,CUB,JHAMMEL-R,-115,-141,7,7
806,KAN,YVENTURA-R,-121,-104,8.5,7.5
806,DET,ASANCHEZ-R,101,-106,8.5,7.5
806,BOS,ERODRIGUE-L,125,119,9,8.5
806,NYY,CSABATHIA-L,-145,-134,9,8.5
806,MIN,KGIBSON-R,165,145,8.5,8.5
806,TOR,MBUEHRLE-L,-185,-160,8.5,8.5
806,HOU,SFELDMAN-R,-140,-119,8,7.5
806,OAK,ABROOKS-R,120,109,8,7.5
807,SFO,VOGELSONG-R,115,145,7.5,8
807,CUB,JLESTER-L,-135,-160,7.5,8
807,LOS,CKERSHAW-L,-135,-131,6,6
807,PIT,GCOLE-R,115,116,6,6
807,COL,DELAROSA-L,130,160,7.5,7.5
807,WAS,ZIMMERMAN-R,-150,-180,7.5,7.5
807,MIA,JFERNANDZ-R,-140,-158,6,6.5
807,ATL,JTEHERAN-R,120,143,6,6.5
807,STL,LLYNN-R,-140,-140,7.5,7.5
807,MIL,TCRAVY-R,120,125,7.5,7.5
807,CIN,RIGLESIAS-R,120,107,8.5,8.5
807,ARI,CANDERSON-R,-140,-117,8.5,8.5
807,PHI,ANOLA-R,140,130,6.5,6.5
807,SDG,JSHIELDS-R,-160,-145,6.5,6.5
807,BOS,JKELLY-R,130,-102,9,9
807,DET,DNORRIS-L,-150,-108,9,9
807,TOR,RDICKEY-R,100,-101,9,9
807,NYY,NEOVALDI-R,-120,-109,9,9
807,MIN,MPELFREY-R,125,118,8,8.5
807,CLE,CANDERSON-R,-145,-128,8,8.5
807,CWS,JDANKS-L,140,140,8,8
807,KAN,EVOLQUEZ-R,-160,-155,8,8
807,BAL,KGAUSMAN-R,110,115,7,7
807,LAA,AHEANEY-L,-130,-130,7,7
807,HOU,DKEUCHEL-L,-115,-113,6,6
807,OAK,SGRAY-R,-105,103,6,6
807,TEX,CHAMELS-L,-114,-109,6.5,7
807,SEA,HIWAKUMA-R,-106,-101,6.5,7
807,NYM,JDEGROM-R,-120,-115,6.5,6.5
807,TAM,JODORIZZI-R,100,105,6.5,6.5
808,LOS,MLATOS-R,115,141,7,7.5
808,PIT,FLIRIANO-L,-135,-156,7,7.5
808,SFO,MCAIN-R,120,119,8,8
808,CUB,HENDRICKS-R,-140,-134,8,8
808,COL,EBUTLER-R,165,179,7.5,7.5
808,WAS,STRASBURG-R,-185,-199,7.5,7.5
808,STL,JGARCIA-L,-140,-161,7.5,7.5
808,MIL,WPERALTA-R,120,146,7.5,7.5
808,MIA,TKOEHLER-R,-115,-108,7.5,7.5
808,ATL,FOLTYNEWCZ-R,-105,-102,7.5,7.5
808,CIN,KSAMPSON-R,132,131,8.5,8
808,ARI,RRAY-L,-152,-146,8.5,8
808,PHI,AMORGAN-L,155,185,7,7
808,SDG,TROSS-R,-175,-215,7,7
808,TOR,DPRICE-L,-125,-150,8,8.5
808,NYY,INOVA-R,105,135,8,8.5
808,HOU,CMCHUGH-R,-125,-108,7.5,7.5
808,OAK,JCHAVEZ-R,105,-102,7.5,7.5
808,TEX,MPEREZ-L,115,101,7.5,7.5
808,SEA,MONTGOMERY-L,-135,-111,7.5,7.5
808,BOS,WMILEY-L,-105,-115,9,8.5
808,DET,ASIMON-R,-105,105,9,8.5
808,CWS,SAMARDZIJA-R,100,107,8.5,8.5
808,KAN,JGUTHRIE-R,-120,-117,8.5,8.5
808,MIN,ESANTANA-R,125,118,7.5,8
808,CLE,TBAUER-R,-145,-133,7.5,8
808,BAL,UJIMENEZ-R,120,118,7,7
808,LAA,GRICHARDS-R,-140,-133,7,7
808,NYM,SYNDERGARD-R,-115,-116,6.5,7
808,TAM,NKARNS-R,-105,106,6.5,7
809,COL,YFLANDE-L,200,237,6.5,7.5
809,WAS,MSCHERZER-R,-240,-277,6.5,7.5
809,LOS,AWOOD-L,-120,-113,8,8
809,PIT,CMORTON-R,100,103,8,8
809,STL,JLACKEY-R,-135,-115,7,7.5
809,MIL,JNELSON-R,115,105,7,7.5
809,CIN,DESCLAFANI-R,140,131,8.5,7.5
809,ARI,PCORBIN-L,-160,-146,8.5,7.5
809,PHI,JWILLIAMS-R,165,170,7.5,7.5
809,SDG,ACASHNER-R,-185,-190,7.5,7.5
809,MIA,BHAND-L,130,119,7,7
809,ATL,SMILLER-R,-150,-129,7,7
809,SFO,JPEAVY-R,150,144,7,7.5
809,CUB,JARRIETA-R,-170,-159,7,7.5
809,BOS,HOWENS-L,105,129,9,8.5
809,DET,VERLANDER-R,-125,-144,9,8.5
809,TOR,MESTRADA-R,115,145,8.5,8
809,NYY,MTANAKA-R,-135,-160,8.5,8
809,MIN,PHUGHES-R,140,151,7,7
809,CLE,CKLUBER-R,-160,-171,7,7
809,CWS,JQUINTANA-L,120,105,8,7.5
809,KAN,DDUFFY-L,-140,-115,8,7.5
809,BAL,MGONZALEZ-R,102,100,8,8
809,LAA,JWEAVER-R,-122,-110,8,8
809,HOU,MFIERS-R,-114,-125,7.5,7
809,OAK,CBASSITT-R,-106,115,7.5,7
809,TEX,CLEWIS-R,155,155,7,7.5
809,SEA,FHERNANDZ-R,-175,-175,7,7.5
809,NYM,BCOLON-R,150,157,6.5,6.5
809,TAM,CARCHER-R,-170,-177,6.5,6.5
810,COL,JGRAY-R,140,139,7,7.5
810,NYM,JNIESE-L,-160,-154,7,7.5
810,PHI,AHARANG-R,145,165,8.5,8.5
810,ARI,DELAROSA-R,-165,-185,8.5,8.5
810,WAS,GGONZALEZ-L,110,-102,7,7
810,LOS,BANDERSON-L,-130,-108,7,7
810,CIN,DHOLMBERG-L,120,125,7,7.5
810,SDG,IKENNEDY-R,-140,-140,7,7.5
810,DET,MBOYD-L,170,190,7,7
810,KAN,JCUETO-R,-190,-220,7,7
810,LAA,SHOEMAKER-R,125,132,7,7.5
810,CWS,CSALE-L,-145,-147,7,7.5
810,BAL,WCHEN-L,-115,-120,7.5,7.5
810,SEA,VNUNO-L,-105,110,7.5,7.5
811,COL,CRUSIN-L,205,175,7,7
811,NYM,MHARVEY-R,-245,-205,7,7
811,MIL,TJUNGMANN-R,130,130,7.5,7.5
811,CUB,DHAREN-R,-150,-145,7.5,7.5
811,PIT,JLOCKE-L,140,125,7.5,7
811,STL,CMARTINEZ-R,-160,-140,7.5,7
811,PHI,DBUCHANAN-R,150,175,9,8.5
811,ARI,HELLICKSON-R,-170,-205,9,8.5
811,WAS,JROSS-R,160,164,6.5,6.5
811,LOS,ZGREINKE-R,-180,-184,6.5,6.5
811,CIN,MLORENZEN-R,100,112,7.5,7
811,SDG,CREA-R,-120,-122,7.5,7
811,OAK,KGRAVEMAN-R,170,150,9,8.5
811,TOR,HUTCHISON-R,-200,-170,9,8.5
811,NYY,LSEVERINO-R,100,104,7.5,7
811,CLE,CCARRASCO-R,-120,-114,7.5,7
811,LAA,HSANTIAGO-L,-130,-121,8.5,8.5
811,CWS,CRODON-L,110,111,8.5,8.5
811,DET,ASANCHEZ-R,130,150,8,7.5
811,KAN,YVENTURA-R,-150,-170,8,7.5
811,TEX,YGALLARDO-R,-105,111,8.5,8.5
811,MIN,KGIBSON-R,-105,-121,8.5,8.5
811,BAL,CTILLMAN-R,-105,120,7.5,7.5
811,SEA,TWALKER-R,-105,-135,7.5,7.5
811,BOS,SWRIGHT-R,-115,-112,8,7.5
811,MIA,JNICOLINO-L,-105,102,8,7.5
811,ATL,WPEREZ-R,160,173,7,7
811,TAM,ERAMIREZ-R,-180,-193,7,7
811,HOU,SKAZMIR-L,120,125,6,6
811,SFO,BUMGARNER-L,-140,-140,6,6
812,PHI,ANOLA-R,145,150,8.5,8
812,ARI,CANDERSON-R,-165,-170,8.5,8
812,CIN,RIGLESIAS-R,120,115,6.5,7
812,SDG,JSHIELDS-R,-140,-125,6.5,7
812,COL,DELAROSA-L,170,186,6.5,6.5
812,NYM,JDEGROM-R,-190,-216,6.5,6.5
812,MIL,MGARZA-R,160,155,8,8
812,CUB,JHAMMEL-R,-180,-175,8,8
812,PIT,GCOLE-R,105,110,6.5,6.5
812,STL,MWACHA-R,-125,-120,6.5,6.5
812,WAS,ZIMMERMAN-R,180,175,6,6
812,LOS,CKERSHAW-L,-210,-205,6,6
812,BAL,KGAUSMAN-R,110,100,7,7
812,SEA,HIWAKUMA-R,-130,-110,7,7
812,OAK,ABROOKS-R,180,162,8.5,8
812,TOR,RDICKEY-R,-210,-182,8.5,8
812,NYY,CSABATHIA-L,120,103,7.5,7
812,CLE,DSALAZAR-R,-140,-113,7.5,7
812,LAA,AHEANEY-L,-125,-116,8.5,8.5
812,CWS,JDANKS-L,105,106,8.5,8.5
812,DET,DNORRIS-L,155,151,8,7.5
812,KAN,EVOLQUEZ-R,-175,-171,8,7.5
812,TEX,NMARTINEZ-R,-105,108,9,9
812,MIN,MPELFREY-R,-115,-118,9,9
812,HOU,SFELDMAN-R,120,125,7,7.5
812,SFO,CHESTON-R,-140,-140,7,7.5
812,BOS,ERODRIGUE-L,-120,-120,7.5,7
812,MIA,ACONLEY-L,100,110,7.5,7
812,ATL,MWISLER-R,175,194,7,7
812,TAM,JODORIZZI-R,-195,-224,7,7
813,COL,EBUTLER-R,200,230,7,7.5
813,NYM,SYNDERGARD-R,-240,-270,7,7.5
813,MIL,TCRAVY-R,190,170,9,9
813,CUB,JLESTER-L,-220,-200,9,9
813,PIT,FLIRIANO-L,100,-109,6.5,6.5
813,STL,LLYNN-R,-120,-101,6.5,6.5
813,CIN,KSAMPSON-R,170,140,7,7.5
813,LOS,MLATOS-R,-190,-155,7,7.5
813,WAS,STRASBURG-R,-125,-131,7,7
813,SFO,VOGELSONG-R,105,116,7,7
813,OAK,JCHAVEZ-R,125,149,8,8.5
813,TOR,MBUEHRLE-L,-145,-164,8,8.5
813,TEX,AGONZALEZ-R,100,127,8.5,9
813,MIN,ESANTANA-R,-120,-142,8.5,9
813,NYY,NEOVALDI-R,-114,-121,8,7.5
813,CLE,TBAUER-R,-106,111,8,7.5
813,LAA,GRICHARDS-R,-105,-134,8,8
813,KAN,JGUTHRIE-R,-105,119,8,8
814,PIT,JHAPP-L,100,103,7.5,8
814,NYM,BCOLON-R,-120,-113,7.5,8
814,ARI,RRAY-L,-120,-129,7.5,7
814,ATL,JTEHERAN-R,100,119,7.5,7
814,PHI,AMORGAN-L,140,153,8.5,8.5
814,MIL,WPERALTA-R,-160,-173,8.5,8.5
814,MIA,TKOEHLER-R,180,209,7,6.5
814,STL,JGARCIA-L,-210,-239,7,6.5
814,SDG,TROSS-R,-112,-130,10,10.5
814,COL,YFLANDE-L,-108,115,10,10.5
814,CIN,JLAMB-L,150,157,7,7.5
814,LOS,AWOOD-L,-170,-177,7,7.5
814,WAS,MSCHERZER-R,-150,-131,6.5,6.5
814,SFO,MCAIN-R,130,116,6.5,6.5
814,OAK,BMILLS-L,150,175,8.5,8.5
814,BAL,UJIMENEZ-R,-170,-195,8.5,8.5
814,NYY,INOVA-R,200,204,8.5,7.5
814,TOR,DPRICE-L,-230,-234,8.5,7.5
814,SEA,MONTGOMERY-L,105,115,9.5,9.5
814,BOS,JKELLY-R,-125,-130,9.5,9.5
814,TAM,NKARNS-R,110,-105,9,9
814,TEX,MPEREZ-L,-130,-105,9,9
814,CLE,CKLUBER-R,-160,-134,7,7.5
814,MIN,TMAY-R,140,119,7,7.5
814,LAA,JWEAVER-R,115,111,8,8.5
814,KAN,DDUFFY-L,-135,-121,8,8.5
814,DET,ASIMON-R,200,176,8,8
814,HOU,DKEUCHEL-L,-230,-206,8,8
814,CUB,HENDRICKS-R,-114,-111,8,9
814,CWS,SAMARDZIJA-R,-106,101,8,9
815,PIT,CMORTON-R,-105,103,7.5,7.5
815,NYM,JNIESE-L,-115,-113,7.5,7.5
815,ARI,PCORBIN-L,-145,-171,7.5,7.5
815,ATL,FOLTYNEWCZ-R,125,151,7.5,7.5
815,PHI,JWILLIAMS-R,155,158,8.5,8
815,MIL,JNELSON-R,-175,-178,8.5,8
815,MIA,BHAND-L,180,170,7,6.5
815,STL,JLACKEY-R,-210,-200,7,6.5
815,SDG,ACASHNER-R,-115,109,11,11
815,COL,JGRAY-R,-105,-119,11,11
815,CIN,DHOLMBERG-L,165,155,7.5,8.5
815,LOS,BANDERSON-L,-185,-175,7.5,8.5
815,WAS,GGONZALEZ-L,-105,104,6.5,6.5
815,SFO,JPEAVY-R,-105,-114,6.5,6.5
815,NYY,MTANAKA-R,105,115,8,8.5
815,TOR,MESTRADA-R,-125,-125,8,8.5
815,SEA,FHERNANDZ-R,-140,-126,8.5,8.5
815,BOS,WMILEY-L,120,116,8.5,8.5
815,OAK,CBASSITT-R,130,118,8.5,8.5
815,BAL,MGONZALEZ-R,-150,-128,8.5,8.5
815,DET,VERLANDER-R,130,125,8,7.5
815,HOU,CMCHUGH-R,-150,-140,8,7.5
815,LAA,SHOEMAKER-R,160,138,7.5,7
815,KAN,JCUETO-R,-180,-153,7.5,7
815,CLE,JTOMLIN-R,-114,108,9,9
815,MIN,TDUFFEY-R,-106,-118,9,9
815,TAM,CARCHER-R,-140,-125,8.5,7.5
815,TEX,CLEWIS-R,120,115,8.5,7.5
815,CUB,JARRIETA-R,-135,-118,8,7.5
815,CWS,JQUINTANA-L,115,108,8,7.5
816,PIT,JLOCKE-L,145,144,7,7
816,NYM,MHARVEY-R,-165,-159,7,7
816,ARI,DELAROSA-R,-115,-114,7,7
816,ATL,SMILLER-R,-105,104,7,7
816,PHI,AHARANG-R,160,156,8,8.5
816,MIL,TJUNGMANN-R,-180,-176,8,8.5
816,MIA,DPHELPS-R,200,205,7,6.5
816,STL,CMARTINEZ-R,-230,-245,7,6.5
816,WAS,JROSS-R,145,137,7,7
816,SFO,BUMGARNER-L,-165,-152,7,7
816,CIN,DESCLAFANI-R,200,205,7,7.5
816,LOS,ZGREINKE-R,-230,-235,7,7.5
816,SDG,IKENNEDY-R,-105,105,11,11
816,COL,CRUSIN-L,-115,-115,11,11
816,NYY,LSEVERINO-R,115,107,8.5,9
816,TOR,HUTCHISON-R,-135,-117,8.5,9
816,SEA,VNUNO-L,120,109,9.5,9
816,BOS,HOWENS-L,-140,-119,9.5,9
816,OAK,KGRAVEMAN-R,150,153,8.5,8.5
816,BAL,WCHEN-L,-170,-173,8.5,8.5
816,DET,MBOYD-L,170,155,8.5,7.5
816,HOU,MFIERS-R,-200,-175,8.5,7.5
816,LAA,HSANTIAGO-L,120,119,8,8.5
816,KAN,YVENTURA-R,-140,-134,8,8.5
816,CLE,CCARRASCO-R,-140,-140,7.5,7.5
816,MIN,TMILONE-L,120,125,7.5,7.5
816,TAM,DSMYLY-L,-105,107,9,8.5
816,TEX,YGALLARDO-R,-115,-117,9,8.5
816,CUB,DHAREN-R,130,174,7.5,8
816,CWS,CSALE-L,-150,-194,7.5,8
817,ARI,HELLICKSON-R,165,180,7,7.5
817,PIT,GCOLE-R,-185,-210,7,7.5
817,MIA,JNICOLINO-L,130,136,8,8
817,MIL,MGARZA-R,-150,-151,8,8
817,SFO,CHESTON-R,125,158,7,6.5
817,STL,MWACHA-R,-145,-178,7,6.5
817,ATL,WPEREZ-R,140,140,7,7
817,SDG,CREA-R,-160,-155,7,7
817,MIN,KGIBSON-R,140,136,8.5,9
817,NYY,BMITCHELL-R,-160,-151,8.5,9
817,OAK,SGRAY-R,-105,-104,7.5,7.5
817,BAL,CTILLMAN-R,-115,-106,7.5,7.5
817,CLE,DSALAZAR-R,-130,-115,9,9
817,BOS,MBARNES-R,110,105,9,9
817,SEA,TWALKER-R,130,137,8.5,8.5
817,TEX,CHAMELS-L,-150,-152,8.5,8.5
817,TAM,ERAMIREZ-R,140,147,7.5,7.5
817,HOU,SKAZMIR-L,-160,-162,7.5,7.5
817,CWS,CRODON-L,130,144,7.5,7.5
817,LAA,AHEANEY-L,-150,-159,7.5,7.5
818,ARI,CANDERSON-R,175,170,7,7
818,PIT,FLIRIANO-L,-195,-200,7,7
818,MIA,ACONLEY-L,127,132,8.5,8
818,MIL,TCRAVY-R,-147,-147,8.5,8
818,SFO,VOGELSONG-R,125,129,7,7
818,STL,LLYNN-R,-145,-144,7,7
818,WAS,ZIMMERMAN-R,-160,-165,11,9.5
818,COL,DHALE-R,140,150,11,9.5
818,ATL,MWISLER-R,155,167,7,7
818,SDG,JSHIELDS-R,-175,-187,7,7
818,MIN,MPELFREY-R,150,132,9,9.5
818,NYY,CSABATHIA-L,-170,-147,9,9.5
818,CLE,TBAUER-R,105,116,9,9.5
818,BOS,ERODRIGUE-L,-125,-131,9,9.5
818,SEA,HIWAKUMA-R,-117,-141,9,9.5
818,TEX,AGONZALEZ-R,-103,126,9,9.5
818,TAM,JODORIZZI-R,-126,104,8,8
818,HOU,SFELDMAN-R,106,-114,8,8
818,CWS,JDANKS-L,152,170,7.5,7
818,LAA,GRICHARDS-R,-172,-200,7.5,7
818,TOR,RDICKEY-R,-180,-164,8,8
818,PHI,ANOLA-R,160,149,8,8
818,NYM,JDEGROM-R,-120,-105,7.5,7.5
818,BAL,KGAUSMAN-R,100,-105,7.5,7.5
818,KAN,EVOLQUEZ-R,-116,110,8,7.5
818,CIN,RIGLESIAS-R,-104,-120,8,7.5
818,DET,ASANCHEZ-R,152,143,8.5,8.5
818,CUB,JHAMMEL-R,-172,-158,8.5,8.5
818,LOS,CKERSHAW-L,-220,-250,6.5,6.5
818,OAK,FDOUBRONT-L,190,210,6.5,6.5
819,MIA,TKOEHLER-R,122,127,8,8
819,MIL,WPERALTA-R,-142,-142,8,8
819,ATL,JTEHERAN-R,142,141,6.5,6.5
819,SDG,TROSS-R,-162,-156,6.5,6.5
819,ARI,RRAY-L,125,119,7.5,8
819,PIT,JHAPP-L,-145,-129,7.5,8
819,SFO,MCAIN-R,145,150,7,7
819,STL,JGARCIA-L,-165,-170,7,7
819,WAS,STRASBURG-R,-141,-152,10,9.5
819,COL,DELAROSA-L,121,137,10,9.5
819,MIN,ESANTANA-R,145,157,8.5,8.5
819,NYY,NEOVALDI-R,-165,-177,8.5,8.5
819,SEA,MONTGOMERY-L,107,131,9.5,9
819,TEX,DHOLLAND-L,-127,-146,9.5,9
819,CLE,CKLUBER-R,-135,-141,8.5,9
819,BOS,JKELLY-R,115,126,8.5,9
819,TAM,NKARNS-R,170,170,7.5,7
819,HOU,DKEUCHEL-L,-190,-200,7.5,7
819,CWS,SAMARDZIJA-R,120,108,7.5,7.5
819,LAA,JWEAVER-R,-140,-118,7.5,7.5
819,LOS,AWOOD-L,-137,-118,8,8
819,OAK,JCHAVEZ-R,117,108,8,8
819,NYM,SYNDERGARD-R,-114,126,7.5,8
819,BAL,UJIMENEZ-R,-106,-141,7.5,8
819,TOR,MBUEHRLE-L,-200,-251,8.5,9
819,PHI,AMORGAN-L,170,211,8.5,9
819,KAN,JGUTHRIE-R,-105,-118,8.5,8.5
819,CIN,KSAMPSON-R,-105,108,8.5,8.5
819,DET,DNORRIS-L,180,171,9,9
819,CUB,JLESTER-L,-210,-191,9,9
820,SFO,JPEAVY-R,-105,119,8,8
820,PIT,CMORTON-R,-115,-134,8,8
820,ARI,PCORBIN-L,-140,-128,8,7.5
820,CIN,JLAMB-L,120,118,8,7.5
820,PHI,JWILLIAMS-R,130,140,8,7.5
820,MIA,BHAND-L,-150,-155,8,7.5
820,ATL,FOLTYNEWCZ-R,250,260,7.5,8
820,CUB,JARRIETA-R,-290,-310,7.5,8
820,WAS,MSCHERZER-R,-200,-205,10,10.5
820,COL,YFLANDE-L,170,175,10,10.5
820,CLE,JTOMLIN-R,145,140,8.5,8.5
820,NYY,INOVA-R,-165,-155,8.5,8.5
820,TEX,MPEREZ-L,-115,-104,9,9.5
820,DET,ASIMON-R,-105,-106,9,9.5
820,MIN,TDUFFEY-R,130,155,9,9
820,BAL,MGONZALEZ-R,-150,-175,9,9
820,KAN,DDUFFY-L,-112,-104,9,9
820,BOS,WMILEY-L,-108,-106,9,9
820,TAM,CARCHER-R,-113,102,7,7
820,HOU,CMCHUGH-R,-107,-112,7,7
820,CWS,JQUINTANA-L,120,113,8,7.5
820,LAA,NTROPEANO-R,-140,-123,8,7.5
821,ATL,SMILLER-R,185,151,8.5,9
821,CUB,HENDRICKS-R,-215,-171,8.5,9
821,SFO,BUMGARNER-L,-130,-125,7,6.5
821,PIT,JLOCKE-L,110,115,7,6.5
821,MIL,JNELSON-R,145,135,7.5,7
821,WAS,GGONZALEZ-L,-165,-150,7.5,7
821,ARI,DELAROSA-R,-115,-151,8,8.5
821,CIN,DHOLMBERG-L,-105,136,8,8.5
821,PHI,JEICKHOFF-R,110,125,8,7.5
821,MIA,KFLORES-R,-130,-140,8,7.5
821,NYM,BCOLON-R,-106,-109,11,11
821,COL,JGRAY-R,-114,-101,11,11
821,STL,JLACKEY-R,-125,-113,6.5,6.5
821,SDG,ACASHNER-R,105,103,6.5,6.5
821,MIN,TMILONE-L,155,150,8.5,8.5
821,BAL,WCHEN-L,-175,-170,8.5,8.5
821,CLE,CCARRASCO-R,130,116,7.5,7
821,NYY,MTANAKA-R,-150,-131,7.5,7
821,TEX,CLEWIS-R,105,115,8.5,8.5
821,DET,VERLANDER-R,-125,-125,8.5,8.5
821,KAN,JCUETO-R,-150,-150,8.5,8.5
821,BOS,HOWENS-L,130,135,8.5,8.5
821,TAM,DSMYLY-L,-105,116,7,7
821,OAK,CBASSITT-R,-105,-126,7,7
821,TOR,DPRICE-L,-140,-184,7,7
821,LAA,HSANTIAGO-L,120,164,7,7
821,CWS,CSALE-L,105,-106,6,5.5
821,SEA,FHERNANDZ-R,-125,-104,6,5.5
821,LOS,BANDERSON-L,-105,111,8,8
821,HOU,MFIERS-R,-115,-121,8,8
822,SFO,MLEAKE-R,145,148,7,7
822,PIT,GCOLE-R,-165,-163,7,7
822,ATL,WPEREZ-R,190,175,9,9.5
822,CUB,DHAREN-R,-220,-205,9,9.5
822,MIL,TJUNGMANN-R,130,139,7.5,7
822,WAS,JROSS-R,-150,-154,7.5,7
822,ARI,RDELGADO-R,105,106,8,8
822,CIN,DESCLAFANI-R,-125,-116,8,8
822,PHI,AHARANG-R,125,117,8,8
822,MIA,JNICOLINO-L,-145,-127,8,8
822,NYM,JNIESE-L,-125,-115,11,11
822,COL,CRUSIN-L,105,105,11,11
822,STL,CMARTINEZ-R,-135,-134,6.5,6.5
822,SDG,IKENNEDY-R,115,119,6.5,6.5
822,CLE,DSALAZAR-R,115,131,8,7.5
822,NYY,LSEVERINO-R,-135,-146,8,7.5
822,TEX,YGALLARDO-R,-120,-103,9,9
822,DET,RWOLF-L,100,-107,9,9
822,MIN,KGIBSON-R,140,139,8.5,8.5
822,BAL,CTILLMAN-R,-160,-154,8.5,8.5
822,KAN,YVENTURA-R,-140,-141,9,9
822,BOS,MBARNES-R,120,126,9,9
822,TAM,ERAMIREZ-R,-105,136,7,6.5
822,OAK,SGRAY-R,-115,-151,7,6.5
822,TOR,MESTRADA-R,-105,-125,7.5,8.5
822,LAA,AHEANEY-L,-115,115,7.5,8.5
822,CWS,CRODON-L,100,-106,7.5,7
822,SEA,VNUNO-L,-120,-104,7.5,7
822,LOS,ZGREINKE-R,-125,-125,7,7
822,HOU,SKAZMIR-L,105,115,7,7
823,ARI,CANDERSON-R,125,102,8,8
823,CIN,RIGLESIAS-R,-145,-112,8,8
823,PHI,ANOLA-R,100,118,8,7.5
823,MIA,ACONLEY-L,-120,-128,8,7.5
823,SFO,VOGELSONG-R,155,162,7.5,7
823,PIT,FLIRIANO-L,-175,-182,7.5,7
823,MIL,MGARZA-R,140,170,7.5,7.5
823,WAS,ZIMMERMAN-R,-160,-190,7.5,7.5
823,ATL,MWISLER-R,173,190,9.5,10
823,CUB,JHAMMEL-R,-193,-220,9.5,10
823,STL,MWACHA-R,-140,-155,6.5,7
823,SDG,CREA-R,120,140,6.5,7
823,NYM,LVERRETT-R,-130,-125,11,11.5
823,COL,DHALE-R,110,115,11,11.5
823,TEX,CHAMELS-L,-140,-125,8.5,9
823,DET,MBOYD-L,120,115,8.5,9
823,KAN,EVOLQUEZ-R,-115,107,9,8.5
823,BOS,ERODRIGUE-L,-105,-117,9,8.5
823,MIN,MPELFREY-R,145,151,8.5,9
823,BAL,KGAUSMAN-R,-165,-171,8.5,9
823,TOR,RDICKEY-R,-115,107,8,8.5
823,LAA,GRICHARDS-R,-105,-117,8,8.5
823,TAM,JODORIZZI-R,-125,-115,7.5,7.5
823,OAK,KGRAVEMAN-R,105,105,7.5,7.5
823,CWS,JDANKS-L,130,130,7.5,7.5
823,SEA,TWALKER-R,-150,-145,7.5,7.5
823,CLE,TBAUER-R,140,135,9,8.5
823,NYY,CSABATHIA-L,-160,-150,9,8.5
823,LOS,CKERSHAW-L,-175,-153,6.5,6.5
823,HOU,MCCULLERS-R,155,138,6.5,6.5
824,NYM,JDEGROM-R,-200,-252,7,7.5
824,PHI,AMORGAN-L,170,212,7,7.5
824,COL,DELAROSA-L,-105,-101,7,7
824,ATL,JTEHERAN-R,-115,-109,7,7
824,PIT,JHAPP-L,-140,-144,8,8
824,MIA,TKOEHLER-R,120,129,8,8
824,STL,LLYNN-R,-120,-116,8,8
824,ARI,JCHACIN-R,100,106,8,8
824,HOU,SFELDMAN-R,120,145,8,8.5
824,NYY,NEOVALDI-R,-140,-160,8,8.5
824,BAL,UJIMENEZ-R,110,115,8,7
824,KAN,KMEDLEN-R,-130,-125,8,7
824,BOS,JKELLY-R,115,115,8.5,8.5
824,CWS,SAMARDZIJA-R,-135,-125,8.5,8.5
824,OAK,FDOUBRONT-L,140,139,7,7
824,SEA,HIWAKUMA-R,-160,-154,7,7
824,DET,BFARMER-R,110,107,9,9
824,CIN,KSAMPSON-R,-130,-117,9,9
824,CLE,CKLUBER-R,110,115,8,8
824,CUB,JLESTER-L,-130,-125,8,8
825,NYM,SYNDERGARD-R,-195,-210,8,8.5
825,PHI,JWILLIAMS-R,175,180,8,8.5
825,SDG,JSHIELDS-R,140,160,7,7
825,WAS,STRASBURG-R,-160,-180,7,7
825,PIT,CMORTON-R,-150,-142,8,7.5
825,MIA,BHAND-L,130,127,8,7.5
825,COL,CBETTIS-R,-112,-102,8,8
825,ATL,FOLTYNEWCZ-R,-108,-108,8,8
825,LOS,AWOOD-L,-152,-125,8.5,8
825,CIN,JLAMB-L,132,115,8.5,8
825,STL,JGARCIA-L,-115,-124,8,7.5
825,ARI,RRAY-L,-105,114,8,7.5
825,CUB,JARRIETA-R,-135,-145,6.5,6.5
825,SFO,MCAIN-R,115,130,6.5,6.5
825,HOU,DKEUCHEL-L,-120,-153,7.5,7.5
825,NYY,INOVA-R,100,138,7.5,7.5
825,LAA,JWEAVER-R,-115,-120,8.5,9
825,DET,ASIMON-R,-105,110,8.5,9
825,MIN,ESANTANA-R,125,127,7.5,7
825,TAM,NKARNS-R,-145,-142,7.5,7
825,TOR,MBUEHRLE-L,-135,-130,9.5,9
825,TEX,DHOLLAND-L,115,115,9.5,9
825,BOS,WMILEY-L,110,117,8.5,7.5
825,CWS,JQUINTANA-L,-130,-132,8.5,7.5
825,BAL,MGONZALEZ-R,120,110,8,8
825,KAN,DDUFFY-L,-140,-120,8,8
825,OAK,JCHAVEZ-R,105,106,7.5,7.5
825,SEA,MONTGOMERY-L,-125,-116,7.5,7.5
825,MIL,WPERALTA-R,120,148,8,8
825,CLE,JTOMLIN-R,-140,-163,8,8
826,NYM,BCOLON-R,-165,-133,8.5,8
826,PHI,JEICKHOFF-R,145,118,8.5,8
826,SDG,TROSS-R,165,124,6.5,7
826,WAS,GGONZALEZ-L,-185,-139,6.5,7
826,PIT,JLOCKE-L,-160,-151,8,8
826,MIA,CNARVESON-L,140,136,8,8
826,LOS,BANDERSON-L,-160,-178,8,8.5
826,CIN,DHOLMBERG-L,140,158,8,8.5
826,COL,YFLANDE-L,120,138,7.5,7
826,ATL,SMILLER-R,-140,-153,7.5,7
826,STL,JLACKEY-R,-112,113,8,8
826,ARI,PCORBIN-L,-108,-123,8,8
826,CUB,HENDRICKS-R,-105,-110,7,7.5
826,SFO,JPEAVY-R,-115,100,7,7.5
826,HOU,CMCHUGH-R,125,143,7.5,8
826,NYY,MPINEDA-R,-145,-158,7.5,8
826,OAK,CBASSITT-R,145,140,7,7
826,SEA,FHERNANDZ-R,-165,-155,7,7
826,LAA,HSANTIAGO-L,110,119,8,9
826,DET,VERLANDER-R,-130,-134,8,9
826,MIN,TDUFFEY-R,170,163,7,6.5
826,TAM,CARCHER-R,-200,-183,7,6.5
826,TOR,DPRICE-L,-170,-190,8.5,8.5
826,TEX,CLEWIS-R,150,170,8.5,8.5
826,BOS,RPORCELLO-R,160,200,7.5,7
826,CWS,CSALE-L,-180,-230,7.5,7
826,BAL,WCHEN-L,150,126,7,7
826,KAN,JCUETO-R,-170,-141,7,7
826,MIL,JNELSON-R,140,115,7,8
826,CLE,CANDERSON-R,-160,-130,7,8
827,LOS,ZGREINKE-R,-200,-206,7,7
827,CIN,DESCLAFANI-R,170,176,7,7
827,CUB,DHAREN-R,170,175,7,7
827,SFO,BUMGARNER-L,-190,-195,7,7
827,NYM,JNIESE-L,-160,-155,8.5,8.5
827,PHI,AHARANG-R,140,140,8.5,8.5
827,SDG,ACASHNER-R,140,156,7.5,7.5
827,WAS,JROSS-R,-160,-176,7.5,7.5
827,PIT,GCOLE-R,-185,-230,7,7
827,MIA,JNICOLINO-L,165,200,7,7
827,STL,CMARTINEZ-R,-120,-118,8,8
827,ARI,DELAROSA-R,100,108,8,8
827,LAA,SHOEMAKER-R,-105,-118,9,9
827,DET,RWOLF-L,-105,108,9,9
827,TOR,MESTRADA-R,-140,-111,9.5,9.5
827,TEX,YGALLARDO-R,120,101,9.5,9.5
827,BAL,CTILLMAN-R,115,103,8,7.5
827,KAN,YVENTURA-R,-135,-113,8,7.5
827,MIN,TMILONE-L,120,118,7.5,7.5
827,TAM,DSMYLY-L,-140,-128,7.5,7.5
827,SEA,RELIAS-L,125,119,8.5,8.5
827,CWS,CRODON-L,-145,-129,8.5,8.5
828,MIA,ACONLEY-L,220,240,7,7
828,WAS,MSCHERZER-R,-260,-280,7,7
828,COL,JGRAY-R,200,225,7,7
828,PIT,FLIRIANO-L,-230,-265,7,7
828,SDG,IKENNEDY-R,-120,-123,8,7.5
828,PHI,ANOLA-R,100,113,8,7.5
828,CIN,RIGLESIAS-R,110,110,7.5,7
828,MIL,TJUNGMANN-R,-130,-120,7.5,7
828,CUB,JHAMMEL-R,170,229,6.5,6.5
828,LOS,CKERSHAW-L,-200,-269,6.5,6.5
828,STL,MWACHA-R,-120,105,6.5,6.5
828,SFO,MLEAKE-R,100,-115,6.5,6.5
828,DET,MBOYD-L,190,175,9.5,9.5
828,TOR,RDICKEY-R,-220,-195,9.5,9.5
828,LAA,AHEANEY-L,140,110,7.5,8
828,CLE,TBAUER-R,-160,-120,7.5,8
828,KAN,EVOLQUEZ-R,-105,-112,7,7
828,TAM,ERAMIREZ-R,-105,102,7,7
828,BAL,KGAUSMAN-R,120,119,8.5,8.5
828,TEX,CHAMELS-L,-140,-129,8.5,8.5
828,SEA,TWALKER-R,-120,-120,8.5,8
828,CWS,JDANKS-L,100,110,8.5,8
828,HOU,SKAZMIR-L,-135,-118,8,7.5
828,MIN,KGIBSON-R,115,108,8,7.5
828,BOS,HOWENS-L,170,185,7,7
828,NYM,MHARVEY-R,-200,-215,7,7
828,NYY,MTANAKA-R,-205,-213,7.5,7.5
828,ATL,WPEREZ-R,175,183,7.5,7.5
828,OAK,SGRAY-R,-130,-106,7.5,7.5
828,ARI,CANDERSON-R,110,-104,7.5,7.5
829,STL,LLYNN-R,-115,-145,7,7
829,SFO,VOGELSONG-R,-105,130,7,7
829,MIA,TKOEHLER-R,195,211,7.5,7.5
829,WAS,ZIMMERMAN-R,-225,-251,7.5,7.5
829,COL,CRUSIN-L,190,203,8,8
829,PIT,JHAPP-L,-220,-233,8,8
829,SDG,CREA-R,-120,-160,8.5,8.5
829,PHI,AMORGAN-L,100,145,8.5,8.5
829,CIN,KSAMPSON-R,120,117,8.5,8.5
829,MIL,MGARZA-R,-140,-132,8.5,8.5
829,CUB,JLESTER-L,-114,-124,7,7.5
829,LOS,MLATOS-R,-106,114,7,7.5
829,DET,BFARMER-R,205,225,9.5,10
829,TOR,HUTCHISON-R,-235,-265,9.5,10
829,KAN,KMEDLEN-R,-105,-109,7,6.5
829,TAM,JODORIZZI-R,-115,-101,7,6.5
829,HOU,MFIERS-R,-145,-113,8.5,8
829,MIN,MPELFREY-R,125,103,8.5,8
829,SEA,HIWAKUMA-R,100,-116,8,7.5
829,CWS,SAMARDZIJA-R,-120,106,8,7.5
829,LAA,GRICHARDS-R,130,140,7.5,7
829,CLE,CKLUBER-R,-150,-155,7.5,7
829,BAL,UJIMENEZ-R,-113,-117,9,9
829,TEX,MPEREZ-L,-107,107,9,9
829,BOS,JKELLY-R,170,175,7,7
829,NYM,JDEGROM-R,-200,-205,7,7
829,NYY,LSEVERINO-R,-185,-230,7.5,7.5
829,ATL,MWISLER-R,165,200,7.5,7.5
829,OAK,ABROOKS-R,120,129,8.5,9
829,ARI,JCHACIN-R,-140,-144,8.5,9
830,MIA,BHAND-L,210,210,7,7
830,WAS,STRASBURG-R,-250,-250,7,7
830,COL,DELAROSA-L,170,170,8,8
830,PIT,CMORTON-R,-200,-190,8,8
830,SDG,JSHIELDS-R,-150,-160,8,8
830,PHI,AASHER-R,130,145,8,8
830,CIN,JLAMB-L,140,108,9,8.5
830,MIL,WPERALTA-R,-160,-118,9,8.5
830,STL,JGARCIA-L,-115,-113,6.5,7
830,SFO,CHESTON-R,-105,103,6.5,7
830,CUB,JARRIETA-R,-135,-128,6.5,7
830,LOS,AWOOD-L,115,118,6.5,7
830,DET,ASIMON-R,230,185,9.5,9.5
830,TOR,MBUEHRLE-L,-270,-215,9.5,9.5
830,KAN,DDUFFY-L,-120,108,7.5,7
830,TAM,NKARNS-R,100,-118,7.5,7
830,LAA,JWEAVER-R,110,125,8,8.5
830,CLE,JTOMLIN-R,-130,-140,8,8.5
830,SEA,EOLMOS-L,120,149,8,8
830,CWS,JQUINTANA-L,-140,-164,8,8
830,HOU,MCCULLERS-R,-135,-142,8.5,8.5
830,MIN,ESANTANA-R,115,127,8.5,8.5
830,BAL,MGONZALEZ-R,110,107,9.5,9.5
830,TEX,DHOLLAND-L,-130,-117,9.5,9.5
830,BOS,WMILEY-L,160,155,7.5,7
830,NYM,SYNDERGARD-R,-180,-175,7.5,7
830,NYY,NEOVALDI-R,-175,-146,7,7
830,ATL,JTEHERAN-R,155,131,7,7
830,OAK,JCHAVEZ-R,130,-106,9,9
830,ARI,AWEBSTER-R,-150,-104,9,9
831,MIA,CNARVESON-L,105,124,8.5,7.5
831,ATL,SMILLER-R,-125,-139,8.5,7.5
831,PHI,JEICKHOFF-R,170,170,7.5,8
831,NYM,BCOLON-R,-200,-200,7.5,8
831,CIN,MLORENZEN-R,180,190,8,9.5
831,CUB,HENDRICKS-R,-210,-220,8,9.5
831,WAS,GGONZALEZ-L,130,116,7,7
831,STL,JLACKEY-R,-150,-126,7,7
831,ARI,RRAY-L,-112,-120,10.5,10
831,COL,CBETTIS-R,-108,110,10.5,10
831,SFO,JPEAVY-R,115,126,7.5,7.5
831,LOS,BANDERSON-L,-135,-141,7.5,7.5
831,CLE,DSALAZAR-R,180,185,7.5,7.5
831,TOR,DPRICE-L,-210,-215,7.5,7.5
831,TAM,CARCHER-R,-120,-126,7.5,7.5
831,BAL,WCHEN-L,100,116,7.5,7.5
831,NYY,INOVA-R,-105,119,9,9.5
831,BOS,ERODRIGUE-L,-115,-129,9,9.5
831,SEA,VNUNO-L,190,210,7.5,7.5
831,HOU,DKEUCHEL-L,-220,-250,7.5,7.5
831,LAA,HSANTIAGO-L,-106,-116,7.5,8
831,OAK,FDOUBRONT-L,-114,106,7.5,8
831,TEX,CLEWIS-R,110,117,6.5,7
831,SDG,TROSS-R,-130,-127,6.5,7
901,PHI,AHARANG-R,195,193,8,8
901,NYM,JNIESE-L,-225,-223,8,8
901,MIA,JNICOLINO-L,115,-105,7.5,8
901,ATL,MBANUELOS-L,-135,-105,7.5,8
901,CIN,DESCLAFANI-R,150,127,9,9.5
901,CUB,DHAREN-R,-170,-142,9,9.5
901,PIT,GCOLE-R,-160,-162,7.5,8
901,MIL,JNELSON-R,140,147,7.5,8
901,WAS,JROSS-R,125,-120,7,7.5
901,STL,MGONZALES-L,-145,110,7,7.5
901,ARI,DELAROSA-R,-130,-120,11,11.5
901,COL,KKENDRICK-R,110,110,11,11.5
901,SFO,BUMGARNER-L,130,105,5.5,5.5
901,LOS,ZGREINKE-R,-150,-115,5.5,5.5
901,CLE,CANDERSON-R,170,162,9,9
901,TOR,MESTRADA-R,-200,-182,9,9
901,TAM,DSMYLY-L,110,137,8,8.5
901,BAL,CTILLMAN-R,-130,-152,8,8.5
901,NYY,MPINEDA-R,-130,-153,9,8.5
901,BOS,RPORCELLO-R,110,138,9,8.5
901,CWS,CSALE-L,-150,-149,7.5,7.5
901,MIN,TDUFFEY-R,130,134,7.5,7.5
901,DET,VERLANDER-R,140,172,7,7
901,KAN,JCUETO-R,-160,-192,7,7
901,SEA,RELIAS-L,140,152,8,8.5
901,HOU,SFELDMAN-R,-160,-167,8,8.5
901,LAA,SHOEMAKER-R,-105,-129,7.5,8
901,OAK,CMARTIN-R,-105,119,7.5,8
901,TEX,YGALLARDO-R,-105,-103,7,7
901,SDG,ACASHNER-R,-115,-107,7,7
901,ARI,PCORBIN-L,-130,-148,10.5,11
901,COL,YFLANDE-L,110,133,10.5,11
902,MIA,ACONLEY-L,-105,-115,8,8.5
902,ATL,WPEREZ-R,-105,105,8,8.5
902,CIN,RIGLESIAS-R,155,136,9,9
902,CUB,JHAMMEL-R,-175,-151,9,9
902,PHI,ANOLA-R,210,200,7,7
902,NYM,MHARVEY-R,-250,-240,7,7
902,PIT,JLOCKE-L,-150,-150,8.5,9
902,MIL,ZDAVIES-R,130,135,8.5,9
902,WAS,MSCHERZER-R,100,-145,6.5,7
902,STL,TLYONS-L,-120,130,6.5,7
902,ARI,CANDERSON-R,-120,115,11,10.5
902,COL,JGRAY-R,100,-130,11,10.5
902,SFO,MLEAKE-R,200,210,6,6
902,LOS,CKERSHAW-L,-230,-250,6,6
902,LAA,AHEANEY-L,125,119,7,7.5
902,OAK,SGRAY-R,-145,-129,7,7.5
902,NYY,MTANAKA-R,-150,-130,8.5,9
902,BOS,HOWENS-L,130,115,8.5,9
902,TAM,ERAMIREZ-R,115,119,8,8.5
902,BAL,KGAUSMAN-R,-135,-134,8,8.5
902,CLE,TBAUER-R,170,151,9,9
902,TOR,RDICKEY-R,-190,-171,9,9
902,DET,RWOLF-L,165,172,8.5,8.5
902,KAN,YVENTURA-R,-185,-202,8.5,8.5
902,SEA,TWALKER-R,145,145,7.5,7.5
902,HOU,SKAZMIR-L,-165,-160,7.5,7.5
902,CWS,CRODON-L,105,118,8,8.5
902,MIN,TMILONE-L,-125,-128,8,8.5
902,TEX,CHAMELS-L,-120,-162,6.5,6.5
902,SDG,IKENNEDY-R,100,147,6.5,6.5
903,ATL,MWISLER-R,210,192,8,8
903,WAS,ZIMMERMAN-R,-250,-222,8,8
903,PIT,FLIRIANO-L,-150,-131,7.5,7.5
903,MIL,TJUNGMANN-R,130,116,7.5,7.5
903,SFO,VOGELSONG-R,-135,110,11.5,10.5
903,COL,CRUSIN-L,115,-120,11.5,10.5
903,LOS,MLATOS-R,-120,-156,7.5,7.5
903,SDG,CREA-R,100,141,7.5,7.5
903,CWS,SAMARDZIJA-R,125,107,8,8
903,MIN,KGIBSON-R,-145,-117,8,8
903,DET,MBOYD-L,170,149,8.5,9
903,KAN,EVOLQUEZ-R,-200,-164,8.5,9
904,ARI,ZGODLEY-R,185,175,8,7.5
904,CUB,JLESTER-L,-215,-205,8,7.5
904,ATL,JTEHERAN-R,170,140,8,8.5
904,WAS,TROARK-R,-200,-155,8,8.5
904,NYM,JDEGROM-R,-185,-180,7,7.5
904,MIA,TKOEHLER-R,165,160,7,7.5
904,PIT,JHAPP-L,120,130,7.5,7.5
904,STL,CMARTINEZ-R,-140,-145,7.5,7.5
904,SFO,CHESTON-R,-130,110,10.5,10.5
904,COL,DELAROSA-L,110,-120,10.5,10.5
904,LOS,BOLSINGER-R,-105,-109,7,7
904,SDG,JSHIELDS-R,-105,-101,7,7
904,CLE,JTOMLIN-R,-170,-147,8,8.5
904,DET,KLOBSTEIN-L,150,132,8,8.5
904,TAM,JODORIZZI-R,160,152,8,8
904,NYY,LSEVERINO-R,-180,-172,8,8
904,BAL,UJIMENEZ-R,165,150,9.5,9
904,TOR,HUTCHISON-R,-185,-170,9.5,9
904,CWS,JDANKS-L,165,170,8.5,8.5
904,KAN,KMEDLEN-R,-185,-200,8.5,8.5
904,MIN,MPELFREY-R,145,170,8,8.5
904,HOU,CMCHUGH-R,-165,-200,8,8.5
904,TEX,MPEREZ-L,125,140,7.5,7.5
904,LAA,GRICHARDS-R,-145,-155,7.5,7.5
904,SEA,EOLMOS-L,-112,135,7.5,8
904,OAK,ABROOKS-R,-108,-150,7.5,8
904,PHI,AMORGAN-L,160,190,9.5,9
904,BOS,JKELLY-R,-180,-220,9.5,9
905,MIL,MGARZA-R,-112,134,9,9
905,CIN,JLAMB-L,-108,-149,9,9
905,ARI,RRAY-L,194,205,8,8
905,CUB,JARRIETA-R,-224,-235,8,8
905,PIT,CMORTON-R,132,143,7.5,7.5
905,STL,JGARCIA-L,-152,-158,7.5,7.5
905,NYM,BCOLON-R,-148,-131,8,8
905,MIA,BHAND-L,128,116,8,8
905,ATL,SMILLER-R,175,162,7.5,7.5
905,WAS,GGONZALEZ-L,-195,-182,7.5,7.5
905,SFO,JPEAVY-R,-117,126,11,10.5
905,COL,CBETTIS-R,-103,-141,11,10.5
905,LOS,AWOOD-L,-111,-102,6.5,7
905,SDG,TROSS-R,-109,-108,6.5,7
905,TAM,MMOORE-L,150,163,8.5,8
905,NYY,NEOVALDI-R,-170,-183,8.5,8
905,BAL,MWRIGHT-R,245,250,8.5,8.5
905,TOR,DPRICE-L,-285,-290,8.5,8.5
905,CLE,DSALAZAR-R,-158,-146,8,8.5
905,DET,ASIMON-R,138,131,8,8.5
905,MIN,ESANTANA-R,150,170,8,8.5
905,HOU,MCCULLERS-R,-170,-200,8,8.5
905,CWS,JQUINTANA-L,139,-105,8,8
905,KAN,DDUFFY-L,-159,-105,8,8
905,SEA,FHERNANDZ-R,-137,-126,7,7.5
905,OAK,JCHAVEZ-R,117,116,7,7.5
905,TEX,DHOLLAND-L,102,101,7.5,8
905,LAA,JWEAVER-R,-122,-111,7.5,8
905,PHI,AASHER-R,180,190,9.5,9
905,BOS,WMILEY-L,-210,-220,9.5,9
905,MIL,WPERALTA-R,-111,-102,9,8.5
905,CIN,KSAMPSON-R,-109,-108,9,8.5
906,NYM,SMATZ-L,-162,-153,8,7.5
906,MIA,JCOSART-R,142,138,8,7.5
906,MIL,JNELSON-R,-125,-116,8.5,9
906,CIN,MLORENZEN-R,105,106,8.5,9
906,ATL,MBANUELOS-L,200,210,8,8.5
906,WAS,JROSS-R,-240,-250,8,8.5
906,PIT,GCOLE-R,-114,-104,7,7
906,STL,JLACKEY-R,-106,-106,7,7
906,ARI,DELAROSA-R,145,146,9.5,9.5
906,CUB,HENDRICKS-R,-165,-161,9.5,9.5
906,SFO,BUMGARNER-L,-185,-195,10,10
906,COL,YFLANDE-L,165,175,10,10
906,LOS,BANDERSON-L,-130,-106,7,7.5
906,SDG,ACASHNER-R,110,-104,7,7.5
906,CLE,CANDERSON-R,125,128,8.5,8.5
906,DET,VERLANDER-R,-145,-143,8.5,8.5
906,TAM,CARCHER-R,-135,-120,7.5,7.5
906,NYY,INOVA-R,115,110,7.5,7.5
906,BAL,CTILLMAN-R,150,155,9,8.5
906,TOR,MESTRADA-R,-170,-175,9,8.5
906,CWS,EJOHNSON-R,175,190,8,8
906,KAN,JCUETO-R,-205,-220,8,8
906,MIN,TDUFFEY-R,200,200,7.5,7.5
906,HOU,DKEUCHEL-L,-240,-240,7.5,7.5
906,TEX,CLEWIS-R,105,115,8,8.5
906,LAA,HSANTIAGO-L,-125,-125,8,8.5
906,SEA,HIWAKUMA-R,-140,-129,8,8
906,OAK,SNOLIN-L,120,119,8,8
906,PHI,JEICKHOFF-R,170,185,9,9
906,BOS,ERODRIGUE-L,-190,-215,9,9
907,NYM,JNIESE-L,170,199,7.5,8
907,WAS,MSCHERZER-R,-190,-229,7.5,8
907,MIL,ZDAVIES-R,115,109,8.5,8.5
907,MIA,JNICOLINO-L,-135,-119,8.5,8.5
907,PIT,JLOCKE-L,-125,105,8,9
907,CIN,DESCLAFANI-R,105,-115,8,9
907,CUB,DHAREN-R,140,135,8,8.5
907,STL,LLYNN-R,-160,-150,8,8.5
907,SFO,MLEAKE-R,-105,125,8,7.5
907,ARI,PCORBIN-L,-115,-140,8,7.5
907,COL,KKENDRICK-R,145,170,7.5,7.5
907,SDG,IKENNEDY-R,-165,-190,7.5,7.5
907,ATL,WPEREZ-R,130,-103,8.5,9
907,PHI,AHARANG-R,-150,-107,8.5,9
907,TAM,DSMYLY-L,-130,-127,8.5,9
907,DET,RWOLF-L,110,117,8.5,9
907,BAL,WCHEN-L,145,138,8,8
907,NYY,MPINEDA-R,-165,-153,8,8
907,TOR,MBUEHRLE-L,-130,-131,9.5,10.5
907,BOS,RPORCELLO-R,110,116,9.5,10.5
907,CLE,TBAUER-R,160,160,7.5,7.5
907,CWS,CSALE-L,-180,-180,7.5,7.5
907,HOU,MFIERS-R,-140,-153,7.5,7.5
907,OAK,FDOUBRONT-L,120,138,7.5,7.5
907,TEX,YGALLARDO-R,-115,105,7.5,7.5
907,SEA,RELIAS-L,-105,-115,7.5,7.5
907,MIN,TMILONE-L,155,170,8,8
907,KAN,YVENTURA-R,-175,-200,8,8
907,LOS,ZGREINKE-R,-170,-175,7,7.5
907,LAA,NTROPEANO-R,150,155,7,7.5
908,ATL,RWEBER-R,132,115,8.5,9
908,PHI,ANOLA-R,-152,-130,8.5,9
908,NYM,MHARVEY-R,-112,-105,7,7.5
908,WAS,ZIMMERMAN-R,-108,-105,7,7.5
908,MIL,TJUNGMANN-R,-130,-116,7.5,7.5
908,MIA,ACONLEY-L,110,106,7.5,7.5
908,PIT,FLIRIANO-L,-140,-124,7,7.5
908,CIN,RIGLESIAS-R,120,114,7,7.5
908,CUB,JHAMMEL-R,130,128,7,7.5
908,STL,MWACHA-R,-150,-143,7,7.5
908,SFO,THUDSON-R,100,-113,9,8.5
908,ARI,CANDERSON-R,-120,103,9,8.5
908,COL,JGRAY-R,105,104,7.5,8.5
908,SDG,CREA-R,-125,-114,7.5,8.5
908,TAM,ERAMIREZ-R,-125,-120,9,9
908,DET,MBOYD-L,105,110,9,9
908,BAL,KGAUSMAN-R,150,157,8.5,8.5
908,NYY,MTANAKA-R,-170,-177,8.5,8.5
908,TOR,RDICKEY-R,-145,-127,10,10.5
908,BOS,HOWENS-L,125,117,10,10.5
908,CLE,CCARRASCO-R,-125,-132,7.5,7.5
908,CWS,CRODON-L,105,117,7.5,7.5
908,MIN,KGIBSON-R,145,155,8.5,8
908,KAN,EVOLQUEZ-R,-165,-175,8.5,8
908,HOU,SKAZMIR-L,-114,101,7,7.5
908,OAK,SGRAY-R,-106,-111,7,7.5
908,TEX,CHAMELS-L,-135,-127,7,7
908,SEA,TWALKER-R,115,117,7,7
908,LOS,CKERSHAW-L,-190,-159,6.5,6.5
908,LAA,AHEANEY-L,170,144,6.5,6.5
909,CUB,JLESTER-L,105,115,7,7
909,STL,CMARTINEZ-R,-125,-130,7,7
909,NYM,JDEGROM-R,100,-112,7,7.5
909,WAS,STRASBURG-R,-120,102,7,7.5
909,ATL,JTEHERAN-R,-130,-134,8.5,9
909,PHI,DBUCHANAN-R,110,119,8.5,9
909,PIT,JHAPP-L,-150,-170,8.5,8.5
909,CIN,KSAMPSON-R,130,150,8.5,8.5
909,MIL,APENA-R,105,115,8.5,8
909,MIA,TKOEHLER-R,-125,-125,8.5,8
909,COL,CRUSIN-L,145,150,7,7.5
909,SDG,JSHIELDS-R,-165,-170,7,7.5
909,SFO,CHESTON-R,-114,108,8.5,8
909,ARI,ZGODLEY-R,-106,-118,8.5,8
909,BAL,UJIMENEZ-R,115,125,8.5,9
909,NYY,CSABATHIA-L,-135,-140,8.5,9
909,TAM,JODORIZZI-R,-135,-140,8.5,9
909,DET,KLOBSTEIN-L,115,125,8.5,9
909,TOR,HUTCHISON-R,-125,-124,10,10.5
909,BOS,JKELLY-R,105,114,10,10.5
909,MIN,MPELFREY-R,155,172,8.5,8.5
909,KAN,KMEDLEN-R,-175,-202,8.5,8.5
909,CLE,JTOMLIN-R,-111,-111,8,7.5
909,CWS,SAMARDZIJA-R,-109,101,8,7.5
909,HOU,CMCHUGH-R,-160,-164,7.5,8
909,OAK,ABROOKS-R,140,149,7.5,8
909,TEX,MPEREZ-L,-114,-123,8,7.5
909,SEA,VNUNO-L,-106,113,8,7.5
909,LOS,JWIELAND-R,115,145,8,8.5
909,LAA,GRICHARDS-R,-135,-160,8,8.5
910,MIL,WPERALTA-R,145,161,8,8
910,PIT,ABURNETT-R,-165,-181,8,8
910,NYM,BCOLON-R,-160,-111,7.5,7.5
910,ATL,SMILLER-R,140,101,7.5,7.5
910,STL,JGARCIA-L,-160,-131,8,7.5
910,CIN,JLAMB-L,140,116,8,7.5
910,TEX,DHOLLAND-L,115,101,7,7
910,SEA,FHERNANDZ-R,-135,-111,7,7
910,DET,ASIMON-R,170,170,8,8
910,CLE,DSALAZAR-R,-200,-200,8,8
910,COL,DELAROSA-L,125,145,7,7.5
910,SDG,TROSS-R,-145,-160,7,7.5
911,MIL,JNELSON-R,150,153,7.5,7.5
911,PIT,CMORTON-R,-170,-173,7.5,7.5
911,CUB,HENDRICKS-R,-210,-210,8.5,9
911,PHI,AASHER-R,180,180,8.5,9
911,STL,JLACKEY-R,-150,-157,8.5,8
911,CIN,MLORENZEN-R,130,142,8.5,8
911,WAS,GGONZALEZ-L,-140,-149,8,7.5
911,MIA,JCOSART-R,120,134,8,7.5
911,NYM,SMATZ-L,-181,-207,8,8
911,ATL,MWISLER-R,161,177,8,8
911,LOS,AWOOD-L,-135,-105,8.5,8.5
911,ARI,RRAY-L,115,-105,8.5,8.5
911,SDG,ACASHNER-R,125,114,7,7.5
911,SFO,JPEAVY-R,-145,-124,7,7.5
911,KAN,DDUFFY-L,-120,-120,8.5,9
911,BAL,MWRIGHT-R,100,110,8.5,9
911,TOR,DPRICE-L,-115,-152,9,7.5
911,NYY,LSEVERINO-R,-105,137,9,7.5
911,BOS,WMILEY-L,145,138,7,7
911,TAM,CARCHER-R,-165,-153,7,7
911,OAK,JCHAVEZ-R,140,116,9.5,9
911,TEX,CLEWIS-R,-160,-131,9.5,9
911,MIN,ESANTANA-R,-105,-102,9,8
911,CWS,EJOHNSON-R,-115,-108,9,8
911,HOU,DKEUCHEL-L,-130,-156,7,7.5
911,LAA,JWEAVER-R,110,141,7,7.5
911,COL,CBETTIS-R,150,170,7.5,7.5
911,SEA,HIWAKUMA-R,-170,-200,7.5,7.5
911,CUB,JARRIETA-R,-120,-305,9,7
911,PHI,AMORGAN-L,100,255,9,7
912,STL,LLYNN-R,-145,-124,8,7.5
912,CIN,DESCLAFANI-R,125,114,8,7.5
912,CUB,TWOOD-L,-175,-178,9,8.5
912,PHI,JEICKHOFF-R,155,158,9,8.5
912,MIL,ZDAVIES-R,150,157,8.5,7.5
912,PIT,JLOCKE-L,-170,-177,8.5,7.5
912,WAS,TROARK-R,145,137,7,7
912,MIA,JFERNANDZ-R,-165,-152,7,7
912,NYM,SYNDERGARD-R,-200,-196,8,8
912,ATL,WPEREZ-R,170,176,8,8
912,LOS,BOLSINGER-R,-125,-121,8.5,8.5
912,ARI,DELAROSA-R,105,111,8.5,8.5
912,SDG,IKENNEDY-R,160,175,6.5,6.5
912,SFO,BUMGARNER-L,-180,-205,6.5,6.5
912,KAN,YVENTURA-R,-135,-128,8.5,8.5
912,BAL,CTILLMAN-R,115,118,8.5,8.5
912,TOR,MESTRADA-R,100,125,8.5,8.5
912,NYY,MPINEDA-R,-120,-140,8.5,8.5
912,BOS,RPORCELLO-R,-114,-115,7.5,8
912,TAM,MMOORE-L,-106,105,7.5,8
912,MIN,TMILONE-L,110,106,8,7.5
912,CWS,JQUINTANA-L,-130,-116,8,7.5
912,OAK,SNOLIN-L,155,158,9.5,8.5
912,TEX,YGALLARDO-R,-175,-178,9.5,8.5
912,HOU,MCCULLERS-R,-120,-127,8,8
912,LAA,HSANTIAGO-L,100,117,8,8
912,COL,YFLANDE-L,140,170,8,8
912,SEA,RELIAS-L,-160,-190,8,8
912,TOR,MSTROMAN-R,-115,-128,9,9
912,NYY,INOVA-R,-105,118,9,9
913,WAS,MSCHERZER-R,-180,-210,7.5,7.5
913,MIA,BHAND-L,160,180,7.5,7.5
913,STL,MWACHA-R,-130,-142,7.5,7.5
913,CIN,RIGLESIAS-R,110,127,7.5,7.5
913,NYM,JNIESE-L,-170,-147,8.5,8
913,ATL,RWEBER-R,150,132,8.5,8
913,MIL,TJUNGMANN-R,170,175,7.5,7
913,PIT,FLIRIANO-L,-200,-205,7.5,7
913,CUB,DHAREN-R,-180,-185,9,9
913,PHI,AHARANG-R,160,165,9,9
913,SDG,DESPAIGNE-R,140,156,7.5,7.5
913,SFO,MLEAKE-R,-160,-176,7.5,7.5
913,LOS,ZGREINKE-R,-160,-140,7.5,7
913,ARI,PCORBIN-L,140,125,7.5,7
913,TOR,RDICKEY-R,110,131,8.5,8.5
913,NYY,MTANAKA-R,-130,-146,8.5,8.5
913,BOS,RHILL-L,123,145,8,7.5
913,TAM,DSMYLY-L,-143,-160,8,7.5
913,DET,VERLANDER-R,145,-101,8.5,7.5
913,CLE,CANDERSON-R,-165,-109,8.5,7.5
913,KAN,JCUETO-R,-117,-146,8,8
913,BAL,WCHEN-L,-103,131,8,8
913,MIN,KGIBSON-R,160,163,7.5,7
913,CWS,CSALE-L,-180,-183,7.5,7
913,OAK,FDOUBRONT-L,132,127,9.5,9.5
913,TEX,AGONZALEZ-R,-152,-142,9.5,9.5
913,HOU,MFIERS-R,-114,-114,8,8
913,LAA,AHEANEY-L,-106,104,8,8
913,COL,KKENDRICK-R,157,178,8,8
913,SEA,JPAXTON-L,-177,-198,8,8
913,DET,RWOLF-L,173,162,8,8.5
913,CLE,TBAUER-R,-193,-182,8,8.5
914,WAS,ZIMMERMAN-R,-160,-156,7.5,7
914,PHI,ANOLA-R,140,141,7.5,7
914,MIA,JNICOLINO-L,160,170,8,8
914,NYM,LVERRETT-R,-180,-200,8,8
914,SDG,JSHIELDS-R,-105,100,8.5,8.5
914,ARI,HELLICKSON-R,-115,-110,8.5,8.5
914,COL,JGRAY-R,290,322,6,6
914,LOS,CKERSHAW-L,-350,-382,6,6
914,CIN,KSAMPSON-R,150,146,7.5,8
914,SFO,THUDSON-R,-170,-161,7.5,8
914,BOS,ERODRIGUE-L,-105,140,8.5,8
914,BAL,KGAUSMAN-R,-115,-155,8.5,8
914,NYY,CSABATHIA-L,-114,-101,8,7.5
914,TAM,ERAMIREZ-R,-106,-109,8,7.5
914,KAN,EVOLQUEZ-R,115,137,7.5,7.5
914,CLE,CCARRASCO-R,-135,-152,7.5,7.5
914,HOU,SKAZMIR-L,110,-101,8,8
914,TEX,CHAMELS-L,-130,-109,8,8
914,OAK,SGRAY-R,-130,-137,8,7.5
914,CWS,JDANKS-L,110,122,8,7.5
914,DET,KLOBSTEIN-L,140,153,8.5,9.5
914,MIN,TDUFFEY-R,-160,-173,8.5,9.5
914,LAA,GRICHARDS-R,-115,-109,7,7
914,SEA,TWALKER-R,-105,-101,7,7
915,WAS,STRASBURG-R,-245,-255,8,8.5
915,PHI,DBUCHANAN-R,205,215,8,8.5
915,CUB,JLESTER-L,-114,108,7.5,7
915,PIT,JHAPP-L,-106,-118,7.5,7
915,MIA,TKOEHLER-R,220,220,7,7
915,NYM,JDEGROM-R,-260,-260,7,7
915,STL,CMARTINEZ-R,-150,-178,8,8
915,MIL,APENA-R,130,158,8,8
915,SDG,TROSS-R,100,-104,8.5,8.5
915,ARI,JCHACIN-R,-120,-106,8.5,8.5
915,COL,CRUSIN-L,220,175,7.5,7.5
915,LOS,BANDERSON-L,-260,-195,7.5,7.5
915,CIN,JLAMB-L,150,118,7.5,7
915,SFO,CHESTON-R,-170,-133,7.5,7
915,BOS,JKELLY-R,-105,125,8.5,8.5
915,BAL,UJIMENEZ-R,-115,-140,8.5,8.5
915,NYY,AWARREN-R,105,-102,7.5,7.5
915,TAM,JODORIZZI-R,-125,-108,7.5,7.5
915,KAN,KMEDLEN-R,115,-115,8,7.5
915,CLE,JTOMLIN-R,-135,105,8,7.5
915,HOU,CMCHUGH-R,-115,104,9,8.5
915,TEX,DHOLLAND-L,-105,-114,9,8.5
915,DET,ASIMON-R,145,136,9,9
915,MIN,PHUGHES-R,-165,-151,9,9
915,OAK,ABROOKS-R,140,144,8.5,8
915,CWS,SAMARDZIJA-R,-160,-159,8.5,8
915,LAA,NTROPEANO-R,170,155,7,7
915,SEA,FHERNANDZ-R,-200,-175,7,7
915,TOR,MBUEHRLE-L,-185,-147,8,7.5
915,ATL,JTEHERAN-R,165,132,8,7.5
915,CUB,JHAMMEL-R,140,140,7,7
915,PIT,GCOLE-R,-160,-155,7,7
916,WAS,GGONZALEZ-L,-185,-230,8.5,8.5
916,PHI,AASHER-R,165,200,8.5,8.5
916,CUB,JARRIETA-R,-135,-146,7,7
916,PIT,ABURNETT-R,115,131,7,7
916,MIA,ACONLEY-L,195,175,8,7.5
916,NYM,BCOLON-R,-225,-195,8,7.5
916,STL,JGARCIA-L,-152,-183,7.5,8
916,MIL,WPERALTA-R,132,163,7.5,8
916,SDG,ACASHNER-R,100,117,9,9
916,ARI,RRAY-L,-120,-132,9,9
916,COL,DELAROSA-L,165,145,7.5,7
916,LOS,AWOOD-L,-185,-160,7.5,7
916,CIN,MLORENZEN-R,145,155,7,8
916,SFO,JPEAVY-R,-165,-175,7,8
916,BOS,HOWENS-L,105,116,9,9
916,BAL,MWRIGHT-R,-125,-131,9,9
916,NYY,LSEVERINO-R,110,109,7,7
916,TAM,CARCHER-R,-130,-119,7,7
916,KAN,DDUFFY-L,125,111,7.5,7.5
916,CLE,DSALAZAR-R,-145,-121,7.5,7.5
916,HOU,DKEUCHEL-L,-145,-171,8.5,8.5
916,TEX,MPEREZ-L,125,151,8.5,8.5
916,OAK,CMARTIN-R,100,135,8.5,9
916,CWS,EJOHNSON-R,-120,-150,8.5,9
916,DET,DNORRIS-L,140,151,8.5,9
916,MIN,ESANTANA-R,-160,-171,8.5,9
916,LAA,JWEAVER-R,115,129,7,7.5
916,SEA,HIWAKUMA-R,-135,-144,7,7.5
916,TOR,DPRICE-L,-260,-240,7.5,6.5
916,ATL,SMILLER-R,220,200,7.5,6.5
917,CUB,HENDRICKS-R,115,-103,8,8.5
917,PIT,CMORTON-R,-135,-107,8,8.5
917,MIA,JCOSART-R,170,147,8,8
917,WAS,TROARK-R,-190,-162,8,8
917,STL,JLACKEY-R,-140,-125,7.5,7.5
917,MIL,JNELSON-R,120,115,7.5,7.5
917,OAK,SNOLIN-L,140,143,8.5,8.5
917,CWS,JQUINTANA-L,-160,-158,8.5,8.5
917,KAN,YVENTURA-R,120,119,7,7
917,CLE,CKLUBER-R,-140,-129,7,7
917,BAL,CTILLMAN-R,-112,-125,8,8.5
917,TAM,MMOORE-L,-108,115,8,8.5
917,HOU,MCCULLERS-R,-112,-123,9,9.5
917,TEX,CLEWIS-R,-108,113,9,9.5
917,LAA,HSANTIAGO-L,-105,112,8.5,9.5
917,MIN,TMILONE-L,-115,-122,8.5,9.5
917,TOR,MESTRADA-R,-220,-173,8.5,8.5
917,ATL,MWISLER-R,190,153,8.5,8.5
918,STL,LLYNN-R,-105,100,8,9
918,CUB,DHAREN-R,-115,-110,8,9
918,MIA,JFERNANDZ-R,125,134,6.5,6.5
918,WAS,MSCHERZER-R,-145,-149,6.5,6.5
918,PHI,AMORGAN-L,-105,113,8.5,8.5
918,ATL,WPEREZ-R,-115,-123,8.5,8.5
918,CIN,BFINNEGAN-L,-105,103,8.5,8.5
918,MIL,ZDAVIES-R,-115,-113,8.5,8.5
918,SDG,IKENNEDY-R,-105,106,11,10.5
918,COL,CBETTIS-R,-115,-116,11,10.5
918,PIT,JLOCKE-L,175,157,6.5,7
918,LOS,ZGREINKE-R,-205,-177,6.5,7
918,ARI,DELAROSA-R,180,200,6.5,6.5
918,SFO,BUMGARNER-L,-210,-230,6.5,6.5
918,KAN,JCUETO-R,100,-119,8.5,8
918,DET,VERLANDER-R,-120,109,8.5,8
918,BOS,RPORCELLO-R,155,158,9,9
918,TOR,MSTROMAN-R,-175,-178,9,9
918,BAL,TWILSON-R,-107,110,7,7.5
918,TAM,DSMYLY-L,-113,-120,7,7.5
918,CWS,CSALE-L,-125,-145,7,7
918,CLE,CANDERSON-R,105,130,7,7
918,SEA,JPAXTON-L,130,105,9,9.5
918,TEX,YGALLARDO-R,-150,-115,9,9.5
918,OAK,FDOUBRONT-L,180,179,8.5,8.5
918,HOU,MFIERS-R,-210,-209,8.5,8.5
918,NYY,MTANAKA-R,-105,101,7,7
918,NYM,SMATZ-L,-115,-111,7,7
919,STL,MWACHA-R,-120,-124,6.5,7
919,CUB,TWOOD-L,100,114,6.5,7
919,MIA,BHAND-L,170,200,8,8
919,WAS,ZIMMERMAN-R,-200,-230,8,8
919,ARI,PCORBIN-L,120,-121,7,7
919,SFO,MLEAKE-R,-140,111,7,7
919,CIN,JSMITH-R,130,125,8.5,8.5
919,MIL,TJUNGMANN-R,-150,-140,8.5,8.5
919,PHI,JEICKHOFF-R,100,125,8.5,8
919,ATL,RWEBER-R,-120,-140,8.5,8
919,SDG,RERLIN-L,-105,-106,11,11.5
919,COL,YFLANDE-L,-115,-104,11,11.5
919,PIT,FLIRIANO-L,170,162,6,6
919,LOS,CKERSHAW-L,-200,-182,6,6
919,BOS,WMILEY-L,175,150,9,9
919,TOR,RDICKEY-R,-195,-170,9,9
919,BAL,WCHEN-L,-105,-114,7.5,7.5
919,TAM,ERAMIREZ-R,-115,104,7.5,7.5
919,KAN,EVOLQUEZ-R,-140,-142,8.5,9.5
919,DET,MBOYD-L,120,127,8.5,9.5
919,OAK,SGRAY-R,120,126,7.5,8
919,HOU,SKAZMIR-L,-140,-141,7.5,8
919,LAA,GRICHARDS-R,-112,-140,8,8
919,MIN,MPELFREY-R,-108,125,8,8
919,CWS,CRODON-L,140,170,7.5,7
919,CLE,CCARRASCO-R,-160,-200,7.5,7
919,SEA,VNUNO-L,175,162,9,9
919,TEX,CHAMELS-L,-205,-182,9,9
919,NYY,MPINEDA-R,100,104,7,7
919,NYM,SYNDERGARD-R,-120,-114,7,7
919,LAA,AHEANEY-L,-107,106,8,8
919,MIN,KGIBSON-R,-113,-116,8,8
920,PHI,ANOLA-R,120,130,7.5,7.5
920,ATL,JTEHERAN-R,-140,-145,7.5,7.5
920,MIA,JNICOLINO-L,229,230,7.5,7.5
920,WAS,STRASBURG-R,-269,-270,7.5,7.5
920,CIN,DESCLAFANI-R,-115,-115,8.5,7.5
920,MIL,APENA-R,-105,105,8.5,7.5
920,ARI,HELLICKSON-R,140,124,8,8
920,SFO,THUDSON-R,-160,-139,8,8
920,PIT,GCOLE-R,-105,-128,7,7.5
920,LOS,BOLSINGER-R,-105,118,7,7.5
920,SDG,JSHIELDS-R,-125,-125,11,11.5
920,COL,KKENDRICK-R,105,115,11,11.5
920,STL,CMARTINEZ-R,120,129,7.5,7
920,CUB,JLESTER-L,-140,-144,7.5,7
920,BOS,RHILL-L,165,170,9.5,9
920,TOR,MBUEHRLE-L,-185,-190,9.5,9
920,KAN,KMEDLEN-R,-135,-154,8.5,8.5
920,DET,ASIMON-R,115,139,8.5,8.5
920,BAL,KGAUSMAN-R,105,-120,7.5,7
920,TAM,JODORIZZI-R,-125,110,7.5,7
920,CWS,JDANKS-L,160,156,8.5,7.5
920,CLE,JTOMLIN-R,-180,-176,8.5,7.5
920,OAK,ABROOKS-R,200,189,8.5,8.5
920,HOU,CMCHUGH-R,-230,-219,8.5,8.5
920,LAA,SHOEMAKER-R,105,-101,8.5,8.5
920,MIN,TDUFFEY-R,-125,-109,8.5,8.5
920,SEA,FHERNANDZ-R,105,-107,8.5,8
920,TEX,DHOLLAND-L,-125,-103,8.5,8
920,NYY,CSABATHIA-L,140,149,7,7
920,NYM,MHARVEY-R,-160,-164,7,7
921,ATL,SMILLER-R,170,152,7.5,7
921,NYM,JNIESE-L,-200,-172,7.5,7
921,MIL,WPERALTA-R,170,182,8,8
921,CUB,JHAMMEL-R,-190,-212,8,8
921,CIN,JLAMB-L,170,152,7.5,7
921,STL,JGARCIA-L,-200,-172,7.5,7
921,PIT,ABURNETT-R,-140,-105,10.5,11
921,COL,JGRAY-R,120,-105,10.5,11
921,ARI,JCHACIN-R,155,150,7.5,8
921,LOS,BANDERSON-L,-175,-170,7.5,8
921,NYY,AWARREN-R,200,200,8.5,7.5
921,TOR,DPRICE-L,-240,-230,8.5,7.5
921,CWS,EJOHNSON-R,-110,-101,9,9
921,DET,RWOLF-L,-110,-109,9,9
921,TAM,CARCHER-R,-112,-115,8.5,8
921,BOS,ERODRIGUE-L,-108,105,8.5,8
921,LAA,JWEAVER-R,145,180,8,8.5
921,HOU,DKEUCHEL-L,-165,-210,8,8.5
921,CWS,SAMARDZIJA-R,-105,-149,9,9
921,DET,KRYAN-L,-105,134,9,9
922,ATL,MWISLER-R,200,170,8,7.5
922,NYM,LVERRETT-R,-230,-190,8,7.5
922,PHI,AHARANG-R,160,153,8,7.5
922,MIA,TKOEHLER-R,-180,-173,8,7.5
922,MIL,TCRAVY-R,270,285,7.5,7.5
922,CUB,JARRIETA-R,-320,-335,7.5,7.5
922,CIN,KSAMPSON-R,190,175,8,7.5
922,STL,JLACKEY-R,-220,-195,8,7.5
922,PIT,JHAPP-L,-140,-143,11,11
922,COL,CRUSIN-L,120,128,11,11
922,ARI,RRAY-L,150,130,7.5,7.5
922,LOS,AWOOD-L,-170,-145,7.5,7.5
922,SFO,CHESTON-R,105,138,7,7
922,SDG,TROSS-R,-125,-153,7,7
922,NYY,LSEVERINO-R,125,-111,9,8.5
922,TOR,MESTRADA-R,-145,101,9,8.5
922,CWS,JQUINTANA-L,-120,-113,8.5,8
922,DET,DNORRIS-L,100,103,8.5,8
922,TAM,MMOORE-L,125,106,9.5,9
922,BOS,HOWENS-L,-145,-116,9.5,9
922,CLE,DSALAZAR-R,-120,-117,8,8
922,MIN,ESANTANA-R,100,107,8,8
922,LAA,HSANTIAGO-L,145,151,8.5,8.5
922,HOU,MCCULLERS-R,-165,-171,8.5,8.5
922,SEA,HIWAKUMA-R,-115,100,8,8
922,KAN,JGUTHRIE-R,-105,-110,8,8
922,TEX,MPEREZ-L,-125,-115,8,8
922,OAK,SNOLIN-L,105,105,8,8
922,BAL,UJIMENEZ-R,110,127,8,7
922,WAS,GGONZALEZ-L,-130,-142,8,7
923,PHI,DBUCHANAN-R,142,165,8.5,8
923,MIA,ACONLEY-L,-162,-185,8.5,8
923,ATL,WPEREZ-R,200,202,7.5,8
923,NYM,BCOLON-R,-230,-232,7.5,8
923,MIL,ZDAVIES-R,200,200,8,7.5
923,CUB,HENDRICKS-R,-230,-230,8,7.5
923,CIN,BFINNEGAN-L,170,140,7.5,7
923,STL,LLYNN-R,-190,-155,7.5,7
923,PIT,CMORTON-R,-147,-140,11,11
923,COL,CBERGMAN-R,127,125,11,11
923,SFO,JPEAVY-R,-114,104,7,7
923,SDG,ACASHNER-R,-106,-114,7,7
923,ARI,CANDERSON-R,220,136,6.5,8
923,LOS,CFRIAS-R,-260,-151,6.5,8
923,CWS,FMONTAS-R,140,117,8.5,8
923,DET,VERLANDER-R,-160,-132,8.5,8
923,LAA,NTROPEANO-R,152,155,8.5,8.5
923,HOU,MFIERS-R,-172,-175,8.5,8.5
923,NYY,INOVA-R,155,171,9,8.5
923,TOR,MSTROMAN-R,-175,-191,9,8.5
923,TAM,DSMYLY-L,112,107,9,8.5
923,BOS,RPORCELLO-R,-132,-117,9,8.5
923,CLE,CKLUBER-R,-132,-133,7.5,7.5
923,MIN,PHUGHES-R,112,118,7.5,7.5
923,SEA,RELIAS-L,150,171,8,8
923,KAN,YVENTURA-R,-170,-191,8,8
923,TEX,CLEWIS-R,-130,-117,8,9
923,OAK,FDOUBRONT-L,110,107,8,9
923,BAL,CTILLMAN-R,165,164,7,7
923,WAS,MSCHERZER-R,-185,-184,7,7
924,PIT,JLOCKE-L,-130,-129,11,11
924,COL,CBETTIS-R,110,119,11,11
924,NYM,SMATZ-L,-165,-171,8,9
924,CIN,JSMITH-R,145,151,8,9
924,PHI,AASHER-R,155,163,8.5,7.5
924,MIA,JCOSART-R,-175,-183,8.5,7.5
924,MIL,TJUNGMANN-R,170,170,7.5,7
924,STL,MWACHA-R,-190,-200,7.5,7
924,SFO,BUMGARNER-L,-165,-134,6.5,6.5
924,SDG,IKENNEDY-R,145,119,6.5,6.5
924,ARI,PCORBIN-L,180,191,6,6
924,LOS,CKERSHAW-L,-210,-221,6,6
924,TEX,CHAMELS-L,-145,-145,8,8
924,OAK,CBASSITT-R,125,130,8,8
924,CWS,CSALE-L,110,-105,7,7
924,NYY,MPINEDA-R,-130,-105,7,7
924,TAM,ERAMIREZ-R,120,116,8.5,8
924,BOS,WMILEY-L,-140,-131,8.5,8
924,CLE,CANDERSON-R,100,126,8,7.5
924,MIN,KGIBSON-R,-120,-141,8,7.5
924,SEA,JPAXTON-L,140,161,8,8
924,KAN,JCUETO-R,-160,-181,8,8
924,BAL,TWILSON-R,130,128,8.5,8.5
924,WAS,TROARK-R,-150,-143,8.5,8.5
925,PIT,GCOLE-R,100,-102,6.5,6.5
925,CUB,JLESTER-L,-120,-108,6.5,6.5
925,PHI,JEICKHOFF-R,200,206,7.5,7
925,WAS,ZIMMERMAN-R,-240,-246,7.5,7
925,ATL,RWEBER-R,175,180,6.5,6.5
925,MIA,JFERNANDZ-R,-205,-210,6.5,6.5
925,NYM,SYNDERGARD-R,-130,-130,8,7
925,CIN,DESCLAFANI-R,110,115,8,7
925,LOS,BOLSINGER-R,-135,-143,11.5,11.5
925,COL,DHALE-R,115,128,11.5,11.5
925,MIL,APENA-R,190,185,7.5,7
925,STL,CMARTINEZ-R,-220,-215,7.5,7
925,ARI,DELAROSA-R,-125,-120,7.5,7.5
925,SDG,CKELLY-R,105,110,7.5,7.5
925,CWS,CRODON-L,145,130,8,7.5
925,NYY,CSABATHIA-L,-165,-145,8,7.5
925,TAM,JODORIZZI-R,150,148,8.5,8
925,TOR,RDICKEY-R,-170,-163,8.5,8
925,MIN,MPELFREY-R,-115,-106,9,9
925,DET,MBOYD-L,-105,-104,9,9
925,BAL,KGAUSMAN-R,100,-110,9,8
925,BOS,RHILL-L,-120,100,9,8
925,CLE,CCARRASCO-R,-112,-161,7.5,7
925,KAN,EVOLQUEZ-R,-108,146,7.5,7
925,TEX,YGALLARDO-R,110,128,8,8
925,HOU,SKAZMIR-L,-130,-143,8,8
925,SEA,VNUNO-L,137,160,7.5,7.5
925,LAA,GRICHARDS-R,-157,-180,7.5,7.5
925,SFO,MLEAKE-R,110,160,7,7
925,OAK,SGRAY-R,-130,-180,7,7
926,PIT,FLIRIANO-L,-105,-105,7.5,7
926,CUB,JHAMMEL-R,-105,-105,7.5,7
926,PHI,ANOLA-R,230,235,7,7
926,WAS,STRASBURG-R,-270,-275,7,7
926,NYM,MHARVEY-R,-167,-155,7.5,7
926,CIN,JLAMB-L,147,140,7.5,7
926,ATL,JTEHERAN-R,-105,-124,7.5,7.5
926,MIA,JNICOLINO-L,-105,114,7.5,7.5
926,MIL,TWAGNER-R,220,200,7.5,7.5
926,STL,JGARCIA-L,-260,-230,7.5,7.5
926,LOS,BANDERSON-L,-160,-170,11.5,11.5
926,COL,KKENDRICK-R,140,150,11.5,11.5
926,ARI,HELLICKSON-R,-105,-105,7.5,8
926,SDG,RERLIN-L,-115,-105,7.5,8
926,CWS,JDANKS-L,145,151,8.5,8.5
926,NYY,AWARREN-R,-165,-171,8.5,8.5
926,TAM,CARCHER-R,170,175,7.5,7
926,TOR,DPRICE-L,-190,-195,7.5,7
926,BAL,WCHEN-L,-120,-125,9,8.5
926,BOS,CBRESLOW-L,100,115,9,8.5
926,MIN,TDUFFEY-R,-125,-134,9,8.5
926,DET,ASIMON-R,105,119,9,8.5
926,CLE,JTOMLIN-R,124,113,8,7.5
926,KAN,KMEDLEN-R,-144,-123,8,7.5
926,TEX,DHOLLAND-L,120,136,8,8
926,HOU,CMCHUGH-R,-140,-151,8,8
926,SEA,FHERNANDZ-R,-105,-101,7.5,7.5
926,LAA,AHEANEY-L,-105,-109,7.5,7.5
926,SFO,THUDSON-R,-135,-101,8.5,8
926,OAK,BZITO-L,115,-109,8.5,8
927,NYM,JDEGROM-R,-115,-127,7.5,7.5
927,CIN,KSAMPSON-R,-105,117,7.5,7.5
927,ATL,SMILLER-R,104,125,7.5,7.5
927,MIA,TKOEHLER-R,-124,-140,7.5,7.5
927,PHI,AHARANG-R,175,190,8,7.5
927,WAS,GGONZALEZ-L,-205,-220,8,7.5
927,MIL,TCRAVY-R,201,190,7.5,7
927,STL,JLACKEY-R,-241,-220,7.5,7
927,PIT,ABURNETT-R,181,160,7,7
927,CUB,JARRIETA-R,-211,-180,7,7
927,ARI,ZGODLEY-R,119,130,7.5,7.5
927,SDG,JSHIELDS-R,-139,-145,7.5,7.5
927,LOS,AWOOD-L,-145,-160,11,11.5
927,COL,CRUSIN-L,125,145,11,11.5
927,MIN,ESANTANA-R,-126,-131,9,8.5
927,DET,RWOLF-L,106,116,9,8.5
927,TAM,MANDRIESE-R,181,151,9,9
927,TOR,MBUEHRLE-L,-211,-171,9,9
927,BAL,UJIMENEZ-R,-116,-116,9,9
927,BOS,HOWENS-L,-104,106,9,9
927,CLE,DSALAZAR-R,-121,-122,8,8
927,KAN,CYOUNG-R,101,112,8,8
927,TEX,MPEREZ-L,201,190,8,8
927,HOU,DKEUCHEL-L,-241,-220,8,8
927,SEA,HIWAKUMA-R,106,-111,7.5,8.5
927,LAA,JWEAVER-R,-126,101,7.5,8.5
927,CWS,EJOHNSON-R,171,171,8.5,7.5
927,NYY,LSEVERINO-R,-201,-201,8.5,7.5
927,SFO,CHESTON-R,-115,-105,8.5,8.5
927,OAK,SNOLIN-L,-105,-105,8.5,8.5
928,STL,LLYNN-R,110,134,7.5,7
928,PIT,JHAPP-L,-130,-149,7.5,7
928,LOS,ZGREINKE-R,-160,-190,6.5,6.5
928,SFO,JPEAVY-R,140,170,6.5,6.5
928,TOR,MESTRADA-R,-130,-101,8.5,9
928,BAL,CTILLMAN-R,110,-109,8.5,9
928,BOS,ERODRIGUE-L,125,116,8.5,8.5
928,NYY,INOVA-R,-145,-126,8.5,8.5
928,MIN,TMILONE-L,145,150,7.5,8
928,CLE,CKLUBER-R,-165,-170,7.5,8
928,DET,VERLANDER-R,110,132,8.5,8.5
928,TEX,CLEWIS-R,-130,-147,8.5,8.5
928,OAK,FDOUBRONT-L,150,170,8.5,9
928,LAA,HSANTIAGO-L,-170,-190,8.5,9
928,HOU,MCCULLERS-R,-130,-140,7.5,7.5
928,SEA,RELIAS-L,110,125,7.5,7.5
928,KAN,YVENTURA-R,100,-120,8,8
928,CUB,HENDRICKS-R,-120,110,8,8
928,CIN,BFINNEGAN-L,170,170,7.5,7
928,WAS,MSCHERZER-R,-200,-190,7.5,7
929,NYM,BCOLON-R,-185,-185,8.5,9
929,PHI,DBUCHANAN-R,165,165,8.5,9
929,WAS,TROARK-R,-145,-140,8,8.5
929,ATL,MWISLER-R,125,125,8,8.5
929,CUB,DHAREN-R,-130,-140,9,8.5
929,CIN,JSMITH-R,110,125,9,8.5
929,COL,CBERGMAN-R,145,155,9,9
929,ARI,RRAY-L,-165,-175,9,9
929,MIL,JLOPEZ-R,145,158,7,7
929,SDG,TROSS-R,-165,-178,7,7
929,LOS,CKERSHAW-L,-140,-130,5.5,5.5
929,SFO,BUMGARNER-L,120,115,5.5,5.5
929,BOS,RPORCELLO-R,150,160,8,8
929,NYY,MPINEDA-R,-170,-180,8,8
929,DET,DNORRIS-L,170,157,8.5,9
929,TEX,CHAMELS-L,-200,-177,8.5,9
929,KAN,JCUETO-R,-130,-154,7.5,8
929,CWS,SAMARDZIJA-R,110,139,7.5,8
929,OAK,CBASSITT-R,140,147,8,8.5
929,LAA,NTROPEANO-R,-160,-162,8,8.5
929,HOU,MFIERS-R,-145,-140,7.5,7.5
929,SEA,VNUNO-L,125,125,7.5,7.5
929,MIA,ACONLEY-L,120,141,7.5,7.5
929,TAM,MMOORE-L,-140,-156,7.5,7.5
930,NYM,LVERRETT-R,-190,-183,8.5,9
930,PHI,AASHER-R,170,163,8.5,9
930,STL,TLYONS-L,130,117,7.5,7
930,PIT,CMORTON-R,-150,-127,7.5,7
930,WAS,ZIMMERMAN-R,-160,-174,8,7.5
930,ATL,WPEREZ-R,140,154,8,7.5
930,CUB,JLESTER-L,-160,-170,7.5,7
930,CIN,DESCLAFANI-R,140,150,7.5,7
930,COL,CBETTIS-R,130,111,8.5,9
930,ARI,CANDERSON-R,-150,-121,8.5,9
930,MIL,ZDAVIES-R,130,132,7,7
930,SDG,ACASHNER-R,-150,-147,7,7
930,LOS,BOLSINGER-R,-110,-117,7,7
930,SFO,MLEAKE-R,-110,107,7,7
930,OAK,BZITO-L,200,221,8.5,9
930,LAA,GRICHARDS-R,-240,-261,8.5,9
930,TOR,RDICKEY-R,-130,119,8.5,8
930,BAL,KGAUSMAN-R,110,-134,8.5,8
930,BOS,WMILEY-L,165,149,8,7.5
930,NYY,MTANAKA-R,-185,-164,8,7.5
930,MIN,MPELFREY-R,160,116,8,8
930,CLE,CANDERSON-R,-180,-131,8,8
930,DET,MBOYD-L,170,170,9,9.5
930,TEX,YGALLARDO-R,-190,-190,9,9.5
930,KAN,EVOLQUEZ-R,-115,117,8,7.5
930,CWS,JQUINTANA-L,-105,-127,8,7.5
930,HOU,SKAZMIR-L,-163,-157,8,7.5
930,SEA,TZYCH-R,143,142,8,7.5
930,MIA,JCOSART-R,130,161,7.5,7.5
930,TAM,DSMYLY-L,-150,-181,7.5,7.5
930,STL,MWACHA-R,120,149,6.5,6.5
930,PIT,GCOLE-R,-140,-164,6.5,6.5
930,TOR,MSTROMAN-R,-172,-170,8.5,8.5
930,BAL,MGONZALEZ-R,152,150,8.5,8.5
930,MIN,KGIBSON-R,160,155,7.5,7
930,CLE,CCARRASCO-R,-180,-175,7.5,7
1001,CUB,JHAMMEL-R,-140,-117,8,7.5
1001,CIN,JLAMB-L,120,107,8,7.5
1001,LOS,BANDERSON-L,-115,-140,7.5,7.5
1001,SFO,THUDSON-R,-105,125,7.5,7.5
1001,MIL,TJUNGMANN-R,120,125,7.5,7
1001,SDG,IKENNEDY-R,-140,-140,7.5,7
1001,NYM,GILMARTIN-L,-165,-112,8,7
1001,PHI,JEICKHOFF-R,145,102,8,7
1001,WAS,STRASBURG-R,-190,-211,7,7
1001,ATL,RWEBER-R,170,181,7,7
1001,COL,DHALE-R,170,180,8.5,8.5
1001,ARI,PCORBIN-L,-190,-210,8.5,8.5
1001,BOS,RHILL-L,125,133,8.5,8
1001,NYY,CSABATHIA-L,-145,-148,8.5,8
1001,TOR,HUTCHISON-R,-115,166,8.5,7.5
1001,BAL,TWILSON-R,-105,-186,8.5,7.5
1001,MIN,TDUFFEY-R,-110,-109,8,7
1001,CLE,TBAUER-R,-110,-101,8,7
1001,LAA,AHEANEY-L,110,-103,9,9
1001,TEX,DHOLLAND-L,-130,-107,9,9
1001,KAN,KMEDLEN-R,-135,-134,8,7.5
1001,CWS,JDANKS-L,115,119,8,7.5
1001,MIA,JFERNANDZ-R,-125,-105,6.5,6.5
1001,TAM,JODORIZZI-R,105,-105,6.5,6.5
1002,CIN,KSAMPSON-R,210,225,7.5,7
1002,PIT,FLIRIANO-L,-250,-265,7.5,7
1002,STL,JGARCIA-L,-150,-121,7,6
1002,ATL,JTEHERAN-R,130,111,7,6
1002,CUB,JARRIETA-R,-200,-245,7,7.5
1002,MIL,APENA-R,170,205,7,7.5
1002,SDG,CKELLY-R,170,175,7.5,7
1002,LOS,AWOOD-L,-200,-205,7.5,7
1002,COL,KKENDRICK-R,145,115,7,7.5
1002,SFO,CHESTON-R,-165,-130,7,7.5
1002,BOS,HOWENS-L,115,115,8,7.5
1002,CLE,JTOMLIN-R,-135,-125,8,7.5
1002,TOR,MBUEHRLE-L,-125,-126,7.5,8
1002,TAM,ERAMIREZ-R,105,116,7.5,8
1002,LAA,JWEAVER-R,110,107,9,10
1002,TEX,MPEREZ-L,-130,-117,9,10
1002,KAN,CYOUNG-R,105,106,8,7
1002,MIN,ESANTANA-R,-125,-116,8,7
1002,DET,ASIMON-R,180,200,8,7
1002,CWS,CSALE-L,-210,-230,8,7
1002,OAK,ABROOKS-R,165,174,7.5,7
1002,SEA,HIWAKUMA-R,-185,-194,7.5,7
1002,HOU,DKEUCHEL-L,-160,-172,8,8.5
1002,ARI,DELAROSA-R,140,152,8,8.5
1003,COL,CRUSIN-L,155,116,7.5,7.5
1003,SFO,JPEAVY-R,-175,-126,7.5,7.5
1003,CIN,BFINNEGAN-L,170,170,7.5,7
1003,PIT,ABURNETT-R,-200,-200,7.5,7
1003,MIA,JNICOLINO-L,-135,-135,8.5,7.5
1003,PHI,AASHER-R,115,120,8.5,7.5
1003,WAS,MSCHERZER-R,110,102,6.5,6
1003,NYM,MHARVEY-R,-130,-112,6.5,6
1003,CUB,HENDRICKS-R,-165,-200,8.5,8
1003,MIL,TWAGNER-R,145,170,8.5,8
1003,SDG,RERLIN-L,220,261,6.5,6.5
1003,LOS,ZGREINKE-R,-260,-311,6.5,6.5
1003,TOR,MESTRADA-R,-105,100,7,7.5
1003,TAM,CARCHER-R,-115,-110,7,7.5
1003,NYY,LSEVERINO-R,-110,-115,7.5,7.5
1003,BAL,UJIMENEZ-R,-110,105,7.5,7.5
1003,BOS,CBRESLOW-L,145,170,8,7.5
1003,CLE,CKLUBER-R,-165,-200,8,7.5
1003,DET,VERLANDER-R,-122,-122,8,7.5
1003,CWS,EJOHNSON-R,102,112,8,7.5
1003,KAN,YVENTURA-R,-120,-121,8,7.5
1003,MIN,TMILONE-L,100,111,8,7.5
1003,LAA,HSANTIAGO-L,100,-105,9,9.5
1003,TEX,CLEWIS-R,-120,-105,9,9.5
1003,OAK,SNOLIN-L,140,131,8,7.5
1003,SEA,RELIAS-L,-160,-146,8,7.5
1003,HOU,CMCHUGH-R,-150,-173,8.5,9
1003,ARI,HELLICKSON-R,130,153,8.5,9
1003,MIA,TKOEHLER-R,-120,-117,7.5,7.5
1003,PHI,AHARANG-R,100,107,7.5,7.5
1003,NYY,INOVA-R,-110,132,7.5,7.5
1003,BAL,WCHEN-L,-110,-147,7.5,7.5
1003,WAS,GGONZALEZ-L,120,146,6.5,7
1003,NYM,SYNDERGARD-R,-140,-161,6.5,7
1004,STL,LLYNN-R,-139,-140,7.5,7.5
1004,ATL,MWISLER-R,119,125,7.5,7.5
1004,CIN,JSMITH-R,200,190,7.5,7.5
1004,PIT,JHAPP-L,-230,-220,7.5,7.5
1004,MIA,ACONLEY-L,-130,-129,8.5,7.5
1004,PHI,DBUCHANAN-R,110,119,8.5,7.5
1004,COL,CBERGMAN-R,110,110,7.5,7.5
1004,SFO,MCAIN-R,-130,-120,7.5,7.5
1004,CUB,DHAREN-R,-150,-134,8.5,8
1004,MIL,JLOPEZ-R,130,119,8.5,8
1004,WAS,TROARK-R,130,180,7,6.5
1004,NYM,JDEGROM-R,-150,-210,7,6.5
1004,SDG,FGARCES-L,290,295,6.5,6.5
1004,LOS,CKERSHAW-L,-350,-345,6.5,6.5
1004,LAA,GRICHARDS-R,107,115,8.5,8.5
1004,TEX,CHAMELS-L,-127,-125,8.5,8.5
1004,NYY,MPINEDA-R,-114,-155,8,7.5
1004,BAL,CTILLMAN-R,-106,140,8,7.5
1004,BOS,RPORCELLO-R,140,102,7.5,7
1004,CLE,DSALAZAR-R,-160,-112,7.5,7
1004,TOR,MBUEHRLE-L,-117,-151,8,8.5
1004,TAM,MMOORE-L,-103,136,8,8.5
1004,OAK,CBASSITT-R,107,111,8,7.5
1004,SEA,VNUNO-L,-127,-121,8,7.5
1004,KAN,JCUETO-R,-137,-176,8,7.5
1004,MIN,RNOLASCO-R,117,156,8,7.5
1004,DET,DNORRIS-L,100,116,8.5,7.5
1004,CWS,FMONTAS-R,-120,-131,8.5,7.5
1004,HOU,MCCULLERS-R,-145,-150,8.5,8.5
1004,ARI,RRAY-L,125,135,8.5,8.5
1004,STL,JLACKEY-R,-139,-148,7,7
1004,ATL,SMILLER-R,119,133,7,7
1006,HOU,DKEUCHEL-L,-115,-104,7.5,7
1006,NYY,MTANAKA-R,-105,-106,7.5,7
1007,CUB,JARRIETA-R,-113,-126,6,5.5
1007,PIT,GCOLE-R,-107,116,6,5.5
1008,TEX,YGALLARDO-R,205,220,8,8
1008,TOR,DPRICE-L,-235,-260,8,8
1008,HOU,CMCHUGH-R,113,118,7.5,7.5
1008,KAN,YVENTURA-R,-133,-133,7.5,7.5
1009,CUB,JLESTER-L,-108,102,6.5,6
1009,STL,JLACKEY-R,-112,-112,6.5,6
1009,NYM,JDEGROM-R,170,175,5.5,5.5
1009,LOS,CKERSHAW-L,-190,-205,5.5,5.5
1009,TEX,CHAMELS-L,160,155,8,8
1009,TOR,MSTROMAN-R,-180,-175,8,8
1009,HOU,SKAZMIR-L,122,117,7.5,7.5
1009,KAN,JCUETO-R,-142,-127,7.5,7.5
1010,CUB,HENDRICKS-R,135,122,6.5,6.5
1010,STL,JGARCIA-L,-155,-137,6.5,6.5
1010,NYM,SYNDERGARD-R,170,150,6,6.5
1010,LOS,ZGREINKE-R,-200,-170,6,6.5
1011,KAN,EVOLQUEZ-R,170,172,7,7
1011,HOU,DKEUCHEL-L,-190,-192,7,7
1011,TOR,MESTRADA-R,-140,-145,9.5,10
1011,TEX,MPEREZ-L,120,130,9.5,10
1012,LOS,BANDERSON-L,140,150,6.5,6.5
1012,NYM,MHARVEY-R,-160,-170,6.5,6.5
1012,STL,MWACHA-R,185,181,7,7.5
1012,CUB,JARRIETA-R,-215,-211,7,7.5
1012,KAN,YVENTURA-R,120,116,8,7.5
1012,HOU,MCCULLERS-R,-140,-126,8,7.5
1012,TOR,RDICKEY-R,-134,-160,9.5,10
1012,TEX,DHOLLAND-L,114,145,9.5,10
1013,LOS,CKERSHAW-L,-155,-149,6.5,6.5
1013,NYM,SMATZ-L,135,134,6.5,6.5
1013,STL,JLACKEY-R,100,104,7.5,8.5
1013,CUB,JHAMMEL-R,-120,-114,7.5,8.5
1014,HOU,CMCHUGH-R,108,116,8,7.5
1014,KAN,JCUETO-R,-128,-126,8,7.5
1014,TEX,CHAMELS-L,170,160,8.5,8
1014,TOR,MSTROMAN-R,-190,-180,8.5,8
1015,NYM,JDEGROM-R,138,125,6,6
1015,LOS,ZGREINKE-R,-158,-140,6,6
1016,TOR,MESTRADA-R,-120,-119,8.5,8
1016,KAN,EVOLQUEZ-R,100,109,8.5,8
1017,CUB,JLESTER-L,105,118,6.5,5.5
1017,NYM,MHARVEY-R,-125,-128,6.5,5.5
1017,TOR,DPRICE-L,-159,-150,7.5,7
1017,KAN,YVENTURA-R,139,135,7.5,7
1018,CUB,JARRIETA-R,-180,-144,8,5.5
1018,NYM,SYNDERGARD-R,160,129,8,5.5
1019,KAN,JCUETO-R,152,135,8,8
1019,TOR,MSTROMAN-R,-172,-150,8,8
1020,NYM,JDEGROM-R,-125,-107,7.5,7.5
1020,CUB,HENDRICKS-R,105,-103,7.5,7.5
1020,KAN,CYOUNG-R,111,140,8.5,9
1020,TOR,RDICKEY-R,-131,-155,8.5,9
1021,NYM,SMATZ-L,100,-102,9,9
1021,CUB,JHAMMEL-R,-120,-108,9,9
1021,KAN,EVOLQUEZ-R,111,128,8.5,8.5
1021,TOR,MESTRADA-R,-131,-143,8.5,8.5
1023,TOR,DPRICE-L,-140,-145,7,7.5
1023,KAN,YVENTURA-R,120,130,7,7.5
1027,NYM,MHARVEY-R,-113,105,7,7
1027,KAN,EVOLQUEZ-R,-107,-115,7,7
1028,NYM,JDEGROM-R,-109,-120,7,7
1028,KAN,JCUETO-R,-111,110,7,7
1030,KAN,YVENTURA-R,115,119,7,6
1030,NYM,SYNDERGARD-R,-135,-129,7,6
1031,KAN,CYOUNG-R,105,118,7,7
1031,NYM,SMATZ-L,-125,-128,7,7
1101,KAN,EVOLQUEZ-R,114,135,7,7
1101,NYM,MHARVEY-R,-134,-150,7,7
