Date,Team,Pitcher,Open,Close,OpenOU,CloseOU
331,TEX,MHARRISON-L,-160,-170,8.5,8.5
331,HOU,BNORRIS-R,140,150,8.5,8.5
401,MIA,RNOLASCO-R,207,230,7,7
401,WAS,STRASBURG-R,-247,-270,7,7
401,SDG,EVOLQUEZ-R,118,122,7.5,7.5
401,NYM,JNIESE-L,-138,-142,7.5,7.5
401,CUB,SAMARDZIJA-R,105,106,7.5,7
401,PIT,ABURNETT-R,-125,-126,7.5,7
401,COL,JCHACIN-R,118,130,7.5,8
401,MIL,YGALLARDO-R,-138,-150,7.5,8
401,SFO,MCAIN-R,138,130,6,6
401,LOS,CKERSHAW-L,-158,-150,6,6
401,PHI,CHAMELS-L,-105,-113,7,7
401,ATL,THUDSON-R,-115,-107,7,7
401,STL,WAINWRIGHT-R,-114,-109,8.5,9
401,ARI,IKENNEDY-R,-106,-111,8.5,9
401,BOS,JLESTER-L,111,-110,8,8
401,NYY,CSABATHIA-L,-131,-110,8,8
401,KAN,JSHIELDS-R,111,115,7.5,7
401,CWS,CSALE-L,-131,-135,7.5,7
401,DET,VERLANDER-R,-185,-183,7.5,7
401,MIN,VWORLEY-R,165,163,7.5,7
401,SEA,FHERNANDZ-R,-114,-110,6.5,6.5
401,OAK,BANDERSON-L,-106,-110,6.5,6.5
401,LAA,JWEAVER-R,-111,-109,7.5,7.5
401,CIN,JCUETO-R,-109,-111,7.5,7.5
402,COL,DELAROSA-L,117,133,8,8.5
402,MIL,MESTRADA-R,-137,-153,8,8.5
402,STL,JGARCIA-L,102,-109,9,9
402,ARI,TCAHILL-R,-122,-111,9,9
402,SFO,BUMGARNER-L,-111,-105,6.5,7
402,LOS,HRYU-L,-109,-105,6.5,7
402,BAL,JHAMMEL-R,144,150,7,6.5
402,TAM,DPRICE-L,-164,-170,7,6.5
402,CLE,MASTERSON-R,150,160,8,8.5
402,TOR,RDICKEY-R,-170,-180,8,8.5
402,TEX,YDARVISH-R,-192,-180,8,8
402,HOU,LHARRELL-R,172,160,8,8
402,SEA,HIWAKUMA-R,119,112,7,7
402,OAK,JPARKER-R,-139,-132,7,7
403,MIA,KSLOWEY-R,220,210,7,7
403,WAS,GGONZALEZ-L,-260,-250,7,7
403,CUB,EJACKSON-R,110,118,7,6.5
403,PIT,WRODRIGUZ-L,-130,-138,7,6.5
403,SDG,CRICHARD-L,119,124,7,7
403,NYM,MHARVEY-R,-139,-144,7,7
403,PHI,RHALLADAY-R,-106,120,7.5,7
403,ATL,PMAHOLM-L,-114,-140,7.5,7
403,COL,JNICASIO-R,105,115,8.5,8.5
403,MIL,WPERALTA-R,-125,-135,8.5,8.5
403,STL,LLYNN-R,-107,-113,9,9
403,ARI,BMCCARTHY-R,-113,-107,9,9
403,SFO,TLINCECUM-R,110,108,6.5,7
403,LOS,JBECKETT-R,-130,-128,6.5,7
403,KAN,ESANTANA-R,117,120,7.5,7.5
403,CWS,JPEAVY-R,-137,-140,7.5,7.5
403,TEX,AOGANDO-R,-185,-170,8.5,8.5
403,HOU,PHUMBER-R,165,150,8.5,8.5
403,DET,ASANCHEZ-R,-144,-150,8,8.5
403,MIN,KCORREIA-R,124,130,8,8.5
403,CLE,UJIMENEZ-R,155,150,8.5,9
403,TOR,BMORROW-R,-175,-170,8.5,9
403,BOS,CBUCHHOLZ-R,-107,-102,8,7.5
403,NYY,HKURODA-R,-113,-118,8,7.5
403,BAL,WCHEN-L,118,112,7.5,7
403,TAM,HELLICKSON-R,-138,-132,7.5,7
403,SEA,JSAUNDERS-L,120,130,7,7.5
403,OAK,TMILONE-L,-140,-150,7,7.5
403,LAA,CWILSON-L,-107,-107,7.5,7
403,CIN,MLATOS-R,-113,-113,7.5,7
404,CUB,TWOOD-L,125,124,7.5,7
404,PIT,JMCDONALD-R,-145,-144,7.5,7
404,SDG,ESTULTS-L,125,130,7.5,7.5
404,NYM,DGEE-R,-145,-150,7.5,7.5
404,MIA,WLEBLANC-L,220,200,7.5,7
404,WAS,ZIMMERMANN-R,-260,-230,7.5,7
404,PHI,CLEE-L,115,102,7,6.5
404,ATL,KMEDLEN-R,-135,-122,7,6.5
404,DET,RPORCELLO-R,-140,-150,8.5,8.5
404,MIN,MPELFREY-R,120,130,8.5,8.5
404,KAN,JGUTHRIE-R,105,-106,8.5,8
404,CWS,GFLOYD-R,-125,-114,8.5,8
404,BAL,MGONZALEZ-R,110,-109,8,8
404,TAM,RHERNANDZ-R,-130,-111,8,8
404,SEA,BMAURER-R,140,140,7,7.5
404,OAK,AGRIFFIN-R,-160,-160,7,7.5
404,BOS,RDEMPSTER-R,105,100,8,8
404,NYY,APETTITTE-L,-125,-120,8,8
404,CLE,BMYERS-R,145,164,9,9
404,TOR,MBUEHRLE-L,-165,-184,9,9
404,LAA,JBLANTON-R,115,-108,8.5,8.5
404,CIN,BARROYO-R,-135,-112,8.5,8.5
405,SDG,JMARQUIS-R,117,130,10.5,11
405,COL,JFRANCIS-L,-137,-150,10.5,11
405,STL,WESTBROOK-R,-112,100,8,7.5
405,SFO,BZITO-L,-108,-120,8,7.5
405,MIA,ASANABIA-R,143,130,7.5,7.5
405,NYM,JHEFNER-R,-163,-150,7.5,7.5
405,WAS,DHAREN-R,-114,105,8.5,8
405,CIN,HBAILEY-R,-106,-125,8.5,8
405,CUB,SFELDMAN-R,150,170,8,7.5
405,ATL,MMINOR-L,-170,-200,8,7.5
405,ARI,WMILEY-L,-112,112,8,8.5
405,MIL,KLOHSE-R,-108,-132,8,8.5
405,PIT,JSANCHEZ-L,179,170,7,7
405,LOS,ZGREINKE-R,-199,-200,7,7
405,NYY,INOVA-R,160,160,8.5,8
405,DET,DFISTER-R,-180,-180,8.5,8
405,LAA,JVARGAS-L,-103,-104,10,9.5
405,TEX,DHOLLAND-L,-117,-116,10,9.5
405,MIN,LHENDRIKS-R,130,140,9.5,9
405,BAL,JARRIETA-R,-150,-160,9.5,9
405,BOS,FDOUBRONT-L,143,124,8.5,8.5
405,TOR,JJOHNSON-R,-163,-144,8.5,8.5
405,CLE,MCALLISTER-R,144,135,8,7.5
405,TAM,MMOORE-L,-164,-155,8,7.5
405,OAK,DSTRAILY-R,-140,-150,8.5,8.5
405,HOU,BPEACOCK-R,120,130,8.5,8.5
405,SEA,BBEAVAN-R,117,118,8.5,8.5
405,CWS,JQUINTANA-L,-137,-138,8.5,8.5
405,KAN,WDAVIS-R,105,-102,8.5,8
405,PHI,KKENDRICK-R,-125,-118,8.5,8
406,WAS,RDETWILER-L,-115,103,8.5,8.5
406,CIN,MLEAKE-R,-105,-123,8.5,8.5
406,MIA,RNOLASCO-R,150,154,7,7
406,NYM,JNIESE-L,-170,-174,7,7
406,STL,SMILLER-R,115,107,7.5,7
406,SFO,VOGELSONG-R,-135,-127,7.5,7
406,CUB,VILLANUEVA-R,145,160,8,7.5
406,ATL,JTEHERAN-R,-165,-180,8,7.5
406,ARI,PCORBIN-L,115,-112,8.5,8.5
406,MIL,MFIERS-R,-135,-108,8.5,8.5
406,SDG,TROSS-R,135,118,11,11
406,COL,JGARLAND-R,-155,-138,11,11
406,PIT,ABURNETT-R,200,170,6,6.5
406,LOS,CKERSHAW-L,-230,-200,6,6.5
406,BOS,JLACKEY-R,130,118,9,9
406,TOR,JHAPP-L,-150,-138,9,9
406,SEA,FHERNANDZ-R,-140,-140,7.5,7.5
406,CWS,DAXELROD-R,120,120,7.5,7.5
406,NYY,PHUGHES-R,155,164,8.5,8
406,DET,MSCHERZER-R,-175,-184,8.5,8
406,LAA,THANSON-R,110,102,9.5,10
406,TEX,MHARRISON-L,-130,-122,9.5,10
406,MIN,VWORLEY-R,130,120,8.5,9
406,BAL,CTILLMAN-R,-150,-140,8.5,9
406,CLE,TBAUER-R,155,133,8,8
406,TAM,ACOBB-R,-175,-153,8,8
406,OAK,BCOLON-R,-140,-137,8,8
406,HOU,BNORRIS-R,120,117,8,8
406,KAN,LMENDOZA-R,120,-107,9,8
406,PHI,JLANNAN-L,-140,-113,9,8
407,MIA,JFERNANDZ-R,124,109,8,7.5
407,NYM,ALAFFEY-L,-144,-129,8,7.5
407,WAS,STRASBURG-R,-113,-112,7,7
407,CIN,JCUETO-R,-107,-108,7,7
407,CUB,SAMARDZIJA-R,122,114,7,7
407,ATL,THUDSON-R,-142,-134,7,7
407,ARI,IKENNEDY-R,-110,-108,7.5,7.5
407,MIL,YGALLARDO-R,-110,-112,7.5,7.5
407,STL,WAINWRIGHT-R,117,110,7,6.5
407,SFO,MCAIN-R,-137,-130,7,6.5
407,PIT,JLOCKE-L,140,120,7.5,7.5
407,LOS,HRYU-L,-160,-140,7.5,7.5
407,SDG,EVOLQUEZ-R,132,122,10,10.5
407,COL,JCHACIN-R,-152,-142,10,10.5
407,NYY,CSABATHIA-L,155,170,7,7
407,DET,VERLANDER-R,-175,-200,7,7
407,BOS,JLESTER-L,113,102,8,8
407,TOR,RDICKEY-R,-133,-122,8,8
407,MIN,PHERNANDZ-R,150,160,9,9
407,BAL,JHAMMEL-R,-170,-180,9,9
407,CLE,MASTERSON-R,160,175,7,7
407,TAM,DPRICE-L,-180,-195,7,7
407,SEA,HIWAKUMA-R,145,143,7.5,7
407,CWS,CSALE-L,-165,-163,7.5,7
407,OAK,BANDERSON-L,-145,-155,7.5,8
407,HOU,LHARRELL-R,125,135,7.5,8
407,LAA,JWEAVER-R,117,113,8.5,8
407,TEX,YDARVISH-R,-137,-133,8.5,8
407,KAN,JSHIELDS-R,110,-101,7.5,7
407,PHI,CHAMELS-L,-130,-119,7.5,7
408,MIL,MESTRADA-R,100,105,9.5,9.5
408,CUB,EJACKSON-R,-120,-125,9.5,9.5
408,CIN,MLATOS-R,-114,-102,8,7.5
408,STL,JGARCIA-L,-106,-118,8,7.5
408,NYM,MHARVEY-R,-105,-106,7.5,7.5
408,PHI,RHALLADAY-R,-115,-114,7.5,7.5
408,ATL,PMAHOLM-L,-155,-160,8,7.5
408,MIA,KSLOWEY-R,135,140,8,7.5
408,PIT,WRODRIGUZ-L,118,123,9,8.5
408,ARI,TCAHILL-R,-138,-143,9,8.5
408,COL,DELAROSA-L,140,160,7,7
408,SFO,BUMGARNER-L,-160,-180,7,7
408,BAL,WCHEN-L,105,130,9,9
408,BOS,CBUCHHOLZ-R,-125,-150,9,9
408,NYY,HKURODA-R,-105,-101,8,8.5
408,CLE,UJIMENEZ-R,-115,-119,8,8.5
408,MIN,KCORREIA-R,114,130,8.5,8.5
408,KAN,ESANTANA-R,-134,-150,8.5,8.5
408,TAM,HELLICKSON-R,135,135,9,9
408,TEX,AOGANDO-R,-155,-155,9,9
408,HOU,PHUMBER-R,135,144,7.5,7.5
408,SEA,JSAUNDERS-L,-155,-164,7.5,7.5
409,LOS,JBECKETT-R,-140,-133,6.5,7
409,SDG,CRICHARD-L,120,113,6.5,7
409,NYM,DGEE-R,140,163,7,7
409,PHI,CLEE-L,-160,-183,7,7
409,ATL,KMEDLEN-R,-190,-170,7,7
409,MIA,WLEBLANC-L,170,150,7,7
409,MIL,WPERALTA-R,-105,-110,7.5,7.5
409,CUB,TWOOD-L,-115,-110,7.5,7.5
409,CIN,BARROYO-R,100,-104,8.5,8.5
409,STL,LLYNN-R,-120,-116,8.5,8.5
409,PIT,JMCDONALD-R,135,120,9,8.5
409,ARI,BMCCARTHY-R,-155,-140,9,8.5
409,COL,JNICASIO-R,135,105,7,7
409,SFO,TLINCECUM-R,-155,-125,7,7
409,TOR,BMORROW-R,120,109,8,8
409,DET,ASANCHEZ-R,-140,-129,8,8
409,NYY,APETTITTE-L,-115,-122,8.5,8
409,CLE,CCARRASCO-R,-105,102,8.5,8
409,TAM,RHERNANDZ-R,135,106,10.5,10.5
409,TEX,NTEPESCH-R,-155,-126,10.5,10.5
409,MIN,MPELFREY-R,130,124,8.5,8.5
409,KAN,JGUTHRIE-R,-150,-144,8.5,8.5
409,OAK,JPARKER-R,140,130,7.5,7.5
409,LAA,CWILSON-L,-160,-150,7.5,7.5
409,HOU,EBEDARD-L,125,133,7.5,7
409,SEA,BMAURER-R,-145,-153,7.5,7
409,CWS,JPEAVY-R,145,130,7,7
409,WAS,GGONZALEZ-L,-165,-150,7,7
410,CIN,HBAILEY-R,-110,-120,8.5,8.5
410,STL,WESTBROOK-R,-110,100,8.5,8.5
410,PIT,JSANCHEZ-L,160,170,9,9
410,ARI,WMILEY-L,-180,-200,9,9
410,COL,JFRANCIS-L,125,112,7.5,7.5
410,SFO,BZITO-L,-145,-132,7.5,7.5
410,NYM,JHEFNER-R,110,107,8.5,9
410,PHI,KKENDRICK-R,-130,-127,8.5,9
410,ATL,MMINOR-L,-160,-158,7.5,7.5
410,MIA,ASANABIA-R,140,138,7.5,7.5
410,LOS,BILINGSLY-R,-120,-125,6.5,7
410,SDG,ESTULTS-L,100,105,6.5,7
410,TOR,MBUEHRLE-L,115,113,9,9
410,DET,RPORCELLO-R,-135,-133,9,9
410,TAM,MMOORE-L,110,-101,9.5,8.5
410,TEX,DHOLLAND-L,-130,-119,9.5,8.5
410,BAL,JARRIETA-R,130,123,9.5,9
410,BOS,RDEMPSTER-R,-150,-143,9.5,9
410,MIN,LHENDRIKS-R,125,132,8.5,8.5
410,KAN,WDAVIS-R,-145,-152,8.5,8.5
410,OAK,TMILONE-L,120,114,8.5,8.5
410,LAA,JBLANTON-R,-140,-134,8.5,8.5
410,HOU,BPEACOCK-R,150,145,7.5,7.5
410,SEA,BBEAVAN-R,-170,-165,7.5,7.5
410,CWS,GFLOYD-R,140,140,7.5,8
410,WAS,ZIMMERMANN-R,-160,-160,7.5,8
411,SFO,VOGELSONG-R,-137,-133,8,8
411,CUB,SFELDMAN-R,117,113,8,8
411,LOS,ZGREINKE-R,-170,-166,6.5,7
411,SDG,JMARQUIS-R,150,146,6.5,7
411,TOR,JJOHNSON-R,130,116,8,8
411,DET,DFISTER-R,-150,-136,8,8
411,BAL,CTILLMAN-R,105,102,9.5,9
411,BOS,AACEVES-R,-125,-122,9.5,9
411,OAK,AGRIFFIN-R,110,122,8.5,8
411,LAA,JVARGAS-L,-130,-142,8.5,8
411,TEX,JGRIMM-R,125,130,6.5,7
411,SEA,FHERNANDZ-R,-145,-150,6.5,7
411,CWS,DAXELROD-R,140,124,8,8
411,WAS,DHAREN-R,-160,-144,8,8
412,SFO,MCAIN-R,-139,-150,9,9.5
412,CUB,VILLANUEVA-R,119,130,9,9.5
412,CIN,MLEAKE-R,-114,-109,7.5,7.5
412,PIT,ABURNETT-R,-106,-111,7.5,7.5
412,ATL,JTEHERAN-R,105,116,8.5,8.5
412,WAS,RDETWILER-L,-125,-136,8.5,8.5
412,PHI,JLANNAN-L,-118,-125,7.5,8
412,MIA,RNOLASCO-R,-102,105,7.5,8
412,MIL,KLOHSE-R,113,118,8,7.5
412,STL,SMILLER-R,-133,-138,8,7.5
412,LOS,CKERSHAW-L,-150,-150,8,7.5
412,ARI,PCORBIN-L,130,130,8,7.5
412,COL,JGARLAND-R,-114,-105,7,7.5
412,SDG,TROSS-R,-106,-105,7,7.5
412,CWS,JQUINTANA-L,116,123,8,7.5
412,CLE,MASTERSON-R,-136,-143,8,7.5
412,BAL,MGONZALEZ-R,120,124,8,8
412,NYY,CSABATHIA-L,-140,-144,8,8
412,TOR,JHAPP-L,-102,-106,8.5,8
412,KAN,LMENDOZA-R,-118,-114,8.5,8
412,DET,MSCHERZER-R,-106,-115,7.5,8
412,OAK,BCOLON-R,-114,-105,7.5,8
412,HOU,BNORRIS-R,160,180,8,8
412,LAA,THANSON-R,-180,-210,8,8
412,TEX,YDARVISH-R,-136,-150,7,6.5
412,SEA,HIWAKUMA-R,116,130,7,6.5
412,NYM,JNIESE-L,-106,-110,7.5,7.5
412,MIN,VWORLEY-R,-114,-110,7.5,7.5
413,SFO,BUMGARNER-L,-125,-120,8,8
413,CUB,SAMARDZIJA-R,105,100,8,8
413,ATL,THUDSON-R,127,140,6.5,7
413,WAS,STRASBURG-R,-147,-160,6.5,7
413,MIL,YGALLARDO-R,135,147,7.5,7.5
413,STL,WAINWRIGHT-R,-155,-167,7.5,7.5
413,CIN,JCUETO-R,-144,-150,7,7
413,PIT,JLOCKE-L,124,130,7,7
413,PHI,CHAMELS-L,-132,-150,7.5,7
413,MIA,JFERNANDZ-R,112,130,7.5,7
413,LOS,HRYU-L,100,105,9,8.5
413,ARI,IKENNEDY-R,-120,-125,9,8.5
413,COL,JCHACIN-R,-113,-123,7,7.5
413,SDG,EVOLQUEZ-R,-107,103,7,7.5
413,TAM,DPRICE-L,100,105,7.5,8
413,BOS,JLESTER-L,-120,-125,7.5,8
413,CWS,CSALE-L,-123,-128,7.5,7.5
413,CLE,MCALLISTER-R,103,108,7.5,7.5
413,DET,VERLANDER-R,-122,-138,7,7
413,OAK,BANDERSON-L,102,118,7,7
413,BAL,JHAMMEL-R,-103,-113,9,9
413,NYY,PHUGHES-R,-117,-107,9,9
413,TOR,RDICKEY-R,-106,115,7.5,7.5
413,KAN,JSHIELDS-R,-114,-135,7.5,7.5
413,HOU,LHARRELL-R,165,164,8.5,8.5
413,LAA,GRICHARDS-R,-185,-184,8.5,8.5
413,TEX,AOGANDO-R,-143,-140,7,7
413,SEA,JSAUNDERS-L,123,120,7,7
413,NYM,MHARVEY-R,-125,-130,7.5,7.5
413,MIN,SDIAMOND-L,105,110,7.5,7.5
414,PHI,RHALLADAY-R,-120,-138,8,7.5
414,MIA,KSLOWEY-R,100,118,8,7.5
414,ATL,PMAHOLM-L,133,120,7,7
414,WAS,GGONZALEZ-L,-153,-140,7,7
414,CIN,MLATOS-R,-137,-156,7.5,7.5
414,PIT,PIRWIN-R,117,136,7.5,7.5
414,MIL,MESTRADA-R,130,135,8,8
414,STL,JGARCIA-L,-150,-155,8,8
414,SFO,TLINCECUM-R,-114,-110,10.5,9.5
414,CUB,EJACKSON-R,-106,-110,10.5,9.5
414,COL,DELAROSA-L,-113,-110,8,8
414,SDG,CRICHARD-L,-107,-110,8,8
414,LOS,JBECKETT-R,100,103,9,9
414,ARI,TCAHILL-R,-120,-123,9,9
414,CWS,JPEAVY-R,-125,-125,8.5,8
414,CLE,BMYERS-R,105,105,8.5,8
414,TAM,ACOBB-R,119,115,8.5,8.5
414,BOS,CBUCHHOLZ-R,-139,-135,8.5,8.5
414,TOR,BMORROW-R,-114,102,8.5,8.5
414,KAN,ESANTANA-R,-106,-122,8.5,8.5
414,HOU,PHUMBER-R,185,190,8,8
414,LAA,CWILSON-L,-215,-220,8,8
414,DET,ASANCHEZ-R,-108,-128,8,8
414,OAK,JPARKER-R,-112,108,8,8
414,TEX,NTEPESCH-R,-125,-132,8,8
414,SEA,BMAURER-R,105,112,8,8
414,BAL,WCHEN-L,110,-111,9,8.5
414,NYY,HKURODA-R,-130,-109,9,8.5
415,STL,LLYNN-R,-108,-125,7.5,7.5
415,PIT,JMCDONALD-R,-112,105,7.5,7.5
415,PHI,CLEE-L,-125,-118,7.5,7.5
415,CIN,BARROYO-R,105,-102,7.5,7.5
415,WAS,ZIMMERMANN-R,-175,-190,7.5,7
415,MIA,WLEBLANC-L,155,170,7.5,7
415,SDG,ESTULTS-L,160,145,7,6.5
415,LOS,BILINGSLY-R,-180,-165,7,6.5
415,TAM,HELLICKSON-R,113,130,8.5,8.5
415,BOS,RDEMPSTER-R,-133,-150,8.5,8.5
415,CWS,GFLOYD-R,117,-102,9,9
415,TOR,MBUEHRLE-L,-137,-118,9,9
415,LAA,JBLANTON-R,-113,-135,8.5,8.5
415,MIN,KCORREIA-R,-107,115,8.5,8.5
415,HOU,EBEDARD-L,150,170,7,7
415,OAK,TMILONE-L,-170,-190,7,7
416,WAS,DHAREN-R,-155,-162,7.5,8
416,MIA,ASANABIA-R,135,142,7.5,8
416,PHI,KKENDRICK-R,122,140,8.5,8
416,CIN,HBAILEY-R,-142,-160,8.5,8
416,SFO,BZITO-L,-113,-105,8,9
416,MIL,WPERALTA-R,-107,-115,8,9
416,NYM,ALAFFEY-L,128,120,10.5,10
416,COL,JFRANCIS-L,-148,-140,10.5,10
416,SDG,JMARQUIS-R,160,160,7,7
416,LOS,CCAPUANO-L,-180,-180,7,7
416,CWS,DAXELROD-R,121,135,8.5,9
416,TOR,JJOHNSON-R,-141,-155,8.5,9
416,BOS,FDOUBRONT-L,-105,-114,8.5,8
416,CLE,UJIMENEZ-R,-115,-106,8.5,8
416,TAM,RHERNANDZ-R,-103,103,8.5,9
416,BAL,JARRIETA-R,-117,-123,8.5,9
416,LAA,JVARGAS-L,-128,-138,8.5,8.5
416,MIN,MPELFREY-R,108,118,8.5,8.5
416,HOU,BPEACOCK-R,172,200,7.5,7.5
416,OAK,AGRIFFIN-R,-202,-240,7.5,7.5
416,DET,DFISTER-R,-137,-170,7,7.5
416,SEA,AHARANG-R,117,150,7,7.5
416,ARI,BMCCARTHY-R,117,110,9,9
416,NYY,INOVA-R,-137,-130,9,9
416,KAN,JGUTHRIE-R,160,160,7,7
416,ATL,KMEDLEN-R,-180,-180,7,7
416,TEX,DHOLLAND-L,-130,-128,7.5,7.5
416,CUB,TWOOD-L,110,108,7.5,7.5
416,NYM,DGEE-R,113,135,10,10
416,COL,JNICASIO-R,-133,-155,10,10
417,STL,SMILLER-R,-123,-113,7.5,7.5
417,PIT,ABURNETT-R,103,-107,7.5,7.5
417,PHI,JLANNAN-L,114,108,8.5,9
417,CIN,MLEAKE-R,-134,-128,8.5,9
417,WAS,RDETWILER-L,-162,-150,7.5,7
417,MIA,RNOLASCO-R,142,130,7.5,7
417,SFO,VOGELSONG-R,-106,-102,8,8.5
417,MIL,KLOHSE-R,-114,-118,8,8.5
417,SDG,TROSS-R,210,230,6.5,6.5
417,LOS,CKERSHAW-L,-250,-270,6.5,6.5
417,HOU,BNORRIS-R,149,170,8,8
417,OAK,BCOLON-R,-169,-190,8,8
417,CWS,JQUINTANA-L,110,102,9,8.5
417,TOR,JHAPP-L,-130,-122,9,8.5
417,BOS,AACEVES-R,113,117,8,8
417,CLE,MASTERSON-R,-133,-137,8,8
417,TAM,MMOORE-L,-111,-118,8.5,8
417,BAL,CTILLMAN-R,-109,-102,8.5,8
417,DET,MSCHERZER-R,103,-114,7,6.5
417,SEA,FHERNANDZ-R,-123,-106,7,6.5
417,KAN,WDAVIS-R,148,160,8,7.5
417,ATL,MMINOR-L,-168,-180,8,7.5
417,ARI,WMILEY-L,128,130,8,7.5
417,NYY,CSABATHIA-L,-148,-150,8,7.5
418,SFO,MCAIN-R,-135,-122,8,7.5
418,MIL,YGALLARDO-R,115,102,8,7.5
418,NYM,JNIESE-L,-110,-105,10,9.5
418,COL,JGARLAND-R,-110,-115,10,9.5
418,STL,WAINWRIGHT-R,-110,-122,7.5,7
418,PHI,CHAMELS-L,-110,102,7.5,7
418,ATL,JTEHERAN-R,-125,-124,8,8.5
418,PIT,JLOCKE-L,105,104,8,8.5
418,MIA,JFERNANDZ-R,140,164,8,7.5
418,CIN,TCINGRANI-L,-160,-184,8,7.5
418,DET,VERLANDER-R,-160,-174,6.5,6.5
418,SEA,HIWAKUMA-R,140,154,6.5,6.5
418,CWS,CSALE-L,110,-113,7.5,7.5
418,TOR,RDICKEY-R,-130,-107,7.5,7.5
418,TAM,DPRICE-L,-125,-135,7.5,7.5
418,BAL,MGONZALEZ-R,105,115,7.5,7.5
418,BOS,JLESTER-L,-135,-138,7.5,8
418,CLE,MCALLISTER-R,115,118,7.5,8
418,TEX,AOGANDO-R,-132,-151,12.5,10.5
418,CUB,VILLANUEVA-R,112,131,12.5,10.5
418,ARI,PCORBIN-L,-105,-113,9,8.5
418,NYY,PHUGHES-R,-115,-107,9,8.5
419,ATL,THUDSON-R,-140,-130,7,7
419,PIT,WRODRIGUZ-L,120,110,7,7
419,STL,JGARCIA-L,-115,-125,7.5,7.5
419,PHI,RHALLADAY-R,-105,105,7.5,7.5
419,MIA,KSLOWEY-R,200,240,7.5,7.5
419,CIN,MLATOS-R,-230,-280,7.5,7.5
419,WAS,STRASBURG-R,-125,-110,6.5,6.5
419,NYM,MHARVEY-R,105,-110,6.5,6.5
419,CUB,SAMARDZIJA-R,100,-105,7.5,7.5
419,MIL,MESTRADA-R,-120,-115,7.5,7.5
419,ARI,IKENNEDY-R,120,105,9.5,9.5
419,COL,JCHACIN-R,-140,-125,9.5,9.5
419,SDG,EVOLQUEZ-R,200,200,7,7
419,SFO,BUMGARNER-L,-230,-230,7,7
419,NYY,APETTITTE-L,-105,-102,8.5,8
419,TOR,BMORROW-R,-115,-118,8.5,8
419,OAK,BANDERSON-L,-110,-105,7.5,7.5
419,TAM,ACOBB-R,-110,-115,7.5,7.5
419,SEA,JSAUNDERS-L,180,200,8.5,8
419,TEX,YDARVISH-R,-210,-230,8.5,8
419,CLE,BMYERS-R,-110,-123,8.5,8.5
419,HOU,LHARRELL-R,-110,103,8.5,8.5
419,DET,ASANCHEZ-R,-125,-124,8.5,8.5
419,LAA,THANSON-R,105,104,8.5,8.5
420,MIA,WLEBLANC-L,200,220,8.5,8
420,CIN,BARROYO-R,-230,-260,8.5,8
420,WAS,GGONZALEZ-L,-155,-150,7.5,7.5
420,NYM,JHEFNER-R,135,130,7.5,7.5
420,STL,LLYNN-R,135,122,7.5,7.5
420,PHI,CLEE-L,-155,-142,7.5,7.5
420,ATL,PMAHOLM-L,-145,-144,7.5,7.5
420,PIT,JMCDONALD-R,125,124,7.5,7.5
420,CUB,EJACKSON-R,105,-106,8,8.5
420,MIL,HBURGOS-R,-125,-114,8,8.5
420,ARI,TCAHILL-R,110,-102,9.5,9.5
420,COL,DELAROSA-L,-130,-118,9.5,9.5
420,SDG,ACASHNER-R,150,130,7.5,7.5
420,SFO,TLINCECUM-R,-170,-150,7.5,7.5
420,NYY,HKURODA-R,-110,-111,9,8.5
420,TOR,MBUEHRLE-L,-110,-109,9,8.5
420,KAN,JSHIELDS-R,123,131,8,8
420,BOS,CBUCHHOLZ-R,-143,-151,8,8
420,MIN,VWORLEY-R,149,150,8.5,8.5
420,CWS,JPEAVY-R,-169,-170,8.5,8.5
420,DET,RPORCELLO-R,-105,-112,9,9.5
420,LAA,GRICHARDS-R,-115,-108,9,9.5
420,OAK,JPARKER-R,105,115,8,8
420,TAM,HELLICKSON-R,-125,-135,8,8
420,CLE,SKAZMIR-L,-110,-111,8.5,8.5
420,HOU,PHUMBER-R,-110,-109,8.5,8.5
420,SEA,BMAURER-R,160,150,9.5,9.5
420,TEX,NTEPESCH-R,-180,-170,9.5,9.5
420,LOS,JBECKETT-R,115,105,8,8
420,BAL,WCHEN-L,-135,-125,8,8
420,LOS,HRYU-L,-109,-105,8.5,8.5
420,BAL,JHAMMEL-R,-111,-115,8.5,8.5
421,WAS,ZIMMERMANN-R,-150,-132,7.5,7.5
421,NYM,DGEE-R,130,112,7.5,7.5
421,MIA,ASANABIA-R,200,210,8.5,8
421,CIN,HBAILEY-R,-240,-250,8.5,8
421,ATL,KMEDLEN-R,-190,-170,7.5,7
421,PIT,JSANCHEZ-L,170,150,7.5,7
421,CUB,SFELDMAN-R,130,115,8.5,8.5
421,MIL,WPERALTA-R,-150,-135,8.5,8.5
421,SDG,ESTULTS-L,135,115,8,7.5
421,SFO,BZITO-L,-155,-135,8,7.5
421,ARI,BMCCARTHY-R,125,100,10.5,10
421,COL,JNICASIO-R,-145,-120,10.5,10
421,STL,WESTBROOK-R,-115,-111,8.5,8
421,PHI,KKENDRICK-R,-105,-109,8.5,8
421,NYY,INOVA-R,120,124,9,8.5
421,TOR,JJOHNSON-R,-140,-144,9,8.5
421,KAN,ESANTANA-R,130,132,8.5,8
421,BOS,RDEMPSTER-R,-150,-152,8.5,8
421,OAK,TMILONE-L,-110,-112,8.5,8
421,TAM,RHERNANDZ-R,-110,-108,8.5,8
421,CLE,UJIMENEZ-R,-110,-110,9,9
421,HOU,EBEDARD-L,-110,-110,9,9
421,MIN,SDIAMOND-L,130,130,8.5,8
421,CWS,GFLOYD-R,-150,-150,8.5,8
421,SEA,AHARANG-R,155,140,9.5,9.5
421,TEX,JGRIMM-R,-175,-160,9.5,9.5
421,DET,DFISTER-R,100,-112,8,8
421,LAA,CWILSON-L,-120,-108,8,8
421,LOS,BILINGSLY-R,-110,110,8.5,9
421,BAL,JARRIETA-R,-110,-130,8.5,9
421,KAN,JGUTHRIE-R,125,137,9,8.5
421,BOS,AWEBSTER-R,-145,-157,9,8.5
422,PIT,ABURNETT-R,-113,-118,8,8
422,PHI,PETTIBONE-R,-107,-102,8,8
422,STL,SMILLER-R,-110,-115,8,7.5
422,WAS,DHAREN-R,-110,-105,8,7.5
422,CUB,TWOOD-L,137,147,8,8.5
422,CIN,MLEAKE-R,-157,-167,8,8.5
422,MIL,KLOHSE-R,-113,-125,7,7
422,SDG,JMARQUIS-R,-107,105,7,7
422,ARI,WMILEY-L,-101,101,7,6.5
422,SFO,VOGELSONG-R,-119,-121,7,6.5
422,OAK,AGRIFFIN-R,100,108,8.5,8
422,BOS,FDOUBRONT-L,-120,-128,8.5,8
422,TOR,JHAPP-L,101,105,9,8.5
422,BAL,CTILLMAN-R,-121,-125,9,8.5
422,NYY,CSABATHIA-L,-106,108,7,7
422,TAM,MMOORE-L,-114,-128,7,7
422,CLE,MASTERSON-R,-114,-122,8,8.5
422,CWS,DAXELROD-R,-106,102,8,8.5
422,SEA,FHERNANDZ-R,-173,-183,7,7.5
422,HOU,BPEACOCK-R,153,163,7,7.5
422,TEX,DHOLLAND-L,-113,-109,8.5,8
422,LAA,JBLANTON-R,-107,-111,8.5,8
423,STL,WAINWRIGHT-R,-114,-123,7,7
423,WAS,RDETWILER-L,-106,103,7,7
423,PIT,JLOCKE-L,125,130,7.5,7
423,PHI,CHAMELS-L,-145,-150,7.5,7
423,CUB,VILLANUEVA-R,124,154,8,7.5
423,CIN,TCINGRANI-L,-144,-174,8,7.5
423,LOS,CKERSHAW-L,-140,-150,6.5,6
423,NYM,JNIESE-L,120,130,6.5,6
423,ATL,JTEHERAN-R,-107,103,10,9.5
423,COL,JGARLAND-R,-113,-123,10,9.5
423,MIL,YGALLARDO-R,-109,-128,7,7
423,SDG,CRICHARD-L,-111,108,7,7
423,ARI,PCORBIN-L,117,124,6.5,6.5
423,SFO,MCAIN-R,-137,-144,6.5,6.5
423,OAK,BCOLON-R,-106,-103,9,8.5
423,BOS,AACEVES-R,-114,-117,9,8.5
423,TOR,RDICKEY-R,-114,-111,8,7.5
423,BAL,MGONZALEZ-R,-106,-109,8,7.5
423,NYY,PHUGHES-R,132,160,7.5,7
423,TAM,DPRICE-L,-152,-180,7.5,7
423,SEA,HIWAKUMA-R,-120,-130,7,8
423,HOU,BNORRIS-R,100,110,7,8
423,TEX,AOGANDO-R,-113,-111,8.5,8
423,LAA,JVARGAS-L,-107,-109,8.5,8
423,MIA,JFERNANDZ-R,132,139,7.5,7.5
423,MIN,KCORREIA-R,-152,-159,7.5,7.5
423,MIA,RNOLASCO-R,105,120,7.5,7.5
423,MIN,MPELFREY-R,-125,-140,7.5,7.5
423,ATL,MMINOR-L,-107,-123,10,9.5
423,COL,JFRANCIS-L,-113,103,10,9.5
424,CUB,SAMARDZIJA-R,141,158,7.5,7
424,CIN,MLATOS-R,-161,-178,7.5,7
424,STL,JGARCIA-L,126,140,7,7
424,WAS,STRASBURG-R,-146,-160,7,7
424,ATL,THUDSON-R,-120,-125,9.5,9.5
424,COL,TCHATWOOD-R,100,105,9.5,9.5
424,ARI,IKENNEDY-R,136,136,7,6.5
424,SFO,BUMGARNER-L,-156,-156,7,6.5
424,PIT,WRODRIGUZ-L,100,-107,7.5,7
424,PHI,RHALLADAY-R,-120,-113,7.5,7
424,LOS,TLILLY-L,142,152,6.5,7
424,NYM,MHARVEY-R,-162,-172,6.5,7
424,MIL,MESTRADA-R,-122,-120,7.5,7.5
424,SDG,EVOLQUEZ-R,102,100,7.5,7.5
424,TOR,BMORROW-R,-122,-129,8.5,8.5
424,BAL,JSTINSON-R,102,109,8.5,8.5
424,CLE,MCALLISTER-R,105,112,8,7.5
424,CWS,JQUINTANA-L,-125,-132,8,7.5
424,SEA,JSAUNDERS-L,-115,-112,8,8
424,HOU,LHARRELL-R,-105,-108,8,8
424,OAK,BANDERSON-L,145,139,8.5,8
424,BOS,JLESTER-L,-165,-159,8.5,8
424,KAN,WDAVIS-R,205,155,7.5,7.5
424,DET,MSCHERZER-R,-245,-175,7.5,7.5
424,NYY,APETTITTE-L,-105,110,7.5,7
424,TAM,ACOBB-R,-115,-130,7.5,7
424,TEX,YDARVISH-R,-155,-150,8,8
424,LAA,MROTH-L,135,130,8,8
425,PIT,JMCDONALD-R,150,170,7,7
425,PHI,CLEE-L,-170,-190,7,7
425,LOS,HRYU-L,-120,-133,8,8
425,NYM,JHEFNER-R,100,113,8,8
425,CIN,BARROYO-R,115,121,7.5,7.5
425,WAS,GGONZALEZ-L,-135,-141,7.5,7.5
425,CUB,EJACKSON-R,-110,-114,7.5,7.5
425,MIA,KSLOWEY-R,-110,-106,7.5,7.5
425,COL,DELAROSA-L,110,114,9,9
425,ARI,TCAHILL-R,-130,-134,9,9
425,KAN,JSHIELDS-R,170,170,7,7
425,DET,VERLANDER-R,-190,-190,7,7
425,HOU,PHUMBER-R,220,255,8.5,9
425,BOS,CBUCHHOLZ-R,-260,-305,8.5,9
425,TOR,MBUEHRLE-L,140,124,8.5,8
425,NYY,HKURODA-R,-160,-144,8.5,8
425,TAM,HELLICKSON-R,110,110,7,7
425,CWS,CSALE-L,-130,-130,7,7
425,TEX,NTEPESCH-R,-130,-109,8.5,8.5
425,MIN,VWORLEY-R,110,-111,8.5,8.5
425,BAL,JHAMMEL-R,105,115,8,8
425,OAK,JPARKER-R,-125,-135,8,8
425,LAA,GRICHARDS-R,-140,-127,8,7.5
425,SEA,BMAURER-R,120,107,8,7.5
426,CIN,HBAILEY-R,109,108,7,7
426,WAS,ZIMMERMANN-R,-129,-128,7,7
426,CUB,SFELDMAN-R,-113,-110,8,7.5
426,MIA,WLEBLANC-L,-107,-110,8,7.5
426,PHI,KKENDRICK-R,-105,-102,7.5,8
426,NYM,DGEE-R,-115,-118,7.5,8
426,PIT,JSANCHEZ-L,163,170,8.5,8
426,STL,LLYNN-R,-183,-200,8.5,8
426,COL,JNICASIO-R,100,115,9.5,9
426,ARI,BMCCARTHY-R,-120,-135,9.5,9
426,MIL,HBURGOS-R,130,122,7.5,7
426,LOS,JBECKETT-R,-150,-142,7.5,7
426,SFO,TLINCECUM-R,-116,-110,7,7
426,SDG,ACASHNER-R,-104,-110,7,7
426,TOR,ALAFFEY-L,-109,123,9,9
426,NYY,INOVA-R,-111,-143,9,9
426,HOU,EBEDARD-L,200,240,9,8.5
426,BOS,RDEMPSTER-R,-240,-280,9,8.5
426,TEX,JGRIMM-R,-117,-114,8.5,8.5
426,MIN,SDIAMOND-L,-103,-106,8.5,8.5
426,TAM,RHERNANDZ-R,120,122,7.5,7.5
426,CWS,JPEAVY-R,-140,-142,7.5,7.5
426,BAL,WCHEN-L,100,107,7.5,7.5
426,OAK,TMILONE-L,-120,-127,7.5,7.5
426,LAA,CWILSON-L,-148,-144,7.5,7.5
426,SEA,AHARANG-R,128,124,7.5,7.5
426,ATL,PMAHOLM-L,105,115,7.5,7.5
426,DET,ASANCHEZ-R,-125,-135,7.5,7.5
427,PHI,PETTIBONE-R,125,116,8,8
427,NYM,SMARCUM-R,-145,-136,8,8
427,CIN,MLEAKE-R,-115,-105,8,8
427,WAS,DHAREN-R,-105,-105,8,8
427,PIT,ABURNETT-R,110,-111,7.5,7
427,STL,WESTBROOK-R,-130,-109,7.5,7
427,CUB,TWOOD-L,-135,-115,7.5,7.5
427,MIA,ASANABIA-R,115,-105,7.5,7.5
427,COL,JFRANCIS-L,150,134,9.5,9
427,ARI,WMILEY-L,-170,-154,9.5,9
427,SFO,BZITO-L,-125,-111,7.5,7.5
427,SDG,ESTULTS-L,105,-109,7.5,7.5
427,MIL,WPERALTA-R,110,102,8,7.5
427,LOS,MMAGILL-R,-130,-122,8,7.5
427,BAL,CTILLMAN-R,125,130,8,8
427,OAK,AGRIFFIN-R,-145,-150,8,8
427,TOR,JHAPP-L,140,137,8.5,7.5
427,NYY,CSABATHIA-L,-160,-157,8.5,7.5
427,TEX,DHOLLAND-L,-155,-143,8,8.5
427,MIN,PHERNANDE-L,135,123,8,8.5
427,HOU,BPEACOCK-R,220,250,9.5,9.5
427,BOS,FDOUBRONT-L,-260,-290,9.5,9.5
427,TAM,MMOORE-L,-125,-121,7.5,7
427,CWS,GFLOYD-R,105,101,7.5,7
427,CLE,SKAZMIR-L,130,140,8.5,9
427,KAN,ESANTANA-R,-150,-160,8.5,9
427,LAA,JBLANTON-R,150,134,7,7
427,SEA,FHERNANDZ-R,-170,-154,7,7
427,ATL,KMEDLEN-R,-130,-115,8,8
427,DET,RPORCELLO-R,110,-105,8,8
428,PHI,CHAMELS-L,-105,-120,7,7
428,NYM,JNIESE-L,-115,100,7,7
428,CUB,VILLANUEVA-R,-135,-115,7,7
428,MIA,RNOLASCO-R,115,-105,7,7
428,CIN,TCINGRANI-L,110,-112,7.5,7
428,WAS,RDETWILER-L,-130,-108,7.5,7
428,PIT,JLOCKE-L,170,170,7.5,7.5
428,STL,SMILLER-R,-200,-200,7.5,7.5
428,MIL,KLOHSE-R,146,153,6.5,6.5
428,LOS,CKERSHAW-L,-166,-173,6.5,6.5
428,SFO,VOGELSONG-R,-125,-133,7.5,7.5
428,SDG,JMARQUIS-R,105,113,7.5,7.5
428,COL,JGARLAND-R,130,130,9,9
428,ARI,PCORBIN-L,-150,-150,9,9
428,TOR,RDICKEY-R,-110,-112,9,8.5
428,NYY,PHUGHES-R,-110,-108,9,8.5
428,HOU,BNORRIS-R,160,180,10,9.5
428,BOS,JLACKEY-R,-180,-210,10,9.5
428,TEX,AOGANDO-R,-135,-123,8,9
428,MIN,KCORREIA-R,115,103,8,9
428,TAM,DPRICE-L,-135,-138,8,7.5
428,CWS,DAXELROD-R,115,118,8,7.5
428,CLE,MASTERSON-R,-110,-113,8.5,8
428,KAN,JGUTHRIE-R,-110,-107,8.5,8
428,BAL,MGONZALEZ-R,115,130,8,8
428,OAK,BCOLON-R,-135,-150,8,8
428,LAA,JVARGAS-L,105,-113,7.5,7
428,SEA,HIWAKUMA-R,-125,-107,7.5,7
428,ATL,MMINOR-L,120,130,8,7.5
428,DET,DFISTER-R,-140,-150,8,7.5
428,CLE,CKLUBER-R,110,116,9,9
428,KAN,WSMITH-L,-130,-136,9,9
429,WAS,STRASBURG-R,-134,-126,7,7
429,ATL,JTEHERAN-R,114,106,7,7
429,NYM,MHARVEY-R,-166,-154,6.5,7
429,MIA,JFERNANDZ-R,146,134,6.5,7
429,SDG,CRICHARD-L,132,143,9,9
429,CUB,SAMARDZIJA-R,-152,-163,9,9
429,PIT,WRODRIGUZ-L,117,111,7.5,8
429,MIL,YGALLARDO-R,-137,-131,7.5,8
429,CIN,MLATOS-R,108,113,7,7
429,STL,WAINWRIGHT-R,-128,-133,7,7
429,SFO,MCAIN-R,-113,-110,8.5,8.5
429,ARI,IKENNEDY-R,-107,-110,8.5,8.5
429,COL,TCHATWOOD-R,117,140,8,7.5
429,LOS,TLILLY-L,-137,-160,8,7.5
429,HOU,LHARRELL-R,195,235,8,7.5
429,NYY,APETTITTE-L,-225,-275,8,7.5
429,MIN,MPELFREY-R,188,210,8,8.5
429,DET,MSCHERZER-R,-218,-250,8,8.5
429,CLE,UJIMENEZ-R,108,137,8.5,9
429,KAN,WDAVIS-R,-128,-157,8.5,9
429,LAA,THANSON-R,-112,112,8,8.5
429,OAK,DSTRAILY-R,-108,-132,8,8.5
429,BAL,ZBRITTON-L,-112,-122,8,7.5
429,SEA,JSAUNDERS-L,-108,102,8,7.5
430,NYM,JHEFNER-R,-120,-123,8,8
430,MIA,KSLOWEY-R,100,103,8,8
430,WAS,GGONZALEZ-L,-110,-106,7,7
430,ATL,THUDSON-R,-110,-114,7,7
430,SDG,EVOLQUEZ-R,125,108,10,10.5
430,CUB,EJACKSON-R,-145,-128,10,10.5
430,PIT,JMCDONALD-R,130,124,8,8
430,MIL,MESTRADA-R,-150,-144,8,8
430,CIN,BARROYO-R,115,122,7.5,7.5
430,STL,JGARCIA-L,-135,-142,7.5,7.5
430,SFO,BUMGARNER-L,-125,-115,8,8
430,ARI,TCAHILL-R,105,-105,8,8
430,COL,DELAROSA-L,110,124,7,7
430,LOS,HRYU-L,-130,-144,7,7
430,HOU,PHUMBER-R,250,230,8.5,8
430,NYY,HKURODA-R,-300,-270,8.5,8
430,MIN,VWORLEY-R,210,230,7.5,8
430,DET,VERLANDER-R,-250,-270,7.5,8
430,BOS,JLESTER-L,-130,-120,8,8.5
430,TOR,BMORROW-R,110,100,8,8.5
430,CWS,JQUINTANA-L,170,170,7.5,8
430,TEX,YDARVISH-R,-200,-190,7.5,8
430,TAM,ACOBB-R,110,112,7.5,7.5
430,KAN,JSHIELDS-R,-130,-132,7.5,7.5
430,LAA,GRICHARDS-R,100,-110,8,8.5
430,OAK,JPARKER-R,-120,-110,8,8.5
430,BAL,JHAMMEL-R,-125,-110,7,7.5
430,SEA,BMAURER-R,105,-110,7,7.5
430,PHI,RHALLADAY-R,-115,-110,8,8
430,CLE,MCALLISTER-R,-105,-110,8,8
501,NYM,DGEE-R,-135,-134,7.5,7.5
501,MIA,WLEBLANC-L,115,114,7.5,7.5
501,PIT,JGOMEZ-R,130,120,8.5,9
501,MIL,HBURGOS-R,-150,-140,8.5,9
501,CIN,HBAILEY-R,105,100,7.5,7.5
501,STL,LLYNN-R,-125,-120,7.5,7.5
501,WAS,ZIMMERMANN-R,-110,116,7,7
501,ATL,PMAHOLM-L,-110,-136,7,7
501,SDG,ACASHNER-R,-115,-120,8.5,9
501,CUB,SFELDMAN-R,-105,100,8.5,9
501,SFO,TLINCECUM-R,-120,-110,9.5,9
501,ARI,BMCCARTHY-R,100,-110,9.5,9
501,COL,JNICASIO-R,125,124,7,7.5
501,LOS,JBECKETT-R,-145,-144,7,7.5
501,MIN,SDIAMOND-L,210,200,8.5,8.5
501,DET,ASANCHEZ-R,-250,-230,8.5,8.5
501,LAA,CWILSON-L,100,-106,8,8.5
501,OAK,TMILONE-L,-120,-114,8,8.5
501,HOU,EBEDARD-L,200,175,9,8.5
501,NYY,DPHELPS-R,-230,-195,9,8.5
501,BOS,CBUCHHOLZ-R,-150,-127,8.5,8.5
501,TOR,MBUEHRLE-L,130,107,8.5,8.5
501,CWS,CSALE-L,100,-101,8,8.5
501,TEX,NTEPESCH-R,-120,-119,8,8.5
501,TAM,HELLICKSON-R,-125,-113,8,7.5
501,KAN,LMENDOZA-R,105,-107,8,7.5
501,BAL,WCHEN-L,-135,-135,7.5,7.5
501,SEA,AHARANG-R,115,115,7.5,7.5
501,PHI,CLEE-L,-165,-135,8,7.5
501,CLE,TBAUER-R,145,115,8,7.5
502,SDG,ESTULTS-L,130,102,7,7.5
502,CUB,TWOOD-L,-150,-122,7,7.5
502,MIA,ASANABIA-R,180,210,8,7.5
502,PHI,KKENDRICK-R,-210,-250,8,7.5
502,WAS,DHAREN-R,145,132,7.5,7.5
502,ATL,KMEDLEN-R,-165,-152,7.5,7.5
502,STL,WESTBROOK-R,-110,-106,8.5,8.5
502,MIL,WPERALTA-R,-110,-114,8.5,8.5
502,BOS,RDEMPSTER-R,-135,-120,9,8.5
502,TOR,JHAPP-L,115,100,9,8.5
502,CWS,HSANTIAGO-L,120,135,8.5,8
502,TEX,JGRIMM-R,-140,-155,8.5,8
502,DET,RPORCELLO-R,-170,-167,9,9.5
502,HOU,JLYLES-R,150,147,9,9.5
502,BAL,CTILLMAN-R,-110,-101,9,9
502,LAA,JBLANTON-R,-110,-119,9,9
503,CIN,MLEAKE-R,-113,-108,7,7
503,CUB,VILLANUEVA-R,-107,-112,7,7
503,MIA,RNOLASCO-R,128,150,8,7.5
503,PHI,PETTIBONE-R,-148,-170,8,7.5
503,WAS,RDETWILER-L,-102,115,7,7
503,PIT,ABURNETT-R,-118,-135,7,7
503,NYM,SMARCUM-R,154,175,7.5,7
503,ATL,MMINOR-L,-174,-195,7.5,7
503,STL,SMILLER-R,-111,-108,7.5,8
503,MIL,KLOHSE-R,-109,-112,7.5,8
503,ARI,WMILEY-L,-130,-118,7,7.5
503,SDG,JMARQUIS-R,110,-102,7,7.5
503,LOS,CKERSHAW-L,-141,-140,6,6.5
503,SFO,BZITO-L,121,120,6,6.5
503,SEA,FHERNANDZ-R,-132,-134,7.5,7.5
503,TOR,RROMERO-L,112,114,7.5,7.5
503,OAK,AGRIFFIN-R,122,124,8,8
503,NYY,CSABATHIA-L,-142,-144,8,8
503,MIN,PHERNANDE-L,127,130,8.5,8.5
503,CLE,MASTERSON-R,-147,-150,8.5,8.5
503,BOS,FDOUBRONT-L,113,105,9.5,9
503,TEX,DHOLLAND-L,-133,-125,9.5,9
503,DET,DFISTER-R,-185,-200,8,8
503,HOU,BNORRIS-R,165,170,8,8
503,BAL,MGONZALEZ-R,105,110,8.5,8.5
503,LAA,JVARGAS-L,-125,-130,8.5,8.5
503,TAM,MMOORE-L,-131,-133,9.5,9
503,COL,JFRANCIS-L,111,113,9.5,9
504,CIN,TCINGRANI-L,-135,-117,7,7
504,CUB,SAMARDZIJA-R,115,-103,7,7
504,STL,WAINWRIGHT-R,-130,-128,7.5,7.5
504,MIL,YGALLARDO-R,110,108,7.5,7.5
504,WAS,STRASBURG-R,-145,-140,7,7
504,PIT,JLOCKE-L,125,120,7,7
504,MIA,JFERNANDZ-R,180,200,7.5,7
504,PHI,CHAMELS-L,-210,-230,7.5,7
504,ARI,PCORBIN-L,-135,-125,7,7.5
504,SDG,CRICHARD-L,115,105,7,7.5
504,LOS,MMAGILL-R,118,130,7,7.5
504,SFO,VOGELSONG-R,-138,-150,7,7.5
504,OAK,BCOLON-R,-105,-101,9,8.5
504,NYY,PHUGHES-R,-115,-119,9,8.5
504,MIN,KCORREIA-R,-120,-108,9,9
504,CLE,SKAZMIR-L,100,-112,9,9
504,SEA,HIWAKUMA-R,105,116,7.5,7.5
504,TOR,RDICKEY-R,-125,-136,7.5,7.5
504,BAL,FGARCIA-R,120,124,9,8.5
504,LAA,THANSON-R,-140,-144,9,8.5
504,CWS,DAXELROD-R,128,130,7.5,7.5
504,KAN,JGUTHRIE-R,-148,-150,7.5,7.5
504,DET,MSCHERZER-R,-190,-210,8,8
504,HOU,LHARRELL-R,170,180,8,8
504,BOS,JLACKEY-R,130,116,9.5,9
504,TEX,AOGANDO-R,-150,-136,9.5,9
504,TAM,DPRICE-L,-125,-133,9,9
504,COL,JGARLAND-R,105,113,9,9
505,WAS,GGONZALEZ-L,-110,-108,7,7
505,PIT,WRODRIGUZ-L,-110,-112,7,7
505,NYM,JNIESE-L,135,140,7.5,7.5
505,ATL,THUDSON-R,-155,-160,7.5,7.5
505,STL,JGARCIA-L,-105,-105,8,8.5
505,MIL,MESTRADA-R,-115,-115,8,8.5
505,CIN,MLATOS-R,-155,-144,7,7
505,CUB,EJACKSON-R,135,124,7,7
505,MIA,KSLOWEY-R,155,163,7.5,7
505,PHI,RHALLADAY-R,-175,-183,7.5,7
505,ARI,IKENNEDY-R,-130,-120,8,7.5
505,SDG,EVOLQUEZ-R,110,100,8,7.5
505,LOS,HRYU-L,110,-104,7,7
505,SFO,MCAIN-R,-130,-116,7,7
505,OAK,DSTRAILY-R,125,120,8.5,8
505,NYY,APETTITTE-L,-145,-140,8.5,8
505,MIN,MPELFREY-R,130,130,9,9
505,CLE,CKLUBER-R,-150,-150,9,9
505,SEA,JSAUNDERS-L,125,140,8.5,9
505,TOR,BMORROW-R,-145,-160,8.5,9
505,CWS,JQUINTANA-L,105,109,8,7.5
505,KAN,WDAVIS-R,-125,-129,8,7.5
505,BOS,JLESTER-L,120,138,8,7.5
505,TEX,YDARVISH-R,-140,-158,8,7.5
505,BAL,JHAMMEL-R,100,107,8.5,8
505,LAA,JWILLIAMS-R,-120,-127,8.5,8
505,DET,VERLANDER-R,-255,-310,8,8
505,HOU,PHUMBER-R,215,260,8,8
505,TAM,ACOBB-R,110,-107,9,9.5
505,COL,JCHACIN-R,-130,-113,9,9.5
506,ATL,PMAHOLM-L,110,-112,7.5,8
506,CIN,BARROYO-R,-130,-108,7.5,8
506,MIA,WLEBLANC-L,160,170,7.5,7
506,SDG,ACASHNER-R,-180,-190,7.5,7
506,ARI,TCAHILL-R,-115,-107,7,7
506,LOS,CCAPUANO-L,-105,-113,7,7
506,PHI,CLEE-L,135,120,6,6
506,SFO,BUMGARNER-L,-155,-140,6,6
506,OAK,JPARKER-R,115,-108,8.5,9
506,CLE,UJIMENEZ-R,-135,-112,8.5,9
506,MIN,VWORLEY-R,200,180,9,8.5
506,BOS,CBUCHHOLZ-R,-240,-210,9,8.5
506,TOR,MBUEHRLE-L,140,120,7.5,7.5
506,TAM,HELLICKSON-R,-160,-140,7.5,7.5
506,TEX,NTEPESCH-R,-135,-120,8,8
506,CUB,SFELDMAN-R,115,100,8,8
506,CWS,CSALE-L,130,120,7,7
506,KAN,JSHIELDS-R,-150,-140,7,7
507,ATL,KMEDLEN-R,-105,-105,7.5,7.5
507,CIN,HBAILEY-R,-115,-115,7.5,7.5
507,STL,LLYNN-R,-140,-139,7.5,7.5
507,CUB,TWOOD-L,120,119,7.5,7.5
507,MIA,ASANABIA-R,135,160,7.5,7.5
507,SDG,ESTULTS-L,-155,-180,7.5,7.5
507,ARI,BMCCARTHY-R,125,100,7.5,7.5
507,LOS,JBECKETT-R,-145,-120,7.5,7.5
507,PHI,KKENDRICK-R,115,120,7,7
507,SFO,TLINCECUM-R,-135,-140,7,7
507,OAK,TMILONE-L,105,-111,9,8.5
507,CLE,MCALLISTER-R,-125,-109,9,8.5
507,KAN,ESANTANA-R,105,104,8.5,8
507,BAL,WCHEN-L,-125,-124,8.5,8
507,MIN,SDIAMOND-L,170,154,9,9
507,BOS,RDEMPSTER-R,-200,-174,9,9
507,TOR,JHAPP-L,120,120,8.5,8.5
507,TAM,RHERNANDZ-R,-140,-140,8.5,8.5
507,LAA,CWILSON-L,-200,-183,9.5,9
507,HOU,JLYLES-R,170,163,9.5,9
507,SEA,AHARANG-R,135,114,8,8
507,PIT,JGOMEZ-R,-155,-134,8,8
507,CWS,HSANTIAGO-L,155,152,6.5,6.5
507,NYM,MHARVEY-R,-175,-172,6.5,6.5
507,TEX,JGRIMM-R,-125,-118,8.5,8.5
507,MIL,WPERALTA-R,105,-102,8.5,8.5
507,NYY,HKURODA-R,-110,107,9.5,9
507,COL,DELAROSA-L,-110,-127,9.5,9
508,ATL,MMINOR-L,-111,108,8,8
508,CIN,MLEAKE-R,-109,-128,8,8
508,STL,WESTBROOK-R,-114,-122,7.5,8
508,CUB,VILLANUEVA-R,-106,102,7.5,8
508,MIA,RNOLASCO-R,133,133,7.5,7
508,SDG,JMARQUIS-R,-153,-153,7.5,7
508,PHI,PETTIBONE-R,130,133,8,7.5
508,SFO,BZITO-L,-150,-153,8,7.5
508,ARI,WMILEY-L,146,154,6,6
508,LOS,CKERSHAW-L,-166,-174,6,6
508,OAK,AGRIFFIN-R,103,-109,8.5,8.5
508,CLE,MASTERSON-R,-123,-111,8.5,8.5
508,KAN,LMENDOZA-R,121,124,9,8.5
508,BAL,CTILLMAN-R,-141,-144,9,8.5
508,MIN,PHERNANDE-L,151,153,9,9.5
508,BOS,AWEBSTER-R,-171,-173,9,9.5
508,TOR,RROMERO-L,160,152,7.5,8
508,TAM,MMOORE-L,-180,-172,7.5,8
508,LAA,JBLANTON-R,-139,-140,9.5,9.5
508,HOU,BNORRIS-R,119,120,9.5,9.5
508,SEA,FHERNANDZ-R,-105,-107,6.5,6.5
508,PIT,ABURNETT-R,-115,-113,6.5,6.5
508,DET,ASANCHEZ-R,-119,-114,7,7
508,WAS,ZIMMERMANN-R,-101,-106,7,7
508,CWS,JPEAVY-R,-115,-116,7.5,7
508,NYM,JHEFNER-R,-105,-104,7.5,7
508,TEX,DHOLLAND-L,-113,-107,7.5,8
508,MIL,KLOHSE-R,-107,-113,7.5,8
508,NYY,DPHELPS-R,105,104,10,10
508,COL,JNICASIO-R,-125,-124,10,10
509,PIT,JLOCKE-L,-110,-102,7.5,8
509,NYM,DGEE-R,-110,-118,7.5,8
509,PHI,CHAMELS-L,105,-102,8,7.5
509,ARI,PCORBIN-L,-125,-118,8,7.5
509,ATL,JTEHERAN-R,105,101,7.5,7.5
509,SFO,VOGELSONG-R,-125,-121,7.5,7.5
509,OAK,BCOLON-R,-120,-124,8.5,8.5
509,CLE,SKAZMIR-L,100,104,8.5,8.5
509,KAN,JGUTHRIE-R,-107,-111,8,8.5
509,BAL,FGARCIA-R,-113,-109,8,8.5
509,MIN,KCORREIA-R,145,150,9,9.5
509,BOS,JLACKEY-R,-165,-170,9,9.5
509,TOR,RDICKEY-R,135,133,7,7.5
509,TAM,DPRICE-L,-155,-153,7,7.5
509,LAA,JVARGAS-L,-160,-159,9,9
509,HOU,LHARRELL-R,140,139,9,9
509,NYY,CSABATHIA-L,-135,-120,9.5,9
509,COL,JFRANCIS-L,115,100,9.5,9
509,DET,DFISTER-R,-140,-127,7.5,8
509,WAS,DHAREN-R,120,107,7.5,8
510,CUB,SAMARDZIJA-R,115,115,7,7.5
510,WAS,RDETWILER-L,-135,-135,7,7.5
510,PIT,WRODRIGUZ-L,-112,-114,7.5,7.5
510,NYM,SMARCUM-R,-108,-106,7.5,7.5
510,MIL,YGALLARDO-R,125,124,7.5,7.5
510,CIN,TCINGRANI-L,-145,-144,7.5,7.5
510,COL,JGARLAND-R,148,150,8,7.5
510,STL,SMILLER-R,-168,-170,8,7.5
510,PHI,TCLOYD-R,138,132,9,9.5
510,ARI,IKENNEDY-R,-158,-152,9,9.5
510,MIA,JFERNANDZ-R,123,120,7,7
510,LOS,MMAGILL-R,-143,-140,7,7
510,ATL,THUDSON-R,100,101,6.5,6.5
510,SFO,MCAIN-R,-120,-121,6.5,6.5
510,CLE,CKLUBER-R,158,175,8.5,8.5
510,DET,MSCHERZER-R,-178,-195,8.5,8.5
510,TOR,RORTIZ-R,170,180,8.5,9.5
510,BOS,JLESTER-L,-200,-210,8.5,9.5
510,BAL,JHAMMEL-R,-114,-119,9,8.5
510,MIN,MPELFREY-R,-106,-101,9,8.5
510,NYY,PHUGHES-R,-106,-106,8.5,8
510,KAN,WDAVIS-R,-114,-114,8.5,8
510,LAA,BENRIGHT-R,-106,100,8.5,8.5
510,CWS,DAXELROD-R,-114,-120,8.5,8.5
510,TEX,AOGANDO-R,-200,-220,8.5,9
510,HOU,DKEUCHEL-L,170,190,8.5,9
510,OAK,DSTRAILY-R,126,104,7,7
510,SEA,HIWAKUMA-R,-146,-124,7,7
510,SDG,EVOLQUEZ-R,146,154,8,8
510,TAM,ACOBB-R,-166,-174,8,8
511,PIT,FLIRIANO-L,105,-106,7.5,7.5
511,NYM,JNIESE-L,-125,-114,7.5,7.5
511,COL,JCHACIN-R,150,175,7,7.5
511,STL,WAINWRIGHT-R,-170,-195,7,7.5
511,CUB,EJACKSON-R,190,180,7,7
511,WAS,STRASBURG-R,-220,-210,7,7
511,ATL,PMAHOLM-L,115,119,6.5,7
511,SFO,BUMGARNER-L,-135,-139,6.5,7
511,MIL,HBURGOS-R,150,170,8,7.5
511,CIN,MLATOS-R,-170,-190,8,7.5
511,PHI,CLEE-L,-110,-112,8,8
511,ARI,TCAHILL-R,-110,-108,8,8
511,MIA,KSLOWEY-R,150,180,6.5,7
511,LOS,HRYU-L,-170,-210,6.5,7
511,TOR,MBUEHRLE-L,190,170,9.5,9.5
511,BOS,CBUCHHOLZ-R,-220,-200,9.5,9.5
511,CLE,UJIMENEZ-R,190,240,7.5,8
511,DET,VERLANDER-R,-220,-280,7.5,8
511,BAL,SJOHNSON-R,-120,-109,8.5,8.5
511,MIN,VWORLEY-R,100,-111,8.5,8.5
511,NYY,APETTITTE-L,130,134,7.5,7.5
511,KAN,JSHIELDS-R,-150,-154,7.5,7.5
511,TEX,YDARVISH-R,-250,-280,8,8
511,HOU,EBEDARD-L,210,240,8,8
511,LAA,JWILLIAMS-R,100,-112,8.5,8.5
511,CWS,JQUINTANA-L,-120,-108,8.5,8.5
511,OAK,JPARKER-R,100,-110,7.5,8.5
511,SEA,BMAURER-R,-120,-110,7.5,8.5
511,SDG,BSMITH-R,145,130,8,8
511,TAM,HELLICKSON-R,-165,-150,8,8
512,MIL,WPERALTA-R,143,137,9,8.5
512,CIN,BARROYO-R,-163,-157,9,8.5
512,PIT,JGOMEZ-R,170,180,6.5,7
512,NYM,MHARVEY-R,-200,-210,6.5,7
512,CUB,SFELDMAN-R,157,148,7.5,7.5
512,WAS,GGONZALEZ-L,-177,-168,7.5,7.5
512,COL,DELAROSA-L,139,137,8,7.5
512,STL,JGARCIA-L,-159,-157,8,7.5
512,ATL,KMEDLEN-R,-106,-103,7.5,7.5
512,SFO,TLINCECUM-R,-114,-117,7.5,7.5
512,MIA,TKOEHLER-R,140,170,7.5,8
512,LOS,CCAPUANO-L,-160,-190,7.5,8
512,PHI,KKENDRICK-R,-103,105,8.5,8.5
512,ARI,BMCCARTHY-R,-117,-125,8.5,8.5
512,CLE,MCALLISTER-R,113,120,9,9
512,DET,RPORCELLO-R,-133,-140,9,9
512,TOR,CJENKINS-R,170,200,9,10
512,BOS,RDEMPSTER-R,-190,-240,9,10
512,NYY,HKURODA-R,100,-107,7.5,7
512,KAN,ESANTANA-R,-120,-113,7.5,7
512,BAL,WCHEN-L,-114,-107,8,8
512,MIN,SDIAMOND-L,-106,-113,8,8
512,TEX,NTEPESCH-R,-159,-144,9,9
512,HOU,JLYLES-R,139,124,9,9
512,OAK,TMILONE-L,-115,-122,8,7.5
512,SEA,JSAUNDERS-L,-105,102,8,7.5
512,LAA,CWILSON-L,-104,106,8,7.5
512,CWS,CSALE-L,-116,-126,8,7.5
512,SDG,ESTULTS-L,125,130,8,8.5
512,TAM,RHERNANDZ-R,-145,-150,8,8.5
513,MIL,MESTRADA-R,140,130,7.5,7
513,PIT,ABURNETT-R,-160,-150,7.5,7
513,NYM,JHEFNER-R,175,175,8,8
513,STL,LLYNN-R,-205,-205,8,8
513,COL,JNICASIO-R,105,103,8.5,8
513,CUB,TWOOD-L,-125,-123,8.5,8
513,ATL,MMINOR-L,-110,-114,8,8.5
513,ARI,WMILEY-L,-110,-106,8,8.5
513,WAS,ZIMMERMANN-R,-130,-126,6.5,7
513,LOS,JBECKETT-R,110,106,6.5,7
513,HOU,BNORRIS-R,240,290,8.5,8
513,DET,ASANCHEZ-R,-280,-340,8.5,8
513,CWS,HSANTIAGO-L,-120,-119,8,8
513,MIN,PHERNANDE-L,100,-101,8,8
513,KAN,LMENDOZA-R,110,122,9,9
513,LAA,JBLANTON-R,-130,-142,9,9
513,TEX,JGRIMM-R,115,-103,8,8
513,OAK,AGRIFFIN-R,-135,-117,8,8
513,NYY,DPHELPS-R,125,130,8.5,8
513,CLE,MASTERSON-R,-145,-150,8.5,8
513,NYY,VNUNO-L,105,100,8.5,8.5
513,CLE,TBAUER-R,-125,-120,8.5,8.5
514,MIL,KLOHSE-R,-105,-128,7.5,7.5
514,PIT,JLOCKE-L,-115,108,7.5,7.5
514,CIN,HBAILEY-R,-155,-173,7.5,7
514,MIA,RNOLASCO-R,135,153,7.5,7
514,COL,JFRANCIS-L,120,-107,10.5,10.5
514,CUB,VILLANUEVA-R,-140,-113,10.5,10.5
514,NYM,DGEE-R,140,152,8.5,8.5
514,STL,JGAST-L,-160,-172,8.5,8.5
514,ATL,JTEHERAN-R,125,116,8.5,9
514,ARI,PCORBIN-L,-145,-136,8.5,9
514,WAS,DHAREN-R,160,175,6.5,6.5
514,LOS,CKERSHAW-L,-180,-195,6.5,6.5
514,HOU,LHARRELL-R,250,270,8.5,8.5
514,DET,DFISTER-R,-300,-320,8.5,8.5
514,SEA,FHERNANDZ-R,100,-106,7,6.5
514,NYY,CSABATHIA-L,-120,-114,7,6.5
514,BOS,JLACKEY-R,130,111,8,7.5
514,TAM,MMOORE-L,-150,-131,8,7.5
514,CWS,JPEAVY-R,-110,-112,7.5,8.5
514,MIN,KCORREIA-R,-110,-108,7.5,8.5
514,KAN,JGUTHRIE-R,105,104,8.5,8.5
514,LAA,JVARGAS-L,-125,-124,8.5,8.5
514,TEX,DHOLLAND-L,-125,-114,7.5,7.5
514,OAK,BCOLON-R,105,-106,7.5,7.5
514,CLE,SKAZMIR-L,-105,-122,8.5,8.5
514,PHI,PETTIBONE-R,-115,102,8.5,8.5
514,SDG,ACASHNER-R,115,131,8,8
514,BAL,CTILLMAN-R,-135,-151,8,8
514,SFO,BZITO-L,100,111,8.5,9
514,TOR,RDICKEY-R,-120,-131,8.5,9
515,ATL,THUDSON-R,-105,-114,8.5,8
515,ARI,IKENNEDY-R,-115,-106,8.5,8
515,MIL,YGALLARDO-R,100,-110,7.5,8
515,PIT,WRODRIGUZ-L,-120,-110,7.5,8
515,CIN,MLEAKE-R,-175,-184,8,8
515,MIA,ASANABIA-R,155,164,8,8
515,COL,JGARLAND-R,105,115,7.5,7.5
515,CUB,SAMARDZIJA-R,-125,-135,7.5,7.5
515,NYM,SMARCUM-R,180,180,8,8.5
515,STL,SMILLER-R,-210,-210,8,8.5
515,WAS,RDETWILER-L,113,122,7,6.5
515,LOS,ZGREINKE-R,-133,-142,7,6.5
515,HOU,DKEUCHEL-L,270,320,8.5,9
515,DET,MSCHERZER-R,-320,-380,8.5,9
515,CWS,DAXELROD-R,-110,116,8.5,9
515,MIN,MPELFREY-R,-110,-136,8.5,9
515,TEX,AOGANDO-R,-120,-110,8,8.5
515,OAK,DSTRAILY-R,100,-110,8,8.5
515,SEA,HIWAKUMA-R,-111,100,7.5,7.5
515,NYY,PHUGHES-R,-109,-120,7.5,7.5
515,BOS,JLESTER-L,-111,103,7,7
515,TAM,DPRICE-L,-109,-123,7,7
515,KAN,WDAVIS-R,-107,-112,9,9
515,LAA,BENRIGHT-R,-113,-108,9,9
515,SDG,JMARQUIS-R,132,144,9,9
515,BAL,FGARCIA-R,-152,-164,9,9
515,CLE,CKLUBER-R,134,143,7.5,8
515,PHI,CHAMELS-L,-154,-163,7.5,8
515,SFO,VOGELSONG-R,-107,-115,9.5,10
515,TOR,RORTIZ-R,-113,-105,9.5,10
516,NYM,JNIESE-L,190,230,7.5,7.5
516,STL,WAINWRIGHT-R,-220,-270,7.5,7.5
516,MIL,HBURGOS-R,115,130,8.5,8.5
516,PIT,FLIRIANO-L,-135,-150,8.5,8.5
516,CIN,MLATOS-R,-180,-167,7,7
516,MIA,JFERNANDZ-R,160,147,7,7
516,SFO,MCAIN-R,-120,-107,9,9.5
516,COL,JCHACIN-R,100,-113,9,9.5
516,WAS,STRASBURG-R,-155,-152,6.5,6.5
516,SDG,EVOLQUEZ-R,135,132,6.5,6.5
516,SEA,HNOESI-R,150,153,8.5,8.5
516,NYY,APETTITTE-L,-170,-173,8.5,8.5
516,BOS,FDOUBRONT-L,140,119,8.5,8
516,TAM,ACOBB-R,-160,-139,8.5,8
516,DET,VERLANDER-R,105,-110,7.5,7.5
516,TEX,YDARVISH-R,-125,-110,7.5,7.5
516,CWS,JQUINTANA-L,125,124,8,8.5
516,LAA,JWILLIAMS-R,-145,-144,8,8.5
517,NYM,MHARVEY-R,-155,-153,7,7
517,CUB,EJACKSON-R,135,133,7,7
517,CIN,TCINGRANI-L,-105,102,7,7
517,PHI,CLEE-L,-115,-122,7,7
517,ARI,TCAHILL-R,-160,-157,7,7
517,MIA,KSLOWEY-R,140,137,7,7
517,LOS,HRYU-L,130,105,7.5,7
517,ATL,PMAHOLM-L,-150,-125,7.5,7
517,MIL,WPERALTA-R,155,152,9,8.5
517,STL,JGARCIA-L,-175,-172,9,8.5
517,SFO,BUMGARNER-L,-125,-116,9,9
517,COL,DELAROSA-L,105,-104,9,9
517,WAS,GGONZALEZ-L,-160,-140,7,7
517,SDG,BSMITH-R,140,120,7,7
517,SEA,BMAURER-R,145,139,8.5,9
517,CLE,UJIMENEZ-R,-165,-159,8.5,9
517,TOR,MBUEHRLE-L,150,115,8,8.5
517,NYY,HKURODA-R,-170,-135,8,8.5
517,TAM,HELLICKSON-R,-105,-106,9,9
517,BAL,JHAMMEL-R,-115,-114,9,9
517,DET,RPORCELLO-R,-110,104,10,10.5
517,TEX,NTEPESCH-R,-110,-124,10,10.5
517,BOS,CBUCHHOLZ-R,-165,-151,8.5,8.5
517,MIN,VWORLEY-R,145,131,8.5,8.5
517,KAN,JSHIELDS-R,-135,-114,7.5,7
517,OAK,JPARKER-R,115,-106,7.5,7
517,CWS,CSALE-L,-105,-103,7.5,7
517,LAA,CWILSON-L,-115,-117,7.5,7
517,HOU,JLYLES-R,180,170,8,8.5
517,PIT,JGOMEZ-R,-210,-200,8,8.5
518,NYM,JHEFNER-R,130,113,8.5,8.5
518,CUB,SFELDMAN-R,-150,-133,8.5,8.5
518,CIN,BARROYO-R,-110,-106,8,8
518,PHI,KKENDRICK-R,-110,-114,8,8
518,ARI,BMCCARTHY-R,-150,-163,8,7.5
518,MIA,TKOEHLER-R,130,143,8,7.5
518,LOS,CCAPUANO-L,160,145,8,7.5
518,ATL,KMEDLEN-R,-180,-165,8,7.5
518,MIL,MESTRADA-R,170,140,8,8
518,STL,LLYNN-R,-190,-160,8,8
518,SFO,TLINCECUM-R,-105,-116,10,11
518,COL,TCHATWOOD-R,-115,-104,10,11
518,WAS,ZIMMERMANN-R,-160,-137,6.5,7
518,SDG,ESTULTS-L,140,117,6.5,7
518,SEA,JSAUNDERS-L,140,146,8.5,9
518,CLE,MCALLISTER-R,-160,-166,8.5,9
518,TOR,BMORROW-R,120,-105,8.5,9
518,NYY,DPHELPS-R,-140,-115,8.5,9
518,TAM,RHERNANDZ-R,-110,-113,9.5,9
518,BAL,JJURRJENS-R,-110,-107,9.5,9
518,CWS,HSANTIAGO-L,105,114,9,8.5
518,LAA,JBLANTON-R,-125,-134,9,8.5
518,BOS,RDEMPSTER-R,-130,-122,8.5,9
518,MIN,SDIAMOND-L,110,102,8.5,9
518,DET,ASANCHEZ-R,-145,-134,9.5,9.5
518,TEX,JGRIMM-R,125,114,9.5,9.5
518,KAN,ESANTANA-R,110,115,7.5,7
518,OAK,TMILONE-L,-130,-135,7.5,7
518,HOU,EBEDARD-L,200,240,7.5,7.5
518,PIT,ABURNETT-R,-240,-280,7.5,7.5
519,ARI,WMILEY-L,-154,-150,7.5,7.5
519,MIA,RNOLASCO-R,134,130,7.5,7.5
519,CIN,HBAILEY-R,-130,-150,8.5,8
519,PHI,PETTIBONE-R,110,130,8.5,8
519,LOS,MMAGILL-R,170,180,8,8
519,ATL,MMINOR-L,-200,-210,8,8
519,MIL,KLOHSE-R,120,-102,8.5,9
519,STL,JGAST-L,-140,-118,8.5,9
519,NYM,DGEE-R,135,140,8.5,9
519,CUB,TWOOD-L,-155,-160,8.5,9
519,WAS,DHAREN-R,100,110,7,7
519,SDG,ACASHNER-R,-120,-130,7,7
519,SFO,BZITO-L,110,113,11,10.5
519,COL,JNICASIO-R,-130,-133,11,10.5
519,SEA,FHERNANDZ-R,-105,-112,7,7
519,CLE,MASTERSON-R,-115,-108,7,7
519,TAM,MMOORE-L,-120,-112,8.5,8.5
519,BAL,CTILLMAN-R,100,-108,8.5,8.5
519,BOS,JLACKEY-R,-115,-132,9.5,10
519,MIN,PHERNANDE-L,-105,112,9.5,10
519,CWS,JPEAVY-R,-110,-101,8,7.5
519,LAA,JVARGAS-L,-110,-119,8,7.5
519,KAN,LMENDOZA-R,140,143,8,8
519,OAK,AGRIFFIN-R,-160,-163,8,8
519,DET,DFISTER-R,-110,113,9,9
519,TEX,DHOLLAND-L,-110,-133,9,9
519,HOU,LHARRELL-R,170,160,9,8.5
519,PIT,JLOCKE-L,-200,-180,9,8.5
520,PHI,CHAMELS-L,-185,-180,7,7
520,MIA,ASANABIA-R,165,160,7,7
520,CIN,JCUETO-R,-150,-155,7.5,7.5
520,NYM,SMARCUM-R,130,135,7.5,7.5
520,LOS,CKERSHAW-L,-142,-116,7,8
520,MIL,YGALLARDO-R,122,-104,7,8
520,ARI,PCORBIN-L,-113,-109,9.5,9.5
520,COL,JGARLAND-R,-107,-111,9.5,9.5
520,STL,SMILLER-R,-150,-150,7,7
520,SDG,JMARQUIS-R,130,130,7,7
520,WAS,ZDUKE-L,100,123,8,8
520,SFO,VOGELSONG-R,-120,-143,8,8
520,SEA,HIWAKUMA-R,-108,-108,8,7.5
520,CLE,SKAZMIR-L,-112,-112,8,7.5
520,TAM,JODORIZZI-R,132,130,9,9
520,TOR,RDICKEY-R,-152,-150,9,9
520,NYY,CSABATHIA-L,-135,-139,8,9
520,BAL,FGARCIA-R,115,119,8,9
520,OAK,BCOLON-R,117,113,9.5,10.5
520,TEX,JLINDBLOM-R,-137,-133,9.5,10.5
520,KAN,JGUTHRIE-R,-167,-165,9,9
520,HOU,DKEUCHEL-L,147,145,9,9
520,BOS,JLESTER-L,-144,-157,8,9
520,CWS,DAXELROD-R,124,137,8,9
520,MIN,KCORREIA-R,132,139,8.5,8.5
520,ATL,JTEHERAN-R,-152,-159,8.5,8.5
521,CUB,MGARZA-R,125,132,7,7.5
521,PIT,WRODRIGUZ-L,-145,-152,7,7.5
521,CIN,MLEAKE-R,-130,-112,7.5,8
521,NYM,JNIESE-L,110,-108,7.5,8
521,PHI,TCLOYD-R,-125,-105,7,7
521,MIA,JFERNANDZ-R,105,-105,7,7
521,LOS,ZGREINKE-R,-140,-135,8,8.5
521,MIL,HBURGOS-R,120,115,8,8.5
521,ARI,IKENNEDY-R,105,101,9.5,9.5
521,COL,JCHACIN-R,-125,-121,9.5,9.5
521,STL,WAINWRIGHT-R,-160,-155,7,7
521,SDG,EVOLQUEZ-R,140,135,7,7
521,WAS,STRASBURG-R,105,-104,6.5,6.5
521,SFO,MCAIN-R,-125,-116,6.5,6.5
521,TAM,ACOBB-R,-125,-142,9,9.5
521,TOR,RORTIZ-R,105,122,9,9.5
521,NYY,PHUGHES-R,100,-102,9,9.5
521,BAL,MGONZALEZ-R,-120,-118,9,9.5
521,DET,MSCHERZER-R,-135,-140,9,9
521,CLE,CKLUBER-R,115,120,9,9
521,OAK,DSTRAILY-R,180,190,8.5,8.5
521,TEX,YDARVISH-R,-210,-220,8.5,8.5
521,KAN,WDAVIS-R,-135,-127,9,9
521,HOU,BNORRIS-R,115,107,9,9
521,BOS,FDOUBRONT-L,-105,-106,9,9
521,CWS,JQUINTANA-L,-115,-114,9,9
521,SEA,AHARANG-R,140,150,8.5,9
521,LAA,JWILLIAMS-R,-160,-170,8.5,9
521,MIN,MPELFREY-R,170,170,8,8.5
521,ATL,THUDSON-R,-200,-200,8,8.5
522,CIN,MLATOS-R,105,-102,7,6.5
522,NYM,MHARVEY-R,-125,-118,7,6.5
522,LOS,HRYU-L,-110,-102,8.5,8.5
522,MIL,WPERALTA-R,-110,-118,8.5,8.5
522,ARI,TCAHILL-R,-110,102,9.5,9
522,COL,DELAROSA-L,-110,-122,9.5,9
522,WAS,GGONZALEZ-L,120,135,7,6.5
522,SFO,BUMGARNER-L,-140,-155,7,6.5
522,CUB,SAMARDZIJA-R,110,116,7,7.5
522,PIT,FLIRIANO-L,-130,-136,7,7.5
522,PHI,CLEE-L,-165,-172,7,6.5
522,MIA,KSLOWEY-R,145,152,7,6.5
522,STL,TLYONS-L,-115,-115,8,8
522,SDG,BSMITH-R,-105,-105,8,8
522,OAK,JPARKER-R,-104,-105,10,10
522,TEX,RWOLF-R,-116,-115,10,10
522,TAM,HELLICKSON-R,-105,-106,10,9.5
522,TOR,MBUEHRLE-L,-115,-114,10,9.5
522,NYY,HKURODA-R,-115,-118,9,9
522,BAL,JHAMMEL-R,-105,-102,9,9
522,DET,VERLANDER-R,-150,-152,8,8
522,CLE,UJIMENEZ-R,130,132,8,8
522,SEA,BMAURER-R,170,170,8,8.5
522,LAA,CWILSON-L,-190,-200,8,8.5
522,KAN,JSHIELDS-R,-190,-220,8,7.5
522,HOU,JLYLES-R,170,190,8,7.5
522,BOS,CBUCHHOLZ-R,105,-144,7.5,8.5
522,CWS,HSANTIAGO-L,-125,124,7.5,8.5
522,MIN,VWORLEY-R,160,175,8,7.5
522,ATL,PMAHOLM-L,-180,-195,8,7.5
523,CUB,EJACKSON-R,120,115,8,8
523,PIT,JGOMEZ-R,-140,-135,8,8
523,MIN,SDIAMOND-L,170,154,9.5,9
523,DET,RPORCELLO-R,-190,-174,9.5,9
523,BAL,KGAUSMAN-R,125,-101,9.5,9
523,TOR,BMORROW-R,-145,-119,9.5,9
523,CLE,MCALLISTER-R,130,124,9.5,9.5
523,BOS,RDEMPSTER-R,-150,-144,9.5,9.5
523,LAA,JBLANTON-R,130,-104,9,8.5
523,KAN,ESANTANA-R,-150,-116,9,8.5
524,PHI,KKENDRICK-R,150,162,6.5,6.5
524,WAS,ZIMMERMANN-R,-170,-182,6.5,6.5
524,ATL,KMEDLEN-R,-170,-160,7.5,7.5
524,NYM,JHEFNER-R,150,140,7.5,7.5
524,CUB,SFELDMAN-R,140,124,8,8
524,CIN,BARROYO-R,-160,-144,8,8
524,PIT,ABURNETT-R,-120,-105,8,7.5
524,MIL,MESTRADA-R,100,-105,8,7.5
524,SDG,ESTULTS-L,125,130,9,9
524,ARI,BMCCARTHY-R,-145,-150,9,9
524,STL,LLYNN-R,-135,-125,7.5,7.5
524,LOS,CCAPUANO-L,115,105,7.5,7.5
524,COL,TCHATWOOD-R,130,124,7.5,8
524,SFO,TLINCECUM-R,-150,-144,7.5,8
524,BAL,CTILLMAN-R,-130,-110,9.5,9
524,TOR,SNOLIN-L,110,-110,9.5,9
524,MIN,SDEDUNO-R,200,180,9,8.5
524,DET,ASANCHEZ-R,-240,-210,9,8.5
524,NYY,DPHELPS-R,-110,-109,8.5,8.5
524,TAM,RHERNANDZ-R,-110,-111,8.5,8.5
524,CLE,MASTERSON-R,105,-106,9,9
524,BOS,JLACKEY-R,-125,-114,9,9
524,OAK,TMILONE-L,-170,-158,9,8.5
524,HOU,EBEDARD-L,150,138,9,8.5
524,LAA,JVARGAS-L,-125,-125,9,9
524,KAN,LMENDOZA-R,105,105,9,9
524,TEX,JGRIMM-R,-135,-115,8,8
524,SEA,JSAUNDERS-L,115,-105,8,8
524,MIA,TKOEHLER-R,170,154,8,7.5
524,CWS,JDANKS-L,-190,-174,8,7.5
525,COL,JNICASIO-R,110,113,8.5,7.5
525,SFO,BZITO-L,-130,-133,8.5,7.5
525,CUB,TWOOD-L,140,150,7.5,7.5
525,CIN,HBAILEY-R,-160,-170,7.5,7.5
525,PIT,JLOCKE-L,100,100,8.5,9
525,MIL,MFIERS-R,-120,-120,8.5,9
525,PHI,PETTIBONE-R,130,137,8,7.5
525,WAS,DHAREN-R,-150,-157,8,7.5
525,STL,JGAST-L,-110,-127,7.5,8
525,LOS,TLILLY-L,-110,107,7.5,8
525,ATL,MMINOR-L,-165,-163,7.5,7
525,NYM,DGEE-R,145,143,7.5,7
525,SDG,ACASHNER-R,115,110,8.5,9
525,ARI,WMILEY-L,-135,-130,8.5,9
525,BAL,FGARCIA-R,130,130,9,9
525,TOR,RDICKEY-R,-150,-150,9,9
525,CLE,SKAZMIR-L,190,175,9.5,9
525,BOS,JLESTER-L,-220,-195,9.5,9
525,LAA,BBUCKNER-R,110,100,9,9.5
525,KAN,JGUTHRIE-R,-130,-120,9,9.5
525,MIN,PWALTERS-R,180,220,9,9
525,DET,DFISTER-R,-210,-260,9,9
525,NYY,VNUNO-L,145,152,8,7.5
525,TAM,MMOORE-L,-165,-172,8,7.5
525,OAK,AGRIFFIN-R,-175,-163,8.5,8
525,HOU,LHARRELL-R,155,143,8.5,8
525,TEX,DHOLLAND-L,105,112,6.5,6.5
525,SEA,FHERNANDZ-R,-125,-132,6.5,6.5
525,MIA,RNOLASCO-R,170,190,7,7
525,CWS,JPEAVY-R,-200,-220,7,7
526,CUB,MGARZA-R,155,170,7.5,7.5
526,CIN,JCUETO-R,-175,-190,7.5,7.5
526,PHI,CHAMELS-L,140,145,6.5,6
526,WAS,STRASBURG-R,-160,-165,6.5,6
526,PIT,WRODRIGUZ-L,110,113,8,8
526,MIL,YGALLARDO-R,-130,-133,8,8
526,COL,JGARLAND-R,150,154,7.5,7.5
526,SFO,MCAIN-R,-170,-174,7.5,7.5
526,SDG,JMARQUIS-R,170,170,8.5,9
526,ARI,PCORBIN-L,-190,-190,8.5,9
526,STL,SMILLER-R,125,118,6.5,6
526,LOS,CKERSHAW-L,-145,-138,6.5,6
526,ATL,JTEHERAN-R,-130,-143,8,8
526,NYM,SMARCUM-R,110,123,8,8
526,BAL,MGONZALEZ-R,-125,-110,10,9.5
526,TOR,CJENKINS-R,105,-110,10,9.5
526,MIN,MPELFREY-R,200,240,9,9
526,DET,MSCHERZER-R,-240,-280,9,9
526,CLE,CKLUBER-R,110,117,10,9.5
526,BOS,FDOUBRONT-L,-130,-137,10,9.5
526,NYY,CSABATHIA-L,105,101,7.5,7
526,TAM,ACOBB-R,-125,-121,7.5,7
526,OAK,BCOLON-R,-175,-174,9,9
526,HOU,DKEUCHEL-L,155,154,9,9
526,LAA,JWILLIAMS-R,-130,-115,9.5,9
526,KAN,WDAVIS-R,110,-105,9.5,9
526,TEX,NTEPESCH-R,110,103,7,7
526,SEA,HIWAKUMA-R,-130,-123,7,7
526,MIA,ASANABIA-R,170,170,8,8
526,CWS,DAXELROD-R,-200,-200,8,8
527,BAL,JHAMMEL-R,125,105,7.5,7.5
527,WAS,GGONZALEZ-L,-145,-125,7.5,7.5
527,PIT,FLIRIANO-L,155,170,7.5,7.5
527,DET,VERLANDER-R,-175,-200,7.5,7.5
527,CLE,UJIMENEZ-R,120,130,9,9
527,CIN,MLEAKE-R,-140,-150,9,9
527,MIN,KCORREIA-R,110,-106,9,9
527,MIL,WPERALTA-R,-130,-114,9,9
527,STL,WAINWRIGHT-R,-120,-121,7.5,7
527,KAN,JSHIELDS-R,100,101,7.5,7
527,COL,JCHACIN-R,-160,-151,8.5,8.5
527,HOU,BNORRIS-R,140,131,8.5,8.5
527,MIA,JFERNANDZ-R,150,170,7,7.5
527,TAM,JODORIZZI-R,-170,-200,7,7.5
527,TEX,MPEREZ-L,-107,-106,9,9.5
527,ARI,TSKAGGS-L,-113,-114,9,9.5
527,TEX,YDARVISH-R,-137,-154,8,8
527,ARI,TCAHILL-R,117,134,8,8
527,SFO,BUMGARNER-L,-120,-117,7.5,7.5
527,OAK,DSTRAILY-R,100,-103,7.5,7.5
527,SDG,CRICHARD-L,-105,102,8.5,8.5
527,SEA,AHARANG-R,-115,-122,8.5,8.5
527,ATL,THUDSON-R,-125,-109,9,9
527,TOR,MBUEHRLE-L,105,-111,9,9
527,PHI,TCLOYD-R,170,150,8.5,9.5
527,BOS,AACEVES-R,-190,-170,8.5,9.5
527,NYY,PHUGHES-R,-115,-113,7.5,7.5
527,NYM,JNIESE-L,-105,-107,7.5,7.5
527,CUB,SAMARDZIJA-R,100,100,7.5,7.5
527,CWS,JQUINTANA-L,-120,-120,7.5,7.5
527,LAA,CWILSON-L,-125,-120,7,7
527,LOS,ZGREINKE-R,105,100,7,7
528,ATL,PMAHOLM-L,-120,-110,9,9
528,TOR,BMORROW-R,100,-110,9,9
528,COL,DELAROSA-L,-170,-190,9,9
528,HOU,JLYLES-R,150,170,9,9
528,PIT,JGOMEZ-R,140,136,9,9.5
528,DET,RPORCELLO-R,-160,-156,9,9.5
528,BAL,KGAUSMAN-R,-107,-118,8.5,8.5
528,WAS,NKARNS-R,-113,-102,8.5,8.5
528,NYY,HKURODA-R,120,-102,6.5,6.5
528,NYM,MHARVEY-R,-140,-118,6.5,6.5
528,CLE,MCALLISTER-R,135,124,8.5,8.5
528,CIN,MLATOS-R,-155,-144,8.5,8.5
528,PHI,CLEE-L,110,102,8,8
528,BOS,RDEMPSTER-R,-130,-122,8,8
528,MIA,KSLOWEY-R,190,230,7.5,7.5
528,TAM,HELLICKSON-R,-220,-270,7.5,7.5
528,STL,TLYONS-L,-110,-107,9,9
528,KAN,ESANTANA-R,-110,-113,9,9
528,MIN,SDIAMOND-L,105,123,9,9
528,MIL,AFIGARO-R,-125,-143,9,9
528,SFO,MKICKHAM-L,110,124,8.5,8.5
528,OAK,JPARKER-R,-130,-144,8.5,8.5
528,SDG,EVOLQUEZ-R,-110,-113,8,8
528,SEA,BMAURER-R,-110,-107,8,8
528,LAA,JBLANTON-R,120,104,7.5,8.5
528,LOS,HRYU-L,-140,-124,7.5,8.5
529,CWS,JDANKS-L,100,112,9,9.5
529,CUB,SFELDMAN-R,-120,-132,9,9.5
529,DET,ASANCHEZ-R,-117,-120,7,7
529,PIT,ABURNETT-R,-103,100,7,7
529,BOS,JLACKEY-R,-114,-142,8,8.5
529,PHI,KKENDRICK-R,-106,122,8,8.5
529,NYM,JHEFNER-R,140,170,8.5,9
529,NYY,DPHELPS-R,-160,-190,8.5,9
529,WAS,ZIMMERMANN-R,-110,-107,8,8
529,BAL,CTILLMAN-R,-110,-113,8,8
529,CIN,BARROYO-R,110,122,8,8.5
529,CLE,MASTERSON-R,-130,-142,8,8.5
529,TOR,EROGERS-R,170,170,8,8.5
529,ATL,KMEDLEN-R,-190,-190,8,8.5
529,TAM,RHERNANDZ-R,-144,-160,8,7.5
529,MIA,TKOEHLER-R,124,140,8,7.5
529,MIL,MESTRADA-R,-114,-125,8.5,9
529,MIN,SDEDUNO-R,-106,105,8.5,9
529,KAN,LMENDOZA-R,172,170,8.5,8
529,STL,LLYNN-R,-192,-190,8.5,8
529,HOU,EBEDARD-L,170,200,10,10
529,COL,TCHATWOOD-R,-200,-240,10,10
529,LOS,CCAPUANO-L,158,164,8,8.5
529,LAA,JWEAVER-R,-178,-184,8,8.5
529,SEA,JSAUNDERS-L,123,140,8,7.5
529,SDG,ESTULTS-L,-143,-160,8,7.5
529,OAK,TMILONE-L,113,101,7.5,7.5
529,SFO,TLINCECUM-R,-133,-121,7.5,7.5
530,ARI,BMCCARTHY-R,135,134,9,9.5
530,TEX,JGRIMM-R,-155,-154,9,9.5
530,CWS,JPEAVY-R,-105,-128,11.5,10.5
530,CUB,TWOOD-L,-115,108,11.5,10.5
530,SEA,FHERNANDZ-R,-110,-128,6.5,6.5
530,SDG,ACASHNER-R,-110,108,6.5,6.5
530,OAK,AGRIFFIN-R,-110,-109,8,7.5
530,SFO,BZITO-L,-110,-111,8,7.5
530,DET,DFISTER-R,-130,-129,7.5,8
530,PIT,JLOCKE-L,110,109,7.5,8
530,BOS,FMORALES-L,-155,-155,7.5,7.5
530,PHI,PETTIBONE-R,135,135,7.5,7.5
530,WAS,DHAREN-R,115,114,9.5,9.5
530,BAL,FGARCIA-R,-135,-134,9.5,9.5
530,NYM,DGEE-R,150,180,9,9.5
530,NYY,VNUNO-L,-170,-210,9,9.5
530,CIN,HBAILEY-R,-130,-118,9,9
530,CLE,SKAZMIR-L,110,-102,9,9
530,TOR,RDICKEY-R,145,130,7.5,7.5
530,ATL,MMINOR-L,-165,-150,7.5,7.5
530,TAM,ACOLOME-R,-190,-150,7,7.5
530,MIA,RNOLASCO-R,170,130,7,7.5
530,MIL,KLOHSE-R,-130,-114,9,8.5
530,MIN,PWALTERS-R,110,-106,9,8.5
530,KAN,JGUTHRIE-R,150,150,8.5,8.5
530,STL,MWACHA-R,-170,-170,8.5,8.5
530,HOU,LHARRELL-R,190,200,10.5,10
530,COL,JNICASIO-R,-220,-240,10.5,10
530,LOS,TLILLY-L,140,175,8.5,8
530,LAA,JVARGAS-L,-160,-195,8.5,8
531,ARI,WMILEY-L,-103,-104,11,10.5
531,CUB,MGARZA-R,-117,-116,11,10.5
531,MIL,YGALLARDO-R,117,-103,8,8
531,PHI,CHAMELS-L,-137,-117,8,8
531,CIN,JCUETO-R,-131,-109,7,7
531,PIT,WRODRIGUZ-L,111,-111,7,7
531,NYM,SMARCUM-R,-138,-160,7.5,7.5
531,MIA,JTURNER-R,118,140,7.5,7.5
531,WAS,STRASBURG-R,-116,-105,7,7
531,ATL,JTEHERAN-R,-104,-105,7,7
531,LOS,CKERSHAW-L,-158,-130,8.5,9
531,COL,JGARLAND-R,138,110,8.5,9
531,DET,MSCHERZER-R,-134,-128,8.5,9
531,BAL,MGONZALEZ-R,114,108,8.5,9
531,TAM,MMOORE-L,-130,-110,8.5,8.5
531,CLE,CKLUBER-R,110,-110,8.5,8.5
531,BOS,JLESTER-L,-105,-106,8,8
531,NYY,CSABATHIA-L,-105,-114,8,8
531,KAN,WDAVIS-R,170,200,9.5,9.5
531,TEX,DHOLLAND-L,-200,-230,9.5,9.5
531,SEA,HIWAKUMA-R,-133,-123,8,8
531,MIN,MPELFREY-R,113,103,8,8
531,HOU,DKEUCHEL-L,205,200,9,9
531,LAA,THANSON-R,-235,-240,9,9
531,CWS,DAXELROD-R,145,170,7.5,7.5
531,OAK,BCOLON-R,-165,-200,7.5,7.5
531,TOR,CJENKINS-R,113,100,8,8.5
531,SDG,JMARQUIS-R,-133,-120,8,8.5
601,NYM,CMCHUGH-R,-115,-108,7.5,7.5
601,MIA,JFERNANDZ-R,-105,-112,7.5,7.5
601,MIL,WPERALTA-R,-110,-111,9,9.5
601,PHI,TCLOYD-R,-110,-109,9,9.5
601,LOS,ZGREINKE-R,110,112,9,9
601,COL,JCHACIN-R,-130,-132,9,9
601,ARI,IKENNEDY-R,120,122,8.5,9
601,CUB,SAMARDZIJA-R,-140,-142,8.5,9
601,SFO,BUMGARNER-L,130,132,7,6.5
601,STL,WAINWRIGHT-R,-150,-152,7,6.5
601,CIN,MLEAKE-R,-110,108,7.5,7.5
601,PIT,FLIRIANO-L,-110,-128,7.5,7.5
601,WAS,GGONZALEZ-L,125,122,7,7.5
601,ATL,THUDSON-R,-145,-142,7,7.5
601,TAM,CARCHER-R,110,107,9,9.5
601,CLE,UJIMENEZ-R,-130,-127,9,9.5
601,SEA,AHARANG-R,130,-102,8.5,8.5
601,MIN,KCORREIA-R,-150,-118,8.5,8.5
601,CWS,JQUINTANA-L,140,130,7.5,8
601,OAK,DSTRAILY-R,-160,-150,7.5,8
601,KAN,JSHIELDS-R,115,108,9,9
601,TEX,NTEPESCH-R,-135,-128,9,9
601,DET,VERLANDER-R,-140,-150,8.5,8.5
601,BAL,JHAMMEL-R,120,130,8.5,8.5
601,BOS,FDOUBRONT-L,100,-105,9,9
601,NYY,PHUGHES-R,-120,-115,9,9
601,HOU,BNORRIS-R,190,220,8.5,8.5
601,LAA,JWILLIAMS-R,-220,-260,8.5,8.5
601,TOR,MBUEHRLE-L,-115,-123,8,8
601,SDG,RERLIN-L,-105,103,8,8
601,SFO,MCAIN-R,130,124,7.5,7.5
601,STL,SMILLER-R,-150,-144,7.5,7.5
602,NYM,MHARVEY-R,-200,-210,6.5,6.5
602,MIA,KSLOWEY-R,170,180,6.5,6.5
602,WAS,NKARNS-R,155,180,8,8
602,ATL,PMAHOLM-L,-175,-210,8,8
602,CIN,MLATOS-R,-125,-120,7.5,7.5
602,PIT,JGOMEZ-R,105,100,7.5,7.5
602,MIL,MFIERS-R,160,170,8,8
602,PHI,CLEE-L,-180,-190,8,8
602,SFO,CGAUDIN-R,145,145,8.5,8
602,STL,TLYONS-L,-165,-165,8.5,8
602,ARI,PCORBIN-L,-135,-132,7,7
602,CUB,EJACKSON-R,115,112,7,7
602,LOS,HRYU-L,130,150,9,10
602,COL,DELAROSA-L,-150,-170,9,10
602,TAM,HELLICKSON-R,115,-105,9.5,9
602,CLE,MCALLISTER-R,-135,-115,9.5,9
602,DET,RPORCELLO-R,-125,-118,10,10
602,BAL,KGAUSMAN-R,105,-102,10,10
602,SEA,BONDERMAN-R,120,132,9,8.5
602,MIN,SDIAMOND-L,-140,-152,9,8.5
602,KAN,ESANTANA-R,200,180,8,8
602,TEX,YDARVISH-R,-230,-210,8,8
602,HOU,JLYLES-R,210,220,8.5,8.5
602,LAA,CWILSON-L,-250,-260,8.5,8.5
602,CWS,CSALE-L,-110,-110,7,7
602,OAK,JPARKER-R,-110,-110,7,7
602,BOS,CBUCHHOLZ-R,100,-101,8,7.5
602,NYY,HKURODA-R,-120,-119,8,7.5
602,TOR,RORTIZ-R,120,114,8.5,8.5
602,SDG,EVOLQUEZ-R,-140,-134,8.5,8.5
603,MIA,TKOEHLER-R,143,170,7.5,7.5
603,PHI,KKENDRICK-R,-163,-200,7.5,7.5
603,PIT,ABURNETT-R,124,105,7,7
603,ATL,KMEDLEN-R,-144,-125,7,7
603,COL,TCHATWOOD-R,129,111,8.5,8.5
603,CIN,BARROYO-R,-149,-131,8.5,8.5
603,ARI,TCAHILL-R,139,134,7.5,7.5
603,STL,LLYNN-R,-159,-154,7.5,7.5
603,SDG,ESTULTS-L,-103,-108,7.5,7.5
603,LOS,SFIFE-R,-117,-112,7.5,7.5
603,CLE,MASTERSON-R,100,-108,8,8.5
603,NYY,APETTITTE-L,-120,-112,8,8.5
603,HOU,EBEDARD-L,155,170,9,8.5
603,LAA,JBLANTON-R,-175,-200,9,8.5
603,CWS,JDANKS-L,-112,-114,7.5,7.5
603,SEA,JSAUNDERS-L,-108,-106,7.5,7.5
603,OAK,TMILONE-L,-114,101,9,9
603,MIL,MESTRADA-R,-106,-121,9,9
604,MIA,RNOLASCO-R,135,133,7.5,7.5
604,PHI,PETTIBONE-R,-155,-153,7.5,7.5
604,NYM,JHEFNER-R,178,180,7,7.5
604,WAS,ZIMMERMANN-R,-198,-210,7,7.5
604,COL,JNICASIO-R,135,150,8.5,8
604,CIN,HBAILEY-R,-155,-170,8.5,8
604,PIT,JLOCKE-L,143,139,7,7.5
604,ATL,MMINOR-L,-163,-159,7,7.5
604,ARI,TSKAGGS-L,143,132,8,8
604,STL,MWACHA-R,-163,-152,8,8
604,SDG,CRICHARD-L,112,115,8,7.5
604,LOS,TLILLY-L,-132,-135,8,7.5
604,CLE,SKAZMIR-L,117,115,9,9
604,NYY,DPHELPS-R,-137,-135,9,9
604,TAM,MMOORE-L,121,120,8,8
604,DET,ASANCHEZ-R,-141,-140,8,8
604,TEX,JGRIMM-R,114,118,9.5,9
604,BOS,RDEMPSTER-R,-134,-138,9.5,9
604,MIN,SDEDUNO-R,105,110,8.5,8.5
604,KAN,LMENDOZA-R,-125,-130,8.5,8.5
604,BAL,CTILLMAN-R,-165,-174,9.5,9
604,HOU,LHARRELL-R,145,154,9.5,9
604,CWS,JPEAVY-R,125,133,6,6
604,SEA,FHERNANDZ-R,-145,-153,6,6
604,OAK,AGRIFFIN-R,-113,-126,9,9
604,MIL,KLOHSE-R,-107,106,9,9
604,CUB,SFELDMAN-R,165,170,8,7.5
604,LAA,JWEAVER-R,-185,-190,8,7.5
604,TOR,JJOHNSON-R,110,102,7.5,7.5
604,SFO,TLINCECUM-R,-130,-122,7.5,7.5
605,PIT,WRODRIGUZ-L,125,-103,8,7.5
605,ATL,JTEHERAN-R,-145,-117,8,7.5
605,MIA,JTURNER-R,180,205,7.5,7.5
605,PHI,CHAMELS-L,-210,-235,7.5,7.5
605,NYM,DGEE-R,130,140,7.5,7.5
605,WAS,DHAREN-R,-150,-160,7.5,7.5
605,COL,JGARLAND-R,170,175,8,8
605,CIN,VILLARREAL-R,-200,-205,8,8
605,ARI,WMILEY-L,120,119,8.5,8.5
605,STL,JKELLY-R,-140,-139,8.5,8.5
605,SDG,JMARQUIS-R,180,200,6.5,7
605,LOS,CKERSHAW-L,-210,-240,6.5,7
605,CLE,CKLUBER-R,145,162,8.5,8
605,NYY,CSABATHIA-L,-165,-182,8.5,8
605,CWS,DAXELROD-R,150,160,7,7
605,SEA,HIWAKUMA-R,-170,-180,7,7
605,TAM,ACOBB-R,130,122,8.5,8
605,DET,DFISTER-R,-150,-142,8.5,8
605,TEX,AOGANDO-R,100,105,9,9
605,BOS,JLACKEY-R,-120,-125,9,9
605,MIN,PWALTERS-R,135,114,8.5,8.5
605,KAN,JGUTHRIE-R,-155,-134,8.5,8.5
605,BAL,FGARCIA-R,-170,-155,9.5,9
605,HOU,DKEUCHEL-L,150,135,9.5,9
605,OAK,BCOLON-R,-110,-127,9,8.5
605,MIL,YGALLARDO-R,-110,107,9,8.5
605,TOR,RDICKEY-R,100,-107,8,7.5
605,SFO,BZITO-L,-120,-113,8,7.5
605,CUB,MGARZA-R,145,140,7.5,7.5
605,LAA,JVARGAS-L,-165,-160,7.5,7.5
606,ARI,IKENNEDY-R,160,164,7.5,7.5
606,STL,SMILLER-R,-180,-184,7.5,7.5
606,PHI,TCLOYD-R,105,130,9.5,9.5
606,MIL,WPERALTA-R,-125,-150,9.5,9.5
606,SDG,ACASHNER-R,130,121,9.5,9.5
606,COL,JCHACIN-R,-150,-141,9.5,9.5
606,ATL,THUDSON-R,-120,-114,7,7
606,LOS,ZGREINKE-R,100,-106,7,7
606,TAM,RHERNANDZ-R,160,190,9,8.5
606,DET,MSCHERZER-R,-180,-220,9,8.5
606,BAL,MGONZALEZ-R,-141,-154,9,8.5
606,HOU,BNORRIS-R,121,134,9,8.5
606,TEX,DHOLLAND-L,120,113,8.5,8.5
606,BOS,JLESTER-L,-140,-133,8.5,8.5
606,OAK,DSTRAILY-R,-130,-138,8,8
606,CWS,JQUINTANA-L,110,118,8,8
606,MIN,MPELFREY-R,115,130,9,9
606,KAN,WDAVIS-R,-135,-150,9,9
606,NYY,PHUGHES-R,-125,-122,7.5,7.5
606,SEA,AHARANG-R,105,102,7.5,7.5
607,PIT,FLIRIANO-L,100,-120,7,7
607,CUB,TWOOD-L,-120,100,7,7
607,STL,WAINWRIGHT-R,-125,-126,8,8
607,CIN,MLEAKE-R,105,106,8,8
607,PHI,CLEE-L,-150,-140,8,8
607,MIL,AFIGARO-R,130,120,8,8
607,SDG,EVOLQUEZ-R,160,138,9.5,10.5
607,COL,DELAROSA-L,-180,-158,9.5,10.5
607,SFO,MCAIN-R,125,112,8.5,8.5
607,ARI,PCORBIN-L,-145,-132,8.5,8.5
607,ATL,PMAHOLM-L,-110,-106,7,7
607,LOS,HRYU-L,-110,-114,7,7
607,TEX,NTEPESCH-R,-120,-108,9.5,9.5
607,TOR,EROGERS-R,100,-112,9.5,9.5
607,CLE,UJIMENEZ-R,170,190,8.5,8.5
607,DET,VERLANDER-R,-190,-220,8.5,8.5
607,BAL,JHAMMEL-R,-105,-112,8.5,9
607,TAM,CARCHER-R,-115,-108,8.5,9
607,HOU,JLYLES-R,190,200,7.5,7.5
607,KAN,JSHIELDS-R,-220,-230,7.5,7.5
607,OAK,JPARKER-R,110,115,7.5,7
607,CWS,CSALE-L,-130,-135,7.5,7
607,NYY,HKURODA-R,-155,-190,7.5,8
607,SEA,BONDERMAN-R,135,170,7.5,8
608,MIA,JFERNANDZ-R,185,200,6.5,6.5
608,NYM,MHARVEY-R,-215,-230,6.5,6.5
608,PIT,ABURNETT-R,105,-107,7,7
608,CUB,SAMARDZIJA-R,-125,-113,7,7
608,STL,TLYONS-L,120,124,8.5,8.5
608,CIN,MLATOS-R,-140,-144,8.5,8.5
608,PHI,KKENDRICK-R,-110,106,8.5,8.5
608,MIL,GORZELANNY-L,-110,-126,8.5,8.5
608,SDG,ESTULTS-L,110,108,10.5,10.5
608,COL,JFRANCIS-L,-130,-128,10.5,10.5
608,SFO,BUMGARNER-L,-105,-109,8,7.5
608,ARI,TCAHILL-R,-115,-111,8,7.5
608,ATL,KMEDLEN-R,-145,-153,7.5,7.5
608,LOS,SFIFE-R,125,133,7.5,7.5
608,TEX,YDARVISH-R,-160,-163,8.5,8.5
608,TOR,MBUEHRLE-L,140,143,8.5,8.5
608,CLE,CCARRASCO-R,110,164,9,9.5
608,DET,RPORCELLO-R,-130,-184,9,9.5
608,OAK,TMILONE-L,-125,-130,8.5,8.5
608,CWS,JDANKS-L,105,110,8.5,8.5
608,BAL,KGAUSMAN-R,125,102,8.5,8.5
608,TAM,HELLICKSON-R,-145,-122,8.5,8.5
608,NYY,APETTITTE-L,-145,-130,8,7.5
608,SEA,JSAUNDERS-L,125,110,8,7.5
608,HOU,EBEDARD-L,160,164,8.5,8.5
608,KAN,ESANTANA-R,-180,-184,8.5,8.5
608,LAA,CWILSON-L,122,143,8.5,8.5
608,BOS,CBUCHHOLZ-R,-142,-163,8.5,8.5
608,MIN,KCORREIA-R,155,170,7.5,7.5
608,WAS,GGONZALEZ-L,-175,-190,7.5,7.5
608,LAA,THANSON-R,128,142,9.5,10.5
608,BOS,FDOUBRONT-L,-148,-162,9.5,10.5
609,MIA,TKOEHLER-R,143,170,7.5,7.5
609,NYM,JNIESE-L,-163,-200,7.5,7.5
609,STL,LLYNN-R,-106,-118,8.5,8.5
609,CIN,BARROYO-R,-114,-102,8.5,8.5
609,PHI,PETTIBONE-R,117,122,9,8.5
609,MIL,KLOHSE-R,-137,-142,9,8.5
609,PIT,JLOCKE-L,-113,-123,8.5,8.5
609,CUB,EJACKSON-R,-107,103,8.5,8.5
609,SFO,CGAUDIN-R,111,112,9,9
609,ARI,TSKAGGS-L,-131,-132,9,9
609,SDG,CRICHARD-L,150,160,11,11.5
609,COL,JNICASIO-R,-170,-180,11,11.5
609,ATL,MMINOR-L,-170,-172,7.5,7.5
609,LOS,MMAGILL-R,150,152,7.5,7.5
609,TEX,JGRIMM-R,110,118,9.5,9
609,TOR,JJOHNSON-R,-130,-138,9.5,9
609,CLE,MASTERSON-R,110,-104,9,9
609,DET,JALVAREZ-L,-130,-116,9,9
609,LAA,JBLANTON-R,145,133,10.5,10.5
609,BOS,RDEMPSTER-R,-165,-153,10.5,10.5
609,BAL,CTILLMAN-R,128,119,8,7.5
609,TAM,MMOORE-L,-148,-139,8,7.5
609,OAK,AGRIFFIN-R,-139,-130,8.5,8.5
609,CWS,HSANTIAGO-L,119,110,8.5,8.5
609,HOU,LHARRELL-R,135,148,9,8.5
609,KAN,LMENDOZA-R,-155,-168,9,8.5
609,NYY,DPHELPS-R,120,130,7,6.5
609,SEA,FHERNANDZ-R,-140,-150,7,6.5
609,MIN,SDIAMOND-L,165,170,7.5,7.5
609,WAS,ZIMMERMANN-R,-185,-200,7.5,7.5
609,MIN,SDEDUNO-R,110,105,8.5,8.5
609,WAS,NKARNS-R,-130,-125,8.5,8.5
610,MIL,YGALLARDO-R,-120,-115,7,7
610,MIA,RNOLASCO-R,100,-105,7,7
610,CIN,HBAILEY-R,-125,-126,7.5,7.5
610,CUB,SFELDMAN-R,105,106,7.5,7.5
610,ATL,JTEHERAN-R,-140,-143,7,7
610,SDG,JMARQUIS-R,120,123,7,7
610,ARI,WMILEY-L,170,160,6.5,6
610,LOS,CKERSHAW-L,-200,-180,6.5,6
610,LAA,JWEAVER-R,-145,-123,9,9
610,BAL,FGARCIA-R,125,103,9,9
610,BOS,JLACKEY-R,115,120,8,7.5
610,TAM,ACOBB-R,-135,-140,8,7.5
610,CLE,SKAZMIR-L,120,121,10.5,10.5
610,TEX,JLINDBLOM-R,-140,-141,10.5,10.5
610,DET,DFISTER-R,-150,-140,8.5,8.5
610,KAN,JGUTHRIE-R,130,120,8.5,8.5
610,TOR,RDICKEY-R,-135,-125,8,8.5
610,CWS,DAXELROD-R,115,105,8,8.5
610,HOU,DKEUCHEL-L,200,210,6.5,6.5
610,SEA,HIWAKUMA-R,-230,-250,6.5,6.5
611,SFO,TLINCECUM-R,-106,107,7.5,7.5
611,PIT,GCOLE-R,-114,-127,7.5,7.5
611,MIL,WPERALTA-R,-123,-113,7.5,7.5
611,MIA,JTURNER-R,103,-107,7.5,7.5
611,STL,MWACHA-R,-143,-137,7.5,8.5
611,NYM,JHEFNER-R,123,117,7.5,8.5
611,CIN,TCINGRANI-L,-110,-132,7.5,9
611,CUB,MGARZA-R,-110,112,7.5,9
611,WAS,DHAREN-R,119,133,10,11.5
611,COL,JCHACIN-R,-139,-153,10,11.5
611,ATL,THUDSON-R,-121,-135,7,7
611,SDG,ACASHNER-R,101,115,7,7
611,ARI,IKENNEDY-R,121,112,7,7
611,LOS,ZGREINKE-R,-141,-132,7,7
611,LAA,JVARGAS-L,101,-103,9.5,9.5
611,BAL,MGONZALEZ-R,-121,-117,9.5,9.5
611,BOS,JLESTER-L,-129,-120,8,8
611,TAM,RHERNANDZ-R,109,100,8,8
611,CLE,CKLUBER-R,145,154,9.5,9.5
611,TEX,DHOLLAND-L,-165,-174,9.5,9.5
611,DET,MSCHERZER-R,-165,-165,8.5,8.5
611,KAN,WDAVIS-R,145,145,8.5,8.5
611,TOR,CWANG-R,-106,-101,8.5,9.5
611,CWS,JQUINTANA-L,-114,-119,8.5,9.5
611,NYY,CSABATHIA-L,-106,-105,7,7
611,OAK,BCOLON-R,-114,-115,7,7
611,HOU,BNORRIS-R,130,132,7.5,7.5
611,SEA,AHARANG-R,-150,-152,7.5,7.5
611,PHI,CHAMELS-L,-130,-120,8,8
611,MIN,PWALTERS-R,110,100,8,8
612,CIN,MLEAKE-R,-120,-121,8,8.5
612,CUB,TWOOD-L,100,101,8,8.5
612,ATL,PMAHOLM-L,-135,-132,7.5,8
612,SDG,EVOLQUEZ-R,115,112,7.5,8
612,SFO,BZITO-L,150,170,7.5,7.5
612,PIT,FLIRIANO-L,-170,-200,7.5,7.5
612,MIL,AFIGARO-R,-115,-118,8,7.5
612,MIA,KSLOWEY-R,-105,-102,8,7.5
612,STL,SMILLER-R,-150,-195,7,7.5
612,NYM,DGEE-R,130,175,7,7.5
612,WAS,ROHLENDRF-R,145,164,11,11
612,COL,DELAROSA-L,-165,-184,11,11
612,ARI,PCORBIN-L,100,-109,6.5,6
612,LOS,HRYU-L,-120,-111,6.5,6
612,LAA,JWILLIAMS-R,110,-110,9.5,9.5
612,BAL,JHAMMEL-R,-130,-110,9.5,9.5
612,DET,VERLANDER-R,-140,-123,7.5,7.5
612,KAN,JSHIELDS-R,120,103,7.5,7.5
612,BOS,AACEVES-R,101,120,9,9
612,TAM,CARCHER-R,-121,-140,9,9
612,CLE,UJIMENEZ-R,120,123,10,10
612,TEX,NTEPESCH-R,-140,-143,10,10
612,NYY,PHUGHES-R,115,-110,7.5,7.5
612,OAK,DSTRAILY-R,-135,-110,7.5,7.5
612,HOU,JLYLES-R,130,114,7.5,7.5
612,SEA,BONDERMAN-R,-150,-134,7.5,7.5
612,PHI,TCLOYD-R,100,106,8.5,8.5
612,MIN,MPELFREY-R,-120,-126,8.5,8.5
613,STL,WAINWRIGHT-R,-113,-142,6.5,6.5
613,NYM,MHARVEY-R,-107,122,6.5,6.5
613,CIN,MLATOS-R,-115,-132,6.5,6.5
613,CUB,SAMARDZIJA-R,-105,112,6.5,6.5
613,WAS,RDETWILER-L,113,112,10.5,11
613,COL,JFRANCIS-L,-133,-132,10.5,11
613,SFO,MCAIN-R,-113,-130,7.5,7.5
613,PIT,CMORTON-R,-107,110,7.5,7.5
613,NYY,HKURODA-R,-111,-107,7.5,7.5
613,OAK,JPARKER-R,-109,-113,7.5,7.5
613,BOS,FDOUBRONT-L,-105,-116,9.5,9.5
613,BAL,KGAUSMAN-R,-105,-104,9.5,9.5
613,KAN,ESANTANA-R,110,124,8,7.5
613,TAM,HELLICKSON-R,-130,-144,8,7.5
613,TOR,EROGERS-R,175,210,8.5,9
613,TEX,YDARVISH-R,-205,-250,8.5,9
613,PHI,CLEE-L,-135,-152,7.5,7.5
613,MIN,KCORREIA-R,115,132,7.5,7.5
614,LOS,SFIFE-R,126,142,8,8
614,PIT,JLOCKE-L,-146,-162,8,8
614,MIL,KLOHSE-R,135,124,8.5,8
614,CIN,BARROYO-R,-155,-144,8.5,8
614,CUB,EJACKSON-R,110,103,7.5,7.5
614,NYM,SMARCUM-R,-130,-123,7.5,7.5
614,STL,WESTBROOK-R,-150,-140,7.5,7.5
614,MIA,JFERNANDZ-R,130,120,7.5,7.5
614,SFO,BUMGARNER-L,130,114,7,7
614,ATL,KMEDLEN-R,-150,-134,7,7
614,PHI,KKENDRICK-R,120,100,10,9.5
614,COL,JNICASIO-R,-140,-120,10,9.5
614,ARI,TCAHILL-R,100,112,7,7
614,SDG,ESTULTS-L,-120,-132,7,7
614,BOS,RDEMPSTER-R,100,-112,9.5,9.5
614,BAL,CTILLMAN-R,-120,-108,9.5,9.5
614,KAN,LMENDOZA-R,170,150,8,8
614,TAM,MMOORE-L,-190,-170,8,8
614,TOR,MBUEHRLE-L,120,113,10,9.5
614,TEX,JGRIMM-R,-140,-133,10,9.5
614,DET,RPORCELLO-R,-140,-142,9,9
614,MIN,SDIAMOND-L,120,122,9,9
614,CWS,CSALE-L,-190,-195,7.5,7.5
614,HOU,EBEDARD-L,170,175,7.5,7.5
614,NYY,APETTITTE-L,105,133,8,8
614,LAA,CWILSON-L,-125,-153,8,8
614,SEA,JSAUNDERS-L,170,160,7,7.5
614,OAK,TMILONE-L,-200,-180,7,7.5
614,WAS,GGONZALEZ-L,125,115,7.5,7.5
614,CLE,MASTERSON-R,-145,-135,7.5,7.5
615,CUB,SFELDMAN-R,100,104,7.5,7
615,NYM,JNIESE-L,-120,-124,7.5,7
615,STL,LLYNN-R,-190,-225,7.5,7.5
615,MIA,TKOEHLER-R,170,195,7.5,7.5
615,LOS,CKERSHAW-L,-148,-167,7,7
615,PIT,BCUMPTON-R,128,147,7,7
615,SFO,CGAUDIN-R,155,164,7,7
615,ATL,MMINOR-L,-175,-184,7,7
615,MIL,YGALLARDO-R,145,153,8.5,8
615,CIN,HBAILEY-R,-165,-173,8.5,8
615,PHI,PETTIBONE-R,130,140,10,10
615,COL,TCHATWOOD-R,-150,-160,10,10
615,ARI,WMILEY-L,-125,-113,8,7.5
615,SDG,JMARQUIS-R,105,-107,8,7.5
615,BOS,JLACKEY-R,-120,-110,9.5,9.5
615,BAL,FGARCIA-R,100,-110,9.5,9.5
615,TOR,RDICKEY-R,105,-102,10,9.5
615,TEX,JLINDBLOM-R,-125,-118,10,9.5
615,KAN,JGUTHRIE-R,160,160,8,7.5
615,TAM,ACOBB-R,-180,-180,8,7.5
615,DET,ASANCHEZ-R,-180,-163,8,8.5
615,MIN,SDEDUNO-R,160,143,8,8.5
615,CWS,JDANKS-L,-150,-120,8,8
615,HOU,LHARRELL-R,130,100,8,8
615,NYY,DPHELPS-R,-110,-104,8.5,8.5
615,LAA,THANSON-R,-110,-116,8.5,8.5
615,SEA,FHERNANDZ-R,100,-102,6.5,6.5
615,OAK,AGRIFFIN-R,-120,-118,6.5,6.5
615,WAS,ZIMMERMANN-R,-145,-115,8,7.5
615,CLE,SKAZMIR-L,125,-105,8,7.5
616,STL,TLYONS-L,-160,-144,7.5,8
616,MIA,RNOLASCO-R,140,124,7.5,8
616,MIL,WPERALTA-R,180,190,8,8.5
616,CIN,JCUETO-R,-210,-220,8,8.5
616,CUB,MGARZA-R,-110,-105,7.5,7.5
616,NYM,JHEFNER-R,-110,-115,7.5,7.5
616,SFO,TLINCECUM-R,135,140,8,7.5
616,ATL,JTEHERAN-R,-155,-160,8,7.5
616,LOS,ZGREINKE-R,100,105,7,7.5
616,PIT,GCOLE-R,-120,-125,7,7.5
616,ARI,IKENNEDY-R,-130,-113,8.5,8
616,SDG,CRICHARD-L,110,-107,8.5,8
616,PHI,CHAMELS-L,100,-106,9.5,9.5
616,COL,JCHACIN-R,-120,-114,9.5,9.5
616,BOS,JLESTER-L,-115,-103,9,9
616,BAL,MGONZALEZ-R,-105,-117,9,9
616,KAN,WDAVIS-R,135,124,8.5,8
616,TAM,RHERNANDZ-R,-155,-144,8.5,8
616,DET,DFISTER-R,-165,-150,8.5,9
616,MIN,PWALTERS-R,145,130,8.5,9
616,CWS,HSANTIAGO-L,-140,-125,8.5,8.5
616,HOU,DKEUCHEL-L,120,105,8.5,8.5
616,TOR,CWANG-R,170,170,10,10
616,TEX,DHOLLAND-L,-190,-200,10,10
616,SEA,HIWAKUMA-R,110,109,7,7
616,OAK,BCOLON-R,-130,-129,7,7
616,NYY,CSABATHIA-L,130,116,7.5,7
616,LAA,JWEAVER-R,-150,-136,7.5,7
616,WAS,STRASBURG-R,-125,-117,7.5,7
616,CLE,CKLUBER-R,105,-103,7.5,7
617,WAS,DHAREN-R,100,-117,8,8.5
617,PHI,JLANNAN-L,-120,-103,8,8.5
617,CUB,TWOOD-L,170,190,7.5,7.5
617,STL,SMILLER-R,-190,-220,7.5,7.5
617,PIT,FLIRIANO-L,105,104,8,8
617,CIN,MLEAKE-R,-125,-124,8,8
617,NYM,DGEE-R,170,170,7.5,7.5
617,ATL,THUDSON-R,-200,-200,7.5,7.5
617,MIA,JTURNER-R,180,170,8,8
617,ARI,PCORBIN-L,-210,-200,8,8
617,SDG,EVOLQUEZ-R,105,-108,8,7.5
617,SFO,BZITO-L,-125,-112,8,7.5
617,BAL,JARRIETA-R,162,170,8.5,8.5
617,DET,MSCHERZER-R,-182,-190,8.5,8.5
617,KAN,JSHIELDS-R,-129,-138,8,8
617,CLE,CCARRASCO-R,109,118,8,8
617,OAK,DSTRAILY-R,-110,-106,9.5,9.5
617,TEX,NTEPESCH-R,-110,-114,9.5,9.5
617,CWS,JQUINTANA-L,-125,-111,8,8
617,HOU,BNORRIS-R,105,-109,8,8
617,SEA,AHARANG-R,145,175,8,8
617,LAA,JVARGAS-L,-165,-195,8,8
617,COL,DELAROSA-L,110,143,9,9
617,TOR,JJOHNSON-R,-130,-163,9,9
618,WAS,RDETWILER-L,145,140,7,7
618,PHI,CLEE-L,-165,-160,7,7
618,NYM,ZWHEELER-R,160,170,7.5,7
618,ATL,PMAHOLM-L,-180,-190,7.5,7
618,PIT,CMORTON-R,155,175,8.5,8.5
618,CIN,MLATOS-R,-175,-195,8.5,8.5
618,CUB,SAMARDZIJA-R,170,190,7,6.5
618,STL,WAINWRIGHT-R,-190,-220,7,6.5
618,MIA,NEOVALDI-R,155,160,8.5,8.5
618,ARI,RDELGADO-R,-175,-180,8.5,8.5
618,SDG,ACASHNER-R,125,130,7,6.5
618,SFO,MCAIN-R,-145,-150,7,6.5
618,KAN,ESANTANA-R,105,-110,8,7.5
618,CLE,UJIMENEZ-R,-125,-110,8,7.5
618,BAL,ZBRITTON-L,205,190,8,8
618,DET,VERLANDER-R,-235,-220,8,8
618,TAM,JODORIZZI-R,135,130,10,10
618,BOS,FDOUBRONT-L,-155,-150,10,10
618,OAK,JPARKER-R,150,152,8,8
618,TEX,YDARVISH-R,-170,-172,8,8
618,CWS,DAXELROD-R,105,114,8.5,8.5
618,MIN,MPELFREY-R,-125,-134,8.5,8.5
618,SEA,BONDERMAN-R,135,170,9,9
618,LAA,JBLANTON-R,-155,-200,9,9
618,COL,JFRANCIS-L,130,131,9.5,9
618,TOR,EROGERS-R,-150,-151,9.5,9
618,MIL,AFIGARO-R,-125,-115,8.5,8
618,HOU,JLYLES-R,105,-105,8.5,8
618,TAM,CARCHER-R,110,101,10,10
618,BOS,AACEVES-R,-130,-121,10,10
618,NYM,MHARVEY-R,-110,-113,7,7
618,ATL,AWOOD-L,-110,-107,7,7
619,MIA,JFERNANDZ-R,170,130,8,8
619,ARI,TCAHILL-R,-190,-150,8,8
619,SDG,ESTULTS-L,125,144,7,6.5
619,SFO,BUMGARNER-L,-145,-164,7,6.5
619,WAS,GGONZALEZ-L,-105,-122,7.5,7.5
619,PHI,KKENDRICK-R,-115,102,7.5,7.5
619,NYM,SMARCUM-R,170,170,7.5,7.5
619,ATL,KMEDLEN-R,-200,-190,7.5,7.5
619,PIT,JLOCKE-L,125,107,8,8
619,CIN,BARROYO-R,-145,-127,8,8
619,CUB,EJACKSON-R,160,152,8,8.5
619,STL,WESTBROOK-R,-180,-172,8,8.5
619,BAL,CTILLMAN-R,135,109,9,9
619,DET,RPORCELLO-R,-155,-129,9,9
619,KAN,LMENDOZA-R,140,130,8,8
619,CLE,MASTERSON-R,-160,-150,8,8
619,TAM,HELLICKSON-R,135,112,9.5,9.5
619,BOS,RDEMPSTER-R,-155,-132,9.5,9.5
619,OAK,TMILONE-L,100,-117,9.5,9.5
619,TEX,JGRIMM-R,-120,-103,9.5,9.5
619,CWS,CSALE-L,-140,-138,7.5,7
619,MIN,KCORREIA-R,120,118,7.5,7
619,SEA,JSAUNDERS-L,190,200,8,8
619,LAA,CWILSON-L,-220,-230,8,8
619,LOS,CCAPUANO-L,160,120,8,8
619,NYY,PHUGHES-R,-180,-140,8,8
619,COL,JNICASIO-R,135,140,9,9
619,TOR,MBUEHRLE-L,-155,-160,9,9
619,MIL,KLOHSE-R,-140,-125,8.5,8.5
619,HOU,EBEDARD-L,120,105,8.5,8.5
619,LOS,HRYU-L,113,119,7.5,7
619,NYY,HKURODA-R,-133,-139,7.5,7
620,PIT,BCUMPTON-R,170,180,8,8
620,CIN,HBAILEY-R,-200,-210,8,8
620,COL,ROSWALT-R,160,150,7,7
620,WAS,ZIMMERMANN-R,-180,-170,7,7
620,NYM,JNIESE-L,179,170,7.5,7.5
620,ATL,MMINOR-L,-199,-190,7.5,7.5
620,CUB,SFELDMAN-R,155,160,7.5,7.5
620,STL,LLYNN-R,-175,-180,7.5,7.5
620,LOS,SFIFE-R,125,112,7.5,7.5
620,SDG,JMARQUIS-R,-145,-132,7.5,7.5
620,MIA,TKOEHLER-R,160,160,7.5,7.5
620,SFO,CGAUDIN-R,-180,-180,7.5,7.5
620,CWS,JDANKS-L,-110,-101,8,8.5
620,MIN,SDIAMOND-L,-110,-119,8,8.5
620,OAK,AGRIFFIN-R,-120,-110,9.5,9.5
620,TEX,JLINDBLOM-R,100,-110,9.5,9.5
620,BOS,JLACKEY-R,110,-103,9,9
620,DET,JALVAREZ-L,-130,-117,9,9
620,TAM,MMOORE-L,105,-112,8,8
620,NYY,APETTITTE-L,-125,-108,8,8
620,SEA,FHERNANDZ-R,-115,-109,7,7
620,LAA,THANSON-R,-105,-111,7,7
620,MIL,YGALLARDO-R,-140,-136,7.5,7.5
620,HOU,LHARRELL-R,120,116,7.5,7.5
621,COL,TCHATWOOD-R,148,154,6.5,7
621,WAS,STRASBURG-R,-168,-174,6.5,7
621,NYM,JHEFNER-R,145,163,7.5,7.5
621,PHI,CHAMELS-L,-165,-183,7.5,7.5
621,ATL,JTEHERAN-R,-129,-140,8,8.5
621,MIL,WPERALTA-R,109,120,8,8.5
621,CIN,JCUETO-R,-135,-119,8,8
621,ARI,WMILEY-L,115,-101,8,8
621,LOS,CKERSHAW-L,-158,-156,6.5,6.5
621,SDG,CRICHARD-L,138,136,6.5,6.5
621,MIA,RNOLASCO-R,140,124,7,6.5
621,SFO,TLINCECUM-R,-160,-144,7,6.5
621,TAM,RHERNANDZ-R,101,-110,8.5,9
621,NYY,DPHELPS-R,-121,-110,8.5,9
621,BAL,JHAMMEL-R,110,-102,9,9
621,TOR,RDICKEY-R,-130,-118,9,9
621,BOS,JLESTER-L,115,117,8.5,8.5
621,DET,DFISTER-R,-135,-137,8.5,8.5
621,MIN,SDEDUNO-R,105,105,9,9
621,CLE,SKAZMIR-L,-125,-125,9,9
621,CWS,HSANTIAGO-L,125,114,8,8.5
621,KAN,JGUTHRIE-R,-145,-134,8,8.5
621,OAK,BCOLON-R,-110,-109,6.5,6.5
621,SEA,HIWAKUMA-R,-110,-111,6.5,6.5
621,HOU,DKEUCHEL-L,148,151,9.5,9.5
621,CUB,MGARZA-R,-168,-171,9.5,9.5
621,TEX,DHOLLAND-L,100,-107,8.5,8.5
621,STL,TLYONS-L,-120,-113,8.5,8.5
621,PIT,GCOLE-R,136,138,7.5,7.5
621,LAA,JWEAVER-R,-156,-158,7.5,7.5
622,COL,JCHACIN-R,105,-104,7.5,8
622,WAS,DHAREN-R,-125,-116,7.5,8
622,NYM,DGEE-R,105,-104,8,9
622,PHI,PETTIBONE-R,-125,-116,8,9
622,MIA,JTURNER-R,120,130,7.5,7.5
622,SFO,BZITO-L,-140,-150,7.5,7.5
622,ATL,THUDSON-R,-143,-141,8.5,8.5
622,MIL,DHAND-R,123,121,8.5,8.5
622,CIN,MLEAKE-R,105,102,8,8
622,ARI,PCORBIN-L,-125,-122,8,8
622,LOS,ZGREINKE-R,-115,-112,7,7.5
622,SDG,EVOLQUEZ-R,-105,-108,7,7.5
622,BAL,MGONZALEZ-R,-125,-114,9.5,9.5
622,TOR,CWANG-R,105,-106,9.5,9.5
622,TAM,ACOLOME-R,135,124,8,8
622,NYY,CSABATHIA-L,-155,-144,8,8
622,CWS,JQUINTANA-L,115,105,9,8.5
622,KAN,WDAVIS-R,-135,-125,9,8.5
622,MIN,PWALTERS-R,140,122,8.5,9
622,CLE,CKLUBER-R,-160,-142,8.5,9
622,BOS,AWEBSTER-R,170,152,8.5,9
622,DET,MSCHERZER-R,-200,-172,8.5,9
622,OAK,DSTRAILY-R,-150,-133,7.5,7.5
622,SEA,AHARANG-R,130,113,7.5,7.5
622,HOU,BNORRIS-R,135,117,9,9
622,CUB,TWOOD-L,-155,-137,9,9
622,TEX,MPEREZ-L,170,150,8.5,8
622,STL,SMILLER-R,-200,-170,8.5,8
622,PIT,FLIRIANO-L,115,108,7.5,8
622,LAA,JWILLIAMS-R,-135,-128,7.5,8
623,COL,DELAROSA-L,110,112,7.5,7.5
623,WAS,RDETWILER-L,-130,-132,7.5,7.5
623,NYM,MHARVEY-R,-150,-134,7,7.5
623,PHI,JLANNAN-L,130,114,7,7.5
623,ATL,PMAHOLM-L,-120,-135,8.5,9
623,MIL,AFIGARO-R,100,115,8.5,9
623,MIA,NEOVALDI-R,170,175,7,7
623,SFO,MCAIN-R,-190,-195,7,7
623,CIN,MLATOS-R,-130,-150,9,8.5
623,ARI,RDELGADO-R,110,130,9,8.5
623,LOS,CCAPUANO-L,135,135,7.5,7.5
623,SDG,ACASHNER-R,-155,-155,7.5,7.5
623,MIN,PHERNANDE-L,125,135,9,9.5
623,CLE,CCARRASCO-R,-145,-155,9,9.5
623,BOS,FDOUBRONT-L,155,154,8.5,8.5
623,DET,VERLANDER-R,-175,-174,8.5,8.5
623,BAL,FGARCIA-R,148,135,9,9
623,TOR,JJOHNSON-R,-168,-155,9,9
623,CWS,DAXELROD-R,170,164,7.5,8
623,KAN,JSHIELDS-R,-190,-184,7.5,8
623,OAK,JPARKER-R,-145,-150,7.5,8
623,SEA,BONDERMAN-R,125,130,7.5,8
623,TAM,CARCHER-R,-110,-103,9.5,9
623,NYY,INOVA-R,-110,-117,9.5,9
623,TEX,NTEPESCH-R,170,175,7.5,7.5
623,STL,WAINWRIGHT-R,-200,-195,7.5,7.5
623,HOU,JLYLES-R,150,148,9,9
623,CUB,SAMARDZIJA-R,-170,-168,9,9
623,PIT,CMORTON-R,120,135,8.5,9
623,LAA,JBLANTON-R,-140,-155,8.5,9
624,SFO,BUMGARNER-L,-102,-114,6.5,6.5
624,LOS,HRYU-L,-118,-106,6.5,6.5
624,PHI,CLEE-L,-115,-123,6.5,6.5
624,SDG,ESTULTS-L,-105,103,6.5,6.5
624,CLE,UJIMENEZ-R,110,130,9,10
624,BAL,ZBRITTON-L,-130,-150,9,10
624,TOR,EROGERS-R,-106,115,8.5,8.5
624,TAM,HELLICKSON-R,-114,-135,8.5,8.5
625,ARI,TCAHILL-R,125,120,7,7.5
625,WAS,GGONZALEZ-L,-145,-140,7,7.5
625,CUB,EJACKSON-R,130,118,8,8.5
625,MIL,KLOHSE-R,-150,-138,8,8.5
625,SFO,MKICKHAM-L,108,106,7.5,7.5
625,LOS,SFIFE-R,-128,-126,7.5,7.5
625,PHI,KKENDRICK-R,100,-107,7.5,7.5
625,SDG,JMARQUIS-R,-120,-113,7.5,7.5
625,TEX,YDARVISH-R,-130,-122,8,7.5
625,NYY,HKURODA-R,110,102,8,7.5
625,LAA,CWILSON-L,115,113,9,9.5
625,DET,RPORCELLO-R,-135,-133,9,9.5
625,CLE,MASTERSON-R,120,110,9,9.5
625,BAL,CTILLMAN-R,-140,-130,9,9.5
625,TOR,MBUEHRLE-L,125,112,8,8
625,TAM,MMOORE-L,-145,-132,8,8
625,MIN,KCORREIA-R,120,102,7,7
625,MIA,JFERNANDZ-R,-140,-122,7,7
625,COL,JNICASIO-R,150,170,9.5,10.5
625,BOS,RDEMPSTER-R,-170,-190,9.5,10.5
625,ATL,KMEDLEN-R,-115,-108,7.5,8
625,KAN,ESANTANA-R,-105,-112,7.5,8
625,STL,WESTBROOK-R,-160,-152,8.5,9
625,HOU,LHARRELL-R,140,132,8.5,9
625,NYM,ZWHEELER-R,155,154,7.5,7.5
625,CWS,CSALE-L,-175,-174,7.5,7.5
625,CIN,BARROYO-R,120,135,7.5,7.5
625,OAK,TMILONE-L,-140,-155,7.5,7.5
625,PIT,JLOCKE-L,-135,-125,7,7
625,SEA,JSAUNDERS-L,115,105,7,7
626,ARI,WMILEY-L,140,135,7,7.5
626,WAS,ZIMMERMANN-R,-160,-155,7,7.5
626,CUB,SFELDMAN-R,125,120,8,8.5
626,MIL,YGALLARDO-R,-145,-140,8,8.5
626,PHI,CHAMELS-L,-120,-123,7.5,7
626,SDG,RERLIN-L,100,103,7.5,7
626,SFO,TLINCECUM-R,160,170,6.5,6.5
626,LOS,CKERSHAW-L,-180,-190,6.5,6.5
626,TOR,RDICKEY-R,-115,-110,8.5,8.5
626,TAM,RHERNANDZ-R,-105,-110,8.5,8.5
626,CLE,SKAZMIR-L,135,130,9.5,9.5
626,BAL,JHAMMEL-R,-155,-150,9.5,9.5
626,LAA,BBUCKNER-R,125,130,9.5,10
626,DET,JALVAREZ-L,-145,-150,9.5,10
626,TEX,JGRIMM-R,110,111,9,9
626,NYY,APETTITTE-L,-130,-131,9,9
626,MIN,SDIAMOND-L,-110,-113,8,8
626,MIA,TKOEHLER-R,-110,-107,8,8
626,CIN,HBAILEY-R,110,101,7.5,7.5
626,OAK,AGRIFFIN-R,-130,-121,7.5,7.5
626,PIT,JGOMEZ-R,140,145,6.5,6.5
626,SEA,FHERNANDZ-R,-160,-165,6.5,6.5
626,COL,ROSWALT-R,145,170,10,9.5
626,BOS,JLACKEY-R,-165,-190,10,9.5
626,STL,LLYNN-R,-175,-184,8.5,8.5
626,HOU,EBEDARD-L,155,164,8.5,8.5
626,NYM,SMARCUM-R,115,105,8,8.5
626,CWS,JDANKS-L,-135,-125,8,8.5
626,ATL,MMINOR-L,-140,-128,8,8.5
626,KAN,LMENDOZA-R,120,108,8,8.5
627,CUB,MGARZA-R,-115,-112,8.5,8.5
627,MIL,WPERALTA-R,-105,-108,8.5,8.5
627,ARI,PCORBIN-L,130,116,6.5,6.5
627,WAS,STRASBURG-R,-150,-136,6.5,6.5
627,PHI,PETTIBONE-R,170,170,7,7.5
627,LOS,ZGREINKE-R,-200,-190,7,7.5
627,TEX,DHOLLAND-L,-115,-126,9,8.5
627,NYY,PHUGHES-R,-105,106,9,8.5
627,LAA,JWEAVER-R,125,134,8.5,8.5
627,DET,DFISTER-R,-145,-154,8.5,8.5
627,CLE,CKLUBER-R,125,120,9,9
627,BAL,MGONZALEZ-R,-145,-140,9,9
627,TOR,CWANG-R,135,150,10,9.5
627,BOS,JLESTER-L,-155,-170,10,9.5
627,KAN,JGUTHRIE-R,115,109,9,9
627,MIN,SDEDUNO-R,-135,-129,9,9
627,NYM,JHEFNER-R,140,154,10,10.5
627,COL,TCHATWOOD-R,-160,-174,10,10.5
628,MIL,JHELLWEG-R,170,180,8,8
628,PIT,GCOLE-R,-190,-210,8,8
628,SDG,EVOLQUEZ-R,100,103,7.5,7.5
628,MIA,RNOLASCO-R,-120,-123,7.5,7.5
628,WAS,RDETWILER-L,155,143,6.5,6.5
628,NYM,MHARVEY-R,-175,-163,6.5,6.5
628,ARI,RDELGADO-R,135,150,8,8
628,ATL,JTEHERAN-R,-155,-170,8,8
628,SFO,BZITO-L,130,115,10,10.5
628,COL,JCHACIN-R,-150,-135,10,10.5
628,PHI,JLANNAN-L,125,133,8,8
628,LOS,CCAPUANO-L,-145,-153,8,8
628,NYY,CSABATHIA-L,-103,-106,9.5,8.5
628,BAL,MCFARLAND-L,-117,-114,9.5,8.5
628,TOR,JJOHNSON-R,-115,-112,9.5,10
628,BOS,AWEBSTER-R,-105,-108,9.5,10
628,DET,MSCHERZER-R,-145,-137,8,8
628,TAM,ACOLOME-R,125,117,8,8
628,KAN,JSHIELDS-R,-140,-135,8,8
628,MIN,PWALTERS-R,120,115,8,8
628,CLE,CCARRASCO-R,100,109,8.5,9
628,CWS,JQUINTANA-L,-120,-129,8.5,9
628,LAA,JWILLIAMS-R,-150,-142,9,9
628,HOU,BNORRIS-R,130,122,9,9
628,CIN,JCUETO-R,-130,-105,9.5,9
628,TEX,MPEREZ-L,110,-115,9.5,9
628,STL,SMILLER-R,-120,-110,7.5,7.5
628,OAK,BCOLON-R,100,-110,7.5,7.5
628,CUB,TWOOD-L,120,130,6.5,7
628,SEA,HIWAKUMA-R,-140,-150,6.5,7
628,CLE,TBAUER-R,103,102,8.5,9
628,CWS,HSANTIAGO-L,-123,-122,8.5,9
629,WAS,TJORDAN-R,-105,-114,7.5,8
629,NYM,DGEE-R,-115,-106,7.5,8
629,ARI,IKENNEDY-R,125,124,7.5,7.5
629,ATL,THUDSON-R,-145,-144,7.5,7.5
629,SFO,MCAIN-R,-110,-105,9.5,9.5
629,COL,DELAROSA-L,-110,-105,9.5,9.5
629,SDG,ESTULTS-L,-125,-108,7.5,7.5
629,MIA,JTURNER-R,105,-112,7.5,7.5
629,MIL,DHAND-R,150,180,7.5,7.5
629,PIT,FLIRIANO-L,-170,-210,7.5,7.5
629,PHI,CLEE-L,-105,-116,6.5,6.5
629,LOS,HRYU-L,-115,-104,6.5,6.5
629,TOR,EROGERS-R,125,123,10.5,10.5
629,BOS,FDOUBRONT-L,-145,-143,10.5,10.5
629,CLE,UJIMENEZ-R,-125,-121,8.5,9
629,CWS,DAXELROD-R,105,101,8.5,9
629,KAN,WDAVIS-R,115,-111,9,8.5
629,MIN,KGIBSON-R,-135,-109,9,8.5
629,LAA,JBLANTON-R,-135,-150,9,9
629,HOU,JLYLES-R,115,130,9,9
629,DET,VERLANDER-R,-150,-144,8,7.5
629,TAM,CARCHER-R,130,124,8,7.5
629,NYY,DPHELPS-R,-105,113,9,9
629,BAL,ZBRITTON-L,-115,-133,9,9
629,STL,WAINWRIGHT-R,-125,-123,7,7.5
629,OAK,JPARKER-R,105,103,7,7.5
629,CIN,MLEAKE-R,-110,-108,9.5,9.5
629,TEX,NTEPESCH-R,-110,-112,9.5,9.5
629,CUB,SAMARDZIJA-R,-125,-110,7,7.5
629,SEA,AHARANG-R,105,-110,7,7.5
630,SDG,ACASHNER-R,-120,-112,7.5,7.5
630,MIA,NEOVALDI-R,100,-108,7.5,7.5
630,WAS,GGONZALEZ-L,-118,-140,7.5,7
630,NYM,ZWHEELER-R,-102,120,7.5,7
630,MIL,KLOHSE-R,110,123,8,8
630,PIT,CMORTON-R,-130,-143,8,8
630,ARI,TCAHILL-R,121,130,7.5,8
630,ATL,PMAHOLM-L,-141,-150,7.5,8
630,SFO,BUMGARNER-L,-115,-132,9.5,9.5
630,COL,DPOMERANZ-L,-105,112,9.5,9.5
630,PHI,KKENDRICK-R,-110,100,7.5,8.5
630,LOS,SFIFE-R,-110,-120,7.5,8.5
630,NYY,HKURODA-R,101,106,8.5,8.5
630,BAL,CTILLMAN-R,-121,-126,8.5,8.5
630,TOR,MBUEHRLE-L,120,124,10,10
630,BOS,RDEMPSTER-R,-140,-144,10,10
630,DET,RPORCELLO-R,-106,100,8.5,7.5
630,TAM,HELLICKSON-R,-114,-120,8.5,7.5
630,KAN,ESANTANA-R,-114,-110,8,8
630,MIN,KCORREIA-R,-106,-110,8,8
630,CLE,MASTERSON-R,124,114,7.5,7.5
630,CWS,CSALE-L,-144,-134,7.5,7.5
630,LAA,CWILSON-L,-158,-158,9,9
630,HOU,LHARRELL-R,138,138,9,9
630,CIN,MLATOS-R,130,130,8,8
630,TEX,YDARVISH-R,-150,-150,8,8
630,STL,WESTBROOK-R,111,107,8.5,8.5
630,OAK,TMILONE-L,-131,-127,8.5,8.5
630,CUB,EJACKSON-R,-105,-102,8,8.5
630,SEA,BONDERMAN-R,-115,-118,8,8.5
701,MIL,YGALLARDO-R,150,170,7,7
701,WAS,ZIMMERMANN-R,-170,-190,7,7
701,SFO,MKICKHAM-L,155,136,9,8.5
701,CIN,BARROYO-R,-175,-156,9,8.5
701,ARI,WMILEY-L,-110,-119,7.5,7.5
701,NYM,SMARCUM-R,-110,-101,7.5,7.5
701,SDG,JMARQUIS-R,110,124,7.5,7.5
701,MIA,JFERNANDZ-R,-130,-144,7.5,7.5
701,DET,JALVAREZ-L,115,108,9,9
701,TOR,RDICKEY-R,-135,-128,9,9
701,TAM,MMOORE-L,-170,-167,8.5,8
701,HOU,DKEUCHEL-L,150,147,8.5,8
701,NYY,APETTITTE-L,-106,-120,8.5,8
701,MIN,SDIAMOND-L,-114,100,8.5,8
702,PHI,PETTIBONE-R,145,135,7.5,8.5
702,PIT,BCUMPTON-R,-165,-155,7.5,8.5
702,MIL,WPERALTA-R,210,240,7.5,7.5
702,WAS,STRASBURG-R,-250,-280,7.5,7.5
702,ARI,PCORBIN-L,-150,-144,7,7
702,NYM,JHEFNER-R,130,124,7,7
702,SFO,TLINCECUM-R,140,160,8.5,8.5
702,CIN,HBAILEY-R,-160,-180,8.5,8.5
702,MIA,TKOEHLER-R,210,235,7.5,7.5
702,ATL,KMEDLEN-R,-250,-275,7.5,7.5
702,LOS,CKERSHAW-L,-175,-150,9,9
702,COL,ROSWALT-R,155,130,9,9
702,DET,DFISTER-R,-145,-155,9.5,9
702,TOR,CWANG-R,125,135,9.5,9
702,SEA,JSAUNDERS-L,140,144,9.5,9.5
702,TEX,JGRIMM-R,-160,-164,9.5,9.5
702,CLE,CKLUBER-R,100,-105,9,8.5
702,KAN,LMENDOZA-R,-120,-105,9,8.5
702,NYY,PHUGHES-R,115,-108,8.5,8.5
702,MIN,SDEDUNO-R,-135,-112,8.5,8.5
702,TAM,DPRICE-L,-170,-195,8,8
702,HOU,EBEDARD-L,150,175,8,8
702,BAL,JHAMMEL-R,-125,-122,9,8.5
702,CWS,JDANKS-L,105,102,9,8.5
702,SDG,RERLIN-L,170,205,9.5,9.5
702,BOS,JLACKEY-R,-190,-235,9.5,9.5
702,CUB,CRUSIN-L,170,200,7.5,8
702,OAK,AGRIFFIN-R,-190,-230,7.5,8
702,STL,LLYNN-R,110,108,7.5,8
702,LAA,JWEAVER-R,-130,-128,7.5,8
703,MIL,KLOHSE-R,130,114,8,8
703,WAS,RDETWILER-L,-150,-134,8,8
703,PHI,JLANNAN-L,135,180,8.5,8
703,PIT,JLOCKE-L,-155,-210,8.5,8
703,MIA,RNOLASCO-R,170,200,7.5,7.5
703,ATL,MMINOR-L,-200,-230,7.5,7.5
703,SFO,BZITO-L,160,154,9,8.5
703,CIN,TCINGRANI-L,-180,-174,9,8.5
703,ARI,RDELGADO-R,170,154,7,6.5
703,NYM,MHARVEY-R,-200,-174,7,6.5
703,LOS,ZGREINKE-R,-110,-115,9.5,9.5
703,COL,TCHATWOOD-R,-110,-105,9.5,9.5
703,DET,MSCHERZER-R,-130,-135,8.5,8.5
703,TOR,JJOHNSON-R,110,115,8.5,8.5
703,BAL,SFELDMAN-R,-140,-128,8.5,8.5
703,CWS,HSANTIAGO-L,120,108,8.5,8.5
703,SEA,FHERNANDZ-R,120,124,8,8
703,TEX,DHOLLAND-L,-140,-144,8,8
703,TAM,RHERNANDZ-R,-135,-160,8.5,8.5
703,HOU,BNORRIS-R,115,140,8.5,8.5
703,NYY,CSABATHIA-L,-150,-172,8.5,8
703,MIN,PWALTERS-R,130,152,8.5,8
703,CLE,SKAZMIR-L,100,-112,9,9
703,KAN,JGUTHRIE-R,-120,-108,9,9
703,SDG,EVOLQUEZ-R,170,180,10,10
703,BOS,JLESTER-L,-190,-210,10,10
703,CUB,MGARZA-R,160,170,7.5,7.5
703,OAK,BCOLON-R,-180,-200,7.5,7.5
703,STL,SMILLER-R,-115,-110,9,8.5
703,LAA,JWILLIAMS-R,-105,-110,9,8.5
704,MIL,DHAND-R,132,142,8.5,8.5
704,WAS,TJORDAN-R,-152,-162,8.5,8.5
704,ARI,IKENNEDY-R,-107,-118,8,7.5
704,NYM,DGEE-R,-113,-102,8,7.5
704,PHI,CHAMELS-L,105,117,7.5,7.5
704,PIT,GCOLE-R,-125,-137,7.5,7.5
704,MIA,HALVAREZ-R,200,250,7.5,7.5
704,ATL,JTEHERAN-R,-230,-290,7.5,7.5
704,LOS,CCAPUANO-L,117,118,10,10.5
704,COL,JCHACIN-R,-137,-138,10,10.5
704,CLE,UJIMENEZ-R,133,118,8,8
704,KAN,JSHIELDS-R,-153,-138,8,8
704,NYY,DPHELPS-R,-105,100,9,8.5
704,MIN,KGIBSON-R,-115,-120,9,8.5
704,TAM,CARCHER-R,-155,-160,9,8.5
704,HOU,JLYLES-R,135,140,9,8.5
704,BAL,ZBRITTON-L,-106,-112,9,9
704,CWS,JQUINTANA-L,-114,-108,9,9
704,DET,VERLANDER-R,-141,-140,9,8.5
704,TOR,EROGERS-R,121,120,9,8.5
704,SEA,HIWAKUMA-R,117,124,8.5,8.5
704,TEX,MPEREZ-L,-137,-144,8.5,8.5
704,SDG,ESTULTS-L,139,145,10,10.5
704,BOS,AWEBSTER-R,-159,-165,10,10.5
704,CUB,TWOOD-L,145,140,7.5,8
704,OAK,DSTRAILY-R,-165,-160,7.5,8
704,STL,WAINWRIGHT-R,-142,-143,8,8
704,LAA,JBLANTON-R,122,123,8,8
705,PIT,FLIRIANO-L,-120,-137,7.5,7.5
705,CUB,SAMARDZIJA-R,100,117,7.5,7.5
705,ATL,PMAHOLM-L,125,138,7,7.5
705,PHI,CLEE-L,-145,-158,7,7.5
705,SDG,ACASHNER-R,135,141,7.5,8
705,WAS,GGONZALEZ-L,-155,-161,7.5,8
705,NYM,ZWHEELER-R,-105,-104,9,9
705,MIL,JHELLWEG-R,-115,-116,9,9
705,MIA,JTURNER-R,160,153,8.5,8.5
705,STL,WESTBROOK-R,-180,-173,8.5,8.5
705,COL,DELAROSA-L,-102,116,8.5,8.5
705,ARI,TSKAGGS-L,-118,-136,8.5,8.5
705,LOS,HRYU-L,110,120,6.5,6.5
705,SFO,MCAIN-R,-130,-140,6.5,6.5
705,DET,RPORCELLO-R,110,114,8.5,8.5
705,CLE,MASTERSON-R,-130,-134,8.5,8.5
705,MIN,KCORREIA-R,155,163,9,9
705,TOR,MBUEHRLE-L,-175,-183,9,9
705,BAL,MGONZALEZ-R,-120,-115,9,9
705,NYY,INOVA-R,100,-105,9,9
705,CWS,DAXELROD-R,170,205,8.5,8
705,TAM,HELLICKSON-R,-190,-235,8.5,8
705,HOU,LHARRELL-R,190,200,9.5,9.5
705,TEX,NTEPESCH-R,-220,-240,9.5,9.5
705,OAK,TMILONE-L,-135,-114,9,9
705,KAN,WDAVIS-R,115,-106,9,9
705,BOS,FDOUBRONT-L,125,116,9,8.5
705,LAA,CWILSON-L,-145,-136,9,8.5
705,SEA,AHARANG-R,180,200,7.5,8.5
705,CIN,MLEAKE-R,-210,-230,7.5,8.5
706,MIA,NEOVALDI-R,150,163,8.5,8
706,STL,JKELLY-R,-170,-183,8.5,8
706,PIT,CMORTON-R,-125,-122,8.5,9
706,CUB,EJACKSON-R,105,102,8.5,9
706,SDG,JMARQUIS-R,190,210,7.5,8.5
706,WAS,ZIMMERMANN-R,-220,-250,7.5,8.5
706,LOS,SFIFE-R,135,160,7,7
706,SFO,BUMGARNER-L,-155,-180,7,7
706,NYM,SMARCUM-R,115,124,8,8.5
706,MIL,YGALLARDO-R,-135,-144,8,8.5
706,ATL,THUDSON-R,-117,-124,9,8.5
706,PHI,KKENDRICK-R,-103,104,9,8.5
706,COL,DPOMERANZ-L,135,150,9.5,9
706,ARI,WMILEY-L,-155,-170,9.5,9
706,BAL,CTILLMAN-R,-110,-105,9,9
706,NYY,APETTITTE-L,-110,-115,9,9
706,MIN,MPELFREY-R,190,185,9,9
706,TOR,RDICKEY-R,-220,-215,9,9
706,OAK,JPARKER-R,-110,-106,8,8.5
706,KAN,ESANTANA-R,-110,-114,8,8.5
706,DET,ASANCHEZ-R,-155,-174,9,9
706,CLE,CCARRASCO-R,135,154,9,9
706,CWS,CSALE-L,125,124,7,7
706,TAM,MMOORE-L,-145,-144,7,7
706,HOU,DKEUCHEL-L,250,290,8.5,9
706,TEX,YDARVISH-R,-300,-340,8.5,9
706,BOS,RDEMPSTER-R,-114,-112,9,8.5
706,LAA,JWILLIAMS-R,-106,-108,9,8.5
706,SEA,BONDERMAN-R,200,250,8.5,8.5
706,CIN,MLATOS-R,-230,-290,8.5,8.5
707,ATL,KMEDLEN-R,-127,-155,8.5,9
707,PHI,PETTIBONE-R,107,135,8.5,9
707,SDG,RERLIN-L,207,210,7.5,7.5
707,WAS,STRASBURG-R,-237,-250,7.5,7.5
707,NYM,JHEFNER-R,-105,113,8.5,9
707,MIL,GORZELANNY-L,-115,-133,8.5,9
707,MIA,JFERNANDZ-R,155,150,7.5,7
707,STL,LLYNN-R,-175,-170,7.5,7
707,PIT,ABURNETT-R,-142,-150,9.5,9
707,CUB,VILLANUEVA-R,122,130,9.5,9
707,LOS,CKERSHAW-L,-170,-172,6.5,6.5
707,SFO,CGAUDIN-R,150,152,6.5,6.5
707,COL,ROSWALT-R,189,175,9,8.5
707,ARI,PCORBIN-L,-219,-195,9,8.5
707,BAL,JHAMMEL-R,117,103,9,8.5
707,NYY,HKURODA-R,-137,-123,9,8.5
707,MIN,SDIAMOND-L,144,142,9.5,9.5
707,TOR,TREDMOND-R,-164,-162,9.5,9.5
707,DET,DFISTER-R,-133,-137,8.5,8.5
707,CLE,CKLUBER-R,113,117,8.5,8.5
707,CWS,JDANKS-L,184,230,7.5,7
707,TAM,DPRICE-L,-214,-270,7.5,7
707,OAK,AGRIFFIN-R,-137,-130,9,9
707,KAN,LMENDOZA-R,117,110,9,9
707,HOU,EBEDARD-L,170,170,9.5,10
707,TEX,JGRIMM-R,-200,-200,9.5,10
707,BOS,JLACKEY-R,113,108,8,8
707,LAA,JWEAVER-R,-133,-128,8,8
707,SEA,JSAUNDERS-L,170,170,9,8.5
707,CIN,BARROYO-R,-200,-190,9,8.5
708,WAS,DHAREN-R,-120,-113,9,9.5
708,PHI,JLANNAN-L,100,-107,9,9.5
708,ATL,MMINOR-L,-170,-164,8,8
708,MIA,KSLOWEY-R,150,144,8,8
708,CIN,HBAILEY-R,-140,-131,8,8
708,MIL,KLOHSE-R,120,111,8,8
708,LOS,ZGREINKE-R,-110,-107,9,8.5
708,ARI,RDELGADO-R,-110,-113,9,8.5
708,COL,TCHATWOOD-R,100,119,7.5,7.5
708,SDG,EVOLQUEZ-R,-120,-139,7.5,7.5
708,NYM,MHARVEY-R,-130,-113,6.5,6.5
708,SFO,TLINCECUM-R,110,-107,6.5,6.5
708,TEX,DHOLLAND-L,100,-105,9,8.5
708,BAL,SFELDMAN-R,-120,-105,9,8.5
708,DET,MSCHERZER-R,-170,-161,8.5,8.5
708,CLE,SKAZMIR-L,150,141,8.5,8.5
708,KAN,JGUTHRIE-R,130,132,9,9
708,NYY,PHUGHES-R,-150,-152,9,9
708,MIN,SDEDUNO-R,125,142,8.5,8.5
708,TAM,RHERNANDZ-R,-145,-162,8.5,8.5
708,BOS,JLESTER-L,-110,-104,7,7
708,SEA,FHERNANDZ-R,-110,-116,7,7
708,OAK,BCOLON-R,100,-108,7.5,7.5
708,PIT,JLOCKE-L,-120,-112,7.5,7.5
708,CUB,MGARZA-R,-120,-103,8,8
708,CWS,HSANTIAGO-L,100,-117,8,8
709,WAS,TJORDAN-R,125,124,8.5,8.5
709,PHI,CHAMELS-L,-145,-144,8.5,8.5
709,ATL,JTEHERAN-R,-165,-165,8,7.5
709,MIA,HALVAREZ-R,145,145,8,7.5
709,CIN,TCINGRANI-L,-145,-138,9,9
709,MIL,WPERALTA-R,125,118,9,9
709,HOU,BNORRIS-R,220,275,7.5,7.5
709,STL,WAINWRIGHT-R,-260,-325,7.5,7.5
709,LOS,RNOLASCO-R,100,-103,8.5,9
709,ARI,IKENNEDY-R,-120,-117,8.5,9
709,COL,JCHACIN-R,115,108,7,7
709,SDG,ESTULTS-L,-135,-128,7,7
709,NYM,DGEE-R,105,115,7.5,7.5
709,SFO,BZITO-L,-125,-135,7.5,7.5
709,TEX,MPEREZ-L,101,100,9,9
709,BAL,ZBRITTON-L,-121,-120,9,9
709,KAN,JSHIELDS-R,130,130,7.5,7.5
709,NYY,CSABATHIA-L,-150,-150,7.5,7.5
709,CWS,JQUINTANA-L,210,270,8,8
709,DET,VERLANDER-R,-250,-320,8,8
709,TOR,JJOHNSON-R,100,-109,9,9
709,CLE,UJIMENEZ-R,-120,-111,9,9
709,MIN,KGIBSON-R,135,154,8.5,8.5
709,TAM,CARCHER-R,-155,-174,8.5,8.5
709,BOS,AWEBSTER-R,120,107,7,7.5
709,SEA,HIWAKUMA-R,-140,-127,7,7.5
709,OAK,DSTRAILY-R,100,-109,7.5,7.5
709,PIT,GCOLE-R,-120,-111,7.5,7.5
709,LAA,JBLANTON-R,-120,-136,8.5,9
709,CUB,TWOOD-L,100,116,8.5,9
710,ATL,PMAHOLM-L,-145,-129,7.5,7.5
710,MIA,JTURNER-R,125,109,7.5,7.5
710,CIN,MLEAKE-R,-155,-193,9,9
710,MIL,JHELLWEG-R,135,173,9,9
710,NYM,ZWHEELER-R,155,175,7.5,7.5
710,SFO,MCAIN-R,-175,-205,7.5,7.5
710,WAS,GGONZALEZ-L,115,108,7.5,7.5
710,PHI,CLEE-L,-135,-128,7.5,7.5
710,LOS,HRYU-L,-110,-107,9,8.5
710,ARI,TSKAGGS-L,-110,-113,9,8.5
710,COL,DELAROSA-L,115,110,7,7
710,SDG,ACASHNER-R,-135,-130,7,7
710,TEX,JLINDBLOM-R,118,134,9.5,9.5
710,BAL,WCHEN-L,-138,-154,9.5,9.5
710,KAN,WDAVIS-R,125,130,9,8.5
710,NYY,INOVA-R,-145,-150,9,8.5
710,CWS,DAXELROD-R,180,240,9,9.5
710,DET,RPORCELLO-R,-210,-280,9,9.5
710,TOR,EROGERS-R,130,132,9,8.5
710,CLE,MASTERSON-R,-150,-152,9,8.5
710,MIN,KCORREIA-R,170,180,8,8
710,TAM,HELLICKSON-R,-190,-210,8,8
710,BOS,FDOUBRONT-L,-135,-143,8,8
710,SEA,AHARANG-R,115,123,8,8
710,OAK,TMILONE-L,120,124,7.5,7
710,PIT,FLIRIANO-L,-140,-144,7.5,7
710,LAA,CWILSON-L,-135,-137,7.5,8
710,CUB,SAMARDZIJA-R,115,117,7.5,8
710,HOU,JLYLES-R,220,240,8,7.5
710,STL,SMILLER-R,-260,-280,8,7.5
711,WAS,ZIMMERMANN-R,-140,-142,8,8
711,PHI,KKENDRICK-R,120,122,8,8
711,CIN,MLATOS-R,110,-112,7.5,7.5
711,ATL,THUDSON-R,-130,-108,7.5,7.5
711,STL,WESTBROOK-R,-140,-132,8.5,8.5
711,CUB,EJACKSON-R,120,112,8.5,8.5
711,MIL,YGALLARDO-R,130,133,9,9
711,ARI,WMILEY-L,-150,-153,9,9
711,SFO,BUMGARNER-L,-145,-156,7,7
711,SDG,JMARQUIS-R,125,136,7,7
711,COL,DPOMERANZ-L,150,144,8,8.5
711,LOS,CCAPUANO-L,-170,-164,8,8.5
711,TOR,RDICKEY-R,-130,-120,9,8.5
711,CLE,DSALAZAR-R,110,100,9,8.5
711,MIN,MPELFREY-R,180,200,8,8
711,TAM,MMOORE-L,-210,-240,8,8
711,CWS,CSALE-L,145,140,7.5,7.5
711,DET,ASANCHEZ-R,-165,-160,7.5,7.5
711,KAN,ESANTANA-R,115,-103,8.5,8
711,NYY,APETTITTE-L,-135,-117,8.5,8
711,BOS,RDEMPSTER-R,-145,-139,8.5,8
711,SEA,ERAMIREZ-R,125,119,8.5,8
711,TEX,RWOLF-R,-130,130,8,9.5
711,BAL,MGONZALEZ-R,110,-150,8,9.5
712,STL,JKELLY-R,-125,-119,8.5,8.5
712,CUB,VILLANUEVA-R,105,-101,8.5,8.5
712,NYM,JHEFNER-R,130,130,8,7.5
712,PIT,CMORTON-R,-150,-150,8,7.5
712,WAS,STRASBURG-R,-180,-180,6.5,7
712,MIA,NEOVALDI-R,160,160,6.5,7
712,CIN,BARROYO-R,118,115,7.5,7.5
712,ATL,KMEDLEN-R,-138,-135,7.5,7.5
712,MIL,GORZELANNY-L,170,148,8,8
712,ARI,PCORBIN-L,-200,-168,8,8
712,SFO,CGAUDIN-R,-115,-117,8,8
712,SDG,O'SULLIVAN-R,-105,-103,8,8
712,COL,JNICASIO-R,210,230,6.5,7
712,LOS,CKERSHAW-L,-250,-270,6.5,7
712,TEX,JGRIMM-R,160,160,9.5,9.5
712,DET,DFISTER-R,-180,-180,9.5,9.5
712,TOR,MBUEHRLE-L,120,120,9.5,9
712,BAL,CTILLMAN-R,-140,-140,9.5,9
712,MIN,SDIAMOND-L,190,160,8.5,8.5
712,NYY,HKURODA-R,-220,-180,8.5,8.5
712,KAN,BCHEN-L,135,130,9,8.5
712,CLE,CKLUBER-R,-155,-150,9,8.5
712,HOU,JCOSART-R,270,290,7.5,7.5
712,TAM,DPRICE-L,-320,-340,7.5,7.5
712,BOS,JLACKEY-R,110,-105,7.5,7.5
712,OAK,JPARKER-R,-130,-105,7.5,7.5
712,LAA,JWILLIAMS-R,-120,-132,8.5,8.5
712,SEA,JSAUNDERS-L,100,112,8.5,8.5
713,CIN,HBAILEY-R,125,-117,7.5,7
713,ATL,MMINOR-L,-145,-103,7.5,7
713,STL,LLYNN-R,-125,-111,7.5,7.5
713,CUB,MGARZA-R,105,-109,7.5,7.5
713,NYM,CTORRES-R,160,154,7.5,7.5
713,PIT,ABURNETT-R,-180,-174,7.5,7.5
713,WAS,DHAREN-R,110,105,7.5,7.5
713,MIA,JFERNANDZ-R,-130,-125,7.5,7.5
713,COL,TCHATWOOD-R,160,135,7,7
713,LOS,ZGREINKE-R,-180,-155,7,7
713,SFO,TLINCECUM-R,-110,-123,8,7.5
713,SDG,EVOLQUEZ-R,-110,103,8,7.5
713,MIL,KLOHSE-R,115,-104,8.5,8
713,ARI,RDELGADO-R,-135,-116,8.5,8
713,MIN,SDEDUNO-R,145,130,8.5,8.5
713,NYY,PHUGHES-R,-165,-150,8.5,8.5
713,TOR,TREDMOND-R,130,134,9.5,9.5
713,BAL,JHAMMEL-R,-150,-154,9.5,9.5
713,HOU,DKEUCHEL-L,210,250,9,8
713,TAM,RHERNANDZ-R,-250,-290,9,8
713,KAN,JGUTHRIE-R,120,122,9,9
713,CLE,SKAZMIR-L,-140,-142,9,9
713,TEX,DHOLLAND-L,150,134,8,8
713,DET,MSCHERZER-R,-170,-154,8,8
713,BOS,JLESTER-L,115,102,8,8
713,OAK,AGRIFFIN-R,-135,-122,8,8
713,LAA,JWEAVER-R,-110,-113,6.5,7
713,SEA,FHERNANDZ-R,-110,-107,6.5,7
713,CWS,HSANTIAGO-L,125,120,8.5,8.5
713,PHI,JLANNAN-L,-145,-140,8.5,8.5
713,CWS,JDANKS-L,125,-102,8.5,8.5
713,PHI,PETTIBONE-R,-145,-118,8.5,8.5
714,WAS,TJORDAN-R,-125,-144,8.5,8
714,MIA,HALVAREZ-R,105,124,8.5,8
714,NYM,DGEE-R,133,137,7.5,7.5
714,PIT,GCOLE-R,-153,-157,7.5,7.5
714,CIN,TCINGRANI-L,105,-105,7.5,7
714,ATL,JTEHERAN-R,-125,-105,7.5,7
714,MIL,WPERALTA-R,143,137,9,8.5
714,ARI,IKENNEDY-R,-163,-157,9,8.5
714,COL,JCHACIN-R,122,118,7.5,7.5
714,LOS,RNOLASCO-R,-142,-138,7.5,7.5
714,SFO,BZITO-L,133,117,8.5,8.5
714,SDG,ESTULTS-L,-153,-137,8.5,8.5
714,STL,WAINWRIGHT-R,-142,-168,7,7
714,CUB,TWOOD-L,122,148,7,7
714,TEX,MPEREZ-L,150,152,8.5,8.5
714,DET,VERLANDER-R,-170,-172,8.5,8.5
714,KAN,JSHIELDS-R,-112,-114,8,8
714,CLE,UJIMENEZ-R,-108,-106,8,8
714,MIN,KGIBSON-R,170,190,8.5,8
714,NYY,CSABATHIA-L,-200,-220,8.5,8
714,TOR,JJOHNSON-R,113,101,9.5,9
714,BAL,SFELDMAN-R,-133,-121,9.5,9
714,HOU,EBEDARD-L,207,220,8.5,8
714,TAM,CARCHER-R,-237,-260,8.5,8
714,BOS,BWORKMAN-R,140,138,8.5,8
714,OAK,BCOLON-R,-160,-158,8.5,8
714,LAA,JBLANTON-R,102,-106,8,8
714,SEA,HIWAKUMA-R,-122,-114,8,8
714,CWS,JQUINTANA-L,150,142,7.5,8
714,PHI,CHAMELS-L,-170,-162,7.5,8
719,LOS,RNOLASCO-R,132,133,7.5,8
719,WAS,STRASBURG-R,-152,-153,7.5,8
719,PHI,KKENDRICK-R,-103,-102,8,8
719,NYM,JHEFNER-R,-117,-118,8,8
719,PIT,FLIRIANO-L,-106,-112,7.5,7.5
719,CIN,MLEAKE-R,-114,-108,7.5,7.5
719,MIA,JTURNER-R,122,135,8,8
719,MIL,KLOHSE-R,-142,-155,8,8
719,SDG,JMARQUIS-R,150,185,9,9
719,STL,WESTBROOK-R,-170,-215,9,9
719,CUB,SAMARDZIJA-R,121,134,9,9.5
719,COL,DELAROSA-L,-141,-154,9,9.5
719,ARI,IKENNEDY-R,-102,107,7.5,7.5
719,SFO,CGAUDIN-R,-118,-127,7.5,7.5
719,TAM,DPRICE-L,-134,-138,8.5,8.5
719,TOR,EROGERS-R,114,118,8.5,8.5
719,NYY,APETTITTE-L,125,154,9.5,9.5
719,BOS,FDOUBRONT-L,-145,-174,9.5,9.5
719,BAL,WCHEN-L,113,120,9.5,9
719,TEX,DHOLLAND-L,-133,-140,9.5,9
719,CLE,SKAZMIR-L,-120,-126,9,9
719,MIN,MPELFREY-R,100,106,9,9
719,DET,ASANCHEZ-R,-135,-132,8.5,8.5
719,KAN,ESANTANA-R,115,112,8.5,8.5
719,SEA,JSAUNDERS-L,-125,-116,8.5,8.5
719,HOU,BNORRIS-R,105,-104,8.5,8.5
719,OAK,AGRIFFIN-R,115,115,7.5,8
719,LAA,JWEAVER-R,-135,-135,7.5,8
719,ATL,THUDSON-R,-130,-120,8.5,9
719,CWS,JDANKS-L,110,100,8.5,9
720,PHI,CHAMELS-L,-120,-138,7.5,8
720,NYM,ZWHEELER-R,100,118,7.5,8
720,PIT,ABURNETT-R,120,120,8,7.5
720,CIN,MLATOS-R,-140,-140,8,7.5
720,LOS,ZGREINKE-R,115,111,7.5,7.5
720,WAS,GGONZALEZ-L,-135,-131,7.5,7.5
720,MIA,NEOVALDI-R,135,149,8,8.5
720,MIL,YGALLARDO-R,-155,-169,8,8.5
720,SDG,EVOLQUEZ-R,170,195,8.5,8.5
720,STL,LLYNN-R,-200,-225,8.5,8.5
720,CUB,VILLANUEVA-R,130,143,9.5,10.5
720,COL,JNICASIO-R,-150,-163,9.5,10.5
720,ARI,WMILEY-L,125,115,7,7
720,SFO,MCAIN-R,-145,-135,7,7
720,TAM,HELLICKSON-R,-105,-111,9,9
720,TOR,MBUEHRLE-L,-115,-109,9,9
720,NYY,HKURODA-R,130,137,9.5,9
720,BOS,JLACKEY-R,-150,-157,9.5,9
720,DET,VERLANDER-R,-160,-200,8.5,8.5
720,KAN,JGUTHRIE-R,140,170,8.5,8.5
720,CLE,CKLUBER-R,-125,-134,9,9
720,MIN,KCORREIA-R,105,114,9,9
720,SEA,HIWAKUMA-R,-145,-139,8,8
720,HOU,EBEDARD-L,125,119,8,8
720,BAL,MGONZALEZ-R,100,-113,9.5,9.5
720,TEX,RWOLF-R,-120,-107,9.5,9.5
720,OAK,DSTRAILY-R,120,124,8,8
720,LAA,CWILSON-L,-140,-144,8,8
720,ATL,PMAHOLM-L,-110,-111,8.5,9
720,CWS,JPEAVY-R,-110,-109,8.5,9
721,PHI,CLEE-L,105,-113,6.5,6.5
721,NYM,MHARVEY-R,-125,-107,6.5,6.5
721,PIT,JLOCKE-L,115,112,8,8
721,CIN,HBAILEY-R,-135,-132,8,8
721,LOS,CKERSHAW-L,-115,-117,7,6.5
721,WAS,ZIMMERMANN-R,-105,-103,7,6.5
721,MIA,HALVAREZ-R,145,140,8.5,8.5
721,MIL,WPERALTA-R,-165,-160,8.5,8.5
721,SDG,ESTULTS-L,180,210,7.5,7.5
721,STL,WAINWRIGHT-R,-210,-250,7.5,7.5
721,ARI,RDELGADO-R,160,154,7,7
721,SFO,BUMGARNER-L,-180,-174,7,7
721,CUB,EJACKSON-R,140,145,10,10.5
721,COL,TCHATWOOD-R,-160,-165,10,10.5
721,TAM,CARCHER-R,100,109,9,9
721,TOR,RDICKEY-R,-120,-129,9,9
721,DET,DFISTER-R,-115,-112,8.5,8
721,KAN,JSHIELDS-R,-105,-108,8.5,8
721,CLE,MASTERSON-R,-140,-140,8.5,9
721,MIN,SDIAMOND-L,120,120,8.5,9
721,SEA,FHERNANDZ-R,-180,-210,7.5,7.5
721,HOU,JLYLES-R,160,180,7.5,7.5
721,OAK,BCOLON-R,-125,-125,8.5,8
721,LAA,JWILLIAMS-R,105,105,8.5,8
721,BAL,CTILLMAN-R,110,110,9.5,9.5
721,TEX,MPEREZ-L,-130,-130,9.5,9.5
721,NYY,CSABATHIA-L,115,116,9,8.5
721,BOS,RDEMPSTER-R,-135,-136,9,8.5
721,ATL,MMINOR-L,-135,-126,8.5,8.5
721,CWS,JQUINTANA-L,115,106,8.5,8.5
722,PIT,CMORTON-R,-101,107,8,8.5
722,WAS,DHAREN-R,-119,-127,8,8.5
722,ATL,JTEHERAN-R,-120,-133,8,7.5
722,NYM,DGEE-R,100,113,8,7.5
722,SDG,ACASHNER-R,107,-109,8.5,8.5
722,MIL,GORZELANNY-L,-127,-111,8.5,8.5
722,MIA,TKOEHLER-R,140,153,10.5,11
722,COL,DPOMERANZ-L,-160,-173,10.5,11
722,CUB,CRUSIN-L,110,170,8.5,9
722,ARI,TSKAGGS-L,-130,-190,8.5,9
722,CIN,BARROYO-R,-101,-105,7.5,7
722,SFO,TLINCECUM-R,-119,-115,7.5,7
722,TAM,MMOORE-L,-120,-131,9,9
722,BOS,BWORKMAN-R,100,111,9,9
722,NYY,INOVA-R,163,175,8.5,8.5
722,TEX,YDARVISH-R,-183,-195,8.5,8.5
722,BAL,SFELDMAN-R,-107,-120,9,9
722,KAN,WDAVIS-R,-113,100,9,9
722,OAK,TMILONE-L,-165,-167,9,9
722,HOU,DKEUCHEL-L,145,147,9,9
722,DET,MSCHERZER-R,-117,-125,7.5,7.5
722,CWS,CSALE-L,-103,105,7.5,7.5
722,MIN,SDEDUNO-R,135,146,8.5,8.5
722,LAA,JBLANTON-R,-155,-166,8.5,8.5
722,CLE,UJIMENEZ-R,-114,-111,8,8.5
722,SEA,AHARANG-R,-106,-109,8,8.5
722,LOS,HRYU-L,-107,-102,8.5,9
722,TOR,JJOHNSON-R,-113,-118,8.5,9
723,PIT,GCOLE-R,-112,-111,8,8.5
723,WAS,TJORDAN-R,-108,-109,8,8.5
723,ATL,KMEDLEN-R,-130,-137,7.5,8
723,NYM,CTORRES-R,110,117,7.5,8
723,SDG,TROSS-R,125,106,9,8.5
723,MIL,DHAND-R,-145,-126,9,8.5
723,PHI,PETTIBONE-R,170,205,8.5,8.5
723,STL,SMILLER-R,-200,-245,8.5,8.5
723,MIA,JFERNANDZ-R,140,135,9.5,9
723,COL,JCHACIN-R,-160,-155,9.5,9
723,CUB,TWOOD-L,170,160,8,7.5
723,ARI,PCORBIN-L,-200,-180,8,7.5
723,CIN,TCINGRANI-L,-130,-140,7.5,7.5
723,SFO,ESURKAMP-L,110,120,7.5,7.5
723,TAM,RHERNANDZ-R,140,124,9.5,9.5
723,BOS,JLESTER-L,-160,-144,9.5,9.5
723,NYY,PHUGHES-R,150,144,9.5,8.5
723,TEX,AOGANDO-R,-170,-164,9.5,8.5
723,BAL,JHAMMEL-R,-115,-107,9,9
723,KAN,BCHEN-L,-105,-113,9,9
723,OAK,JPARKER-R,-165,-177,8.5,8.5
723,HOU,JCOSART-R,145,157,8.5,8.5
723,DET,RPORCELLO-R,-135,-112,9,8.5
723,CWS,HSANTIAGO-L,115,-108,9,8.5
723,MIN,KGIBSON-R,170,145,8.5,8.5
723,LAA,THANSON-R,-190,-165,8.5,8.5
723,CLE,MCALLISTER-R,-110,-105,8.5,8.5
723,SEA,ERAMIREZ-R,-110,-105,8.5,8.5
723,LOS,CCAPUANO-L,100,-105,9.5,9.5
723,TOR,TREDMOND-R,-120,-105,9.5,9.5
723,SFO,BZITO-L,-104,-110,8,8
723,CIN,GREYNOLDS-R,-116,-110,8,8
724,PIT,FLIRIANO-L,120,108,7,7
724,WAS,STRASBURG-R,-140,-128,7,7
724,ATL,THUDSON-R,-130,-140,7.5,7.5
724,NYM,JHEFNER-R,110,120,7.5,7.5
724,SDG,O'SULLIVAN-R,140,136,8.5,8.5
724,MIL,KLOHSE-R,-160,-156,8.5,8.5
724,PHI,JLANNAN-L,155,150,8.5,8
724,STL,WESTBROOK-R,-175,-170,8.5,8
724,MIA,JTURNER-R,160,154,9.5,9
724,COL,DELAROSA-L,-180,-174,9.5,9
724,CUB,SAMARDZIJA-R,120,115,8,8
724,ARI,IKENNEDY-R,-140,-135,8,8
724,CIN,MLEAKE-R,-115,-122,7.5,7.5
724,SFO,CGAUDIN-R,-105,102,7.5,7.5
724,OAK,AGRIFFIN-R,-170,-190,8,8.5
724,HOU,BNORRIS-R,150,170,8,8.5
724,MIN,MPELFREY-R,200,220,8,8
724,LAA,JWEAVER-R,-230,-260,8,8
724,CLE,SKAZMIR-L,-105,-120,8.5,8
724,SEA,JSAUNDERS-L,-115,100,8.5,8
724,TAM,DPRICE-L,-120,-108,9,8.5
724,BOS,FDOUBRONT-L,100,-112,9,8.5
724,NYY,APETTITTE-L,150,153,9,8.5
724,TEX,MGARZA-R,-170,-173,9,8.5
724,BAL,WCHEN-L,-110,-112,8.5,8
724,KAN,ESANTANA-R,-110,-108,8.5,8
724,DET,ASANCHEZ-R,-150,-138,8.5,8
724,CWS,JDANKS-L,130,118,8.5,8
724,LOS,RNOLASCO-R,-110,-108,9.5,9.5
724,TOR,EROGERS-R,-110,-112,9.5,9.5
725,ATL,AWOOD-L,-110,-118,8,7.5
725,NYM,ZWHEELER-R,-110,-102,8,7.5
725,PIT,ABURNETT-R,120,117,7.5,7
725,WAS,GGONZALEZ-L,-140,-137,7.5,7
725,SDG,EVOLQUEZ-R,130,130,8.5,8.5
725,MIL,YGALLARDO-R,-150,-150,8.5,8.5
725,MIA,NEOVALDI-R,150,146,10,9.5
725,COL,JNICASIO-R,-170,-166,10,9.5
725,PHI,KKENDRICK-R,155,162,8,7.5
725,STL,LLYNN-R,-175,-182,8,7.5
725,CUB,VILLANUEVA-R,160,150,8.5,8.5
725,ARI,WMILEY-L,-180,-170,8.5,8.5
725,CIN,MLATOS-R,115,102,7,7
725,LOS,ZGREINKE-R,-135,-122,7,7
725,NYY,HKURODA-R,130,130,9,7.5
725,TEX,DHOLLAND-L,-150,-150,9,7.5
725,DET,VERLANDER-R,-150,-150,8,7.5
725,CWS,JPEAVY-R,130,130,8,7.5
725,HOU,EBEDARD-L,170,195,9.5,9
725,TOR,MBUEHRLE-L,-200,-225,9.5,9
725,BAL,MGONZALEZ-R,-125,-144,8.5,8.5
725,KAN,JGUTHRIE-R,105,124,8.5,8.5
725,LAA,CWILSON-L,-105,-110,7.5,7.5
725,OAK,DSTRAILY-R,-115,-110,7.5,7.5
725,MIN,KCORREIA-R,160,180,7.5,7.5
725,SEA,HIWAKUMA-R,-180,-210,7.5,7.5
726,NYM,MHARVEY-R,-140,-128,7,7
726,WAS,ROHLENDRF-R,120,108,7,7
726,PIT,JLOCKE-L,-165,-173,7.5,7.5
726,MIA,HALVAREZ-R,145,153,7.5,7.5
726,STL,WAINWRIGHT-R,-125,-119,7.5,7
726,ATL,MMINOR-L,105,-101,7.5,7
726,MIL,WPERALTA-R,130,124,9.5,9
726,COL,TCHATWOOD-R,-150,-144,9.5,9
726,SDG,ESTULTS-L,120,120,8.5,8.5
726,ARI,RDELGADO-R,-140,-140,8.5,8.5
726,CIN,HBAILEY-R,160,164,6.5,6.5
726,LOS,CKERSHAW-L,-180,-184,6.5,6.5
726,CUB,EJACKSON-R,170,142,7,7
726,SFO,MCAIN-R,-190,-162,7,7
726,HOU,JLYLES-R,200,220,9.5,9
726,TOR,RDICKEY-R,-230,-260,9.5,9
726,TEX,MPEREZ-L,110,106,8.5,8
726,CLE,CKLUBER-R,-130,-126,8.5,8
726,TAM,HELLICKSON-R,110,-105,8.5,8
726,NYY,CSABATHIA-L,-130,-105,8.5,8
726,BOS,JLACKEY-R,110,-107,9,9
726,BAL,CTILLMAN-R,-130,-113,9,9
726,KAN,JSHIELDS-R,-115,-122,8,7.5
726,CWS,JQUINTANA-L,-105,102,8,7.5
726,LAA,JWILLIAMS-R,160,148,8,7.5
726,OAK,BCOLON-R,-180,-168,8,7.5
726,MIN,SDIAMOND-L,200,230,7,7
726,SEA,FHERNANDZ-R,-240,-270,7,7
726,PHI,CHAMELS-L,145,142,8,8
726,DET,DFISTER-R,-165,-162,8,8
726,NYM,JMEJIA-R,190,220,7.5,8
726,WAS,ZIMMERMANN-R,-220,-260,7.5,8
727,STL,JKELLY-R,105,108,8.5,8.5
727,ATL,JTEHERAN-R,-125,-128,8.5,8.5
727,NYM,DGEE-R,125,114,8.5,8.5
727,WAS,DHAREN-R,-145,-134,8.5,8.5
727,PIT,CMORTON-R,-145,-142,7.5,7.5
727,MIA,TKOEHLER-R,125,122,7.5,7.5
727,MIL,GORZELANNY-L,105,102,10,10
727,COL,CMCHUGH-R,-125,-122,10,10
727,SDG,ACASHNER-R,110,106,8.5,8.5
727,ARI,TSKAGGS-L,-130,-126,8.5,8.5
727,CUB,CRUSIN-L,200,220,7,7
727,SFO,BUMGARNER-L,-240,-260,7,7
727,CIN,BARROYO-R,115,107,7.5,7
727,LOS,HRYU-L,-135,-127,7.5,7
727,HOU,DKEUCHEL-L,200,200,9.5,9.5
727,TOR,JJOHNSON-R,-240,-230,9.5,9.5
727,TAM,CARCHER-R,-115,-111,9,8
727,NYY,INOVA-R,-105,-109,9,8
727,LAA,GRICHARDS-R,110,130,8.5,8
727,OAK,TMILONE-L,-130,-150,8.5,8
727,MIN,SDEDUNO-R,120,122,8.5,8
727,SEA,AHARANG-R,-140,-142,8.5,8
727,BOS,RDEMPSTER-R,105,106,9.5,9
727,BAL,SFELDMAN-R,-125,-126,9.5,9
727,TEX,YDARVISH-R,-130,-120,7.5,7.5
727,CLE,MASTERSON-R,110,100,7.5,7.5
727,KAN,WDAVIS-R,140,145,7.5,7
727,CWS,CSALE-L,-160,-165,7.5,7
727,PHI,RVALDES-L,125,250,7.5,8.5
727,DET,MSCHERZER-R,-145,-290,7.5,8.5
728,PIT,GCOLE-R,-110,-115,7,6.5
728,MIA,JFERNANDZ-R,-110,-105,7,6.5
728,NYM,CTORRES-R,115,145,8,8
728,WAS,TJORDAN-R,-135,-165,8,8
728,STL,SMILLER-R,-115,-127,7.5,7.5
728,ATL,KMEDLEN-R,-105,107,7.5,7.5
728,CUB,TWOOD-L,130,130,7,7
728,SFO,TLINCECUM-R,-150,-150,7,7
728,MIL,DHAND-R,155,160,9.5,9.5
728,COL,JCHACIN-R,-175,-180,9.5,9.5
728,SDG,TROSS-R,175,175,8.5,8
728,ARI,PCORBIN-L,-205,-195,8.5,8
728,CIN,TCINGRANI-L,-115,-105,7.5,7.5
728,LOS,CCAPUANO-L,-105,-105,7.5,7.5
728,TEX,AOGANDO-R,-105,-120,8.5,8
728,CLE,UJIMENEZ-R,-115,100,8.5,8
728,HOU,JCOSART-R,150,170,9.5,9.5
728,TOR,TREDMOND-R,-170,-190,9.5,9.5
728,TAM,MMOORE-L,-150,-144,8,8
728,NYY,PHUGHES-R,130,124,8,8
728,BOS,JLESTER-L,-110,-120,9.5,9
728,BAL,JHAMMEL-R,-110,100,9.5,9
728,KAN,BCHEN-L,-110,-114,8,7.5
728,CWS,HSANTIAGO-L,-110,-106,8,7.5
728,LAA,THANSON-R,135,135,8,7.5
728,OAK,JPARKER-R,-155,-155,8,7.5
728,MIN,KGIBSON-R,130,122,8.5,8
728,SEA,ERAMIREZ-R,-150,-142,8.5,8
728,PHI,PETTIBONE-R,175,200,9,9
728,DET,RPORCELLO-R,-205,-230,9,9
729,STL,WESTBROOK-R,125,130,7,7
729,PIT,FLIRIANO-L,-145,-150,7,7
729,NYM,JHEFNER-R,100,110,7.5,7
729,MIA,JTURNER-R,-120,-130,7.5,7
729,COL,DELAROSA-L,125,113,7.5,7.5
729,ATL,BBEACHY-R,-145,-133,7.5,7.5
729,MIL,KLOHSE-R,105,105,7,7
729,CUB,SAMARDZIJA-R,-125,-125,7,7
729,CIN,MLEAKE-R,-150,-152,7.5,7.5
729,SDG,O'SULLIVAN-R,130,132,7.5,7.5
729,CWS,JDANKS-L,135,154,8,8
729,CLE,MCALLISTER-R,-155,-174,8,8
729,LAA,JWEAVER-R,115,115,8,8
729,TEX,MGARZA-R,-135,-135,8,8
729,TOR,EROGERS-R,150,154,7.5,7.5
729,OAK,AGRIFFIN-R,-170,-174,7.5,7.5
729,TAM,DPRICE-L,-115,-115,8.5,8
729,BOS,FDOUBRONT-L,-105,-105,8.5,8
730,MIL,YGALLARDO-R,-105,-107,8,8.5
730,CUB,VILLANUEVA-R,-115,-113,8,8.5
730,MIL,TTHORNBRG-R,100,115,8.5,8.5
730,CUB,JARRIETA-R,-120,-135,8.5,8.5
730,STL,TLYONS-L,-113,-122,8.5,8.5
730,PIT,BCUMPTON-R,-107,102,8.5,8.5
730,SFO,BZITO-L,125,105,9,9
730,PHI,JLANNAN-L,-145,-125,9,9
730,COL,JNICASIO-R,145,130,8,8.5
730,ATL,AWOOD-L,-165,-150,8,8.5
730,NYM,ZWHEELER-R,105,106,7.5,7.5
730,MIA,NEOVALDI-R,-125,-126,7.5,7.5
730,CIN,MLATOS-R,-160,-168,7.5,7
730,SDG,EVOLQUEZ-R,140,148,7.5,7
730,HOU,LHARRELL-R,220,220,8.5,8.5
730,BAL,WCHEN-L,-260,-260,8.5,8.5
730,CWS,ARIENZO-R,135,170,7.5,8
730,CLE,SKAZMIR-L,-155,-200,7.5,8
730,SEA,JSAUNDERS-L,155,175,10,9.5
730,BOS,BWORKMAN-R,-175,-195,10,9.5
730,LAA,CWILSON-L,110,115,8.5,8.5
730,TEX,DHOLLAND-L,-130,-135,8.5,8.5
730,KAN,ESANTANA-R,-135,-133,8,7.5
730,MIN,MPELFREY-R,115,113,8,7.5
730,TOR,MBUEHRLE-L,145,130,8,8
730,OAK,DSTRAILY-R,-165,-150,8,8
730,WAS,STRASBURG-R,115,115,7.5,7.5
730,DET,ASANCHEZ-R,-135,-135,7.5,7.5
730,ARI,IKENNEDY-R,135,145,8.5,8
730,TAM,RHERNANDZ-R,-155,-165,8.5,8
730,NYY,APETTITTE-L,155,148,7.5,7
730,LOS,ZGREINKE-R,-175,-168,7.5,7
730,STL,LLYNN-R,100,117,7,7
730,PIT,ABURNETT-R,-120,-137,7,7
731,CIN,HBAILEY-R,-125,-135,7.5,7
731,SDG,ESTULTS-L,105,115,7.5,7
731,STL,WAINWRIGHT-R,-125,-115,7,6.5
731,PIT,JLOCKE-L,105,-105,7,6.5
731,SFO,CGAUDIN-R,-105,102,8.5,8.5
731,PHI,KKENDRICK-R,-115,-122,8.5,8.5
731,COL,TCHATWOOD-R,140,145,7.5,7
731,ATL,MMINOR-L,-160,-165,7.5,7
731,NYM,JMEJIA-R,-110,102,7.5,7
731,MIA,HALVAREZ-R,-110,-122,7.5,7
731,MIL,WPERALTA-R,105,120,8,8
731,CUB,EJACKSON-R,-125,-140,8,8
731,TOR,RDICKEY-R,145,135,7.5,7.5
731,OAK,BCOLON-R,-165,-155,7.5,7.5
731,CWS,JQUINTANA-L,150,136,8,7.5
731,CLE,CKLUBER-R,-170,-156,8,7.5
731,HOU,OBERHOLTZR-L,210,240,9,8.5
731,BAL,MGONZALEZ-R,-250,-280,9,8.5
731,SEA,HIWAKUMA-R,130,138,8.5,8.5
731,BOS,JLACKEY-R,-150,-158,8.5,8.5
731,LAA,JWILLIAMS-R,125,130,9.5,10.5
731,TEX,MPEREZ-L,-145,-150,9.5,10.5
731,KAN,JGUTHRIE-R,-110,-117,8.5,8.5
731,MIN,KCORREIA-R,-110,-103,8.5,8.5
731,WAS,GGONZALEZ-L,130,117,7.5,7
731,DET,VERLANDER-R,-150,-137,7.5,7
731,ARI,WMILEY-L,135,170,8,7.5
731,TAM,HELLICKSON-R,-155,-190,8,7.5
731,NYY,HKURODA-R,170,170,6,6
731,LOS,CKERSHAW-L,-190,-190,6,6
801,NYM,MHARVEY-R,-165,-184,6.5,6.5
801,MIA,TKOEHLER-R,145,164,6.5,6.5
801,STL,JKELLY-R,105,-112,8,7.5
801,PIT,CMORTON-R,-125,-108,8,7.5
801,SFO,MCAIN-R,105,-101,7.5,7.5
801,PHI,CHAMELS-L,-125,-119,7.5,7.5
801,COL,CBETTIS-R,200,200,8,8
801,ATL,JTEHERAN-R,-230,-230,8,8
801,LOS,RNOLASCO-R,-150,-135,8,8.5
801,CUB,CRUSIN-L,130,115,8,8.5
801,CWS,CSALE-L,125,114,7,6.5
801,CLE,MASTERSON-R,-145,-134,7,6.5
801,KAN,JSHIELDS-R,-150,-167,8,7.5
801,MIN,SDIAMOND-L,130,147,8,7.5
801,HOU,JLYLES-R,220,205,8.5,9
801,BAL,BNORRIS-R,-260,-245,8.5,9
801,SEA,FHERNANDZ-R,-110,-110,8,8.5
801,BOS,RDEMPSTER-R,-110,-110,8,8.5
801,TOR,JJOHNSON-R,110,-110,8.5,8.5
801,LAA,GRICHARDS-R,-130,-110,8.5,8.5
801,ARI,ZSPRUILL-R,170,220,8,9
801,TEX,YDARVISH-R,-190,-260,8,9
802,LOS,HRYU-L,-150,-136,9,9
802,CUB,TWOOD-L,130,116,9,9
802,COL,JCHACIN-R,130,150,7.5,7
802,PIT,GCOLE-R,-150,-170,7.5,7
802,ATL,KMEDLEN-R,-150,-163,8.5,9
802,PHI,EMARTIN-R,130,143,8.5,9
802,STL,SMILLER-R,100,-113,8,8
802,CIN,BARROYO-R,-120,-107,8,8
802,WAS,ZIMMERMANN-R,-135,-144,8,8
802,MIL,GORZELANNY-L,115,124,8,8
802,SEA,AHARANG-R,155,170,9,9
802,BAL,CTILLMAN-R,-175,-190,9,9
802,CWS,HSANTIAGO-L,200,190,8,8
802,DET,DFISTER-R,-230,-220,8,8
802,HOU,JCOSART-R,135,152,8,8.5
802,MIN,SDEDUNO-R,-155,-172,8,8.5
802,TEX,AOGANDO-R,120,-102,7.5,7.5
802,OAK,TMILONE-L,-140,-118,7.5,7.5
802,TOR,TREDMOND-R,-105,100,8.5,9
802,LAA,THANSON-R,-115,-120,8.5,9
802,CLE,UJIMENEZ-R,110,-111,7,7
802,MIA,JFERNANDZ-R,-130,-109,7,7
802,KAN,WDAVIS-R,105,-110,8,8
802,NYM,DGEE-R,-125,-110,8,8
802,SFO,BUMGARNER-L,115,138,7,7
802,TAM,CARCHER-R,-135,-158,7,7
802,ARI,RDELGADO-R,150,175,9,9
802,BOS,JLESTER-L,-170,-205,9,9
802,NYY,CSABATHIA-L,-110,-125,7.5,7
802,SDG,ACASHNER-R,-110,105,7.5,7
803,ATL,BBEACHY-R,-130,-138,9,9.5
803,PHI,JLANNAN-L,110,118,9,9.5
803,LOS,CCAPUANO-L,-120,-107,7.5,7.5
803,CUB,SAMARDZIJA-R,100,-113,7.5,7.5
803,COL,DELAROSA-L,170,195,7,7
803,PIT,FLIRIANO-L,-190,-225,7,7
803,WAS,DHAREN-R,-125,-138,8.5,9
803,MIL,DHAND-R,105,118,8.5,9
803,STL,WESTBROOK-R,125,145,8,8.5
803,CIN,TCINGRANI-L,-145,-165,8,8.5
803,TEX,MGARZA-R,115,-108,9,7.5
803,OAK,JPARKER-R,-135,-112,9,7.5
803,SEA,ERAMIREZ-R,170,160,9,9.5
803,BAL,SFELDMAN-R,-200,-180,9,9.5
803,CWS,JDANKS-L,210,245,7.5,7.5
803,DET,MSCHERZER-R,-250,-285,7.5,7.5
803,HOU,EBEDARD-L,120,136,9,8.5
803,MIN,KGIBSON-R,-140,-156,9,8.5
803,TOR,EROGERS-R,155,147,8,8
803,LAA,JWEAVER-R,-175,-167,8,8
803,KAN,BCHEN-L,-125,-143,8,7.5
803,NYM,JHEFNER-R,105,123,8,7.5
803,CLE,MCALLISTER-R,-120,-124,7.5,7.5
803,MIA,JTURNER-R,100,104,7.5,7.5
803,SFO,TLINCECUM-R,190,205,7,7
803,TAM,DPRICE-L,-220,-245,7,7
803,ARI,PCORBIN-L,130,132,8.5,8
803,BOS,JPEAVY-R,-150,-152,8.5,8
803,NYY,INOVA-R,-105,-117,7,7
803,SDG,TROSS-R,-115,-103,7,7
804,STL,LLYNN-R,111,108,8,8.5
804,CIN,MLEAKE-R,-131,-128,8,8.5
804,ATL,AWOOD-L,105,110,7.5,7.5
804,PHI,CLEE-L,-125,-130,7.5,7.5
804,COL,JNICASIO-R,160,170,8,7
804,PIT,ABURNETT-R,-180,-200,8,7
804,WAS,TJORDAN-R,100,-110,8.5,8
804,MIL,KLOHSE-R,-120,-110,8.5,8
804,LOS,SFIFE-R,-129,-120,8,8
804,CUB,VILLANUEVA-R,109,100,8,8
804,CWS,ARIENZO-R,195,180,8.5,8.5
804,DET,RPORCELLO-R,-225,-210,8.5,8.5
804,SEA,JSAUNDERS-L,170,175,9.5,9
804,BAL,WCHEN-L,-200,-195,9.5,9
804,HOU,BPEACOCK-R,165,145,9,8.5
804,MIN,MPELFREY-R,-185,-165,9,8.5
804,TOR,MBUEHRLE-L,122,119,8.5,8.5
804,LAA,CWILSON-L,-142,-139,8.5,8.5
804,TEX,DHOLLAND-L,105,-104,7.5,7
804,OAK,AGRIFFIN-R,-125,-116,7.5,7
804,CLE,SKAZMIR-L,-141,-130,7.5,7.5
804,MIA,NEOVALDI-R,121,110,7.5,7.5
804,KAN,ESANTANA-R,-141,-150,7.5,7
804,NYM,ZWHEELER-R,121,130,7.5,7
804,ARI,BMCCARTHY-R,170,180,9.5,9
804,BOS,FDOUBRONT-L,-190,-210,9.5,9
804,SFO,GMOSCOSO-R,178,175,9,8.5
804,TAM,RHERNANDZ-R,-208,-195,9,8.5
804,NYY,PHUGHES-R,-105,-109,8,7.5
804,SDG,IKENNEDY-R,-105,-111,8,7.5
805,ATL,MMINOR-L,113,-105,7,7
805,WAS,STRASBURG-R,-133,-115,7,7
805,LOS,ZGREINKE-R,133,140,7,7
805,STL,WAINWRIGHT-R,-153,-160,7,7
805,MIL,TTHORNBRG-R,139,154,7,7
805,SFO,CGAUDIN-R,-159,-174,7,7
805,DET,ASANCHEZ-R,-109,-121,8,7.5
805,CLE,CKLUBER-R,-111,101,8,7.5
805,BOS,JLACKEY-R,-190,-225,8.5,8.5
805,HOU,OBERHOLTZR-L,170,195,8.5,8.5
805,MIN,KCORREIA-R,150,145,9,8.5
805,KAN,JGUTHRIE-R,-170,-165,9,8.5
805,NYY,APETTITTE-L,-115,-109,8,7.5
805,CWS,JQUINTANA-L,-105,-111,8,7.5
805,TEX,MPEREZ-L,-107,-105,9,8.5
805,LAA,JWILLIAMS-R,-113,-105,9,8.5
805,TOR,RDICKEY-R,-105,116,7,7.5
805,SEA,HIWAKUMA-R,-115,-136,7,7.5
806,ATL,JTEHERAN-R,105,-112,7,7
806,WAS,GGONZALEZ-L,-125,-108,7,7
806,CUB,EJACKSON-R,100,-103,8,8
806,PHI,KKENDRICK-R,-120,-117,8,8
806,MIA,HALVAREZ-R,170,170,7,7
806,PIT,JLOCKE-L,-190,-200,7,7
806,COL,CBETTIS-R,-110,-101,7.5,8
806,NYM,JMEJIA-R,-110,-119,7.5,8
806,LOS,CKERSHAW-L,-160,-150,7,6.5
806,STL,JKELLY-R,140,130,7,6.5
806,MIL,WPERALTA-R,155,160,7,7
806,SFO,MCAIN-R,-175,-180,7,7
806,DET,VERLANDER-R,-110,-112,7.5,7.5
806,CLE,MASTERSON-R,-110,-108,7.5,7.5
806,BOS,SWRIGHT-R,-190,-180,9,9
806,HOU,JLYLES-R,170,160,9,9
806,MIN,AALBERS-L,175,170,8,8
806,KAN,JSHIELDS-R,-205,-200,8,8
806,NYY,HKURODA-R,-110,-105,7,6.5
806,CWS,CSALE-L,-110,-115,7,6.5
806,TEX,YDARVISH-R,-150,-167,7.5,7
806,LAA,GRICHARDS-R,130,147,7.5,7
806,TOR,JJOHNSON-R,175,148,7,7.5
806,SEA,FHERNANDZ-R,-195,-168,7,7.5
806,OAK,DSTRAILY-R,125,135,8,8
806,CIN,MLATOS-R,-145,-155,8,8
806,TAM,HELLICKSON-R,-125,-127,8,8
806,ARI,WMILEY-L,105,107,8,8
806,BAL,BNORRIS-R,-130,-140,7.5,7.5
806,SDG,EVOLQUEZ-R,110,120,7.5,7.5
807,ATL,KMEDLEN-R,115,105,7.5,7.5
807,WAS,ZIMMERMANN-R,-135,-125,7.5,7.5
807,CUB,TWOOD-L,130,145,7.5,7.5
807,PHI,CHAMELS-L,-150,-165,7.5,7.5
807,MIA,TKOEHLER-R,170,175,7.5,7.5
807,PIT,CMORTON-R,-200,-205,7.5,7.5
807,COL,JCHACIN-R,145,140,6.5,6.5
807,NYM,MHARVEY-R,-165,-160,6.5,6.5
807,LOS,RNOLASCO-R,125,124,8,7.5
807,STL,SMILLER-R,-145,-144,8,7.5
807,MIL,MESTRADA-R,200,175,7,6.5
807,SFO,BUMGARNER-L,-230,-205,7,6.5
807,TOR,JHAPP-L,110,-118,8.5,9
807,SEA,AHARANG-R,-130,-102,8.5,9
807,DET,DFISTER-R,-130,-120,8.5,8
807,CLE,DSALAZAR-R,110,100,8.5,8
807,BOS,RDEMPSTER-R,-170,-174,8.5,8.5
807,HOU,JCOSART-R,150,154,8.5,8.5
807,MIN,SDEDUNO-R,117,124,8.5,8
807,KAN,DDUFFY-L,-137,-144,8.5,8
807,NYY,CSABATHIA-L,-120,-115,7.5,8
807,CWS,HSANTIAGO-L,100,-105,7.5,8
807,TEX,AOGANDO-R,-125,-125,8,8
807,LAA,THANSON-R,105,105,8,8
807,OAK,BCOLON-R,100,102,7.5,7
807,CIN,HBAILEY-R,-120,-122,7.5,7
807,BAL,MGONZALEZ-R,-125,-129,7.5,7
807,SDG,ESTULTS-L,105,109,7.5,7
807,TAM,CARCHER-R,-140,-132,8,8
807,ARI,RDELGADO-R,120,112,8,8
808,COL,JMANSHIP-R,110,145,7.5,7.5
808,NYM,DGEE-R,-130,-165,7.5,7.5
808,MIA,JFERNANDZ-R,135,111,6.5,6.5
808,PIT,GCOLE-R,-155,-131,6.5,6.5
808,CUB,SAMARDZIJA-R,-120,-122,8.5,9
808,PHI,EMARTIN-R,100,102,8.5,9
808,MIL,DHAND-R,140,162,7.5,7
808,SFO,TLINCECUM-R,-160,-182,7.5,7
808,LOS,HRYU-L,100,-110,8.5,8
808,STL,CMARTINEZ-R,-120,-110,8.5,8
808,DET,MSCHERZER-R,-155,-168,7.5,7.5
808,CLE,MCALLISTER-R,135,148,7.5,7.5
808,BOS,JLESTER-L,-115,-120,8.5,7.5
808,KAN,BCHEN-L,-105,100,8.5,7.5
809,PHI,JLANNAN-L,145,148,8,8.5
809,WAS,DHAREN-R,-165,-168,8,8.5
809,SDG,ACASHNER-R,140,160,8.5,8.5
809,CIN,BARROYO-R,-160,-180,8.5,8.5
809,MIA,JTURNER-R,180,175,7.5,7.5
809,ATL,BBEACHY-R,-210,-195,7.5,7.5
809,CUB,CRUSIN-L,180,200,8,7.5
809,STL,LLYNN-R,-210,-240,8,7.5
809,PIT,FLIRIANO-L,-135,-144,8.5,9
809,COL,DELAROSA-L,115,124,8.5,9
809,NYM,JHEFNER-R,170,195,8,8
809,ARI,PCORBIN-L,-200,-225,8,8
809,MIN,KGIBSON-R,115,115,8.5,9.5
809,CWS,JDANKS-L,-135,-135,8.5,9.5
809,MIN,LHENDRIKS-R,105,116,8.5,9
809,CWS,CLEESMAN-L,-125,-136,8.5,9
809,OAK,JPARKER-R,-130,-112,9,9
809,TOR,EROGERS-R,110,-108,9,9
809,LAA,JWEAVER-R,-110,-105,7.5,7.5
809,CLE,SKAZMIR-L,-110,-115,7.5,7.5
809,DET,RPORCELLO-R,-120,-110,8,8.5
809,NYY,INOVA-R,100,-110,8,8.5
809,BOS,JPEAVY-R,-115,-115,8,7.5
809,KAN,ESANTANA-R,-105,-105,8,7.5
809,TEX,MGARZA-R,-200,-195,8,8
809,HOU,EBEDARD-L,170,175,8,8
809,MIL,KLOHSE-R,-105,110,7.5,7.5
809,SEA,JSAUNDERS-L,-115,-130,7.5,7.5
809,TAM,DPRICE-L,-125,-142,6.5,6.5
809,LOS,CCAPUANO-L,105,122,6.5,6.5
809,BAL,CTILLMAN-R,-135,-135,7.5,7
809,SFO,VOGELSONG-R,115,115,7.5,7
810,PHI,CLEE-L,-110,-115,7.5,7.5
810,WAS,TJORDAN-R,-110,-105,7.5,7.5
810,MIA,NEOVALDI-R,200,205,7.5,7
810,ATL,AWOOD-L,-230,-235,7.5,7
810,SDG,TROSS-R,155,180,8,8
810,CIN,TCINGRANI-L,-175,-210,8,8
810,CUB,VILLANUEVA-R,175,190,8.5,8
810,STL,MWACHA-R,-205,-220,8.5,8
810,PIT,ABURNETT-R,-145,-140,9,9.5
810,COL,JNICASIO-R,125,120,9,9.5
810,NYM,ZWHEELER-R,125,145,8.5,8.5
810,ARI,BMCCARTHY-R,-145,-165,8.5,8.5
810,DET,ASANCHEZ-R,-150,-162,8.5,8.5
810,NYY,PHUGHES-R,130,142,8.5,8.5
810,OAK,SGRAY-R,101,-107,9,9
810,TOR,MBUEHRLE-L,-121,-113,9,9
810,MIN,MPELFREY-R,110,-102,8.5,9
810,CWS,ARIENZO-R,-130,-118,8.5,9
810,LAA,CWILSON-L,-105,-105,8.5,8.5
810,CLE,UJIMENEZ-R,-115,-105,8.5,8.5
810,BOS,FDOUBRONT-L,-125,-137,8.5,8.5
810,KAN,JGUTHRIE-R,105,117,8.5,8.5
810,TEX,DHOLLAND-L,-205,-245,8.5,8.5
810,HOU,BPEACOCK-R,175,205,8.5,8.5
810,BAL,WCHEN-L,-130,-127,7,7.5
810,SFO,CGAUDIN-R,110,107,7,7.5
810,TAM,RHERNANDZ-R,130,135,7,7.5
810,LOS,ZGREINKE-R,-150,-155,7,7.5
810,MIL,GORZELANNY-L,150,154,7.5,7
810,SEA,HIWAKUMA-R,-170,-174,7.5,7
811,SDG,IKENNEDY-R,170,175,8.5,8.5
811,CIN,MLEAKE-R,-190,-195,8.5,8.5
811,MIA,HALVAREZ-R,210,200,7,7
811,ATL,MMINOR-L,-250,-240,7,7
811,CUB,EJACKSON-R,155,152,8,8
811,STL,JKELLY-R,-175,-172,8,8
811,PIT,JLOCKE-L,-155,-133,9.5,10
811,COL,CBETTIS-R,135,113,9.5,10
811,NYM,JNIESE-L,125,107,9,9
811,ARI,ZSPRUILL-R,-145,-127,9,9
811,PHI,KKENDRICK-R,200,205,7,7.5
811,WAS,STRASBURG-R,-230,-245,7,7.5
811,LAA,JWILLIAMS-R,160,164,8.5,8.5
811,CLE,MASTERSON-R,-180,-184,8.5,8.5
811,OAK,AGRIFFIN-R,-110,-108,9,9
811,TOR,RDICKEY-R,-110,-112,9,9
811,MIN,KCORREIA-R,125,119,8.5,8.5
811,CWS,JQUINTANA-L,-145,-139,8.5,8.5
811,BOS,JLACKEY-R,-110,-107,8.5,8
811,KAN,JSHIELDS-R,-110,-113,8.5,8
811,TEX,MPEREZ-L,-190,-174,9,9
811,HOU,DKEUCHEL-L,170,154,9,9
811,DET,VERLANDER-R,-160,-174,8.5,9
811,NYY,APETTITTE-L,140,154,8.5,9
811,BAL,BNORRIS-R,-110,-110,7,7
811,SFO,MCAIN-R,-110,-110,7,7
811,TAM,HELLICKSON-R,170,170,6.5,6.5
811,LOS,CKERSHAW-L,-190,-200,6.5,6.5
811,MIL,WPERALTA-R,170,190,7,7
811,SEA,FHERNANDZ-R,-190,-220,7,7
812,PHI,CHAMELS-L,150,152,6.5,7
812,ATL,JTEHERAN-R,-170,-172,6.5,7
812,CIN,MLATOS-R,-140,-154,7,7.5
812,CUB,TWOOD-L,120,134,7,7.5
812,SDG,EVOLQUEZ-R,150,152,9.5,9.5
812,COL,JCHACIN-R,-170,-172,9.5,9.5
812,NYM,JMEJIA-R,170,180,7,7
812,LOS,RNOLASCO-R,-190,-210,7,7
812,OAK,DSTRAILY-R,-110,-118,9.5,9.5
812,TOR,JHAPP-L,-110,-102,9.5,9.5
812,TEX,YDARVISH-R,-220,-240,7.5,7.5
812,HOU,OBERHOLTZR-L,190,200,7.5,7.5
812,LAA,GRICHARDS-R,135,160,8,8
812,NYY,HKURODA-R,-155,-180,8,8
812,DET,DFISTER-R,-130,-130,7.5,7
812,CWS,CSALE-L,110,110,7.5,7
812,CLE,DSALAZAR-R,-110,-128,8,8
812,MIN,AALBERS-L,-110,108,8,8
812,MIA,TKOEHLER-R,170,195,8.5,8
812,KAN,WDAVIS-R,-190,-225,8.5,8
812,BAL,SFELDMAN-R,105,-107,8.5,8.5
812,ARI,WMILEY-L,-125,-113,8.5,8.5
813,SFO,BUMGARNER-L,100,112,6.5,7
813,WAS,GGONZALEZ-L,-120,-132,6.5,7
813,PHI,EMARTIN-R,210,245,8,8.5
813,ATL,KMEDLEN-R,-250,-285,8,8.5
813,CIN,HBAILEY-R,-140,-150,7,7
813,CUB,SAMARDZIJA-R,120,130,7,7
813,PIT,CMORTON-R,170,150,7.5,7
813,STL,WAINWRIGHT-R,-190,-170,7.5,7
813,SDG,ESTULTS-L,110,104,10,10
813,COL,JMANSHIP-R,-130,-124,10,10
813,NYM,MHARVEY-R,-105,110,6,6
813,LOS,HRYU-L,-115,-130,6,6
813,LAA,JVARGAS-L,130,130,8.5,8.5
813,NYY,CSABATHIA-L,-150,-150,8.5,8.5
813,BOS,RDEMPSTER-R,-125,-132,9.5,10
813,TOR,TREDMOND-R,105,112,9.5,10
813,SEA,ERAMIREZ-R,190,170,8,8
813,TAM,CARCHER-R,-220,-190,8,8
813,DET,MSCHERZER-R,-200,-210,7.5,7.5
813,CWS,HSANTIAGO-L,170,180,7.5,7.5
813,CLE,MCALLISTER-R,-105,102,8.5,8.5
813,MIN,SDEDUNO-R,-115,-122,8.5,8.5
813,HOU,JLYLES-R,250,255,7.5,8
813,OAK,BCOLON-R,-300,-295,7.5,8
813,MIL,MESTRADA-R,190,180,9,9
813,TEX,AOGANDO-R,-220,-210,9,9
813,MIA,JFERNANDZ-R,120,124,6.5,6.5
813,KAN,BCHEN-L,-140,-144,6.5,6.5
813,BAL,MGONZALEZ-R,-120,-116,9,8.5
813,ARI,RDELGADO-R,100,-104,9,8.5
814,CIN,BARROYO-R,-150,-150,8,8
814,CUB,CRUSIN-L,130,130,8,8
814,SDG,ACASHNER-R,135,130,9.5,9.5
814,COL,DELAROSA-L,-155,-150,9.5,9.5
814,SFO,TLINCECUM-R,130,132,7.5,7
814,WAS,ZIMMERMANN-R,-150,-152,7.5,7
814,PHI,JLANNAN-L,200,185,8,8
814,ATL,BBEACHY-R,-230,-215,8,8
814,PIT,FLIRIANO-L,115,103,7,6.5
814,STL,SMILLER-R,-135,-123,7,6.5
814,NYM,DGEE-R,150,160,7,7
814,LOS,CCAPUANO-L,-170,-180,7,7
814,CLE,CCARRASCO-R,-115,-113,8.5,9.5
814,MIN,KGIBSON-R,-105,-107,8.5,9.5
814,DET,RPORCELLO-R,-150,-174,9,8.5
814,CWS,JDANKS-L,130,154,9,8.5
814,LAA,JWEAVER-R,-110,106,7.5,7.5
814,NYY,INOVA-R,-110,-126,7.5,7.5
814,BOS,JLESTER-L,-130,-150,9.5,9.5
814,TOR,EROGERS-R,110,130,9.5,9.5
814,SEA,AHARANG-R,230,250,7,7
814,TAM,DPRICE-L,-270,-300,7,7
814,HOU,JCOSART-R,200,245,7.5,7.5
814,OAK,JPARKER-R,-240,-285,7.5,7.5
814,MIA,JTURNER-R,170,220,7.5,7
814,KAN,ESANTANA-R,-200,-260,7.5,7
814,BAL,CTILLMAN-R,110,100,8,7.5
814,ARI,PCORBIN-L,-130,-120,8,7.5
814,MIL,TTHORNBRG-R,200,215,8.5,8.5
814,TEX,MGARZA-R,-230,-255,8.5,8.5
815,PIT,ABURNETT-R,107,100,7.5,7
815,STL,LLYNN-R,-127,-120,7.5,7
815,SFO,VOGELSONG-R,128,142,8,8
815,WAS,DHAREN-R,-148,-162,8,8
815,CIN,TCINGRANI-L,-130,-142,7.5,7.5
815,MIL,KLOHSE-R,110,122,7.5,7.5
815,NYM,ZWHEELER-R,117,120,7,6.5
815,SDG,TROSS-R,-137,-140,7,6.5
815,LAA,CWILSON-L,-115,-114,9,8.5
815,NYY,PHUGHES-R,-105,-106,9,8.5
815,HOU,EBEDARD-L,170,230,8,7.5
815,OAK,SGRAY-R,-200,-270,8,7.5
815,KAN,JGUTHRIE-R,170,170,8.5,8
815,DET,ASANCHEZ-R,-190,-190,8.5,8
815,BOS,JPEAVY-R,-140,-125,9,9
815,TOR,MBUEHRLE-L,120,105,9,9
815,SEA,JSAUNDERS-L,185,195,8.5,8
815,TAM,ACOBB-R,-215,-225,8.5,8
815,CWS,ARIENZO-R,125,117,8.5,8.5
815,MIN,MPELFREY-R,-145,-137,8.5,8.5
816,STL,WESTBROOK-R,-150,-135,8.5,8.5
816,CUB,JARRIETA-R,130,115,8.5,8.5
816,ARI,BMCCARTHY-R,125,140,7.5,7
816,PIT,GCOLE-R,-145,-160,7.5,7
816,LOS,ZGREINKE-R,-120,-120,7,7
816,PHI,CLEE-L,100,100,7,7
816,SFO,CGAUDIN-R,-110,-112,7,6.5
816,MIA,NEOVALDI-R,-110,-108,7,6.5
816,WAS,TJORDAN-R,155,170,7.5,7.5
816,ATL,AWOOD-L,-175,-190,7.5,7.5
816,CIN,MLEAKE-R,-145,-140,8,7.5
816,MIL,GORZELANNY-L,125,120,8,7.5
816,NYM,JNIESE-L,130,124,7,7
816,SDG,IKENNEDY-R,-150,-144,7,7
816,KAN,DDUFFY-L,139,205,7.5,8.5
816,DET,VERLANDER-R,-159,-245,7.5,8.5
816,KAN,JSHIELDS-R,-114,-105,8.5,8.5
816,DET,JALVAREZ-L,-106,-105,8.5,8.5
816,NYY,APETTITTE-L,175,161,9,9
816,BOS,FDOUBRONT-L,-195,-181,9,9
816,TOR,RDICKEY-R,120,124,8,7.5
816,TAM,HELLICKSON-R,-140,-144,8,7.5
816,SEA,HIWAKUMA-R,150,160,8.5,8
816,TEX,DHOLLAND-L,-170,-180,8.5,8
816,CWS,JQUINTANA-L,105,-103,8.5,8
816,MIN,KCORREIA-R,-125,-117,8.5,8
816,CLE,MASTERSON-R,110,115,7,7
816,OAK,AGRIFFIN-R,-130,-135,7,7
816,HOU,BPEACOCK-R,150,160,9,9
816,LAA,JWILLIAMS-R,-170,-180,9,9
816,COL,JNICASIO-R,170,162,9,8.5
816,BAL,WCHEN-L,-190,-182,9,8.5
817,STL,JKELLY-R,-145,-129,8,8
817,CUB,TWOOD-L,125,109,8,8
817,SFO,MCAIN-R,-128,-139,7,7
817,MIA,HALVAREZ-R,108,119,7,7
817,ARI,TCAHILL-R,143,148,7.5,7.5
817,PIT,JLOCKE-L,-163,-168,7.5,7.5
817,LOS,CKERSHAW-L,-195,-245,7.5,7
817,PHI,KKENDRICK-R,175,205,7.5,7
817,CIN,MLATOS-R,-140,-164,8,8
817,MIL,YGALLARDO-R,120,144,8,8
817,WAS,STRASBURG-R,105,100,7,6.5
817,ATL,MMINOR-L,-125,-120,7,6.5
817,NYM,JMEJIA-R,105,-114,7.5,7
817,SDG,EVOLQUEZ-R,-125,-106,7.5,7
817,NYY,HKURODA-R,114,104,8.5,8.5
817,BOS,JLACKEY-R,-134,-124,8.5,8.5
817,KAN,WDAVIS-R,172,175,9,8.5
817,DET,DFISTER-R,-192,-195,9,8.5
817,TOR,JHAPP-L,130,134,8.5,8.5
817,TAM,RHERNANDZ-R,-150,-154,8.5,8.5
817,CWS,CSALE-L,-114,-128,7,7
817,MIN,AALBERS-L,-106,108,7,7
817,SEA,FHERNANDZ-R,-110,-105,8,8
817,TEX,MPEREZ-L,-110,-115,8,8
817,HOU,DKEUCHEL-L,172,190,8.5,8.5
817,LAA,GRICHARDS-R,-192,-220,8.5,8.5
817,CLE,UJIMENEZ-R,115,130,8,8
817,OAK,DSTRAILY-R,-135,-150,8,8
817,COL,CBETTIS-R,163,185,9,9
817,BAL,BNORRIS-R,-183,-215,9,9
818,SFO,BUMGARNER-L,-170,-160,7,7
818,MIA,TKOEHLER-R,150,140,7,7
818,LOS,RNOLASCO-R,-115,-110,8,7.5
818,PHI,CHAMELS-L,-105,-110,8,7.5
818,ARI,WMILEY-L,105,113,7.5,7
818,PIT,CMORTON-R,-125,-133,7.5,7
818,WAS,GGONZALEZ-L,125,109,7.5,7
818,ATL,JTEHERAN-R,-145,-129,7.5,7
818,CIN,HBAILEY-R,-140,-165,8,8
818,MIL,WPERALTA-R,120,145,8,8
818,STL,WAINWRIGHT-R,-175,-184,7,7.5
818,CUB,EJACKSON-R,155,164,7,7.5
818,NYM,MHARVEY-R,-140,-150,6,6.5
818,SDG,ESTULTS-L,120,130,6,6.5
818,KAN,BCHEN-L,160,170,7.5,7.5
818,DET,MSCHERZER-R,-180,-190,7.5,7.5
818,TOR,TREDMOND-R,140,137,8,8
818,TAM,CARCHER-R,-160,-157,8,8
818,CWS,HSANTIAGO-L,110,110,8,8
818,MIN,SDEDUNO-R,-130,-130,8,8
818,SEA,ERAMIREZ-R,240,240,8.5,8
818,TEX,YDARVISH-R,-280,-280,8.5,8
818,HOU,OBERHOLTZR-L,150,164,8,8.5
818,LAA,JVARGAS-L,-170,-184,8,8.5
818,CLE,SKAZMIR-L,130,115,7.5,8.5
818,OAK,BCOLON-R,-150,-135,7.5,8.5
818,NYY,CSABATHIA-L,115,101,9.5,9.5
818,BOS,RDEMPSTER-R,-135,-121,9.5,9.5
818,COL,JCHACIN-R,130,135,8.5,8
818,BAL,SFELDMAN-R,-150,-155,8.5,8
819,COL,JMANSHIP-R,100,108,9.5,9
819,PHI,EMARTIN-R,-120,-128,9.5,9
819,ARI,RDELGADO-R,150,148,8.5,8
819,CIN,BARROYO-R,-170,-168,8.5,8
819,LOS,HRYU-L,-125,-129,6.5,6.5
819,MIA,JFERNANDZ-R,105,109,6.5,6.5
819,WAS,ZIMMERMANN-R,-145,-152,8,9
819,CUB,SAMARDZIJA-R,125,132,8,9
819,STL,SMILLER-R,-120,-159,8,8
819,MIL,MESTRADA-R,100,139,8,8
819,PIT,FLIRIANO-L,-150,-142,6.5,6.5
819,SDG,ACASHNER-R,130,122,6.5,6.5
819,TAM,DPRICE-L,-135,-129,7.5,7.5
819,BAL,CTILLMAN-R,115,109,7.5,7.5
819,HOU,LHARRELL-R,270,260,9,9
819,TEX,MGARZA-R,-320,-310,9,9
819,SEA,AHARANG-R,175,175,8,8
819,OAK,JPARKER-R,-195,-205,8,8
819,CLE,MCALLISTER-R,140,114,7.5,7.5
819,LAA,JWEAVER-R,-160,-134,7.5,7.5
819,NYM,DGEE-R,-110,113,8.5,8.5
819,MIN,KGIBSON-R,-110,-133,8.5,8.5
819,BOS,JLESTER-L,-125,-123,7,7
819,SFO,TLINCECUM-R,105,103,7,7
820,COL,DELAROSA-L,-108,-109,8.5,8.5
820,PHI,TCLOYD-R,-112,-111,8.5,8.5
820,LOS,CCAPUANO-L,-140,-140,7.5,7.5
820,MIA,JTURNER-R,120,120,7.5,7.5
820,ATL,BBEACHY-R,-137,-155,7.5,7
820,NYM,ZWHEELER-R,117,135,7.5,7
820,ARI,PCORBIN-L,122,120,7.5,7
820,CIN,TCINGRANI-L,-142,-140,7.5,7
820,WAS,DHAREN-R,-125,-139,9,9
820,CUB,CRUSIN-L,105,119,9,9
820,STL,LLYNN-R,-133,-133,7.5,8.5
820,MIL,KLOHSE-R,113,113,7.5,8.5
820,PIT,ABURNETT-R,-115,-127,6.5,6
820,SDG,TROSS-R,-105,107,6.5,6
820,TOR,EROGERS-R,147,175,8.5,9
820,NYY,INOVA-R,-167,-205,8.5,9
820,TOR,MBUEHRLE-L,100,115,9,9
820,NYY,PHUGHES-R,-120,-135,9,9
820,MIN,MPELFREY-R,178,185,9,9
820,DET,RPORCELLO-R,-208,-215,9,9
820,TAM,ACOBB-R,-105,-109,8.5,8.5
820,BAL,MGONZALEZ-R,-115,-111,8.5,8.5
820,HOU,JCOSART-R,173,200,9.5,9
820,TEX,TBLACKLEY-L,-203,-230,9.5,9
820,CWS,JDANKS-L,150,170,8,7.5
820,KAN,ESANTANA-R,-170,-200,8,7.5
820,CLE,DSALAZAR-R,-105,-107,7.5,7.5
820,LAA,CWILSON-L,-115,-113,7.5,7.5
820,SEA,JSAUNDERS-L,172,185,8,8.5
820,OAK,SGRAY-R,-192,-215,8,8.5
820,BOS,JPEAVY-R,-148,-167,7.5,7
820,SFO,VOGELSONG-R,128,147,7.5,7
821,ATL,AWOOD-L,-145,-140,7,7
821,NYM,JNIESE-L,125,120,7,7
821,STL,WESTBROOK-R,-130,-116,8.5,9.5
821,MIL,GORZELANNY-L,110,-104,8.5,9.5
821,PIT,GCOLE-R,-130,-136,7,7
821,SDG,IKENNEDY-R,110,116,7,7
821,COL,JNICASIO-R,150,158,7.5,7.5
821,PHI,CLEE-L,-170,-178,7.5,7.5
821,ARI,BMCCARTHY-R,155,133,8.5,8.5
821,CIN,MLEAKE-R,-175,-153,8.5,8.5
821,LOS,ZGREINKE-R,-175,-205,7,7
821,MIA,NEOVALDI-R,155,175,7,7
821,WAS,ROHLENDRF-R,-115,-110,9,9.5
821,CUB,JARRIETA-R,-105,-110,9,9.5
821,SEA,HIWAKUMA-R,125,130,7.5,7.5
821,OAK,AGRIFFIN-R,-145,-150,7.5,7.5
821,TOR,RDICKEY-R,105,100,9,9
821,NYY,AWARREN-R,-125,-120,9,9
821,TAM,HELLICKSON-R,105,105,8.5,8.5
821,BAL,WCHEN-L,-125,-125,8.5,8.5
821,MIN,KCORREIA-R,230,255,8.5,8
821,DET,ASANCHEZ-R,-270,-295,8.5,8
821,CLE,MASTERSON-R,-135,-157,8,8.5
821,LAA,JWILLIAMS-R,115,137,8,8.5
821,HOU,EBEDARD-L,260,300,8.5,8.5
821,TEX,DHOLLAND-L,-310,-360,8.5,8.5
821,CWS,ARIENZO-R,150,156,8.5,8
821,KAN,JGUTHRIE-R,-170,-176,8.5,8
821,BOS,FDOUBRONT-L,-130,-164,7.5,7.5
821,SFO,BZITO-L,110,144,7.5,7.5
822,ARI,TCAHILL-R,150,180,8,8
822,CIN,MLATOS-R,-170,-210,8,8
822,LOS,CKERSHAW-L,-240,-277,6,6
822,MIA,HALVAREZ-R,200,237,6,6
822,WAS,STRASBURG-R,-165,-170,7,7.5
822,CUB,TWOOD-L,145,150,7,7.5
822,COL,CBETTIS-R,115,115,9,9
822,PHI,KKENDRICK-R,-135,-135,9,9
822,ATL,PMAHOLM-L,125,131,8,8.5
822,STL,JKELLY-R,-145,-151,8,8.5
822,PIT,JLOCKE-L,105,101,7,7
822,SFO,MCAIN-R,-125,-121,7,7
822,TOR,JHAPP-L,155,138,9,9
822,NYY,APETTITTE-L,-175,-158,9,9
822,MIN,AALBERS-L,200,250,8,7.5
822,DET,VERLANDER-R,-240,-290,8,7.5
822,CWS,JQUINTANA-L,150,161,7.5,7.5
822,KAN,JSHIELDS-R,-170,-181,7.5,7.5
823,ARI,WMILEY-L,100,-105,7.5,7
823,PHI,CHAMELS-L,-120,-115,7.5,7
823,COL,JCHACIN-R,-145,-137,7.5,7.5
823,MIA,TKOEHLER-R,125,117,7.5,7.5
823,MIL,YGALLARDO-R,170,190,8,8
823,CIN,HBAILEY-R,-190,-220,8,8
823,ATL,KMEDLEN-R,155,130,7,7
823,STL,WAINWRIGHT-R,-175,-150,7,7
823,CUB,EJACKSON-R,110,108,7.5,7
823,SDG,EVOLQUEZ-R,-130,-128,7.5,7
823,PIT,CMORTON-R,130,112,6.5,6.5
823,SFO,BUMGARNER-L,-150,-132,6.5,6.5
823,MIN,SDEDUNO-R,140,150,8.5,8.5
823,CLE,UJIMENEZ-R,-160,-170,8.5,8.5
823,OAK,DSTRAILY-R,110,105,9,9
823,BAL,BNORRIS-R,-130,-125,9,9
823,NYY,HKURODA-R,100,-112,7.5,7
823,TAM,CARCHER-R,-120,-108,7.5,7
823,TOR,TREDMOND-R,-140,-150,8.5,9
823,HOU,JLYLES-R,120,130,8.5,9
823,TEX,MPEREZ-L,100,102,7.5,7
823,CWS,CSALE-L,-120,-122,7.5,7
823,LAA,GRICHARDS-R,155,154,7,7
823,SEA,FHERNANDZ-R,-175,-174,7,7
823,DET,DFISTER-R,-160,-205,7.5,8
823,NYM,DMATSUZAK-R,140,175,7.5,8
823,WAS,GGONZALEZ-L,-105,-110,7,7.5
823,KAN,BCHEN-L,-115,-110,7,7.5
823,BOS,JLACKEY-R,100,-109,7.5,7.5
823,LOS,RNOLASCO-R,-120,-111,7.5,7.5
824,ARI,RDELGADO-R,-108,-117,8.5,8
824,PHI,EMARTIN-R,-112,-103,8.5,8
824,MIL,WPERALTA-R,170,181,8.5,8.5
824,CIN,BARROYO-R,-190,-211,8.5,8.5
824,COL,JMANSHIP-R,170,164,7,7
824,MIA,JFERNANDZ-R,-190,-184,7,7
824,ATL,JTEHERAN-R,113,109,7.5,7.5
824,STL,SMILLER-R,-133,-129,7.5,7.5
824,CUB,SAMARDZIJA-R,100,103,7,7
824,SDG,ESTULTS-L,-120,-123,7,7
824,PIT,FLIRIANO-L,-125,-150,6.5,6.5
824,SFO,TLINCECUM-R,105,130,6.5,6.5
824,OAK,JPARKER-R,122,100,9,8.5
824,BAL,CTILLMAN-R,-142,-120,9,8.5
824,MIN,LHENDRIKS-R,160,164,8.5,8.5
824,CLE,MCALLISTER-R,-180,-184,8.5,8.5
824,NYY,CSABATHIA-L,145,149,7.5,7
824,TAM,DPRICE-L,-165,-169,7.5,7
824,TOR,CWANG-R,-112,-112,9.5,9.5
824,HOU,BPEACOCK-R,-108,-108,9.5,9.5
824,TEX,YDARVISH-R,-190,-215,7.5,7
824,CWS,HSANTIAGO-L,170,185,7.5,7
824,LAA,JVARGAS-L,110,-104,8,8
824,SEA,ERAMIREZ-R,-130,-116,8,8
824,DET,MSCHERZER-R,-120,-138,6,6
824,NYM,MHARVEY-R,100,118,6,6
824,BOS,JLESTER-L,-105,105,7,7
824,LOS,HRYU-L,-115,-125,7,7
824,WAS,ZIMMERMANN-R,-110,-115,8,8.5
824,KAN,WDAVIS-R,-110,-105,8,8.5
825,MIL,MESTRADA-R,175,135,7.5,9
825,CIN,GREYNOLDS-R,-205,-155,7.5,9
825,COL,DELAROSA-L,-120,-110,7.5,7
825,MIA,JTURNER-R,100,-110,7.5,7
825,ARI,PCORBIN-L,-150,-155,8,7.5
825,PHI,RHALLADAY-R,130,135,8,7.5
825,ATL,MMINOR-L,115,-101,7.5,7.5
825,STL,LLYNN-R,-135,-119,7.5,7.5
825,PIT,ABURNETT-R,-135,-137,7.5,7.5
825,SFO,VOGELSONG-R,115,117,7.5,7.5
825,CUB,CRUSIN-L,135,124,7,7
825,SDG,ACASHNER-R,-155,-144,7,7
825,MIN,MPELFREY-R,160,150,8.5,8.5
825,CLE,SKAZMIR-L,-180,-170,8.5,8.5
825,OAK,SGRAY-R,105,-105,9,8.5
825,BAL,SFELDMAN-R,-125,-105,9,8.5
825,NYY,INOVA-R,125,130,7.5,7
825,TAM,ACOBB-R,-145,-150,7.5,7
825,TOR,MBUEHRLE-L,-145,-153,8.5,8.5
825,HOU,DKEUCHEL-L,125,133,8.5,8.5
825,TEX,MGARZA-R,-155,-155,8.5,8.5
825,CWS,JDANKS-L,135,135,8.5,8.5
825,LAA,JWEAVER-R,-135,-142,7.5,7.5
825,SEA,AHARANG-R,115,122,7.5,7.5
825,DET,RPORCELLO-R,-140,-155,7.5,7.5
825,NYM,DGEE-R,120,135,7.5,7.5
825,WAS,DHAREN-R,100,103,8,8.5
825,KAN,ESANTANA-R,-120,-123,8,8.5
825,BOS,JPEAVY-R,-115,-116,8,8
825,LOS,CCAPUANO-L,-105,-104,8,8
826,CIN,MLEAKE-R,-110,-106,8,9
826,STL,TLYONS-L,-110,-114,8,9
826,PHI,CLEE-L,-117,-137,7,7
826,NYM,ZWHEELER-R,-103,117,7,7
826,SFO,BZITO-L,144,122,10.5,10.5
826,COL,JNICASIO-R,-164,-142,10.5,10.5
826,SDG,TROSS-R,120,103,8.5,8.5
826,ARI,BMCCARTHY-R,-140,-123,8.5,8.5
826,CUB,JARRIETA-R,210,250,7,7
826,LOS,ZGREINKE-R,-250,-300,7,7
826,OAK,AGRIFFIN-R,145,147,8,8.5
826,DET,ASANCHEZ-R,-165,-167,8,8.5
826,NYY,PHUGHES-R,-110,-112,9,8.5
826,TOR,RDICKEY-R,-110,-108,9,8.5
826,HOU,BOBERHOLT-L,130,136,8.5,9
826,CWS,ARIENZO-R,-150,-156,8.5,9
826,TEX,TBLACKLEY-L,-137,-134,8,8.5
826,SEA,JSAUNDERS-L,117,114,8,8.5
826,TAM,HELLICKSON-R,-115,-111,8.5,9
826,KAN,JGUTHRIE-R,-105,-109,8.5,9
827,MIA,NEOVALDI-R,144,144,7.5,8.5
827,WAS,ROHLENDRF-R,-164,-164,7.5,8.5
827,MIL,KLOHSE-R,132,116,7.5,7.5
827,PIT,JLOCKE-L,-152,-136,7.5,7.5
827,PHI,KKENDRICK-R,117,112,7.5,7.5
827,NYM,JNIESE-L,-137,-132,7.5,7.5
827,CIN,MLATOS-R,-108,-122,7.5,8
827,STL,JKELLY-R,-112,102,7.5,8
827,SFO,YPETIT-R,100,100,10.5,10.5
827,COL,CBETTIS-R,-120,-120,10.5,10.5
827,SDG,IKENNEDY-R,-104,-102,9,9
827,ARI,DHOLMBERG-L,-116,-118,9,9
827,CUB,TWOOD-L,250,305,5.5,6.5
827,LOS,CKERSHAW-L,-290,-365,5.5,6.5
827,NYY,APETTITTE-L,-115,-124,9,9
827,TOR,JHAPP-L,-105,104,9,9
827,OAK,TMILONE-L,174,147,8.5,8.5
827,DET,VERLANDER-R,-194,-167,8.5,8.5
827,LAA,CWILSON-L,113,113,8,7.5
827,TAM,RHERNANDZ-R,-133,-133,8,7.5
827,BAL,WCHEN-L,117,106,9,8.5
827,BOS,FDOUBRONT-L,-137,-126,9,8.5
827,KAN,JSHIELDS-R,-144,-167,8,8.5
827,MIN,KCORREIA-R,124,147,8,8.5
827,HOU,PCLEMENS-R,179,210,8.5,9
827,CWS,JQUINTANA-L,-199,-250,8.5,9
827,TEX,DHOLLAND-L,-106,-139,7,7
827,SEA,HIWAKUMA-R,-114,119,7,7
827,CLE,DSALAZAR-R,117,110,7.5,7
827,ATL,AWOOD-L,-137,-130,7.5,7
828,CUB,EJACKSON-R,200,201,7.5,8
828,LOS,RNOLASCO-R,-240,-231,7.5,8
828,MIA,HALVAREZ-R,215,220,7,7
828,WAS,STRASBURG-R,-255,-260,7,7
828,MIL,GORZELANNY-L,140,137,7.5,7.5
828,PIT,CMORTON-R,-160,-157,7.5,7.5
828,PHI,CHAMELS-L,-160,-164,7.5,7.5
828,NYM,DMATSUZAK-R,140,144,7.5,7.5
828,CIN,HBAILEY-R,140,124,8,7.5
828,STL,WAINWRIGHT-R,-160,-144,8,7.5
828,SFO,BUMGARNER-L,-105,-115,9,9
828,COL,JCHACIN-R,-115,-105,9,9
828,SDG,RERLIN-L,155,170,9,9
828,ARI,WMILEY-L,-175,-190,9,9
828,TEX,MPEREZ-L,115,-104,7,7
828,SEA,FHERNANDZ-R,-135,-116,7,7
828,OAK,DSTRAILY-R,155,147,9,9
828,DET,DFISTER-R,-175,-167,9,9
828,NYY,HKURODA-R,-145,-153,8.5,8.5
828,TOR,TREDMOND-R,125,133,8.5,8.5
828,BAL,BNORRIS-R,135,160,9.5,9.5
828,BOS,JLACKEY-R,-155,-180,9.5,9.5
828,LAA,GRICHARDS-R,155,160,7.5,7.5
828,TAM,CARCHER-R,-175,-180,7.5,7.5
828,KAN,DDUFFY-L,-125,-120,9,8.5
828,MIN,AALBERS-L,105,100,9,8.5
828,HOU,JCOSART-R,190,200,7.5,7.5
828,CWS,CSALE-L,-220,-240,7.5,7.5
828,CLE,MASTERSON-R,105,-113,7.5,7
828,ATL,PMAHOLM-L,-125,-107,7.5,7
829,PHI,EMARTIN-R,110,-111,8,7.5
829,NYM,CTORRES-R,-130,-109,8,7.5
829,MIA,TKOEHLER-R,200,200,7.5,7.5
829,WAS,GGONZALEZ-L,-230,-230,7.5,7.5
829,MIL,YGALLARDO-R,145,149,7.5,7.5
829,PIT,GCOLE-R,-165,-169,7.5,7.5
829,OAK,BCOLON-R,170,185,7.5,7.5
829,DET,MSCHERZER-R,-200,-215,7.5,7.5
829,LAA,JVARGAS-L,125,145,8.5,8.5
829,TAM,JODORIZZI-R,-145,-165,8.5,8.5
829,KAN,BCHEN-L,-125,-135,8,8
829,MIN,SDEDUNO-R,105,115,8,8
829,BAL,CTILLMAN-R,135,130,9,8.5
829,BOS,JLESTER-L,-155,-150,9,8.5
829,SEA,ERAMIREZ-R,-145,-143,9,9
829,HOU,JLYLES-R,125,123,9,9
829,CLE,UJIMENEZ-R,130,120,8,7.5
829,ATL,KMEDLEN-R,-150,-140,8,7.5
830,PHI,RHALLADAY-R,-110,110,9,9.5
830,CUB,SAMARDZIJA-R,-110,-130,9,9.5
830,STL,SMILLER-R,105,109,7,7
830,PIT,FLIRIANO-L,-125,-129,7,7
830,NYM,DGEE-R,155,180,7,7.5
830,WAS,ZIMMERMANN-R,-175,-210,7,7.5
830,MIA,JFERNANDZ-R,120,124,6.5,6.5
830,ATL,JTEHERAN-R,-140,-144,6.5,6.5
830,CIN,BARROYO-R,-150,-136,10,10
830,COL,DELAROSA-L,130,116,10,10
830,SFO,TLINCECUM-R,105,111,8.5,8.5
830,ARI,RDELGADO-R,-125,-131,8.5,8.5
830,SDG,ESTULTS-L,185,200,7,7
830,LOS,HRYU-L,-215,-240,7,7
830,CLE,MCALLISTER-R,130,132,9,9.5
830,DET,RPORCELLO-R,-150,-152,9,9.5
830,KAN,ESANTANA-R,-115,-118,8.5,8.5
830,TOR,MBUEHRLE-L,-105,-102,8.5,8.5
830,BAL,MGONZALEZ-R,110,112,9,8.5
830,NYY,CSABATHIA-L,-130,-132,9,8.5
830,CWS,HSANTIAGO-L,170,160,9.5,9.5
830,BOS,RDEMPSTER-R,-190,-180,9.5,9.5
830,MIN,LHENDRIKS-R,270,315,8,9
830,TEX,YDARVISH-R,-320,-375,8,9
830,SEA,TWALKER-R,-115,-136,9,9
830,HOU,BPEACOCK-R,-105,116,9,9
830,TAM,DPRICE-L,-125,-114,6.5,6.5
830,OAK,JPARKER-R,105,-106,6.5,6.5
830,LAA,JWEAVER-R,-130,-130,8,8.5
830,MIL,WPERALTA-R,110,110,8,8.5
831,PHI,CLEE-L,-145,-158,7,7
831,CUB,CRUSIN-L,125,138,7,7
831,NYM,ZWHEELER-R,135,161,7.5,7.5
831,WAS,DHAREN-R,-155,-181,7.5,7.5
831,STL,LLYNN-R,110,110,7.5,7.5
831,PIT,ABURNETT-R,-130,-130,7.5,7.5
831,MIA,JTURNER-R,200,205,7,7
831,ATL,MMINOR-L,-240,-245,7,7
831,CIN,GREYNOLDS-R,-110,-105,10.5,10.5
831,COL,JNICASIO-R,-110,-115,10.5,10.5
831,SFO,VOGELSONG-R,120,113,8.5,8.5
831,ARI,TCAHILL-R,-140,-133,8.5,8.5
831,SDG,ACASHNER-R,135,146,7.5,7.5
831,LOS,CCAPUANO-L,-155,-166,7.5,7.5
831,KAN,JGUTHRIE-R,110,-105,8.5,8.5
831,TOR,RDICKEY-R,-130,-115,8.5,8.5
831,BAL,SFELDMAN-R,100,119,9,9
831,NYY,INOVA-R,-120,-139,9,9
831,CLE,SKAZMIR-L,160,152,8.5,8.5
831,DET,ASANCHEZ-R,-180,-172,8.5,8.5
831,CWS,JDANKS-L,180,200,8.5,8.5
831,BOS,JPEAVY-R,-210,-240,8.5,8.5
831,SEA,JSAUNDERS-L,-115,100,9,9
831,HOU,DKEUCHEL-L,-105,-120,9,9
831,MIN,MPELFREY-R,210,210,9,9
831,TEX,MGARZA-R,-250,-250,9,9
831,TAM,ACOBB-R,110,-110,7,7
831,OAK,SGRAY-R,-130,-110,7,7
831,LAA,JWILLIAMS-R,130,112,8.5,8.5
831,MIL,MESTRADA-R,-150,-132,8.5,8.5
901,STL,JKELLY-R,-110,-117,8,8
901,PIT,KJOHNSON-L,-110,-103,8,8
901,PHI,KKENDRICK-R,-110,103,9,9
901,CUB,JARRIETA-R,-110,-123,9,9
901,CIN,MLEAKE-R,-120,-124,10,10
901,COL,TCHATWOOD-R,100,104,10,10
901,SDG,TROSS-R,200,210,7,7
901,LOS,ZGREINKE-R,-240,-250,7,7
901,SFO,YPETIT-R,145,160,8,8
901,ARI,PCORBIN-L,-165,-180,8,8
901,MIA,NEOVALDI-R,200,210,7.5,7
901,ATL,AWOOD-L,-240,-250,7.5,7
901,NYM,JNIESE-L,130,134,7.5,8
901,WAS,ROHLENDRF-R,-150,-154,7.5,8
901,CLE,DSALAZAR-R,135,150,8.5,8.5
901,DET,VERLANDER-R,-155,-170,8.5,8.5
901,KAN,JSHIELDS-R,-145,-155,8.5,8.5
901,TOR,JHAPP-L,125,135,8.5,8.5
901,BAL,WCHEN-L,-110,105,9,8.5
901,NYY,APETTITTE-L,-110,-125,9,8.5
901,CWS,ARIENZO-R,200,220,9.5,9.5
901,BOS,FDOUBRONT-L,-240,-260,9.5,9.5
901,SEA,HIWAKUMA-R,-140,-154,8,8
901,HOU,BOBERHOLT-L,120,134,8,8
901,MIN,KCORREIA-R,180,200,9.5,9.5
901,TEX,TBLACKLEY-L,-210,-230,9.5,9.5
901,TAM,JWRIGHT-R,130,107,8,8
901,OAK,AGRIFFIN-R,-150,-127,8,8
901,LAA,CWILSON-L,110,-112,8,8
901,MIL,KLOHSE-R,-130,-108,8,8
902,NYM,DMATSUZAK-R,175,210,8.5,8.5
902,ATL,PMAHOLM-L,-205,-250,8.5,8.5
902,STL,WAINWRIGHT-R,100,-103,7.5,7.5
902,CIN,MLATOS-R,-120,-117,7.5,7.5
902,PIT,CMORTON-R,-130,-152,8.5,8.5
902,MIL,TTHORNBRG-R,110,132,8.5,8.5
902,MIA,HALVAREZ-R,130,123,7,7
902,CUB,TWOOD-L,-150,-143,7,7
902,SFO,BZITO-L,140,118,8,8
902,SDG,IKENNEDY-R,-160,-138,8,8
902,LOS,CKERSHAW-L,-205,-250,8.5,9
902,COL,CBETTIS-R,175,210,8.5,9
902,WAS,STRASBURG-R,-120,-134,6.5,7
902,PHI,CHAMELS-L,100,114,6.5,7
902,CWS,JQUINTANA-L,130,134,8.5,8.5
902,NYY,PHUGHES-R,-150,-154,8.5,8.5
902,DET,DFISTER-R,120,130,9,9
902,BOS,JLACKEY-R,-140,-150,9,9
902,SEA,FHERNANDZ-R,-120,-107,7.5,7
902,KAN,DDUFFY-L,100,-113,7.5,7
902,MIN,AALBERS-L,-130,-120,8.5,8.5
902,HOU,PCLEMENS-R,110,100,8.5,8.5
902,BAL,BNORRIS-R,130,100,8.5,8
902,CLE,MASTERSON-R,-150,-120,8.5,8
902,TEX,DHOLLAND-L,-115,-105,8,7.5
902,OAK,DSTRAILY-R,-105,-105,8,7.5
902,TAM,CARCHER-R,-135,-142,7.5,8
902,LAA,GRICHARDS-R,115,122,7.5,8
902,TOR,EROGERS-R,140,134,9,9
902,ARI,BMCCARTHY-R,-160,-154,9,9
903,WAS,GGONZALEZ-L,-150,-180,8,8.5
903,PHI,EMARTIN-R,130,160,8,8.5
903,STL,MWACHA-R,130,115,8.5,8
903,CIN,HBAILEY-R,-150,-135,8.5,8
903,NYM,CTORRES-R,175,220,7,7.5
903,ATL,KMEDLEN-R,-205,-260,7,7.5
903,MIA,TKOEHLER-R,140,120,8,8
903,CUB,EJACKSON-R,-160,-140,8,8
903,PIT,GCOLE-R,-125,-118,8,8
903,MIL,YGALLARDO-R,105,-102,8,8
903,LOS,RNOLASCO-R,-130,-107,9,9
903,COL,JCHACIN-R,110,-113,9,9
903,SFO,BUMGARNER-L,-150,-154,7,7
903,SDG,RERLIN-L,130,134,7,7
903,BAL,CTILLMAN-R,-120,-127,8.5,8
903,CLE,UJIMENEZ-R,100,107,8.5,8
903,CWS,CSALE-L,125,130,7.5,7
903,NYY,HKURODA-R,-145,-150,7.5,7
903,DET,MSCHERZER-R,-110,-113,8.5,8
903,BOS,JLESTER-L,-110,-107,8.5,8
903,SEA,ERAMIREZ-R,145,150,8,8
903,KAN,BCHEN-L,-165,-170,8,8
903,MIN,PHERNANDE-L,110,-102,8.5,8.5
903,HOU,JCOSART-R,-130,-118,8.5,8.5
903,TAM,MMOORE-L,-135,-130,7.5,7.5
903,LAA,JVARGAS-L,115,110,7.5,7.5
903,TEX,MPEREZ-L,115,110,7.5,7.5
903,OAK,BCOLON-R,-135,-130,7.5,7.5
903,TOR,TREDMOND-R,145,132,8.5,8.5
903,ARI,WMILEY-L,-165,-152,8.5,8.5
904,NYM,DGEE-R,140,111,8,8
904,ATL,KLOE-R,-160,-131,8,8
904,MIA,BFLYNN-L,145,134,8,8
904,CUB,SAMARDZIJA-R,-165,-154,8,8
904,SFO,TLINCECUM-R,-106,-108,7,7
904,SDG,ESTULTS-L,-114,-112,7,7
904,WAS,ZIMMERMANN-R,-129,-152,8,8.5
904,PHI,RHALLADAY-R,109,132,8,8.5
904,STL,SMILLER-R,-102,-107,8,8
904,CIN,BARROYO-R,-118,-113,8,8
904,PIT,FLIRIANO-L,-152,-165,7.5,7.5
904,MIL,WPERALTA-R,132,145,7.5,7.5
904,LOS,EVOLQUEZ-R,-105,116,10,10
904,COL,DELAROSA-L,-115,-136,10,10
904,MIN,LHENDRIKS-R,-110,-106,8.5,8.5
904,HOU,JLYLES-R,-110,-114,8.5,8.5
904,TEX,YDARVISH-R,-120,-126,7,6.5
904,OAK,JPARKER-R,100,106,7,6.5
904,CWS,EJOHNSON-R,162,173,8.5,9
904,NYY,CSABATHIA-L,-182,-203,8.5,9
904,BAL,ZBRITTON-L,-105,-107,8.5,9
904,CLE,MCALLISTER-R,-115,-113,8.5,9
904,DET,RPORCELLO-R,109,-101,10,9.5
904,BOS,RDEMPSTER-R,-129,-119,10,9.5
904,SEA,TWALKER-R,148,148,8.5,8
904,KAN,ESANTANA-R,-168,-168,8.5,8
904,TAM,HELLICKSON-R,113,115,7.5,8
904,LAA,JWEAVER-R,-133,-135,7.5,8
904,TOR,MBUEHRLE-L,110,100,8,8
904,ARI,RDELGADO-R,-130,-120,8,8
905,STL,LLYNN-R,121,130,8,8
905,CIN,TCINGRANI-L,-141,-150,8,8
905,ARI,TCAHILL-R,-107,-109,7,7
905,SFO,VOGELSONG-R,-113,-111,7,7
905,SEA,JSAUNDERS-L,143,160,9,9
905,KAN,JGUTHRIE-R,-163,-180,9,9
905,BOS,JPEAVY-R,-110,-111,8,8
905,NYY,INOVA-R,-110,-109,8,8
905,CWS,JQUINTANA-L,140,145,9,8.5
905,BAL,MGONZALEZ-R,-160,-165,9,8.5
905,TAM,DPRICE-L,-163,-200,7.5,7.5
905,LAA,JWILLIAMS-R,143,170,7.5,7.5
905,HOU,BPEACOCK-R,208,250,7.5,8
905,OAK,SGRAY-R,-248,-300,7.5,8
906,MIL,KLOHSE-R,-120,-121,8.5,8.5
906,CUB,CRUSIN-L,100,101,8.5,8.5
906,ATL,MMINOR-L,-115,-117,7,7
906,PHI,CLEE-L,-105,-103,7,7
906,WAS,DHAREN-R,115,117,6.5,6.5
906,MIA,JFERNANDZ-R,-135,-137,6.5,6.5
906,LOS,CCAPUANO-L,115,-104,9,9
906,CIN,MLEAKE-R,-135,-116,9,9
906,PIT,ABURNETT-R,105,-110,7.5,7.5
906,STL,JKELLY-R,-125,-110,7.5,7.5
906,COL,JNICASIO-R,-115,-114,7.5,7.5
906,SDG,BSMITH-R,-105,-106,7.5,7.5
906,ARI,PCORBIN-L,-130,-130,7,7
906,SFO,YPETIT-R,110,110,7,7
906,BOS,FDOUBRONT-L,-115,-108,9,9
906,NYY,APETTITTE-L,-105,-112,9,9
906,CWS,JDANKS-L,155,170,8.5,8.5
906,BAL,SFELDMAN-R,-175,-200,8.5,8.5
906,DET,ASANCHEZ-R,-115,-108,8,7.5
906,KAN,JSHIELDS-R,-105,-112,8,7.5
906,TOR,RDICKEY-R,-130,-124,8,7.5
906,MIN,MPELFREY-R,110,104,8,7.5
906,HOU,DKEUCHEL-L,240,260,8,7.5
906,OAK,AGRIFFIN-R,-280,-310,8,7.5
906,TEX,MGARZA-R,-115,-114,7.5,8
906,LAA,CWILSON-L,-105,-106,7.5,8
906,TAM,ACOBB-R,-120,-128,7,7
906,SEA,HIWAKUMA-R,100,108,7,7
906,NYM,ZWHEELER-R,132,149,8,8
906,CLE,SKAZMIR-L,-152,-169,8,8
907,MIL,JHELLWEG-R,115,130,9.5,10.5
907,CUB,JARRIETA-R,-135,-150,9.5,10.5
907,LOS,ZGREINKE-R,100,-110,7,7.5
907,CIN,MLATOS-R,-120,-110,7,7.5
907,ATL,AWOOD-L,-170,-172,8.5,8
907,PHI,KKENDRICK-R,150,152,8.5,8
907,WAS,TROARK-R,-125,-105,7.5,7.5
907,MIA,NEOVALDI-R,105,-105,7.5,7.5
907,PIT,JLOCKE-L,145,144,7.5,7.5
907,STL,WAINWRIGHT-R,-165,-164,7.5,7.5
907,COL,TCHATWOOD-R,115,119,7,6.5
907,SDG,TROSS-R,-135,-139,7,6.5
907,ARI,BMCCARTHY-R,125,130,7,7
907,SFO,MCAIN-R,-145,-150,7,7
907,BOS,JLACKEY-R,-135,-125,9,9
907,NYY,DHUFF-L,115,105,9,9
907,HOU,BOBERHOLT-L,195,195,8,8
907,OAK,DSTRAILY-R,-225,-225,8,8
907,CWS,HSANTIAGO-L,160,170,8.5,8.5
907,BAL,WCHEN-L,-180,-190,8.5,8.5
907,DET,VERLANDER-R,-140,-126,8,8
907,KAN,DDUFFY-L,120,106,8,8
907,TOR,JHAPP-L,100,-103,8.5,9
907,MIN,KCORREIA-R,-120,-117,8.5,9
907,TEX,DHOLLAND-L,-130,-140,8,8
907,LAA,GRICHARDS-R,110,120,8,8
907,TAM,CARCHER-R,-155,-160,7.5,8
907,SEA,JPAXTON-L,135,140,7.5,8
907,NYM,JNIESE-L,140,144,8,8
907,CLE,CKLUBER-R,-160,-164,8,8
908,WAS,STRASBURG-R,-175,-190,7,7
908,MIA,JTURNER-R,155,170,7,7
908,LOS,CKERSHAW-L,-135,-136,7,6.5
908,CIN,HBAILEY-R,115,116,7,6.5
908,ATL,PMAHOLM-L,120,-103,7.5,7
908,PHI,CHAMELS-L,-140,-117,7.5,7
908,PIT,CMORTON-R,120,108,8,7.5
908,STL,MWACHA-R,-140,-128,8,7.5
908,MIL,YGALLARDO-R,-130,-127,7.5,7.5
908,CUB,SBAKER-R,110,107,7.5,7.5
908,ARI,WMILEY-L,120,124,6.5,6.5
908,SFO,BUMGARNER-L,-140,-144,6.5,6.5
908,COL,CBETTIS-R,140,124,8,7.5
908,SDG,IKENNEDY-R,-160,-144,8,7.5
908,CWS,ARIENZO-R,170,190,9,9
908,BAL,BNORRIS-R,-200,-220,9,9
908,DET,DFISTER-R,-125,-119,8.5,8.5
908,KAN,BCHEN-L,105,-101,8.5,8.5
908,TOR,EROGERS-R,-110,-105,8.5,8.5
908,MIN,AALBERS-L,-110,-105,8.5,8.5
908,TEX,NTEPESCH-R,-105,-109,9,8.5
908,LAA,JVARGAS-L,-115,-111,9,8.5
908,HOU,LHARRELL-R,230,250,8,8
908,OAK,BCOLON-R,-270,-290,8,8
908,TAM,MMOORE-L,-150,-152,7,7.5
908,SEA,ERAMIREZ-R,130,132,7,7.5
908,BOS,JLESTER-L,-110,-110,8,8.5
908,NYY,HKURODA-R,-110,-110,8,8.5
908,NYM,DMATSUZAK-R,195,230,8,8.5
908,CLE,DSALAZAR-R,-225,-270,8,8.5
909,CUB,TWOOD-L,175,175,8,8
909,CIN,BARROYO-R,-205,-195,8,8
909,ATL,KMEDLEN-R,-160,-180,7.5,7
909,MIA,HALVAREZ-R,140,160,7.5,7
909,WAS,GGONZALEZ-L,-150,-141,7.5,7
909,NYM,CTORRES-R,130,121,7.5,7
909,ARI,RDELGADO-R,140,152,7.5,7.5
909,LOS,RNOLASCO-R,-160,-172,7.5,7.5
909,COL,JCHACIN-R,105,101,7,6.5
909,SFO,TLINCECUM-R,-125,-121,7,6.5
909,NYY,CSABATHIA-L,115,110,9,8.5
909,BAL,CTILLMAN-R,-135,-130,9,8.5
909,KAN,ESANTANA-R,-110,-114,8,8
909,CLE,UJIMENEZ-R,-110,-106,8,8
909,LAA,JWEAVER-R,-170,-169,8,8.5
909,MIN,PHERNANDE-L,150,149,8,8.5
909,DET,MSCHERZER-R,-150,-140,7,7
909,CWS,CSALE-L,130,120,7,7
909,HOU,JCOSART-R,140,148,7.5,7.5
909,SEA,TWALKER-R,-160,-168,7.5,7.5
909,PIT,GCOLE-R,150,160,8,7.5
909,TEX,YDARVISH-R,-170,-180,8,7.5
910,SDG,ACASHNER-R,-110,-115,8,8.5
910,PHI,TCLOYD-R,-110,-105,8,8.5
910,CUB,EJACKSON-R,190,240,8,8
910,CIN,TCINGRANI-L,-220,-280,8,8
910,WAS,ZIMMERMANN-R,-140,-138,7,7
910,NYM,DGEE-R,120,118,7,7
910,ATL,JTEHERAN-R,-175,-174,7.5,7.5
910,MIA,TKOEHLER-R,155,154,7.5,7.5
910,MIL,WPERALTA-R,170,175,8,8.5
910,STL,SMILLER-R,-200,-205,8,8.5
910,ARI,TCAHILL-R,110,104,8,7.5
910,LOS,EVOLQUEZ-R,-130,-124,8,7.5
910,COL,DELAROSA-L,100,-105,7,7
910,SFO,VOGELSONG-R,-120,-115,7,7
910,LAA,JWILLIAMS-R,125,110,9,9
910,TOR,MBUEHRLE-L,-145,-130,9,9
910,KAN,JGUTHRIE-R,110,-103,8.5,9
910,CLE,MCALLISTER-R,-130,-117,8.5,9
910,NYY,INOVA-R,105,-108,9,8.5
910,BAL,MGONZALEZ-R,-125,-112,9,8.5
910,BOS,CBUCHHOLZ-R,130,122,7.5,7
910,TAM,DPRICE-L,-150,-142,7.5,7
910,DET,RPORCELLO-R,-155,-165,9,9
910,CWS,EJOHNSON-R,135,145,9,9
910,OAK,JPARKER-R,-170,-190,8,8.5
910,MIN,LHENDRIKS-R,150,170,8,8.5
910,HOU,JLYLES-R,145,132,8,8.5
910,SEA,JSAUNDERS-L,-165,-152,8,8.5
910,PIT,FLIRIANO-L,105,105,8.5,8
910,TEX,MPEREZ-L,-125,-125,8.5,8
911,CUB,SAMARDZIJA-R,150,170,8,8.5
911,CIN,MLEAKE-R,-170,-190,8,8.5
911,COL,JNICASIO-R,121,127,7.5,7
911,SFO,YPETIT-R,-141,-147,7.5,7
911,SDG,ESTULTS-L,117,148,8.5,7.5
911,PHI,CLEE-L,-137,-168,8.5,7.5
911,ATL,MMINOR-L,-111,-109,6.5,6.5
911,MIA,JFERNANDZ-R,-109,-111,6.5,6.5
911,WAS,DHAREN-R,-116,-115,7.5,8
911,NYM,ZWHEELER-R,-104,-105,7.5,8
911,MIL,MESTRADA-R,155,135,8,8
911,STL,LLYNN-R,-175,-155,8,8
911,ARI,PCORBIN-L,120,115,7,7
911,LOS,HRYU-L,-140,-135,7,7
911,KAN,JSHIELDS-R,-106,-120,8,7.5
911,CLE,SKAZMIR-L,-114,100,8,7.5
911,LAA,CWILSON-L,-111,-105,8,8.5
911,TOR,RDICKEY-R,-109,-105,8,8.5
911,NYY,APETTITTE-L,107,102,9,9
911,BAL,SFELDMAN-R,-127,-122,9,9
911,BOS,RDEMPSTER-R,105,118,8,7.5
911,TAM,ACOBB-R,-125,-138,8,7.5
911,OAK,SGRAY-R,-150,-170,8.5,8
911,MIN,MPELFREY-R,130,150,8.5,8
911,DET,ASANCHEZ-R,-154,-183,8,8
911,CWS,JQUINTANA-L,134,163,8,8
911,HOU,BPEACOCK-R,121,130,8,9.5
911,SEA,BMAURER-R,-141,-150,8,9.5
911,PIT,ABURNETT-R,117,113,8.5,8.5
911,TEX,MGARZA-R,-137,-133,8.5,8.5
912,ATL,FGARCIA-R,-155,-153,7.5,8
912,MIA,BFLYNN-L,135,133,7.5,8
912,WAS,TROARK-R,-145,-163,8,8
912,NYM,AHARANG-R,125,143,8,8
912,CUB,CRUSIN-L,155,162,7.5,7.5
912,PIT,JLOCKE-L,-175,-182,7.5,7.5
912,SDG,TROSS-R,100,-113,8,7.5
912,PHI,RHALLADAY-R,-120,-107,8,7.5
912,MIL,TTHORNBRG-R,155,164,8,8
912,STL,JKELLY-R,-175,-184,8,8
912,SFO,MCAIN-R,160,164,6.5,6.5
912,LOS,ZGREINKE-R,-180,-184,6.5,6.5
912,OAK,AGRIFFIN-R,-170,-200,8.5,8.5
912,MIN,SDIAMOND-L,150,170,8.5,8.5
912,LAA,GRICHARDS-R,-120,-120,9,9
912,TOR,JHAPP-L,100,100,9,9
912,NYY,PHUGHES-R,155,136,9,9
912,BAL,WCHEN-L,-175,-156,9,9
912,BOS,JPEAVY-R,-130,-111,8,8
912,TAM,HELLICKSON-R,110,-109,8,8
912,CLE,CKLUBER-R,-140,-130,8.5,8.5
912,CWS,JDANKS-L,120,110,8.5,8.5
913,CUB,JARRIETA-R,160,160,7.5,7
913,PIT,CMORTON-R,-180,-180,7.5,7
913,PHI,KKENDRICK-R,210,160,7.5,8
913,WAS,ROHLENDRF-R,-250,-180,7.5,8
913,MIA,BHAND-L,130,130,7.5,7.5
913,NYM,JNIESE-L,-150,-150,7.5,7.5
913,SDG,IKENNEDY-R,125,124,8,8
913,ATL,DHALE-R,-145,-144,8,8
913,CIN,MLATOS-R,-160,-155,7.5,7.5
913,MIL,KLOHSE-R,140,135,7.5,7.5
913,COL,TCHATWOOD-R,135,115,8.5,9
913,ARI,BMCCARTHY-R,-155,-135,8.5,9
913,SFO,BUMGARNER-L,180,164,6,6
913,LOS,CKERSHAW-L,-210,-184,6,6
913,CLE,DSALAZAR-R,-140,-143,8,8
913,CWS,HSANTIAGO-L,120,123,8,8
913,KAN,BCHEN-L,150,150,8,7.5
913,DET,VERLANDER-R,-170,-170,8,7.5
913,BAL,JHAMMEL-R,-125,-120,9.5,9
913,TOR,TREDMOND-R,105,100,9.5,9
913,NYY,HKURODA-R,117,108,9,8.5
913,BOS,JLACKEY-R,-137,-128,9,8.5
913,OAK,DSTRAILY-R,115,104,9,9
913,TEX,DHOLLAND-L,-135,-124,9,9
913,LAA,JVARGAS-L,-130,-140,8.5,9
913,HOU,DKEUCHEL-L,110,120,8.5,9
913,TAM,CARCHER-R,-160,-162,8,8
913,MIN,KCORREIA-R,140,142,8,8
913,SEA,HIWAKUMA-R,170,170,7,7
913,STL,WAINWRIGHT-R,-190,-200,7,7
914,CIN,HBAILEY-R,-175,-215,8,8.5
914,MIL,JHELLWEG-R,155,185,8,8.5
914,MIA,HALVAREZ-R,-115,106,8,7.5
914,NYM,CTORRES-R,-105,-126,8,7.5
914,MIA,JTURNER-R,115,-108,7.5,8
914,NYM,DMATSUZAK-R,-135,-112,7.5,8
914,PHI,CHAMELS-L,125,135,7,6.5
914,WAS,GGONZALEZ-L,-145,-155,7,6.5
914,CUB,SBAKER-R,170,170,7.5,7
914,PIT,GCOLE-R,-190,-200,7.5,7
914,SDG,RERLIN-L,170,192,7.5,7.5
914,ATL,KMEDLEN-R,-190,-222,7.5,7.5
914,COL,ROSWALT-R,155,160,9,9
914,ARI,WMILEY-L,-175,-180,9,9
914,SFO,TLINCECUM-R,150,145,7,7
914,LOS,RNOLASCO-R,-170,-165,7,7
914,BAL,CTILLMAN-R,-155,-135,9,9
914,TOR,EROGERS-R,135,115,9,9
914,NYY,CSABATHIA-L,145,136,9,8.5
914,BOS,JLESTER-L,-165,-156,9,8.5
914,OAK,BCOLON-R,140,140,8.5,8
914,TEX,YDARVISH-R,-160,-160,8.5,8
914,KAN,ESANTANA-R,135,110,8.5,7.5
914,DET,DFISTER-R,-155,-130,8.5,7.5
914,CLE,UJIMENEZ-R,-155,-160,8.5,8
914,CWS,ARIENZO-R,135,140,8.5,8
914,LAA,JWEAVER-R,-160,-165,8,8
914,HOU,BOBERHOLT-L,140,145,8,8
914,TAM,MMOORE-L,-170,-165,7.5,7.5
914,MIN,AALBERS-L,150,145,7.5,7.5
914,SEA,JPAXTON-L,200,195,8,7.5
914,STL,MWACHA-R,-230,-225,8,7.5
915,MIA,TKOEHLER-R,150,117,7.5,7
915,NYM,DGEE-R,-170,-137,7.5,7
915,PHI,TCLOYD-R,175,179,8,8
915,WAS,ZIMMERMANN-R,-205,-209,8,8
915,CUB,TWOOD-L,170,175,7,6.5
915,PIT,FLIRIANO-L,-190,-195,7,6.5
915,SDG,BSMITH-R,180,191,8,7.5
915,ATL,JTEHERAN-R,-210,-221,8,7.5
915,CIN,BARROYO-R,-125,-126,8,7.5
915,MIL,YGALLARDO-R,105,106,8,7.5
915,COL,JCHACIN-R,105,-101,9,8
915,ARI,RDELGADO-R,-125,-119,9,8
915,SFO,VOGELSONG-R,120,-101,8,8
915,LOS,EVOLQUEZ-R,-140,-119,8,8
915,KAN,JGUTHRIE-R,185,170,8.5,7.5
915,DET,MSCHERZER-R,-215,-200,8.5,7.5
915,BAL,MGONZALEZ-R,-120,-119,9,9
915,TOR,MBUEHRLE-L,100,-101,9,9
915,TAM,DPRICE-L,-220,-241,7.5,7.5
915,MIN,PHERNANDE-L,190,201,7.5,7.5
915,CLE,MCALLISTER-R,105,105,7.5,7.5
915,CWS,CSALE-L,-125,-125,7.5,7.5
915,LAA,JWILLIAMS-R,-155,-162,9.5,9
915,HOU,PCLEMENS-R,135,142,9.5,9
915,OAK,JPARKER-R,-110,115,9,9.5
915,TEX,MPEREZ-L,-110,-135,9,9.5
915,NYY,INOVA-R,150,145,8.5,8.5
915,BOS,CBUCHHOLZ-R,-170,-165,8.5,8.5
915,SEA,ERAMIREZ-R,180,180,7.5,7.5
915,STL,SMILLER-R,-210,-210,7.5,7.5
916,MIA,SDYSON-R,200,210,7.5,7
916,PHI,CLEE-L,-230,-250,7.5,7
916,SDG,ACASHNER-R,160,160,7,6.5
916,PIT,ABURNETT-R,-180,-180,7,6.5
916,CUB,EJACKSON-R,115,107,8,8
916,MIL,WPERALTA-R,-135,-127,8,8
916,STL,LLYNN-R,-150,-163,10,10
916,COL,CMCHUGH-R,130,143,10,10
916,LOS,HRYU-L,-110,-106,8.5,9
916,ARI,TCAHILL-R,-110,-114,8.5,9
916,SEA,JSAUNDERS-L,190,200,9,9
916,DET,RPORCELLO-R,-220,-240,9,9
916,TEX,MGARZA-R,120,110,7.5,7
916,TAM,ACOBB-R,-140,-130,7.5,7
916,CLE,SKAZMIR-L,140,130,8,7.5
916,KAN,JSHIELDS-R,-160,-150,8,7.5
916,MIN,LHENDRIKS-R,100,100,8.5,8.5
916,CWS,EJOHNSON-R,-120,-120,8.5,8.5
916,LAA,CWILSON-L,125,113,7.5,7
916,OAK,JPARKER-R,-145,-133,7.5,7
916,CIN,JCUETO-R,-175,-195,8,8
916,HOU,EBEDARD-L,155,175,8,8
917,ATL,FGARCIA-R,110,130,8,8
917,WAS,TROARK-R,-130,-150,8,8
917,MIA,BFLYNN-L,150,145,8,7.5
917,PHI,RHALLADAY-R,-170,-165,8,7.5
917,SDG,ESTULTS-L,150,170,7.5,7
917,PIT,JLOCKE-L,-170,-200,7.5,7
917,SFO,YPETIT-R,-120,-128,7,6.5
917,NYM,ZWHEELER-R,100,108,7,6.5
917,CUB,SAMARDZIJA-R,115,120,8,7.5
917,MIL,MESTRADA-R,-135,-140,8,7.5
917,STL,JKELLY-R,-136,-140,10,10
917,COL,JNICASIO-R,116,120,10,10
917,LOS,ZGREINKE-R,-110,-110,8,7.5
917,ARI,PCORBIN-L,-110,-110,8,7.5
917,SEA,BMAURER-R,230,260,8.5,8
917,DET,ASANCHEZ-R,-270,-310,8.5,8
917,NYY,APETTITTE-L,-113,-114,8.5,8
917,TOR,RDICKEY-R,-107,-106,8.5,8
917,BAL,SFELDMAN-R,120,-102,9.5,9
917,BOS,RDEMPSTER-R,-140,-118,9.5,9
917,TEX,AOGANDO-R,120,-102,8.5,7.5
917,TAM,HELLICKSON-R,-140,-118,8.5,7.5
917,MIN,MPELFREY-R,110,130,8.5,7.5
917,CWS,JQUINTANA-L,-130,-150,8.5,7.5
917,CLE,CKLUBER-R,103,-110,8,8
917,KAN,YVENTURA-R,-123,-110,8,8
917,LAA,GRICHARDS-R,130,144,7.5,7.5
917,OAK,SGRAY-R,-150,-164,7.5,7.5
917,CIN,MLEAKE-R,-169,-190,8.5,8
917,HOU,JLYLES-R,149,170,8.5,8
917,ATL,MMINOR-L,-107,-102,7.5,7
917,WAS,DHAREN-R,-113,-118,7.5,7
918,MIA,NEOVALDI-R,115,103,8,8
918,PHI,ZMINER-R,-135,-123,8,8
918,ATL,AWOOD-L,-110,-109,7.5,7.5
918,WAS,ROHLENDRF-R,-110,-111,7.5,7.5
918,SDG,TROSS-R,140,160,7,7
918,PIT,CMORTON-R,-160,-180,7,7
918,SFO,MCAIN-R,-140,-168,7,6.5
918,NYM,AHARANG-R,120,148,7,6.5
918,CUB,CRUSIN-L,110,115,8,8
918,MIL,TTHORNBRG-R,-130,-135,8,8
918,STL,WAINWRIGHT-R,-150,-200,9,9.5
918,COL,TCHATWOOD-R,130,170,9,9.5
918,LOS,SFIFE-R,110,-107,9,9.5
918,ARI,BMCCARTHY-R,-130,-113,9,9.5
918,MIN,SDIAMOND-L,115,113,8.5,9
918,CWS,JDANKS-L,-135,-133,8.5,9
918,LAA,JVARGAS-L,135,170,8,8
918,OAK,AGRIFFIN-R,-155,-190,8,8
918,NYY,PHUGHES-R,-110,-115,9,8.5
918,TOR,JHAPP-L,-110,-105,9,8.5
918,SEA,HIWAKUMA-R,155,160,7.5,7.5
918,DET,VERLANDER-R,-175,-180,7.5,7.5
918,TEX,DHOLLAND-L,125,105,7.5,7
918,TAM,CARCHER-R,-145,-125,7.5,7
918,BAL,WCHEN-L,130,130,8.5,8.5
918,BOS,JPEAVY-R,-150,-150,8.5,8.5
918,CLE,DSALAZAR-R,105,-112,7.5,8
918,KAN,BCHEN-L,-125,-108,7.5,8
918,CIN,GREYNOLDS-R,-150,-155,9,9
918,HOU,BPEACOCK-R,130,135,9,9
919,SDG,IKENNEDY-R,135,180,7,7
919,PIT,GCOLE-R,-155,-210,7,7
919,SFO,BUMGARNER-L,-145,-144,7,6.5
919,NYM,JNIESE-L,125,124,7,6.5
919,CUB,JARRIETA-R,130,132,8,8.5
919,MIL,KLOHSE-R,-150,-152,8,8.5
919,STL,MWACHA-R,-175,-172,10,9.5
919,COL,ROSWALT-R,155,152,10,9.5
919,LOS,RNOLASCO-R,-110,-116,8,8.5
919,ARI,WMILEY-L,-110,-104,8,8.5
919,MIA,HALVAREZ-R,240,211,7,7
919,WAS,GGONZALEZ-L,-280,-251,7,7
919,SEA,JPAXTON-L,170,175,8,8.5
919,DET,DFISTER-R,-190,-205,8,8.5
919,HOU,DKEUCHEL-L,200,250,8,8
919,CLE,UJIMENEZ-R,-240,-300,8,8
919,NYY,HKURODA-R,-125,-129,8.5,8
919,TOR,TREDMOND-R,105,109,8.5,8
919,BAL,CTILLMAN-R,120,114,8.5,8.5
919,BOS,JLACKEY-R,-140,-134,8.5,8.5
919,TEX,YDARVISH-R,100,-116,7,6.5
919,TAM,MMOORE-L,-120,-104,7,6.5
919,MIN,KCORREIA-R,200,190,7.5,7.5
919,OAK,DSTRAILY-R,-240,-220,7.5,7.5
920,ATL,PMAHOLM-L,-125,-142,8.5,9
920,CUB,SBAKER-R,105,122,8.5,9
920,MIA,JTURNER-R,225,255,7,7.5
920,WAS,ZIMMERMANN-R,-265,-295,7,7.5
920,NYM,DMATSUZAK-R,190,200,7.5,7.5
920,PHI,CHAMELS-L,-220,-230,7.5,7.5
920,CIN,MLATOS-R,105,-101,6.5,6.5
920,PIT,FLIRIANO-L,-125,-119,6.5,6.5
920,STL,SMILLER-R,-175,-215,9,9
920,MIL,JHELLWEG-R,155,185,9,9
920,ARI,RDELGADO-R,115,114,9.5,9.5
920,COL,JCHACIN-R,-135,-134,9.5,9.5
920,LOS,EVOLQUEZ-R,130,135,7,7
920,SDG,RERLIN-L,-150,-155,7,7
920,HOU,BOBERHOLT-L,205,193,8,8
920,CLE,MCALLISTER-R,-245,-223,8,8
920,CWS,DAXELROD-R,280,290,8,8
920,DET,MSCHERZER-R,-330,-340,8,8
920,BAL,JHAMMEL-R,160,160,7.5,7
920,TAM,DPRICE-L,-180,-180,7.5,7
920,TOR,EROGERS-R,200,200,8.5,8.5
920,BOS,JLESTER-L,-240,-230,8.5,8.5
920,TEX,MPEREZ-L,105,110,7.5,7
920,KAN,ESANTANA-R,-125,-130,7.5,7
920,SEA,ERAMIREZ-R,116,110,8.5,8.5
920,LAA,MSHOEMAKR-R,-136,-130,8.5,8.5
920,MIN,AALBERS-L,205,200,7.5,7.5
920,OAK,BCOLON-R,-245,-230,7.5,7.5
920,SFO,TLINCECUM-R,120,124,8.5,8.5
920,NYY,CSABATHIA-L,-140,-144,8.5,8.5
921,ATL,KMEDLEN-R,-139,-139,7,7
921,CUB,TWOOD-L,119,119,7,7
921,CIN,HBAILEY-R,100,-107,7,6.5
921,PIT,ABURNETT-R,-120,-113,7,6.5
921,NYM,DGEE-R,-115,-112,8.5,8.5
921,PHI,TCLOYD-R,-105,-108,8.5,8.5
921,STL,LLYNN-R,-135,-144,8,8.5
921,MIL,YGALLARDO-R,115,124,8,8.5
921,ARI,TCAHILL-R,105,-122,9.5,9.5
921,COL,CMCHUGH-R,-125,102,9.5,9.5
921,LOS,CKERSHAW-L,-175,-210,6,6
921,SDG,BSMITH-R,155,180,6,6
921,MIN,PHERNANDE-L,210,210,8,8
921,OAK,JPARKER-R,-250,-250,8,8
921,HOU,PCLEMENS-R,235,250,9,8.5
921,CLE,SKAZMIR-L,-275,-290,9,8.5
921,CWS,CSALE-L,120,120,7.5,7.5
921,DET,RPORCELLO-R,-140,-140,7.5,7.5
921,TOR,MBUEHRLE-L,128,132,8,8
921,BOS,CBUCHHOLZ-R,-148,-152,8,8
921,BAL,MGONZALEZ-R,134,124,7.5,7.5
921,TAM,ACOBB-R,-154,-144,7.5,7.5
921,TEX,MGARZA-R,-110,-110,8.5,7.5
921,KAN,JGUTHRIE-R,-110,-110,8.5,7.5
921,SEA,JSAUNDERS-L,160,152,9,9
921,LAA,JWILLIAMS-R,-180,-172,9,9
921,SFO,VOGELSONG-R,140,152,8.5,9
921,NYY,INOVA-R,-160,-172,8.5,9
922,MIA,TKOEHLER-R,200,210,7.5,7.5
922,WAS,DHAREN-R,-240,-250,7.5,7.5
922,CIN,BARROYO-R,-110,-101,7.5,7
922,PIT,JLOCKE-L,-110,-119,7.5,7
922,NYM,CTORRES-R,180,190,7,6.5
922,PHI,CLEE-L,-210,-220,7,6.5
922,STL,JKELLY-R,-160,-161,8.5,8.5
922,MIL,WPERALTA-R,140,141,8.5,8.5
922,ATL,JTEHERAN-R,-145,-161,7.5,7.5
922,CUB,EJACKSON-R,125,141,7.5,7.5
922,ARI,PCORBIN-L,-115,-127,9.5,9.5
922,COL,JNICASIO-R,-105,107,9.5,9.5
922,LOS,ZGREINKE-R,-130,-144,7,6.5
922,SDG,ACASHNER-R,110,124,7,6.5
922,HOU,EBEDARD-L,220,245,8.5,8
922,CLE,CKLUBER-R,-260,-285,8.5,8
922,CWS,EJOHNSON-R,250,240,8,7.5
922,DET,ASANCHEZ-R,-300,-280,8,7.5
922,TOR,RDICKEY-R,140,135,8.5,8
922,BOS,FDOUBRONT-L,-160,-155,8.5,8
922,BAL,SFELDMAN-R,-112,-115,8,7.5
922,TAM,EROMERO-L,-108,-105,8,7.5
922,TEX,AOGANDO-R,115,105,7,7
922,KAN,JSHIELDS-R,-135,-125,7,7
922,SEA,FHERNANDZ-R,115,-102,7,7
922,LAA,CWILSON-L,-135,-118,7,7
922,MIN,CDEVRIES-R,210,240,8,8
922,OAK,SGRAY-R,-250,-280,8,8
922,SFO,YPETIT-R,120,136,9,8.5
922,NYY,APETTITTE-L,-140,-156,9,8.5
922,MIA,BFLYNN-L,200,300,7.5,7.5
922,WAS,STRASBURG-R,-240,-360,7.5,7.5
923,PHI,RHALLADAY-R,-120,-112,7.5,7
923,MIA,NEOVALDI-R,100,-108,7.5,7
923,NYM,AHARANG-R,220,240,7.5,7.5
923,CIN,JCUETO-R,-260,-280,7.5,7.5
923,MIL,MESTRADA-R,-103,112,7.5,7
923,ATL,MMINOR-L,-117,-132,7.5,7
923,PIT,CMORTON-R,-130,-134,7.5,7.5
923,CUB,SAMARDZIJA-R,110,114,7.5,7.5
923,WAS,TROARK-R,145,145,7,7
923,STL,WAINWRIGHT-R,-165,-165,7,7
923,ARI,BMCCARTHY-R,-110,-107,7,7
923,SDG,ESTULTS-L,-110,-113,7,7
923,BAL,WCHEN-L,125,106,7.5,7
923,TAM,CARCHER-R,-145,-126,7.5,7
923,HOU,JLYLES-R,240,260,9,8.5
923,TEX,DHOLLAND-L,-280,-310,9,8.5
923,DET,VERLANDER-R,-190,-225,8,7.5
923,MIN,MPELFREY-R,170,195,8,7.5
923,OAK,TMILONE-L,130,115,8,8
923,LAA,GRICHARDS-R,-150,-135,8,8
923,KAN,YVENTURA-R,-140,-144,8,7.5
923,SEA,BMAURER-R,120,124,8,7.5
923,TOR,JHAPP-L,100,130,8,7.5
923,CWS,JQUINTANA-L,-120,-150,8,7.5
924,PHI,ZMINER-R,-105,110,7.5,7.5
924,MIA,HALVAREZ-R,-115,-130,7.5,7.5
924,MIL,TTHORNBRG-R,125,120,7.5,7.5
924,ATL,FGARCIA-R,-145,-140,7.5,7.5
924,NYM,JNIESE-L,170,170,7.5,7.5
924,CIN,MLEAKE-R,-190,-200,7.5,7.5
924,PIT,GCOLE-R,-145,-174,7,7.5
924,CUB,CRUSIN-L,125,154,7,7.5
924,WAS,GGONZALEZ-L,125,100,7.5,7
924,STL,MWACHA-R,-145,-120,7.5,7
924,ARI,WMILEY-L,100,105,7,6.5
924,SDG,TROSS-R,-120,-125,7,6.5
924,LOS,HRYU-L,105,-105,6.5,6.5
924,SFO,MCAIN-R,-125,-115,6.5,6.5
924,TAM,MMOORE-L,-120,-108,7.5,7.5
924,NYY,HKURODA-R,100,-112,7.5,7.5
924,CWS,HSANTIAGO-L,200,200,8,7.5
924,CLE,UJIMENEZ-R,-240,-240,8,7.5
924,TOR,TREDMOND-R,145,150,8.5,8
924,BAL,CTILLMAN-R,-165,-170,8.5,8
924,HOU,BPEACOCK-R,275,350,8,8
924,TEX,YDARVISH-R,-325,-430,8,8
924,DET,DFISTER-R,-210,-225,8.5,8.5
924,MIN,SDIAMOND-L,180,195,8.5,8.5
924,OAK,AGRIFFIN-R,-120,-136,8,8
924,LAA,JVARGAS-L,100,116,8,8
924,KAN,BCHEN-L,-125,-130,7,7
924,SEA,JPAXTON-L,105,110,7,7
924,BOS,JLACKEY-R,-150,-152,9.5,10
924,COL,TCHATWOOD-R,130,132,9.5,10
925,NYM,DMATSUZAK-R,170,256,8.5,8
925,CIN,MLATOS-R,-190,-296,8.5,8
925,WAS,ZIMMERMANN-R,120,100,7.5,7.5
925,STL,SMILLER-R,-140,-120,7.5,7.5
925,PIT,FLIRIANO-L,-174,-185,6.5,6.5
925,CUB,JARRIETA-R,154,165,6.5,6.5
925,MIL,KLOHSE-R,140,108,7.5,7
925,ATL,PMAHOLM-L,-160,-128,7.5,7
925,PHI,CHAMELS-L,-150,-162,7,7
925,MIA,BHAND-L,130,142,7,7
925,ARI,RDELGADO-R,105,-122,7,7
925,SDG,IKENNEDY-R,-125,102,7,7
925,LOS,RNOLASCO-R,120,-135,6.5,7.5
925,SFO,BZITO-L,-140,115,6.5,7.5
925,OAK,DSTRAILY-R,120,-107,7.5,7.5
925,LAA,JWEAVER-R,-140,-113,7.5,7.5
925,TOR,EROGERS-R,140,135,7.5,8
925,BAL,BNORRIS-R,-160,-155,7.5,8
925,CWS,DAXELROD-R,240,260,7.5,7
925,CLE,DSALAZAR-R,-280,-310,7.5,7
925,TAM,DPRICE-L,-160,-174,7.5,7.5
925,NYY,PHUGHES-R,140,154,7.5,7.5
925,HOU,DKEUCHEL-L,250,245,8.5,9
925,TEX,MPEREZ-L,-290,-285,8.5,9
925,DET,MSCHERZER-R,-215,-255,7.5,7.5
925,MIN,KCORREIA-R,185,215,7.5,7.5
925,KAN,ESANTANA-R,100,-105,6.5,6.5
925,SEA,HIWAKUMA-R,-120,-115,6.5,6.5
925,BOS,JPEAVY-R,-180,-128,10,10
925,COL,JCHACIN-R,160,108,10,10
926,ARI,TCAHILL-R,-105,-111,7,7
926,SDG,RERLIN-L,-115,-109,7,7
926,MIL,JHELLWEG-R,130,163,7.5,7.5
926,NYM,DGEE-R,-150,-183,7.5,7.5
926,PHI,TCLOYD-R,160,162,8,7.5
926,ATL,DHALE-R,-180,-182,8,7.5
926,LOS,EVOLQUEZ-R,105,106,7.5,7
926,SFO,TLINCECUM-R,-125,-126,7.5,7
926,TOR,MBUEHRLE-L,120,110,8,7.5
926,BAL,MGONZALEZ-R,-140,-130,8,7.5
926,TAM,ACOBB-R,-115,-135,7.5,7.5
926,NYY,INOVA-R,-105,115,7.5,7.5
926,LAA,JWILLIAMS-R,155,160,9,9
926,TEX,MGARZA-R,-175,-180,9,9
926,CLE,MCALLISTER-R,-155,-161,8,8
926,MIN,AALBERS-L,135,141,8,8
926,KAN,JGUTHRIE-R,-140,-121,8.5,8
926,CWS,ARIENZO-R,120,101,8.5,8
927,PIT,ABURNETT-R,115,120,7,7
927,CIN,HBAILEY-R,-135,-140,7,7
927,MIL,YGALLARDO-R,-115,-110,7,6.5
927,NYM,CTORRES-R,-105,-110,7,6.5
927,PHI,CLEE-L,115,113,6.5,6
927,ATL,KMEDLEN-R,-135,-133,6.5,6
927,CUB,TWOOD-L,160,154,7,7
927,STL,LLYNN-R,-180,-174,7,7
927,WAS,STRASBURG-R,-135,-123,7.5,7.5
927,ARI,PCORBIN-L,115,103,7.5,7.5
927,COL,CMCHUGH-R,230,280,6.5,6.5
927,LOS,CKERSHAW-L,-270,-330,6.5,6.5
927,SDG,BSMITH-R,115,100,7,7
927,SFO,VOGELSONG-R,-135,-120,7,7
927,TAM,HELLICKSON-R,-115,-135,8,8
927,TOR,RDICKEY-R,-105,115,8,8
927,BOS,CBUCHHOLZ-R,-130,-138,8,7.5
927,BAL,SFELDMAN-R,110,118,8,7.5
927,LAA,CWILSON-L,120,130,8.5,8
927,TEX,AOGANDO-R,-140,-150,8.5,8
927,KAN,JSHIELDS-R,-115,-108,6.5,6.5
927,CWS,CSALE-L,-105,-112,6.5,6.5
927,CLE,CKLUBER-R,-190,-205,8,9
927,MIN,PHERNANDE-L,170,175,8,9
927,NYY,AWARREN-R,-123,-113,8.5,8.5
927,HOU,BOBERHOLT-L,103,-107,8.5,8.5
927,OAK,BCOLON-R,-110,-104,6.5,6.5
927,SEA,FHERNANDZ-R,-110,-116,6.5,6.5
927,DET,JALVAREZ-L,-170,-133,7.5,8
927,MIA,TKOEHLER-R,150,113,7.5,8
928,SDG,ESTULTS-L,140,124,7,7
928,SFO,YPETIT-R,-160,-144,7,7
928,COL,JNICASIO-R,210,220,7,7
928,LOS,ZGREINKE-R,-250,-260,7,7
928,PIT,CMORTON-R,110,105,7.5,7.5
928,CIN,BARROYO-R,-130,-125,7.5,7.5
928,MIL,JNELSON-R,-110,-108,7.5,7
928,NYM,AHARANG-R,-110,-112,7.5,7
928,PHI,EMARTIN-R,207,240,7.5,7
928,ATL,MMINOR-L,-237,-280,7.5,7
928,CUB,EJACKSON-R,160,190,7,7
928,STL,WAINWRIGHT-R,-180,-220,7,7
928,WAS,DHAREN-R,-105,-105,9,9
928,ARI,BMCCARTHY-R,-115,-105,9,9
928,TAM,CARCHER-R,-165,-180,8,7.5
928,TOR,JHAPP-L,145,160,8,7.5
928,CLE,SKAZMIR-L,-190,-225,8.5,8.5
928,MIN,CDEVRIES-R,170,195,8.5,8.5
928,OAK,JPARKER-R,-165,-154,7.5,7.5
928,SEA,BMAURER-R,145,134,7.5,7.5
928,BOS,JLESTER-L,-137,-135,8,8
928,BAL,WCHEN-L,117,115,8,8
928,NYY,APETTITTE-L,-165,-180,8.5,8.5
928,HOU,PCLEMENS-R,145,160,8.5,8.5
928,KAN,YVENTURA-R,-135,-135,7.5,7.5
928,CWS,EJOHNSON-R,115,115,7.5,7.5
928,LAA,GRICHARDS-R,133,145,9,9
928,TEX,DHOLLAND-L,-153,-165,9,9
928,DET,ASANCHEZ-R,-190,-215,7,6.5
928,MIA,NEOVALDI-R,170,185,7,6.5
929,MIL,MESTRADA-R,-109,-110,7,6.5
929,NYM,JNIESE-L,-111,-110,7,6.5
929,PIT,BCUMPTON-R,120,108,8,8
929,CIN,GREYNOLDS-R,-140,-128,8,8
929,PHI,ZMINER-R,200,240,7.5,7.5
929,ATL,JTEHERAN-R,-230,-280,7.5,7.5
929,CUB,SAMARDZIJA-R,150,135,7.5,7.5
929,STL,WESTBROOK-R,-170,-155,7.5,7.5
929,SDG,TROSS-R,-105,-112,7.5,7.5
929,SFO,GMOSCOSO-R,-115,-108,7.5,7.5
929,COL,JFRANCIS-L,180,190,7.5,7.5
929,LOS,HRYU-L,-210,-220,7.5,7.5
929,WAS,TROARK-R,-110,102,8,8
929,ARI,WMILEY-L,-110,-122,8,8
929,TAM,MMOORE-L,-148,-205,7.5,7.5
929,TOR,TREDMOND-R,128,175,7.5,7.5
929,BOS,JLACKEY-R,140,135,8.5,8.5
929,BAL,CTILLMAN-R,-160,-155,8.5,8.5
929,NYY,DHUFF-L,-130,-120,8.5,8
929,HOU,EBEDARD-L,110,100,8.5,8
929,KAN,BCHEN-L,-112,-109,7.5,7.5
929,CWS,JQUINTANA-L,-108,-111,7.5,7.5
929,CLE,UJIMENEZ-R,-180,-255,8,8
929,MIN,SDIAMOND-L,160,215,8,8
929,LAA,JVARGAS-L,178,220,7.5,7.5
929,TEX,YDARVISH-R,-208,-260,7.5,7.5
929,OAK,SGRAY-R,-134,-136,7.5,7.5
929,SEA,ERAMIREZ-R,114,116,7.5,7.5
929,DET,VERLANDER-R,-163,-174,7,7
929,MIA,HALVAREZ-R,143,154,7,7
930,TAM,DPRICE-L,-125,-114,7.5,7.5
930,TEX,MPEREZ-L,105,-106,7.5,7.5
1001,CIN,JCUETO-R,100,124,6.5,6.5
1001,PIT,FLIRIANO-L,-120,-144,6.5,6.5
1002,TAM,ACOBB-R,-110,-111,7.5,7
1002,CLE,DSALAZAR-R,-110,-109,7.5,7
1003,PIT,ABURNETT-R,133,133,6.5,7
1003,STL,WAINWRIGHT-R,-153,-153,6.5,7
1003,LOS,CKERSHAW-L,-142,-154,6,6
1003,ATL,KMEDLEN-R,122,134,6,6
1004,PIT,GCOLE-R,110,110,7,7
1004,STL,LLYNN-R,-130,-130,7,7
1004,LOS,ZGREINKE-R,-103,-120,6.5,6.5
1004,ATL,MMINOR-L,-117,100,6.5,6.5
1004,TAM,MMOORE-L,115,132,8,7.5
1004,BOS,JLESTER-L,-135,-152,8,7.5
1004,DET,MSCHERZER-R,-130,-118,6.5,7
1004,OAK,BCOLON-R,110,-102,6.5,7
1005,TAM,DPRICE-L,-117,-109,7.5,7.5
1005,BOS,JLACKEY-R,-103,-111,7.5,7.5
1005,DET,VERLANDER-R,-126,-116,6.5,7
1005,OAK,SGRAY-R,106,-104,6.5,7
1006,ATL,JTEHERAN-R,122,132,6.5,6.5
1006,LOS,HRYU-L,-142,-152,6.5,6.5
1006,STL,JKELLY-R,132,154,6.5,7
1006,PIT,FLIRIANO-L,-152,-174,6.5,7
1007,ATL,FGARCIA-R,135,210,7.5,6.5
1007,LOS,CKERSHAW-L,-155,-250,7.5,6.5
1007,STL,MWACHA-R,-120,-117,7.5,7.5
1007,PIT,CMORTON-R,100,-103,7.5,7.5
1007,BOS,CBUCHHOLZ-R,-110,-107,7,7
1007,TAM,ACOBB-R,-110,-113,7,7
1007,OAK,JPARKER-R,140,137,7.5,7.5
1007,DET,ASANCHEZ-R,-160,-157,7.5,7.5
1008,BOS,JPEAVY-R,-108,-120,7.5,7.5
1008,TAM,HELLICKSON-R,-112,100,7.5,7.5
1008,OAK,DSTRAILY-R,130,130,8,7.5
1008,DET,DFISTER-R,-150,-150,8,7.5
1009,PIT,GCOLE-R,130,145,6.5,6.5
1009,STL,WAINWRIGHT-R,-150,-165,6.5,6.5
1010,DET,VERLANDER-R,-110,-111,7,6.5
1010,OAK,SGRAY-R,-110,-109,7,6.5
1011,LOS,ZGREINKE-R,-117,-134,7,7.5
1011,STL,JKELLY-R,-103,114,7,7.5
1012,LOS,CKERSHAW-L,-123,-143,6,6
1012,STL,MWACHA-R,103,123,6,6
1012,DET,ASANCHEZ-R,112,130,7.5,8
1012,BOS,JLESTER-L,-132,-150,7.5,8
1013,DET,MSCHERZER-R,-105,108,7.5,7
1013,BOS,CBUCHHOLZ-R,-105,-128,7.5,7
1014,STL,WAINWRIGHT-R,-126,-115,6.5,6.5
1014,LOS,HRYU-L,106,-105,6.5,6.5
1015,STL,LLYNN-R,105,114,7,7
1015,LOS,RNOLASCO-R,-125,-134,7,7
1015,BOS,JLACKEY-R,125,132,7.5,7
1015,DET,VERLANDER-R,-145,-152,7.5,7
1016,STL,JKELLY-R,146,158,7,7
1016,LOS,ZGREINKE-R,-166,-178,7,7
1016,BOS,JPEAVY-R,100,-110,7,7.5
1016,DET,DFISTER-R,-120,-110,7,7.5
1017,BOS,JLESTER-L,-111,-102,7.5,7
1017,DET,ASANCHEZ-R,-109,-118,7.5,7
1018,LOS,CKERSHAW-L,-125,-140,5.5,5.5
1018,STL,MWACHA-R,105,120,5.5,5.5
1019,DET,MSCHERZER-R,-107,-113,7,7
1019,BOS,CBUCHHOLZ-R,-113,-107,7,7
1023,STL,WAINWRIGHT-R,105,100,7,7
1023,BOS,JLESTER-L,-125,-120,7,7
1024,STL,MWACHA-R,-105,-105,7,7
1024,BOS,JLACKEY-R,-115,-115,7,7
1026,BOS,JPEAVY-R,-115,-114,7,7.5
1026,STL,JKELLY-R,-105,-106,7,7.5
1027,BOS,CBUCHHOLZ-R,-112,-110,7.5,7.5
1027,STL,LLYNN-R,-108,-110,7.5,7.5
1028,BOS,JLESTER-L,-125,113,7,6.5
1028,STL,WAINWRIGHT-R,105,-133,7,6.5
1030,STL,MWACHA-R,-105,-106,7,7
1030,BOS,JLACKEY-R,-115,-114,7,7
