Date,Team,Pitcher,Open,Close,OpenOU,CloseOU
322,LOS,CKERSHAW-L,-170,-170,6.5,6.5
322,ARI,WMILEY-L,150,150,6.5,6.5
322,LOS,HRYU-L,-120,-119,7.5,7.5
322,ARI,TCAHILL-R,100,109,7.5,7.5
330,LOS,HRYU-L,-105,-115,6.5,6.5
330,SDG,ACASHNER-R,-105,105,6.5,6.5
331,CUB,SAMARDZIJA-R,145,170,7,6.5
331,PIT,FLIRIANO-L,-165,-190,7,6.5
331,WAS,STRASBURG-R,-165,-179,6.5,6.5
331,NYM,DGEE-R,145,159,6.5,6.5
331,ATL,JTEHERAN-R,-115,-113,7.5,8
331,MIL,YGALLARDO-R,-105,103,7.5,8
331,STL,WAINWRIGHT-R,-115,-120,7,7
331,CIN,JCUETO-R,-105,110,7,7
331,COL,DELAROSA-L,135,130,6.5,6.5
331,MIA,JFERNANDZ-R,-155,-145,6.5,6.5
331,SFO,BUMGARNER-L,-140,-118,8,8
331,ARI,BMCCARTHY-R,120,108,8,8
331,KAN,JSHIELDS-R,140,133,7,7
331,DET,JVERLANDE-R,-160,-148,7,7
331,BOS,JLESTER-L,-115,-115,8.5,9
331,BAL,CTILLMAN-R,-105,105,8.5,9
331,TOR,RDICKEY-R,145,149,7,7
331,TAM,DPRICE-L,-165,-164,7,7
331,MIN,RNOLASCO-R,145,155,7,7
331,CWS,CSALE-L,-165,-175,7,7
331,CLE,JMASTERSO-R,115,130,7,7
331,OAK,SGRAY-R,-135,-145,7,7
331,SEA,FHERNANDZ-R,115,104,6.5,7
331,LAA,JWEAVER-R,-135,-114,6.5,7
331,PHI,CLEE-L,-115,-105,8,7.5
331,TEX,TSCHEPPER-R,-105,-105,8,7.5
401,LOS,ZGREINKE-R,-155,-150,6.5,6.5
401,SDG,IKENNEDY-R,135,135,6.5,6.5
401,COL,BANDERSON-L,100,-122,7.5,7
401,MIA,NEOVALDI-R,-120,112,7.5,7
401,ATL,AWOOD-L,105,104,8,8.5
401,MIL,KLOHSE-R,-125,-114,8,8.5
401,SFO,MCAIN-R,-115,107,8.5,8.5
401,ARI,WMILEY-L,-105,-117,8.5,8.5
401,NYY,CSABATHIA-L,-160,-150,8,8.5
401,HOU,SFELDMAN-R,140,135,8,8.5
401,TOR,DHUTCHISO-R,140,150,8,7.5
401,TAM,ACOBB-R,-160,-165,8,7.5
401,SEA,ERAMIREZ-R,150,150,8,7.5
401,LAA,CWILSON-L,-170,-170,8,7.5
401,PHI,ABURNETT-R,105,131,8.5,8.5
401,TEX,MPEREZ-L,-125,-146,8.5,8.5
402,ATL,AHARANG-R,120,114,8.5,9
402,MIL,MGARZA-R,-140,-124,8.5,9
402,CUB,EJACKSON-R,145,140,7,7
402,PIT,CMORTON-R,-165,-155,7,7
402,COL,JLYLES-R,100,113,7.5,7.5
402,MIA,HALVAREZ-R,-120,-123,7.5,7.5
402,WAS,GGONZALEZ-L,-140,-122,7,6.5
402,NYM,BCOLON-R,120,112,7,6.5
402,STL,MWACHA-R,-120,-116,7.5,7
402,CIN,TCINGRANI-L,100,106,7.5,7
402,SFO,THUDSON-R,-105,-105,9,8.5
402,ARI,TCAHILL-R,-115,-105,9,8.5
402,LOS,DHAREN-R,-115,100,7,6.5
402,SDG,TROSS-R,-105,-110,7,6.5
402,KAN,JVARGAS-L,170,170,7.5,7.5
402,DET,MSCHERZER-R,-200,-200,7.5,7.5
402,MIN,KCORREIA-R,120,125,7.5,8
402,CWS,FPAULINO-R,-140,-140,7.5,8
402,CLE,CKLUBER-R,100,130,8,7.5
402,OAK,SKAZMIR-L,-120,-145,8,7.5
402,BOS,JLACKEY-R,-113,-117,8.5,8.5
402,BAL,UJIMENEZ-R,-107,107,8.5,8.5
402,TOR,MBUEHRLE-L,150,138,7.5,8
402,TAM,MMOORE-L,-170,-153,7.5,8
402,NYY,HKURODA-R,-165,-170,8.5,8
402,HOU,JCOSART-R,145,150,8.5,8
402,SEA,JPAXTON-L,115,127,8,7.5
402,LAA,HSANTIAGO-L,-135,-142,8,7.5
402,PHI,KKENDRICK-R,135,150,9.5,9.5
402,TEX,RROSS-L,-155,-170,9.5,9.5
402,CLE,ZMCALLIST-R,115,118,8,8
402,OAK,JLINDBLOM-R,-135,-128,8,8
403,STL,LLYNN-R,100,102,7.5,7.5
403,CIN,HBAILEY-R,-120,-112,7.5,7.5
403,CUB,JHAMMEL-R,155,144,7.5,7
403,PIT,WRODRIGUE-L,-175,-159,7.5,7
403,COL,FMORALES-L,-115,-113,7.5,7.5
403,MIA,JTURNER-R,-105,103,7.5,7.5
403,WAS,TROARK-R,-150,-117,7,7
403,NYM,ZWHEELER-R,130,107,7,7
403,SFO,TLINCECUM-R,100,107,8.5,8.5
403,ARI,BARROYO-R,-120,-117,8.5,8.5
403,MIN,PHUGHES-R,125,125,8,7.5
403,CWS,JQUINTANA-L,-145,-140,8,7.5
403,BOS,FDOUBRO-L,-105,-101,9,9
403,BAL,WCHEN-L,-115,-109,9,9
403,TOR,BMORROW-R,135,141,7.5,8
403,TAM,CARCHER-R,-155,-156,7.5,8
403,NYY,INOVA-R,-145,-152,8,8.5
403,HOU,BOBERHO-L,125,137,8,8.5
403,SEA,RELIAS-L,115,125,7.5,8
403,OAK,JCHAVEZ-R,-135,-140,7.5,8
404,ATL,DHALE-R,145,152,7.5,7.5
404,WAS,JZIMMERMA-R,-165,-172,7.5,7.5
404,PHI,RHERNANDE-R,110,135,13.5,11
404,CUB,TWOOD-L,-130,-150,13.5,11
404,SFO,RVOGELSON-R,145,165,7.5,7.5
404,LOS,HRYU-L,-165,-185,7.5,7.5
404,ARI,RDELGADO-R,110,116,10,10
404,COL,JNICASIO-R,-130,-126,10,10
404,STL,SMILLER-R,-105,-102,7,7
404,PIT,GCOLE-R,-115,-108,7,7
404,CIN,MLEAKE-R,-120,-101,7,7
404,NYM,JMEJIA-R,100,-109,7,7
404,SDG,ESTULTS-L,-112,-103,7.5,7.5
404,MIA,TKOEHLER-R,-108,-107,7.5,7.5
404,BAL,MGONZAL-R,145,152,8,7.5
404,DET,ASANCHEZ-R,-165,-167,8,7.5
404,MIN,MPELFREY-R,160,170,7.5,7.5
404,CLE,DSALAZAR-R,-180,-190,7.5,7.5
404,CWS,EJOHNSON-R,125,137,8,8.5
404,KAN,JGUTHRIE-R,-145,-152,8,8.5
404,NYY,MTANAKA-R,-130,-143,8,8.5
404,TOR,DMCGOWAN-R,110,128,8,8.5
404,TEX,JSAUNDERS-L,120,139,8.5,8.5
404,TAM,JODORIZZI-R,-140,-154,8.5,8.5
404,LAA,GRICHARDS-R,-140,-180,9,9.5
404,HOU,LHARRELL-R,120,160,9,9.5
404,MIL,MESTRADA-R,145,128,8.5,8.5
404,BOS,JPEAVY-R,-165,-143,8.5,8.5
405,CIN,JCUETO-R,-140,-130,6.5,6.5
405,NYM,DGEE-R,120,115,6.5,6.5
405,PHI,CLEE-L,-135,-116,7,6.5
405,CUB,SAMARDZIJA-R,115,106,7,6.5
405,SFO,BUMGARNER-L,-115,-112,7.5,7.5
405,LOS,PMAHOLM-L,-105,102,7.5,7.5
405,ATL,JTEHERAN-R,155,143,6.5,6.5
405,WAS,STRASBURG-R,-175,-158,6.5,6.5
405,STL,JKELLY-R,125,130,7,7
405,PIT,FLIRIANO-L,-145,-145,7,7
405,SDG,ACASHNER-R,130,135,6,6.5
405,MIA,JFERNANDZ-R,-150,-150,6,6.5
405,ARI,BMCCARTHY-R,120,107,10,9.5
405,COL,DELAROSA-L,-140,-117,10,9.5
405,MIN,KGIBSON-R,145,143,9,8.5
405,CLE,CCARRASCO-R,-165,-158,9,8.5
405,NYY,MPINEDA-R,-109,119,8,9
405,TOR,RDICKEY-R,-111,-129,8,9
405,BAL,BNORRIS-R,125,118,8.5,8.5
405,DET,RPORCELLO-R,-145,-133,8.5,8.5
405,CWS,JDANKS-L,130,136,8,8
405,KAN,BCHEN-L,-150,-151,8,8
405,SEA,FHERNANDZ-R,-135,-122,7,7
405,OAK,DSTRAILY-R,115,112,7,7
405,TEX,NMARTINEZ-R,160,160,7.5,7.5
405,TAM,DPRICE-L,-180,-180,7.5,7.5
405,LAA,TSKAGGS-L,-145,-150,9,9
405,HOU,DKEUCHEL-L,125,135,9,9
405,MIL,WPERALTA-R,165,170,8.5,8.5
405,BOS,CBUCHHOLZ-R,-185,-190,8.5,8.5
406,SDG,IKENNEDY-R,105,109,7.5,7.5
406,MIA,NEOVALDI-R,-125,-119,7.5,7.5
406,CIN,ASIMON-R,-120,-104,7.5,7
406,NYM,JNIESE-L,100,-106,7.5,7
406,STL,WAINWRIGHT-R,-160,-165,7,7
406,PIT,EVOLQUEZ-R,140,150,7,7
406,ATL,AWOOD-L,105,-107,7.5,7
406,WAS,TJORDAN-R,-125,-103,7.5,7
406,PHI,ABURNETT-R,-130,-114,7.5,7.5
406,CUB,VILLANUEVA-R,110,104,7.5,7.5
406,ARI,WMILEY-L,105,116,9.5,9
406,COL,BANDERSON-L,-125,-126,9.5,9
406,SFO,MCAIN-R,130,132,6.5,6.5
406,LOS,ZGREINKE-R,-150,-147,6.5,6.5
406,MIN,RNOLASCO-R,160,175,7.5,7.5
406,CLE,MASTERSON-R,-180,-195,7.5,7.5
406,BAL,CTILLMAN-R,155,139,7.5,7.5
406,DET,VERLANDER-R,-175,-154,7.5,7.5
406,NYY,CSABATHIA-L,-108,111,9,8.5
406,TOR,HUTCHISON-R,-112,-121,9,8.5
406,TEX,YDARVISH-R,-115,-108,7,7
406,TAM,ACOBB-R,-105,-102,7,7
406,LAA,JWEAVER-R,-165,-156,8,8
406,HOU,SFELDMAN-R,145,141,8,8
406,CWS,CSALE-L,110,106,7,7
406,KAN,JSHIELDS-R,-130,-116,7,7
406,SEA,ERAMIREZ-R,135,132,7.5,7.5
406,OAK,SGRAY-R,-155,-147,7.5,7.5
406,MIL,YGALLARDO-R,145,141,8.5,9
406,BOS,JLESTER-L,-165,-156,8.5,9
407,CIN,TCINGRANI-L,130,138,7,6.5
407,STL,MWACHA-R,-150,-153,7,6.5
407,BAL,UJIMENEZ-R,130,127,8.5,8
407,NYY,HKURODA-R,-150,-142,8.5,8
407,LAA,CWILSON-L,-150,-160,8.5,8.5
407,HOU,JCOSART-R,130,145,8.5,8.5
407,OAK,SKAZMIR-L,-135,-144,8,8
407,MIN,KCORREIA-R,115,129,8,8
407,TEX,SCHEPPERS-R,135,138,9,9
407,BOS,JLACKEY-R,-155,-153,9,9
407,TAM,MMOORE-L,-130,-101,8,7.5
407,KAN,JVARGAS-L,110,-109,8,7.5
407,CWS,FPAULINO-R,115,136,10,9.5
407,COL,JLYLES-R,-135,-151,10,9.5
408,ARI,TCAHILL-R,140,140,7.5,7.5
408,SFO,THUDSON-R,-160,-155,7.5,7.5
408,MIA,HALVAREZ-R,170,170,7,7
408,WAS,GGONZALEZ-L,-190,-200,7,7
408,NYM,BCOLON-R,120,119,8,7
408,ATL,AHARANG-R,-140,-129,8,7
408,PIT,CMORTON-R,-135,-118,7,7
408,CUB,EJACKSON-R,115,108,7,7
408,CIN,HBAILEY-R,120,118,7.5,7
408,STL,LLYNN-R,-140,-133,7.5,7
408,BAL,WCHEN-L,130,-105,8.5,9
408,NYY,INOVA-R,-150,-105,8.5,9
408,TEX,MPEREZ-L,120,118,9,9.5
408,BOS,FDOUBRONT-L,-140,-128,9,9.5
408,HOU,OBERHOLTZR-L,150,175,8.5,9.5
408,TOR,MBUEHRLE-L,-170,-205,8.5,9.5
408,TAM,CARCHER-R,-125,-109,7.5,7.5
408,KAN,YVENTURA-R,105,-101,7.5,7.5
408,LAA,HSANTIAGO-L,115,110,7.5,7.5
408,SEA,JPAXTON-L,-135,-120,7.5,7.5
408,SDG,TROSS-R,130,119,8,7.5
408,CLE,CKLUBER-R,-150,-129,8,7.5
408,CWS,JQUINTANA-L,105,140,10,9.5
408,COL,FMORALES-L,-125,-155,10,9.5
408,DET,MSCHERZER-R,-130,-122,6.5,7
408,LOS,DHAREN-R,110,112,6.5,7
408,MIL,KLOHSE-R,-105,-129,8.5,9
408,PHI,KKENDRICK-R,-115,119,8.5,9
409,CIN,MLEAKE-R,140,128,7.5,7.5
409,STL,SMILLER-R,-160,-143,7.5,7.5
409,MIA,BHAND-L,160,170,7.5,7
409,WAS,JZIMMERMA-R,-180,-200,7.5,7
409,MIL,MGARZA-R,-135,-126,8,7.5
409,PHI,RHERNANDE-R,115,116,8,7.5
409,NYM,ZWHEELER-R,125,152,7,7
409,ATL,ESANTANA-R,-145,-167,7,7
409,PIT,WRODRIGUE-L,-130,-109,9.5,9
409,CUB,JHAMMEL-R,110,-101,9.5,9
409,ARI,BARROYO-R,130,116,7,7.5
409,SFO,TLINCECUM-R,-150,-126,7,7.5
409,OAK,JCHAVEZ-R,-125,-140,8.5,8.5
409,MIN,PHUGHES-R,105,125,8.5,8.5
409,TAM,JODORIZZI-R,-112,-117,8,9
409,KAN,JGUTHRIE-R,-108,107,8,9
409,TEX,RROSS-L,140,130,9,8.5
409,BOS,JPEAVY-R,-160,-145,9,8.5
409,HOU,LHARRELL-R,165,175,8.5,9
409,TOR,BMORROW-R,-185,-205,8.5,9
409,BAL,MGONZAL-R,145,157,8.5,8
409,NYY,MTANAKA-R,-165,-177,8.5,8
409,LAA,GRICHARDS-R,-110,-108,8,8.5
409,SEA,RELIAS-L,-110,-102,8,8.5
409,SDG,ESTULTS-L,125,135,8,8
409,CLE,ZMCALLIST-R,-145,-150,8,8
409,CWS,EJOHNSON-R,145,150,10,10
409,COL,JNICASIO-R,-165,-170,10,10
409,DET,ASANCHEZ-R,-114,-116,7,7
409,LOS,JBECKETT-R,-106,106,7,7
409,SDG,RERLIN-L,120,109,8.5,8.5
409,CLE,TBAUER-R,-140,-119,8.5,8.5
410,PIT,GCOLE-R,-135,-130,7.5,7.5
410,CUB,TWOOD-L,115,115,7.5,7.5
410,MIA,TKOEHLER-R,200,190,7.5,7
410,WAS,STRASBURG-R,-230,-220,7.5,7
410,MIL,MESTRADA-R,110,108,7.5,7
410,PHI,CLEE-L,-130,-118,7.5,7
410,NYM,JMEJIA-R,120,125,7.5,7.5
410,ATL,DHALE-R,-140,-140,7.5,7.5
410,ARI,RDELGADO-R,120,107,7.5,8
410,SFO,RVOGELSON-R,-140,-117,7.5,8
410,OAK,DSTRAILY-R,-140,-140,8.5,8.5
410,MIN,MPELFREY-R,120,125,8.5,8.5
410,BOS,CBUCHHOLZ-R,-111,-101,8.5,8.5
410,NYY,MPINEDA-R,-109,-109,8.5,8.5
410,HOU,DKEUCHEL-L,185,173,8.5,9.5
410,TOR,RDICKEY-R,-215,-203,8.5,9.5
410,CLE,DSALAZAR-R,-115,-126,8,8
410,CWS,JDANKS-L,-105,116,8,8
411,MIA,JFERNANDZ-R,-120,-140,6.5,7
411,PHI,ABURNETT-R,100,125,6.5,7
411,WAS,TROARK-R,105,114,7,7.5
411,ATL,JTEHERAN-R,-125,-124,7,7.5
411,PIT,FLIRIANO-L,-106,105,7.5,8.5
411,MIL,WPERALTA-R,-114,-115,7.5,8.5
411,CUB,SAMARDZIJA-R,135,126,7.5,7
411,STL,JKELLY-R,-155,-141,7.5,7
411,LOS,HRYU-L,-120,-115,8.5,8.5
411,ARI,BMCCARTHY-R,100,105,8.5,8.5
411,COL,DELAROSA-L,150,146,7,6.5
411,SFO,BUMGARNER-L,-170,-161,7,6.5
411,BOS,JLESTER-L,-120,-126,8.5,8
411,NYY,CSABATHIA-L,100,116,8.5,8
411,TOR,DMCGOWAN-R,125,142,8.5,8.5
411,BAL,CTILLMAN-R,-145,-157,8.5,8.5
411,HOU,SFELDMAN-R,195,190,8,8
411,TEX,YDARVISH-R,-225,-220,8,8
411,CLE,CCARRASCO-R,150,143,7.5,7.5
411,CWS,CSALE-L,-170,-158,7.5,7.5
411,KAN,BCHEN-L,-135,-120,8.5,8
411,MIN,KGIBSON-R,115,110,8.5,8
411,OAK,TMILONE-L,155,136,6.5,6.5
411,SEA,FHERNANDZ-R,-175,-151,6.5,6.5
411,TAM,DPRICE-L,-115,-123,7,7
411,CIN,JCUETO-R,-105,113,7,7
411,NYM,DGEE-R,120,145,8,8
411,LAA,TSKAGGS-L,-140,-160,8,8
411,DET,RPORCELLO-R,-105,102,7,7
411,SDG,ACASHNER-R,-115,-112,7,7
412,CUB,VILLANUEVA-R,179,200,7,7
412,STL,WAINWRIGHT-R,-209,-230,7,7
412,COL,BANDERSON-L,115,116,7.5,7.5
412,SFO,MCAIN-R,-135,-126,7.5,7.5
412,MIA,NEOVALDI-R,-120,-102,8,8
412,PHI,PETTIBONE-R,100,-108,8,8
412,PIT,EVOLQUEZ-R,135,130,8,8.5
412,MIL,YGALLARDO-R,-155,-145,8,8.5
412,WAS,TJORDAN-R,105,128,7,7
412,ATL,AWOOD-L,-125,-143,7,7
412,LOS,ZGREINKE-R,-125,-116,8.5,8
412,ARI,WMILEY-L,105,106,8.5,8
412,BOS,JLACKEY-R,100,102,8.5,8.5
412,NYY,HKURODA-R,-120,-112,8.5,8.5
412,KAN,JSHIELDS-R,-150,-141,7.5,7.5
412,MIN,RNOLASCO-R,130,126,7.5,7.5
412,CLE,MASTERSON-R,-115,-125,8.5,9
412,CWS,FPAULINO-R,-105,115,8.5,9
412,TOR,HUTCHISON-R,110,101,9,9
412,BAL,BNORRIS-R,-130,-111,9,9
412,HOU,JCOSART-R,155,150,9.5,9.5
412,TEX,SCHEPPERS-R,-175,-170,9.5,9.5
412,OAK,SGRAY-R,-135,-122,7,7.5
412,SEA,ERAMIREZ-R,115,112,7,7.5
412,TAM,ACOBB-R,-125,-130,7.5,7.5
412,CIN,ASIMON-R,105,115,7.5,7.5
412,DET,VERLANDER-R,-155,-131,6.5,6.5
412,SDG,IKENNEDY-R,135,116,6.5,6.5
412,NYM,JNIESE-L,155,150,7.5,7.5
412,LAA,JWEAVER-R,-175,-170,7.5,7.5
413,MIA,HALVAREZ-R,115,107,8.5,8.5
413,PHI,KKENDRICK-R,-135,-117,8.5,8.5
413,WAS,GGONZALEZ-L,-120,-130,7.5,7
413,ATL,AHARANG-R,100,115,7.5,7
413,PIT,CMORTON-R,110,108,8.5,8.5
413,MIL,KLOHSE-R,-130,-118,8.5,8.5
413,CUB,EJACKSON-R,200,205,7,7.5
413,STL,MWACHA-R,-240,-245,7,7.5
413,COL,TCHATWOOD-R,150,142,7.5,7.5
413,SFO,THUDSON-R,-170,-157,7.5,7.5
413,LOS,DHAREN-R,-120,-120,8.5,9
413,ARI,TCAHILL-R,100,110,8.5,9
413,TOR,MBUEHRLE-L,-115,-105,8.5,9
413,BAL,UJIMENEZ-R,-105,-105,8.5,9
413,KAN,JVARGAS-L,-120,-118,8.5,8
413,MIN,KCORREIA-R,100,108,8.5,8
413,CLE,CKLUBER-R,110,104,8.5,9
413,CWS,JQUINTANA-L,-130,-114,8.5,9
413,HOU,OBERHOLTZR-L,160,145,9,9
413,TEX,MPEREZ-L,-180,-160,9,9
413,OAK,SKAZMIR-L,-120,-139,8,7.5
413,SEA,CYOUNG-R,100,124,8,7.5
413,BOS,FDOUBRONT-L,-105,108,9,9
413,NYY,INOVA-R,-115,-118,9,9
413,TAM,CRAMOS-L,115,112,8,7.5
413,CIN,TCINGRANI-L,-135,-122,8,7.5
413,NYM,BCOLON-R,130,129,7.5,8
413,LAA,CWILSON-L,-150,-144,7.5,8
413,DET,MSCHERZER-R,-160,-164,6.5,6.5
413,SDG,TROSS-R,140,149,6.5,6.5
414,ATL,ESANTANA-R,-140,-121,8,8.5
414,PHI,RHERNANDE-R,120,111,8,8.5
414,WAS,JZIMMERMN-R,-125,-155,7.5,7.5
414,MIA,BHAND-L,105,140,7.5,7.5
414,PIT,WRODRIGUE-L,105,113,7.5,7.5
414,CIN,HBAILEY-R,-125,-123,7.5,7.5
414,STL,LLYNN-R,105,113,8,8.5
414,MIL,MGARZA-R,-125,-123,8,8.5
414,NYM,ZWHEELER-R,100,115,9,9
414,ARI,JCOLLMENT-R,-120,-130,9,9
414,COL,JLYLES-R,100,107,7,7.5
414,SDG,ESTULTS-L,-120,-117,7,7.5
414,TAM,CARCHER-R,-125,-113,8,8.5
414,BAL,WCHEN-L,105,103,8,8.5
414,SEA,RELIAS-L,130,100,9.5,9
414,TEX,CLEWIS-R,-150,-110,9.5,9
414,OAK,JCHAVEZ-R,-115,-113,8.5,8.5
414,LAA,HSANTIAGO-L,-105,103,8.5,8.5
415,WAS,STRASBURG-R,-175,-178,7,7
415,MIA,TKOEHLER-R,155,158,7,7
415,PIT,GCOLE-R,-114,-109,7.5,7
415,CIN,MLEAKE-R,-106,-101,7.5,7
415,STL,SMILLER-R,100,104,8,8
415,MIL,MESTRADA-R,-120,-114,8,8
415,NYM,JMEJIA-R,115,125,9,9
415,ARI,BARROYO-R,-135,-140,9,9
415,COL,JNICASIO-R,100,102,7,7
415,SDG,RERLIN-L,-120,-112,7,7
415,LOS,JBECKETT-R,-105,-105,7.5,8
415,SFO,TLINCECUM-R,-115,-105,7.5,8
415,SEA,BBEAVAN-R,130,140,9,8.5
415,TEX,RROSS-L,-150,-155,9,8.5
415,BOS,JPEAVY-R,-150,-140,8.5,8
415,CWS,EJOHNSON-R,130,125,8.5,8
415,TOR,BMORROW-R,-135,-122,8,8
415,MIN,PHUGHES-R,115,112,8,8
415,KAN,YVENTURA-R,-140,-174,8.5,8
415,HOU,LHARRELL-R,120,154,8.5,8
415,OAK,DSTRAILY-R,100,102,8,8.5
415,LAA,GRICHARDS-R,-120,-112,8,8.5
416,PIT,FLIRIANO-L,110,103,7,7
416,CIN,JCUETO-R,-130,-113,7,7
416,STL,JKELLY-R,100,-104,8.5,8.5
416,MIL,WPERALTA-R,-120,-106,8.5,8.5
416,NYM,DGEE-R,110,133,9.5,9
416,ARI,BMCCARTHY-R,-130,-148,9.5,9
416,ATL,JTEHERAN-R,-120,117,8,6.5
416,PHI,CLEE-L,100,-132,8,6.5
416,WAS,TROARK-R,125,152,6.5,6.5
416,MIA,JFERNANDZ-R,-145,-172,6.5,6.5
416,COL,DELAROSA-L,120,117,6.5,6.5
416,SDG,ACASHNER-R,-140,-132,6.5,6.5
416,LOS,PMAHOLM-L,100,-102,8,8.5
416,SFO,RVOGELSON-R,-120,-108,8,8.5
416,TAM,JODORIZZI-R,-125,-101,7.5,8
416,BAL,MGONZALEZ-R,105,-109,7.5,8
416,CLE,ZMCALLIST-R,135,126,8,7.5
416,DET,ASANCHEZ-R,-155,-141,8,7.5
416,SEA,FHERNANDZ-R,120,113,7,6.5
416,TEX,YDARVISH-R,-140,-123,7,6.5
416,KAN,JGUTHRIE-R,-140,-116,9,8
416,HOU,DKEUCHEL-L,120,106,9,8
416,BOS,CBUCHHOLZ-R,-150,-126,8.5,7.5
416,CWS,JDANKS-L,130,116,8.5,7.5
416,OAK,TMILONE-L,110,117,8.5,8
416,LAA,TSKAGGS-L,-130,-127,8.5,8
416,CUB,TWOOD-L,152,135,8,7
416,NYY,MPINEDA-R,-172,-150,8,7
416,CUB,JHAMMEL-R,174,170,8,7
416,NYY,MTANAKA-R,-194,-190,8,7
417,ATL,AWOOD-L,-130,-145,8,7
417,PHI,ABURNETT-R,110,130,8,7
417,LOS,HRYU-L,-111,113,7,6.5
417,SFO,BUMGARNER-L,-109,-123,7,6.5
417,COL,FMORALES-L,110,117,7.5,7
417,SDG,IKENNEDY-R,-130,-127,7.5,7
417,MIL,YGALLARDO-R,-120,-102,7,7
417,PIT,EVOLQUEZ-R,100,-108,7,7
417,STL,WAINWRIGHT-R,-155,-141,7,6.5
417,WAS,TJORDAN-R,135,126,7,6.5
417,CLE,DSALAZAR-R,150,139,7.5,7.5
417,DET,VERLANDER-R,-170,-154,7.5,7.5
417,TOR,RDICKEY-R,-115,-120,7.5,7
417,MIN,KGIBSON-R,-105,110,7.5,7
417,SEA,ERAMIREZ-R,105,110,9,9
417,TEX,SCHEPPERS-R,-125,-120,9,9
417,NYY,CSABATHIA-L,150,151,7,6.5
417,TAM,DPRICE-L,-170,-166,7,6.5
417,KAN,JSHIELDS-R,-105,-131,8,7.5
417,HOU,SFELDMAN-R,-115,116,8,7.5
417,BOS,JLESTER-L,-105,-102,7.5,7
417,CWS,CSALE-L,-115,-108,7.5,7
417,TOR,DMCGOWAN-R,-127,-125,8.5,7
417,MIN,MPELFREY-R,107,115,8.5,7
418,CIN,ASIMON-R,-115,-102,6.5,6.5
418,CUB,SAMARDZIJA-R,-105,-108,6.5,6.5
418,STL,MWACHA-R,-114,-110,7,6.5
418,WAS,GGONZALEZ-L,-106,100,7,6.5
418,MIL,KLOHSE-R,-115,108,7,7
418,PIT,CMORTON-R,-105,-118,7,7
418,ATL,AHARANG-R,-115,-107,7,7
418,NYM,JNIESE-L,-105,-103,7,7
418,PHI,PETTIBONE-R,135,137,10.5,10.5
418,COL,TCHATWOOD-R,-155,-152,10.5,10.5
418,SFO,MCAIN-R,-120,100,6.5,6.5
418,SDG,TROSS-R,100,-110,6.5,6.5
418,ARI,WMILEY-L,170,160,7,6.5
418,LOS,ZGREINKE-R,-200,-180,7,6.5
418,LAA,JWEAVER-R,115,116,8,8
418,DET,DSMYLY-L,-135,-126,8,8
418,TOR,HUTCHISON-R,105,125,8.5,8
418,CLE,MASTERSON-R,-125,-140,8.5,8
418,NYY,HKURODA-R,-115,-110,7.5,7.5
418,TAM,EBEDARD-L,-105,100,7.5,7.5
418,BAL,CTILLMAN-R,115,115,8.5,7.5
418,BOS,JLACKEY-R,-135,-130,8.5,7.5
418,CWS,FPAULINO-R,145,140,10,8.5
418,TEX,MPEREZ-L,-165,-155,10,8.5
418,MIN,RNOLASCO-R,135,128,8.5,7.5
418,KAN,JVARGAS-L,-155,-143,8.5,7.5
418,HOU,JCOSART-R,175,204,7,7
418,OAK,SGRAY-R,-205,-234,7,7
418,SEA,CYOUNG-R,-115,106,7.5,7.5
418,MIA,NEOVALDI-R,-105,-116,7.5,7.5
419,STL,LLYNN-R,100,110,7.5,7
419,WAS,JZIMMERMN-R,-120,-120,7.5,7
419,CIN,TCINGRANI-L,-145,-146,7.5,7.5
419,CUB,EJACKSON-R,125,131,7.5,7.5
419,MIL,MGARZA-R,-125,-101,7.5,7
419,PIT,WRODRIGUE-L,105,-109,7.5,7
419,ATL,ESANTANA-R,-135,-128,7.5,7
419,NYM,BCOLON-R,115,118,7.5,7
419,PHI,KKENDRICK-R,130,128,10,10.5
419,COL,JLYLES-R,-150,-143,10,10.5
419,ARI,BOLSINGER-R,175,175,8,7.5
419,LOS,DHAREN-R,-205,-195,8,7.5
419,SFO,THUDSON-R,-130,-124,6.5,7
419,SDG,ESTULTS-L,110,114,6.5,7
419,TOR,MBUEHRLE-L,-107,107,8.5,7.5
419,CLE,CKLUBER-R,-113,-117,8.5,7.5
419,LAA,CWILSON-L,125,149,7.5,7.5
419,DET,MSCHERZER-R,-145,-164,7.5,7.5
419,BAL,BNORRIS-R,105,126,9,9
419,BOS,FDOUBRONT-L,-125,-141,9,9
419,MIN,KCORREIA-R,115,130,8.5,8.5
419,KAN,BCHEN-L,-135,-145,8.5,8.5
419,HOU,OBERHOLTZR-L,185,185,7,7.5
419,OAK,SKAZMIR-L,-215,-215,7,7.5
419,NYY,INOVA-R,115,125,7.5,7.5
419,TAM,CARCHER-R,-135,-140,7.5,7.5
419,CWS,JQUINTANA-L,-115,114,9.5,8.5
419,TEX,CLEWIS-R,-105,-124,9.5,8.5
419,SEA,RELIAS-L,-125,-107,8,7.5
419,MIA,HALVAREZ-R,105,-103,8,7.5
420,ATL,DHALE-R,-120,-102,7.5,7
420,NYM,ZWHEELER-R,100,-108,7.5,7
420,STL,SMILLER-R,125,130,7.5,7
420,WAS,STRASBURG-R,-145,-145,7.5,7
420,MIL,MESTRADA-R,100,113,7.5,6.5
420,PIT,GCOLE-R,-120,-123,7.5,6.5
420,CIN,HBAILEY-R,-114,-140,9.5,9
420,CUB,VILLANUEVA-R,-106,125,9.5,9
420,PHI,RHERNANDE-R,145,137,10,9.5
420,COL,JNICASIO-R,-165,-152,10,9.5
420,ARI,JCOLLMENT-R,135,129,8,7.5
420,LOS,JBECKETT-R,-155,-144,8,7.5
420,SFO,TLINCECUM-R,-105,-102,7.5,7
420,SDG,RERLIN-L,-115,-108,7.5,7
420,LAA,HSANTIAGO-L,125,126,9,9
420,DET,RPORCELLO-R,-145,-141,9,9
420,TOR,BMORROW-R,-115,-114,8.5,8.5
420,CLE,CCARRASCO-R,-105,104,8.5,8.5
420,NYY,VNUNO-L,105,125,8.5,8.5
420,TAM,CRAMOS-L,-125,-140,8.5,8.5
420,MIN,PHUGHES-R,180,163,8,8
420,KAN,YVENTURA-R,-210,-183,8,8
420,CWS,EJOHNSON-R,160,156,9.5,9
420,TEX,RROSS-L,-180,-176,9.5,9
420,HOU,BPEACOCK-R,195,235,8,8
420,OAK,JCHAVEZ-R,-225,-275,8,8
420,BAL,UJIMENEZ-R,145,146,9,8
420,BOS,JPEAVY-R,-165,-161,9,8
420,SEA,BMAURER-R,-105,-101,8.5,8
420,MIA,KSLOWEY-R,-115,-109,8.5,8
421,CIN,MLEAKE-R,115,138,7,7.5
421,PIT,FLIRIANO-L,-135,-153,7,7.5
421,STL,TLYONS-L,-112,-116,7.5,7.5
421,NYM,JMEJIA-R,-108,106,7.5,7.5
421,MIA,TKOEHLER-R,160,160,7,7.5
421,ATL,JTEHERAN-R,-180,-180,7,7.5
421,ARI,BARROYO-R,120,105,7.5,9
421,CUB,TWOOD-L,-140,-115,7.5,9
421,SDG,ACASHNER-R,-105,-103,7.5,7.5
421,MIL,WPERALTA-R,-115,-107,7.5,7.5
421,SFO,RVOGELSON-R,115,131,10.5,10.5
421,COL,DELAROSA-L,-135,-146,10.5,10.5
421,PHI,CLEE-L,105,100,7,6.5
421,LOS,PMAHOLM-L,-125,-110,7,6.5
421,BAL,WCHEN-L,134,143,9,7.5
421,BOS,CBUCHHOLZ-R,-154,-158,9,7.5
421,CWS,JDANKS-L,145,171,8,8.5
421,DET,ASANCHEZ-R,-165,-191,8,8.5
421,KAN,JGUTHRIE-R,129,133,8,8.5
421,CLE,ZMCALLIST-R,-149,-148,8,8.5
421,TEX,YDARVISH-R,-135,-108,6.5,7
421,OAK,DSTRAILY-R,115,-102,6.5,7
421,HOU,DKEUCHEL-L,215,215,6.5,6
421,SEA,FHERNANDZ-R,-255,-255,6.5,6
421,LAA,GRICHARDS-R,-105,105,8,8
421,WAS,TROARK-R,-115,-115,8,8
422,CIN,JCUETO-R,-125,-110,7,7
422,PIT,EVOLQUEZ-R,105,100,7,7
422,STL,WAINWRIGHT-R,-160,-165,6.5,7
422,NYM,DGEE-R,140,150,6.5,7
422,MIA,JFERNANDZ-R,115,118,6.5,6.5
422,ATL,AWOOD-L,-135,-128,6.5,6.5
422,ARI,BMCCARTHY-R,110,105,8,6.5
422,CUB,JHAMMEL-R,-130,-115,8,6.5
422,SDG,IKENNEDY-R,130,125,8,8
422,MIL,YGALLARDO-R,-150,-140,8,8
422,SFO,BUMGARNER-L,-130,-110,9.5,10
422,COL,FMORALES-L,110,100,9.5,10
422,PHI,ABURNETT-R,155,172,6.5,6.5
422,LOS,HRYU-L,-175,-192,6.5,6.5
422,CWS,CLEESMAN-L,130,200,7,8.5
422,DET,VERLANDER-R,-150,-240,7,8.5
422,KAN,JSHIELDS-R,-108,-108,7.5,7
422,CLE,DSALAZAR-R,-112,-102,7.5,7
422,BAL,MGONZALEZ-R,115,137,8.5,9.5
422,TOR,RDICKEY-R,-135,-152,8.5,9.5
422,MIN,KGIBSON-R,195,202,7,7.5
422,TAM,DPRICE-L,-225,-232,7,7.5
422,NYY,MTANAKA-R,110,102,8,8
422,BOS,JLESTER-L,-130,-112,8,8
422,TEX,NMARTINEZ-R,129,150,8,7.5
422,OAK,TMILONE-L,-149,-165,8,7.5
422,HOU,CMCHUGH-R,119,145,7.5,8.5
422,SEA,ERAMIREZ-R,-139,-160,7.5,8.5
422,LAA,TSKAGGS-L,105,102,8,8
422,WAS,TJORDAN-R,-125,-112,8,8
423,MIA,NEOVALDI-R,150,125,7.5,7
423,ATL,AHARANG-R,-170,-140,7.5,7
423,ARI,WMILEY-L,105,105,6.5,6.5
423,CUB,SAMARDZIJA-R,-125,-115,6.5,6.5
423,SFO,MCAIN-R,-120,100,10,9.5
423,COL,TCHATWOOD-R,100,-110,10,9.5
423,CIN,ASIMON-R,105,112,7.5,7.5
423,PIT,CMORTON-R,-125,-122,7.5,7.5
423,STL,MWACHA-R,-145,-146,7,6.5
423,NYM,JNIESE-L,125,131,7,6.5
423,SDG,TROSS-R,125,116,7.5,7.5
423,MIL,KLOHSE-R,-145,-131,7.5,7.5
423,PHI,CHAMELS-L,160,151,6.5,6.5
423,LOS,ZGREINKE-R,-180,-171,6.5,6.5
423,TEX,MPEREZ-L,130,151,7.5,7
423,OAK,SGRAY-R,-150,-171,7.5,7
423,HOU,JCOSART-R,145,135,8,8
423,SEA,CYOUNG-R,-165,-150,8,8
423,BAL,CTILLMAN-R,-111,-101,8.5,8.5
423,TOR,DMCGOWAN-R,-109,-109,8.5,8.5
423,KAN,JVARGAS-L,120,109,7.5,7
423,CLE,MASTERSON-R,-140,-119,7.5,7
423,CWS,ARIENZO-R,160,171,8.5,8.5
423,DET,DSMYLY-L,-180,-191,8.5,8.5
423,MIN,MPELFREY-R,160,160,8.5,8.5
423,TAM,JODORIZZI-R,-180,-180,8.5,8.5
423,NYY,MPINEDA-R,110,-102,8.5,8.5
423,BOS,JLACKEY-R,-130,-108,8.5,8.5
423,LAA,JWEAVER-R,110,114,7,7
423,WAS,GGONZALEZ-L,-130,-124,7,7
424,CIN,TCINGRANI-L,-120,100,7.5,7
424,PIT,BCUMPTON-R,100,-110,7.5,7
424,STL,LLYNN-R,-134,-127,7.5,7
424,NYM,BCOLON-R,114,117,7.5,7
424,ARI,BOLSINGER-R,104,113,12.5,10
424,CUB,EJACKSON-R,-124,-123,12.5,10
424,SDG,ESTULTS-L,144,140,7.5,7
424,WAS,JZIMMERMN-R,-164,-155,7.5,7
424,PHI,KKENDRICK-R,139,154,7.5,7
424,LOS,DHAREN-R,-159,-169,7.5,7
424,KAN,BCHEN-L,109,115,8.5,7.5
424,CLE,CKLUBER-R,-129,-125,8.5,7.5
424,CWS,JQUINTANA-L,179,190,8.5,7.5
424,DET,MSCHERZER-R,-199,-220,8.5,7.5
424,MIN,RNOLASCO-R,134,145,8.5,7.5
424,TAM,EBEDARD-L,-154,-160,8.5,7.5
424,BAL,BNORRIS-R,104,125,9,8.5
424,TOR,HUTCHISON-R,-124,-140,9,8.5
424,NYY,CSABATHIA-L,-111,107,9,8.5
424,BOS,FDOUBRONT-L,-109,-117,9,8.5
424,OAK,SKAZMIR-L,-164,-171,7.5,8.5
424,HOU,OBERHOLTZR-L,144,151,7.5,8.5
425,SDG,RERLIN-L,180,170,6.5,6.5
425,WAS,STRASBURG-R,-210,-190,6.5,6.5
425,MIA,HALVAREZ-R,-106,104,7.5,7
425,NYM,ZWHEELER-R,-114,-114,7.5,7
425,CIN,HBAILEY-R,135,118,7,7
425,ATL,ESANTANA-R,-155,-133,7,7
425,CUB,VILLANUEVA-R,165,162,8,8
425,MIL,MGARZA-R,-185,-182,8,8
425,PIT,GCOLE-R,100,101,7,7.5
425,STL,SMILLER-R,-120,-111,7,7.5
425,PHI,RHERNANDE-R,105,116,10,9
425,ARI,JCOLLMENT-R,-125,-126,10,9
425,COL,JLYLES-R,125,128,7.5,7
425,LOS,JBECKETT-R,-145,-143,7.5,7
425,LAA,CWILSON-L,100,110,9,8
425,NYY,HKURODA-R,-120,-120,9,8
425,KAN,YVENTURA-R,-112,-103,8.5,8
425,BAL,UJIMENEZ-R,-108,-107,8.5,8
425,BOS,JPEAVY-R,110,103,8.5,9.5
425,TOR,MBUEHRLE-L,-130,-113,8.5,9.5
425,TAM,CARCHER-R,-135,-140,9,8.5
425,CWS,EJOHNSON-R,115,125,9,8.5
425,OAK,JCHAVEZ-R,-185,-183,8,9
425,HOU,BPEACOCK-R,165,163,8,9
425,DET,RPORCELLO-R,-130,-124,8.5,8.5
425,MIN,KCORREIA-R,110,114,8.5,8.5
425,TEX,RROSS-L,-120,-113,7.5,7
425,SEA,RELIAS-L,100,103,7.5,7
425,CLE,CCARRASCO-R,145,138,7.5,7.5
425,SFO,THUDSON-R,-165,-153,7.5,7.5
426,SDG,ACASHNER-R,-105,100,7,7
426,WAS,TROARK-R,-115,-110,7,7
426,PIT,FLIRIANO-L,-110,103,7.5,8
426,STL,TLYONS-L,-110,-113,7.5,8
426,CUB,TWOOD-L,135,152,7.5,8
426,MIL,MESTRADA-R,-155,-167,7.5,8
426,MIA,KSLOWEY-R,119,126,7.5,7
426,NYM,JMEJIA-R,-139,-141,7.5,7
426,CIN,MLEAKE-R,-105,113,7.5,7.5
426,ATL,DHALE-R,-115,-123,7.5,7.5
426,PHI,CLEE-L,-140,-149,9,8
426,ARI,BARROYO-R,120,134,9,8
426,COL,JNICASIO-R,100,-101,7.5,7
426,LOS,PMAHOLM-L,-120,-109,7.5,7
426,LAA,HSANTIAGO-L,-105,101,9.5,9
426,NYY,VNUNO-L,-115,-111,9.5,9
426,BOS,CBUCHHOLZ-R,-112,-105,9,9
426,TOR,BMORROW-R,-108,-105,9,9
426,DET,ASANCHEZ-R,-165,-140,8.5,8
426,MIN,PHUGHES-R,145,125,8.5,8
426,KAN,JGUTHRIE-R,120,125,9,8.5
426,BAL,WCHEN-L,-140,-140,9,8.5
426,OAK,DSTRAILY-R,-170,-141,8.5,9
426,HOU,DKEUCHEL-L,150,126,8.5,9
426,TAM,CRAMOS-L,100,-112,9,8.5
426,CWS,JDANKS-L,-120,102,9,8.5
426,TEX,CLEWIS-R,160,152,7,7
426,SEA,FHERNANDZ-R,-180,-172,7,7
426,CLE,ZMCALLIST-R,-110,100,7.5,7.5
426,SFO,TLINCECUM-R,-110,-110,7.5,7.5
427,MIA,TKOEHLER-R,105,109,7,7
427,NYM,DGEE-R,-125,-119,7,7
427,CIN,JCUETO-R,-114,-105,6.5,6.5
427,ATL,JTEHERAN-R,-106,-105,6.5,6.5
427,SDG,IKENNEDY-R,-105,106,7.5,7
427,WAS,TJORDAN-R,-115,-116,7.5,7
427,CUB,JHAMMEL-R,125,130,7.5,7.5
427,MIL,WPERALTA-R,-145,-145,7.5,7.5
427,PIT,EVOLQUEZ-R,160,170,6.5,7.5
427,STL,WAINWRIGHT-R,-180,-190,6.5,7.5
427,COL,DELAROSA-L,170,132,7.5,7
427,LOS,HRYU-L,-200,-147,7.5,7
427,PHI,ABURNETT-R,-115,118,9.5,8.5
427,ARI,BMCCARTHY-R,-105,-133,9.5,8.5
427,BOS,JLESTER-L,-120,-110,8.5,8.5
427,TOR,RDICKEY-R,100,100,8.5,8.5
427,KAN,JSHIELDS-R,-120,-130,8.5,7.5
427,BAL,MGONZALEZ-R,100,115,8.5,7.5
427,OAK,TMILONE-L,-140,-147,9,9.5
427,HOU,CMCHUGH-R,120,132,9,9.5
427,TAM,DPRICE-L,-165,-176,8.5,8
427,CWS,SCARROLL-R,145,156,8.5,8
427,TEX,MHARRISON-L,-106,-106,7.5,7.5
427,SEA,BMAURER-R,-114,-104,7.5,7.5
427,LAA,GRICHARDS-R,130,149,8,7.5
427,NYY,MTANAKA-R,-150,-164,8,7.5
427,CLE,DSALAZAR-R,-114,-116,8.5,8
427,SFO,RVOGELSON-R,-106,106,8.5,8
428,MIL,YGALLARDO-R,135,150,7,7
428,STL,MWACHA-R,-155,-170,7,7
428,COL,FMORALES-L,105,116,9,8.5
428,ARI,WMILEY-L,-125,-131,9,8.5
428,SDG,TROSS-R,135,153,6.5,6
428,SFO,BUMGARNER-L,-155,-173,6.5,6
428,TAM,JODORIZZI-R,-114,-128,9,9
428,CWS,ARIENZO-R,-106,118,9,9
428,OAK,SGRAY-R,130,117,7.5,8
428,TEX,YDARVISH-R,-150,-127,7.5,8
428,CLE,MASTERSON-R,110,118,8,8.5
428,LAA,TSKAGGS-L,-130,-128,8,8.5
429,NYM,JNIESE-L,145,125,7,6.5
429,PHI,CHAMELS-L,-165,-140,7,6.5
429,ATL,AWOOD-L,105,118,6.5,6
429,MIA,JFERNANDZ-R,-125,-133,6.5,6
429,CUB,SAMARDZIJA-R,160,117,7.5,7.5
429,CIN,ASIMON-R,-180,-132,7.5,7.5
429,MIL,KLOHSE-R,130,150,7,6.5
429,STL,LLYNN-R,-150,-165,7,6.5
429,COL,TCHATWOOD-R,-115,-110,9.5,8.5
429,ARI,BOLSINGER-R,-105,100,9.5,8.5
429,SDG,ESTULTS-L,140,135,7,7
429,SFO,YPETIT-R,-160,-150,7,7
429,SEA,CYOUNG-R,145,154,8.5,8
429,NYY,CSABATHIA-L,-165,-174,8.5,8
429,TAM,EBEDARD-L,135,152,9,8.5
429,BOS,JLACKEY-R,-155,-167,9,8.5
429,OAK,SKAZMIR-L,100,-109,8.5,8
429,TEX,MPEREZ-L,-120,-101,8.5,8
429,DET,VERLANDER-R,-150,-140,7.5,8.5
429,CWS,JQUINTANA-L,130,125,7.5,8.5
429,TOR,DMCGOWAN-R,115,129,8.5,8.5
429,KAN,JVARGAS-L,-135,-144,8.5,8.5
429,CLE,CKLUBER-R,130,119,8,8.5
429,LAA,JWEAVER-R,-150,-129,8,8.5
429,WAS,GGONZALEZ-L,-155,-144,8,8.5
429,HOU,JCOSART-R,135,129,8,8.5
430,MIL,MGARZA-R,130,126,7,7
430,STL,SMILLER-R,-150,-141,7,7
430,ATL,AHARANG-R,-120,-106,7,7
430,MIA,NEOVALDI-R,100,-104,7,7
430,CUB,EJACKSON-R,165,164,7.5,7.5
430,CIN,TCINGRANI-L,-185,-184,7.5,7.5
430,COL,JLYLES-R,105,105,9,8.5
430,ARI,JCOLLMENT-R,-125,-115,9,8.5
430,SDG,RERLIN-L,160,150,7,7
430,SFO,THUDSON-R,-180,-170,7,7
430,DET,MSCHERZER-R,-175,-177,8,8
430,CWS,HNOESI-R,155,157,8,8
430,CLE,ZMCALLIST-R,130,132,8.5,9
430,LAA,CWILSON-L,-150,-147,8.5,9
430,OAK,JCHAVEZ-R,100,110,8.5,8
430,TEX,RROSS-L,-120,-120,8.5,8
430,TOR,HUTCHISON-R,-105,119,8.5,7
430,KAN,YVENTURA-R,-115,-134,8.5,7
430,LOS,ZGREINKE-R,-150,-161,8,7.5
430,MIN,KGIBSON-R,130,146,8,7.5
430,WAS,JZIMMERMN-R,-155,-142,8,8.5
430,HOU,OBERHOLTZR-L,135,127,8,8.5
501,ATL,ESANTANA-R,-125,-132,7,7.5
501,MIA,HALVAREZ-R,105,117,7,7.5
501,MIL,MESTRADA-R,-111,109,7.5,7
501,CIN,HBAILEY-R,-109,-119,7.5,7
501,NYM,BCOLON-R,120,125,10,9.5
501,COL,JNICASIO-R,-140,-140,10,9.5
501,SEA,RELIAS-L,-130,134,7.5,9
501,NYY,HKURODA-R,110,-149,7.5,9
501,TAM,CARCHER-R,120,103,8.5,9
501,BOS,FDOUBRONT-L,-140,-113,8.5,9
501,TOR,MBUEHRLE-L,-111,-109,8.5,8
501,KAN,JGUTHRIE-R,-109,-101,8.5,8
501,LOS,DHAREN-R,-145,-155,8,8.5
501,MIN,MPELFREY-R,125,140,8,8.5
501,LOS,RPATTERSN-R,-120,102,9,9
501,MIN,KJOHNSON-L,100,-112,9,9
501,PIT,BCUMPTON-R,105,118,8.5,8.5
501,BAL,CTILLMAN-R,-125,-128,8.5,8.5
501,PIT,CMORTON-R,105,108,8.5,9
501,BAL,BNORRIS-R,-125,-118,8.5,9
501,TAM,CRAMOS-L,130,143,8.5,9
501,BOS,JPEAVY-R,-150,-158,8.5,9
502,STL,WAINWRIGHT-R,-175,-165,9,8
502,CUB,TWOOD-L,155,150,9,8
502,WAS,STRASBURG-R,-110,-102,7,6.5
502,PHI,CLEE-L,-110,-108,7,6.5
502,MIL,WPERALTA-R,105,107,7.5,7.5
502,CIN,MLEAKE-R,-125,-117,7.5,7.5
502,LOS,JBECKETT-R,-135,-115,7.5,7.5
502,MIA,TKOEHLER-R,115,105,7.5,7.5
502,SFO,TLINCECUM-R,130,119,7.5,7.5
502,ATL,MMINOR-L,-150,-134,7.5,7.5
502,NYM,ZWHEELER-R,120,117,9.5,10
502,COL,DELAROSA-L,-140,-132,9.5,10
502,ARI,BARROYO-R,140,129,7,7
502,SDG,ACASHNER-R,-160,-144,7,7
502,TAM,DPRICE-L,-150,-142,8,8.5
502,NYY,VNUNO-L,130,127,8,8.5
502,CWS,JDANKS-L,106,136,8,8
502,CLE,DSALAZAR-R,-126,-151,8,8
502,OAK,DSTRAILY-R,105,107,9,9.5
502,BOS,CBUCHHOLZ-R,-125,-117,9,9.5
502,DET,RPORCELLO-R,129,123,7.5,7.5
502,KAN,JSHIELDS-R,-149,-138,7.5,7.5
502,BAL,UJIMENEZ-R,-112,101,9,8.5
502,MIN,RNOLASCO-R,-108,-111,9,8.5
502,SEA,FHERNANDZ-R,-200,-203,7,8
502,HOU,BPEACOCK-R,170,173,7,8
502,TEX,CLEWIS-R,120,119,9,9
502,LAA,HSANTIAGO-L,-140,-134,9,9
502,TOR,BMORROW-R,115,125,7.5,7.5
502,PIT,GCOLE-R,-135,-140,7.5,7.5
503,STL,MWACHA-R,-160,-190,8,8
503,CUB,JARRIETA-R,140,170,8,8
503,WAS,TROARK-R,100,-102,7.5,7.5
503,PHI,ABURNETT-R,-120,-108,7.5,7.5
503,SFO,RVOGELSON-R,160,157,7.5,7.5
503,ATL,JTEHERAN-R,-180,-177,7.5,7.5
503,LOS,PMAHOLM-L,-115,-118,8,8.5
503,MIA,JTURNER-R,-105,108,8,8.5
503,MIL,YGALLARDO-R,140,139,6.5,7
503,CIN,JCUETO-R,-160,-154,6.5,7
503,NYM,JMEJIA-R,111,116,10.5,10.5
503,COL,FMORALES-L,-131,-126,10.5,10.5
503,ARI,BMCCARTHY-R,130,117,7,6.5
503,SDG,IKENNEDY-R,-150,-132,7,6.5
503,TAM,JODORIZZI-R,175,170,8.5,8.5
503,NYY,MTANAKA-R,-205,-200,8.5,8.5
503,OAK,TMILONE-L,115,125,9,9
503,BOS,JLESTER-L,-135,-140,9,9
503,BAL,WCHEN-L,-120,-120,9,8
503,MIN,KCORREIA-R,100,110,9,8
503,SEA,HIWAKUMA-R,-150,-122,8,8
503,HOU,DKEUCHEL-L,130,112,8,8
503,CWS,SCARROLL-R,130,148,8.5,8.5
503,CLE,MASTERSON-R,-150,-163,8.5,8.5
503,DET,DSMYLY-L,-114,-109,8.5,8
503,KAN,DDUFFY-L,-106,-101,8.5,8
503,TEX,MHARRISON-L,130,130,8,8.5
503,LAA,GRICHARDS-R,-150,-145,8,8.5
503,TOR,RDICKEY-R,105,111,7.5,7
503,PIT,FLIRIANO-L,-125,-121,7.5,7
504,WAS,GGONZALEZ-L,-125,-130,7,7.5
504,PHI,RHERNANDE-R,105,115,7,7.5
504,LOS,SFIFE-R,175,161,7,7
504,MIA,JFERNANDZ-R,-195,-181,7,7
504,SFO,BUMGARNER-L,115,115,7,7
504,ATL,AWOOD-L,-135,-130,7,7
504,ARI,WMILEY-L,100,114,7,6.5
504,SDG,TROSS-R,-120,-124,7,6.5
504,MIL,KLOHSE-R,120,100,7.5,7.5
504,CIN,ASIMON-R,-140,-110,7.5,7.5
504,NYM,DGEE-R,130,116,9.5,11
504,COL,JCHACIN-R,-150,-126,9.5,11
504,STL,LLYNN-R,-125,-132,7,7
504,CUB,JHAMMEL-R,105,117,7,7
504,TAM,EBEDARD-L,130,126,9,9
504,NYY,CSABATHIA-L,-150,-141,9,9
504,CWS,ARIENZO-R,135,138,9,8.5
504,CLE,CKLUBER-R,-155,-153,9,8.5
504,OAK,SGRAY-R,-115,-105,8.5,8.5
504,BOS,JLACKEY-R,-105,-105,8.5,8.5
504,SEA,BMAURER-R,100,-101,8.5,8.5
504,HOU,CMCHUGH-R,-120,-109,8.5,8.5
504,DET,VERLANDER-R,-130,-134,7.5,8.5
504,KAN,JVARGAS-L,110,119,7.5,8.5
504,BAL,MGONZALEZ-R,-113,100,9,8
504,MIN,PHUGHES-R,-107,-110,9,8
504,TEX,YDARVISH-R,-115,-111,7.5,7.5
504,LAA,TSKAGGS-L,-105,101,7.5,7.5
504,TOR,DMCGOWAN-R,115,113,8,8.5
504,PIT,EVOLQUEZ-R,-135,-123,8,8.5
505,LOS,ZGREINKE-R,-114,-112,7,7
505,WAS,JZIMMERMN-R,-106,102,7,7
505,SFO,YPETIT-R,-106,-104,7.5,7
505,PIT,JLOCKE-L,-114,-106,7.5,7
505,STL,SMILLER-R,105,-101,7.5,7.5
505,ATL,AHARANG-R,-125,-109,7.5,7.5
505,NYM,JNIESE-L,115,119,7.5,7
505,MIA,NEOVALDI-R,-135,-134,7.5,7
505,ARI,BOLSINGER-R,150,135,8,8
505,MIL,MGARZA-R,-170,-150,8,8
505,MIN,KGIBSON-R,135,143,8.5,8
505,CLE,ZMCALLIST-R,-155,-158,8.5,8
505,HOU,JCOSART-R,220,245,7.5,7.5
505,DET,MSCHERZER-R,-260,-285,7.5,7.5
505,SEA,CYOUNG-R,165,171,7,7.5
505,OAK,SKAZMIR-L,-185,-201,7,7.5
505,NYY,DPHELPS-R,175,130,8.5,8
505,LAA,JWEAVER-R,-195,-145,8.5,8
505,TOR,JHAPP-L,-112,-111,9,8.5
505,PHI,KKENDRICK-R,-108,101,9,8.5
505,CWS,JQUINTANA-L,-102,114,6.5,6.5
505,CUB,SAMARDZIJA-R,-118,-124,6.5,6.5
505,TEX,MPEREZ-L,115,106,10,10.5
505,COL,JLYLES-R,-135,-116,10,10.5
505,KAN,YVENTURA-R,-130,-123,6.5,6.5
505,SDG,ESTULTS-L,110,113,6.5,6.5
506,LOS,CKERSHAW-L,-165,-164,7,7
506,WAS,BTREINEN-R,145,149,7,7
506,SFO,THUDSON-R,-120,-113,7,7.5
506,PIT,CMORTON-R,100,103,7,7.5
506,NYM,BCOLON-R,110,109,7.5,7.5
506,MIA,HALVAREZ-R,-130,-119,7.5,7.5
506,STL,TLYONS-L,-105,106,8.5,8
506,ATL,GFLOYD-R,-115,-116,8.5,8
506,ARI,COLLMENTER-R,130,131,8,7.5
506,MIL,MESTRADA-R,-150,-146,8,7.5
506,HOU,OBERHOLTZR-L,170,159,8.5,9
506,DET,RRAY-L,-200,-179,8.5,9
506,MIN,SDEDUNO-R,130,133,8.5,7.5
506,CLE,JTOMLIN-R,-150,-148,8.5,7.5
506,BAL,CTILLMAN-R,125,125,8,7.5
506,TAM,CARCHER-R,-145,-140,8,7.5
506,NYY,HKURODA-R,120,119,8,7.5
506,LAA,CWILSON-L,-140,-134,8,7.5
506,SEA,RELIAS-L,150,158,7.5,7
506,OAK,JCHAVEZ-R,-170,-178,7.5,7
506,TOR,HUTCHISON-R,115,105,7.5,7.5
506,PHI,CHAMELS-L,-135,-115,7.5,7.5
506,CIN,HBAILEY-R,110,115,9,8.5
506,BOS,FDOUBRONT-L,-130,-130,9,8.5
506,CWS,HNOESI-R,110,125,7,7
506,CUB,EJACKSON-R,-130,-140,7,7
506,TEX,RROSS-L,110,114,10.5,10.5
506,COL,JNICASIO-R,-130,-124,10.5,10.5
506,KAN,JGUTHRIE-R,-106,104,7,6.5
506,SDG,RERLIN-L,-114,-114,7,6.5
507,SFO,TLINCECUM-R,115,142,7.5,7
507,PIT,GCOLE-R,-135,-157,7.5,7
507,NYM,ZWHEELER-R,105,102,7.5,7.5
507,MIA,TKOEHLER-R,-125,-112,7.5,7.5
507,LOS,DHAREN-R,125,125,7,6.5
507,WAS,STRASBURG-R,-145,-140,7,6.5
507,ARI,BARROYO-R,125,135,8,8
507,MIL,WPERALTA-R,-145,-150,8,8
507,STL,WAINWRIGHT-R,-130,-114,7,6.5
507,ATL,MMINOR-L,110,104,7,6.5
507,SEA,FHERNANDZ-R,-130,-120,7,7
507,OAK,DSTRAILY-R,110,110,7,7
507,HOU,BPEACOCK-R,200,179,9,8.5
507,DET,RPORCELLO-R,-240,-209,9,8.5
507,MIN,RNOLASCO-R,140,143,8,7.5
507,CLE,DSALAZAR-R,-160,-158,8,7.5
507,BAL,BNORRIS-R,125,114,8,8
507,TAM,CRAMOS-L,-145,-124,8,8
507,NYY,VNUNO-L,115,125,8.5,8.5
507,LAA,HSANTIAGO-L,-135,-140,8.5,8.5
507,KAN,JSHIELDS-R,-105,-117,6.5,5.5
507,SDG,ACASHNER-R,-115,107,6.5,5.5
507,PHI,CLEE-L,100,-102,7.5,8
507,TOR,MBUEHRLE-L,-120,-108,7.5,8
507,CIN,MLEAKE-R,135,143,8.5,8.5
507,BOS,JPEAVY-R,-155,-158,8.5,8.5
507,COL,DELAROSA-L,110,113,9.5,9.5
507,TEX,CLEWIS-R,-130,-123,9.5,9.5
507,CUB,TWOOD-L,110,-108,8,9
507,CWS,JDANKS-L,-130,-102,8,9
507,SEA,ERAMIREZ-R,135,150,8,7.5
507,OAK,DPOMERANZ-L,-155,-165,8,7.5
508,SFO,VOGELSONG-R,140,133,7.5,7
508,LOS,JBECKETT-R,-160,-148,7.5,7
508,MIA,JTURNER-R,125,140,7,7
508,SDG,IKENNEDY-R,-145,-155,7,7
508,MIN,KCORREIA-R,150,150,8,8.5
508,CLE,MASTERSON-R,-170,-170,8,8.5
508,HOU,DKEUCHEL-L,200,171,8.5,9
508,DET,DSMYLY-L,-230,-191,8.5,9
508,BAL,UJIMENEZ-R,145,153,7.5,7
508,TAM,DPRICE-L,-165,-173,7.5,7
508,KAN,DDUFFY-L,120,112,7,6.5
508,SEA,HIWAKUMA-R,-140,-122,7,6.5
508,PHI,ABURNETT-R,-105,135,8.5,9
508,TOR,RDICKEY-R,-115,-150,8.5,9
508,COL,FMORALES-L,115,119,9.5,9
508,TEX,MHARRISON-L,-135,-129,9.5,9
508,CUB,JARRIETA-R,110,110,9,9
508,CWS,SCARROLL-R,-130,-120,9,9
509,STL,MWACHA-R,-130,-119,6.5,7
509,PIT,FLIRIANO-L,110,109,6.5,7
509,PHI,RHERNANDE-R,105,112,7.5,7
509,NYM,JMEJIA-R,-125,-122,7.5,7
509,COL,JCHACIN-R,160,154,7.5,7
509,CIN,JCUETO-R,-180,-169,7.5,7
509,CUB,JHAMMEL-R,155,157,6.5,6.5
509,ATL,JTEHERAN-R,-175,-177,6.5,6.5
509,SFO,BUMGARNER-L,-120,-131,7.5,7
509,LOS,PMAHOLM-L,100,116,7.5,7
509,MIA,JFERNANDZ-R,-150,-140,5.5,5.5
509,SDG,TROSS-R,130,125,5.5,5.5
509,HOU,SFELDMAN-R,150,147,8.5,8.5
509,BAL,WCHEN-L,-170,-162,8.5,8.5
509,LAA,GRICHARDS-R,-115,-111,9,10
509,TOR,DMCGOWAN-R,-105,101,9,10
509,MIN,PHUGHES-R,181,190,7.5,8.5
509,DET,VERLANDER-R,-211,-220,7.5,8.5
509,CLE,CKLUBER-R,-115,107,8,7.5
509,TAM,JODORIZZI-R,-105,-117,8,7.5
509,BOS,CBUCHHOLZ-R,135,150,8.5,8.5
509,TEX,YDARVISH-R,-155,-165,8.5,8.5
509,KAN,JVARGAS-L,-125,-110,7.5,7
509,SEA,BMAURER-R,105,100,7.5,7
509,NYY,MTANAKA-R,-115,-130,7,7.5
509,MIL,YGALLARDO-R,-105,115,7,7.5
509,ARI,BMCCARTHY-R,115,-134,9,9
509,CWS,ARIENZO-R,-135,119,9,9
509,WAS,DFISTER-R,105,118,7.5,7
509,OAK,TMILONE-L,-125,-128,7.5,7
510,SFO,MCAIN-R,130,143,7,7
510,LOS,ZGREINKE-R,-150,-158,7,7
510,STL,LLYNN-R,-125,-122,7.5,7
510,PIT,EVOLQUEZ-R,105,112,7.5,7
510,PHI,KKENDRICK-R,130,116,7,7
510,NYM,DGEE-R,-150,-126,7,7
510,CUB,SAMARDZIJA-R,115,148,7,7
510,ATL,ESANTANA-R,-135,-163,7,7
510,COL,JLYLES-R,-105,105,8,8
510,CIN,ASIMON-R,-115,-115,8,8
510,MIA,NEOVALDI-R,-130,-113,6.5,6.5
510,SDG,ESTULTS-L,110,103,6.5,6.5
510,LAA,TSKAGGS-L,-112,-105,10,10
510,TOR,JHAPP-L,-108,-105,10,10
510,MIN,KGIBSON-R,175,235,8,8
510,DET,MSCHERZER-R,-205,-275,8,8
510,HOU,CMCHUGH-R,155,131,8.5,8.5
510,BAL,MGONZALEZ-R,-175,-146,8.5,8.5
510,CLE,ZMCALLIST-R,110,116,8,8
510,TAM,EBEDARD-L,-130,-126,8,8
510,BOS,JLESTER-L,-130,-129,9,9
510,TEX,MPEREZ-L,110,119,9,9
510,KAN,YVENTURA-R,-115,-141,6.5,6.5
510,SEA,CYOUNG-R,-105,126,6.5,6.5
510,NYY,CSABATHIA-L,120,112,8,7.5
510,MIL,KLOHSE-R,-140,-122,8,7.5
510,ARI,WMILEY-L,105,107,9,8.5
510,CWS,JQUINTANA-L,-125,-117,9,8.5
510,WAS,TROARK-R,150,155,7,7
510,OAK,SGRAY-R,-170,-175,7,7
511,PHI,CHAMELS-L,115,116,7,6.5
511,NYM,JNIESE-L,-135,-126,7,6.5
511,COL,JNICASIO-R,100,118,8.5,7.5
511,CIN,HBAILEY-R,-120,-128,8.5,7.5
511,CUB,EJACKSON-R,160,135,7,7
511,ATL,AHARANG-R,-180,-150,7,7
511,SFO,THUDSON-R,145,153,6,6
511,LOS,CKERSHAW-L,-165,-173,6,6
511,MIA,HALVAREZ-R,-115,117,7,7
511,SDG,RERLIN-L,-105,-127,7,7
511,STL,SMILLER-R,-105,-115,7.5,7.5
511,PIT,CMORTON-R,-115,105,7.5,7.5
511,LAA,JWEAVER-R,-106,118,9,9
511,TOR,HUTCHISON-R,-114,-128,9,9
511,MIN,SDEDUNO-R,165,140,8.5,9.5
511,DET,RRAY-L,-185,-155,8.5,9.5
511,HOU,JCOSART-R,150,163,8.5,8.5
511,BAL,CTILLMAN-R,-170,-183,8.5,8.5
511,CLE,JTOMLIN-R,125,125,7.5,7.5
511,TAM,CARCHER-R,-145,-140,7.5,7.5
511,BOS,JLACKEY-R,-120,-108,9.5,9.5
511,TEX,RROSS-L,100,-102,9.5,9.5
511,KAN,JGUTHRIE-R,-105,125,7.5,7
511,SEA,RELIAS-L,-115,-140,7.5,7
511,NYY,DPHELPS-R,115,-102,8.5,7.5
511,MIL,MGARZA-R,-135,-108,8.5,7.5
511,ARI,CANDERSON-R,-105,-106,8.5,9
511,CWS,HNOESI-R,-115,-104,8.5,9
511,WAS,GGONZALEZ-L,120,125,7,7
511,OAK,SKAZMIR-L,-140,-140,7,7
512,CUB,TWOOD-L,150,153,7.5,7.5
512,STL,TLYONS-L,-170,-173,7.5,7.5
512,WAS,JZIMMERMN-R,-120,-117,9,8
512,ARI,COLLMENTER-R,100,107,9,8
512,MIA,TKOEHLER-R,140,130,7,7
512,LOS,DHAREN-R,-160,-145,7,7
512,ATL,GFLOYD-R,-103,-105,7,7
512,SFO,TLINCECUM-R,-117,-105,7,7
512,LAA,CWILSON-L,-112,103,9,9
512,TOR,MBUEHRLE-L,-108,-113,9,9
512,DET,RPORCELLO-R,-115,-105,9,9
512,BAL,BNORRIS-R,-105,-105,9,9
512,TEX,CLEWIS-R,-135,-140,9,9
512,HOU,BPEACOCK-R,115,125,9,9
512,CWS,JDANKS-L,160,180,7.5,8
512,OAK,JCHAVEZ-R,-180,-210,7.5,8
512,TAM,CRAMOS-L,145,141,7,7
512,SEA,FHERNANDZ-R,-165,-156,7,7
512,NYM,BCOLON-R,130,153,8.5,8.5
512,NYY,HKURODA-R,-150,-173,8.5,8.5
513,SDG,ACASHNER-R,110,102,7.5,7
513,CIN,MLEAKE-R,-130,-112,7.5,7
513,PIT,GCOLE-R,105,103,7,7.5
513,MIL,MESTRADA-R,-125,-113,7,7.5
513,CUB,JARRIETA-R,210,200,7,6.5
513,STL,WAINWRIGHT-R,-250,-230,7,6.5
513,WAS,STRASBURG-R,-135,-134,8,8
513,ARI,BARROYO-R,115,119,8,8
513,MIA,JTURNER-R,150,145,7.5,8
513,LOS,JBECKETT-R,-170,-160,7.5,8
513,ATL,MMINOR-L,-105,-110,7,7
513,SFO,VOGELSONG-R,-115,100,7,7
513,CLE,MASTERSON-R,110,118,9,9
513,TOR,RDICKEY-R,-130,-133,9,9
513,DET,DSMYLY-L,-105,-108,8.5,9
513,BAL,UJIMENEZ-R,-115,-102,8.5,9
513,BOS,JPEAVY-R,-120,-134,8.5,7.5
513,MIN,RNOLASCO-R,100,119,8.5,7.5
513,TEX,MHARRISON-L,-140,-114,8.5,8
513,HOU,DKEUCHEL-L,120,104,8.5,8
513,CWS,SCARROLL-R,150,175,8,8.5
513,OAK,DPOMERANZ-L,-170,-195,8,8.5
513,TAM,DPRICE-L,-115,-122,6.5,6.5
513,SEA,HIWAKUMA-R,-105,112,6.5,6.5
513,LAA,SHOEMAKER-R,140,160,7.5,7.5
513,PHI,CLEE-L,-160,-180,7.5,7.5
513,NYM,ZWHEELER-R,115,126,8.5,8.5
513,NYY,VNUNO-L,-135,-141,8.5,8.5
513,COL,FMORALES-L,145,135,7.5,7
513,KAN,JSHIELDS-R,-165,-150,7.5,7
514,WAS,DFISTER-R,-105,111,8.5,7.5
514,ARI,BMCCARTHY-R,-115,-121,8.5,7.5
514,ATL,JTEHERAN-R,105,118,6.5,7
514,SFO,BUMGARNER-L,-125,-133,6.5,7
514,PIT,FLIRIANO-L,110,107,7.5,7.5
514,MIL,WPERALTA-R,-130,-117,7.5,7.5
514,MIA,DESCLAFANI-R,140,142,8,8.5
514,LOS,PMAHOLM-L,-160,-157,8,8.5
514,DET,VERLANDER-R,-145,-113,8.5,7.5
514,BAL,KGAUSMAN-R,125,103,8.5,7.5
514,CWS,ARIENZO-R,160,170,8.5,9
514,OAK,TMILONE-L,-180,-200,8.5,9
514,TAM,JODORIZZI-R,-114,-117,8,8
514,SEA,BMAURER-R,-106,107,8,8
514,CLE,CKLUBER-R,105,-102,9,9
514,TOR,DMCGOWAN-R,-125,-108,9,9
514,BOS,FDOUBRONT-L,-125,-127,9,8.5
514,MIN,KCORREIA-R,105,117,9,8.5
514,TEX,NTEPESCH-R,-114,-116,8.5,8.5
514,HOU,SFELDMAN-R,-106,106,8.5,8.5
514,LAA,GRICHARDS-R,-105,-109,8,7.5
514,PHI,ABURNETT-R,-115,-101,8,7.5
514,COL,JCHACIN-R,110,115,8,7.5
514,KAN,JVARGAS-L,-130,-130,8,7.5
514,NYY,MTANAKA-R,-170,-155,7,6.5
514,NYM,RMONTERO-R,150,140,7,6.5
515,SDG,IKENNEDY-R,120,125,7.5,6.5
515,CIN,JCUETO-R,-140,-140,7.5,6.5
515,PIT,WRODRIGEZ-L,150,137,8,8
515,MIL,YGALLARDO-R,-170,-152,8,8
515,CUB,JHAMMEL-R,130,175,7,6.5
515,STL,MWACHA-R,-150,-195,7,6.5
515,MIA,NEOVALDI-R,110,131,7,7
515,SFO,MCAIN-R,-130,-146,7,7
515,BOS,CBUCHHOLZ-R,-125,-121,8.5,7.5
515,MIN,PHUGHES-R,105,111,8.5,7.5
515,CLE,DSALAZAR-R,110,-105,9.5,9.5
515,TOR,JHAPP-L,-130,-105,9.5,9.5
515,BAL,WCHEN-L,110,125,7.5,7
515,KAN,YVENTURA-R,-130,-140,7.5,7
515,TAM,EBEDARD-L,120,131,8.5,9
515,LAA,TSKAGGS-L,-140,-146,8.5,9
515,NYY,CWHITLEY-R,110,-114,8,7
515,NYM,JDEGROM-R,-130,104,8,7
515,SDG,TROSS-R,100,-115,8,7
515,CIN,JFRANCIS-L,-120,105,8,7
516,MIL,KLOHSE-R,-105,116,6.5,6.5
516,CUB,SAMARDZIJA-R,-115,-126,6.5,6.5
516,NYM,JNIESE-L,115,131,7,7.5
516,WAS,TROARK-R,-135,-146,7,7.5
516,CIN,ASIMON-R,-115,118,8,8
516,PHI,KKENDRICK-R,-105,-133,8,8
516,ATL,ESANTANA-R,-110,100,7,6.5
516,STL,LLYNN-R,-110,-110,7,6.5
516,SDG,ESTULTS-L,150,145,10,9.5
516,COL,DELAROSA-L,-170,-160,10,9.5
516,LOS,ZGREINKE-R,-155,-146,8.5,8.5
516,ARI,WMILEY-L,135,131,8.5,8.5
516,MIA,HALVAREZ-R,155,128,7,7
516,SFO,YPETIT-R,-175,-143,7,7
516,OAK,SGRAY-R,-145,-134,8,7.5
516,CLE,ZMCALLIST-R,125,119,8,7.5
516,DET,MSCHERZER-R,-115,-105,8,8
516,BOS,JLESTER-L,-105,-105,8,8
516,TOR,HUTCHISON-R,145,151,8.5,8.5
516,TEX,YDARVISH-R,-165,-171,8.5,8.5
516,BAL,CTILLMAN-R,-115,-109,8,7
516,KAN,JGUTHRIE-R,-105,-101,8,7
516,CWS,JQUINTANA-L,100,-104,8,8
516,HOU,CMCHUGH-R,-120,-106,8,8
516,SEA,CYOUNG-R,-125,-102,8,8.5
516,MIN,KGIBSON-R,105,-108,8,8.5
516,TAM,CARCHER-R,140,126,8.5,8.5
516,LAA,JWEAVER-R,-160,-141,8.5,8.5
517,ATL,AHARANG-R,110,113,7,7
517,STL,SMILLER-R,-130,-123,7,7
517,MIL,MGARZA-R,-130,-117,7,7.5
517,CUB,EJACKSON-R,110,107,7,7.5
517,NYM,BCOLON-R,140,137,7.5,7
517,WAS,GGONZALEZ-L,-160,-152,7.5,7
517,CIN,HBAILEY-R,-105,129,8,7
517,PHI,CHAMELS-L,-115,-144,8,7
517,SDG,RERLIN-L,145,119,9.5,9.5
517,COL,JLYLES-R,-165,-129,9.5,9.5
517,LOS,CKERSHAW-L,-155,-179,8,8
517,ARI,CANDERSON-R,135,159,8,8
517,MIA,TKOEHLER-R,110,130,7.5,7.5
517,SFO,TLINCECUM-R,-130,-145,7.5,7.5
517,CWS,HNOESI-R,110,106,9,9
517,HOU,JCOSART-R,-130,-116,9,9
517,OAK,SKAZMIR-L,-145,-141,8,7.5
517,CLE,JTOMLIN-R,125,126,8,7.5
517,DET,RPORCELLO-R,100,125,8.5,9
517,BOS,JLACKEY-R,-120,-140,8.5,9
517,BAL,BNORRIS-R,110,116,7.5,7
517,KAN,DDUFFY-L,-130,-126,7.5,7
517,SEA,RELIAS-L,100,-110,8,8.5
517,MIN,SDEDUNO-R,-120,100,8,8.5
517,TOR,MBUEHRLE-L,-115,-105,10,9
517,TEX,RROSS-L,-105,-105,10,9
517,TAM,CRAMOS-L,140,151,8.5,8.5
517,LAA,CWILSON-L,-160,-171,8.5,8.5
517,PIT,EVOLQUEZ-R,109,125,9,9
517,NYY,DPHELPS-R,-129,-140,9,9
518,CIN,TCINGRANI-L,115,125,7,6.5
518,PHI,CLEE-L,-135,-140,7,6.5
518,NYM,ZWHEELER-R,140,150,7.5,6.5
518,WAS,JZIMMERMN-R,-160,-170,7.5,6.5
518,ATL,GFLOYD-R,100,100,7,7
518,STL,JGARCIA-L,-120,-110,7,7
518,MIL,MESTRADA-R,-130,-119,9.5,9
518,CUB,TWOOD-L,110,109,9.5,9
518,MIA,JTURNER-R,140,150,8,7.5
518,SFO,VOGELSONG-R,-160,-165,8,7.5
518,LOS,DHAREN-R,-130,-111,9,9
518,ARI,COLLMENTER-R,110,101,9,9
518,SDG,DROACH-R,105,160,9,10.5
518,COL,JNICASIO-R,-125,-180,9,10.5
518,OAK,JCHAVEZ-R,-130,-115,7.5,7
518,CLE,MASTERSON-R,110,105,7.5,7
518,CWS,JDANKS-L,-115,117,9,9.5
518,HOU,BPEACOCK-R,-105,-127,9,9.5
518,BAL,UJIMENEZ-R,140,132,7,7
518,KAN,JSHIELDS-R,-160,-147,7,7
518,SEA,FHERNANDZ-R,-160,-157,7.5,7.5
518,MIN,RNOLASCO-R,140,142,7.5,7.5
518,TOR,RDICKEY-R,-120,-121,9.5,9
518,TEX,NMARTINEZ-R,100,111,9.5,9
518,TAM,DPRICE-L,-135,-124,8,7.5
518,LAA,SHOEMAKER-R,115,114,8,7.5
518,DET,ASANCHEZ-R,-105,107,8,8.5
518,BOS,JPEAVY-R,-115,-117,8,8.5
518,PIT,CMORTON-R,115,142,8.5,8.5
518,NYY,HKURODA-R,-135,-157,8.5,8.5
518,PIT,GCOLE-R,-125,-127,9,9
518,NYY,VNUNO-L,105,117,9,9
519,CIN,MLEAKE-R,135,155,6.5,6.5
519,WAS,STRASBURG-R,-155,-175,6.5,6.5
519,MIL,WPERALTA-R,100,109,7,7
519,ATL,MMINOR-L,-120,-119,7,7
519,DET,DSMYLY-L,-125,107,8,7
519,CLE,CKLUBER-R,105,-117,8,7
519,CWS,SCARROLL-R,150,170,8.5,8.5
519,KAN,JVARGAS-L,-170,-200,8.5,8.5
519,HOU,DKEUCHEL-L,180,175,7.5,7.5
519,LAA,GRICHARDS-R,-210,-195,7.5,7.5
520,CIN,JCUETO-R,-115,-107,6.5,6.5
520,WAS,DFISTER-R,-105,-103,6.5,6.5
520,PHI,ABURNETT-R,-114,105,8,7.5
520,MIA,DESCLAFANI-R,-106,-115,8,7.5
520,MIL,YGALLARDO-R,130,125,6.5,6.5
520,ATL,JTEHERAN-R,-150,-140,6.5,6.5
520,LOS,JBECKETT-R,-140,-124,7.5,7
520,NYM,RMONTERO-R,120,114,7.5,7
520,ARI,BARROYO-R,170,170,7,7.5
520,STL,WAINWRIGHT-R,-200,-190,7,7.5
520,SFO,BUMGARNER-L,-130,-101,9.5,9.5
520,COL,FMORALES-L,110,-109,9.5,9.5
520,DET,VERLANDER-R,-150,-126,7.5,8
520,CLE,TBAUER-R,130,116,7.5,8
520,OAK,DPOMERANZ-L,-120,-110,8,7.5
520,TAM,JODORIZZI-R,100,100,8,7.5
520,TOR,JHAPP-L,120,119,9.5,9.5
520,BOS,FDOUBRONT-L,-140,-134,9.5,9.5
520,SEA,HIWAKUMA-R,-105,-112,9,8.5
520,TEX,CLEWIS-R,-105,102,9,8.5
520,CWS,ARIENZO-R,160,155,8,8.5
520,KAN,YVENTURA-R,-180,-175,8,8.5
520,HOU,SFELDMAN-R,150,155,8,8
520,LAA,TSKAGGS-L,-170,-175,8,8
520,BAL,MGONZALEZ-R,120,133,7.5,7
520,PIT,FLIRIANO-L,-140,-148,7.5,7
520,NYY,MTANAKA-R,-165,-172,7.5,8.5
520,CUB,JHAMMEL-R,145,152,7.5,8.5
520,MIN,KCORREIA-R,145,162,7,7
520,SDG,IKENNEDY-R,-165,-182,7,7
521,CIN,ASIMON-R,120,125,7,7
521,WAS,TROARK-R,-140,-140,7,7
521,PHI,KKENDRICK-R,120,130,7.5,7.5
521,MIA,NEOVALDI-R,-140,-145,7.5,7.5
521,MIL,KLOHSE-R,130,119,7,6.5
521,ATL,ESANTANA-R,-150,-134,7,6.5
521,LOS,HRYU-L,-140,-123,7,7
521,NYM,JDEGROM-R,120,113,7,7
521,ARI,BMCCARTHY-R,155,145,7.5,7
521,STL,MWACHA-R,-175,-160,7.5,7
521,SFO,MCAIN-R,100,119,10,10
521,COL,JCHACIN-R,-120,-129,10,10
521,DET,MSCHERZER-R,-155,-151,7.5,7.5
521,CLE,ZMCALLIST-R,135,136,7.5,7.5
521,SEA,CYOUNG-R,110,135,9,9
521,TEX,NTEPESCH-R,-130,-150,9,9
521,OAK,TMILONE-L,-107,-112,8,7.5
521,TAM,EBEDARD-L,-113,102,8,7.5
521,TOR,HUTCHISON-R,120,102,9,9
521,BOS,CBUCHHOLZ-R,-140,-112,9,9
521,CWS,JQUINTANA-L,120,108,8,8
521,KAN,JGUTHRIE-R,-140,-118,8,8
521,HOU,CMCHUGH-R,180,151,8,7.5
521,LAA,JWEAVER-R,-210,-166,8,7.5
521,NYY,CWHITLEY-R,100,-103,7.5,7.5
521,CUB,SAMARDZIJA-R,-120,-107,7.5,7.5
521,BAL,CTILLMAN-R,-105,110,7.5,7.5
521,PIT,WRODRIGEZ-L,-115,-120,7.5,7.5
521,MIN,PHUGHES-R,130,118,6.5,6.5
521,SDG,TROSS-R,-150,-133,6.5,6.5
522,PHI,CHAMELS-L,-105,-108,7.5,7
522,MIA,HALVAREZ-R,-115,-102,7.5,7
522,SFO,THUDSON-R,-105,111,9.5,9.5
522,COL,DELAROSA-L,-115,-121,9.5,9.5
522,WAS,BTREINEN-R,100,111,7.5,7.5
522,PIT,EVOLQUEZ-R,-120,-121,7.5,7.5
522,LOS,ZGREINKE-R,-145,-150,6.5,7
522,NYM,JNIESE-L,125,135,6.5,7
522,MIL,MGARZA-R,115,127,7,7
522,ATL,AHARANG-R,-135,-142,7,7
522,ARI,WMILEY-L,145,141,7.5,7
522,STL,LLYNN-R,-165,-156,7.5,7
522,CUB,JARRIETA-R,120,125,7,7
522,SDG,ESTULTS-L,-140,-140,7,7
522,TEX,YDARVISH-R,-115,-117,7.5,7.5
522,DET,RRAY-L,-105,107,7.5,7.5
522,TOR,MBUEHRLE-L,114,135,8.5,8.5
522,BOS,JLESTER-L,-134,-150,8.5,8.5
522,OAK,SGRAY-R,-125,-103,7,7
522,TAM,ACOBB-R,105,-107,7,7
522,CLE,MASTERSON-R,120,130,8.5,9
522,BAL,WCHEN-L,-140,-145,8.5,9
522,NYY,DPHELPS-R,-125,136,9.5,7
522,CWS,CSALE-L,105,-151,9.5,7
522,HOU,JCOSART-R,135,149,7.5,7.5
522,SEA,RELIAS-L,-155,-164,7.5,7.5
523,WAS,JZIMMERMN-R,-105,115,7.5,7
523,PIT,CMORTON-R,-115,-125,7.5,7
523,LOS,CKERSHAW-L,-165,-172,7.5,7
523,PHI,RHERNANDE-R,145,152,7.5,7
523,MIL,MESTRADA-R,-105,106,7.5,7
523,MIA,TKOEHLER-R,-115,-116,7.5,7
523,STL,SMILLER-R,-120,-101,7.5,7
523,CIN,HBAILEY-R,100,-109,7.5,7
523,COL,JLYLES-R,105,125,7.5,7.5
523,ATL,GFLOYD-R,-125,-140,7.5,7.5
523,CUB,EJACKSON-R,125,117,7,6.5
523,SDG,TSTAUFFER-R,-145,-132,7,6.5
523,TEX,SBAKER-R,160,170,8,8
523,DET,ASANCHEZ-R,-180,-190,8,8
523,OAK,SKAZMIR-L,-120,-117,8.5,9.5
523,TOR,LHENDRIKS-R,100,107,8.5,9.5
523,CLE,THOUSE-L,130,118,9,8.5
523,BAL,BNORRIS-R,-150,-133,9,8.5
523,BOS,JLACKEY-R,-105,-102,7.5,7
523,TAM,CARCHER-R,-115,-108,7.5,7
523,NYY,HKURODA-R,-130,-144,9,8.5
523,CWS,HNOESI-R,110,129,9,8.5
523,KAN,DDUFFY-L,120,145,7.5,7
523,LAA,CWILSON-L,-140,-160,7.5,7
523,HOU,ROWENS-L,205,210,7,6.5
523,SEA,FHERNANDZ-R,-245,-250,7,6.5
523,MIN,KGIBSON-R,130,145,7,7
523,SFO,TLINCECUM-R,-150,-160,7,7
524,LOS,DHAREN-R,-136,-131,9,8.5
524,PHI,DBUCHANAN-R,116,116,9,8.5
524,COL,JNICASIO-R,115,141,7.5,7.5
524,ATL,MMINOR-L,-135,-156,7.5,7.5
524,MIL,WPERALTA-R,-111,-105,8,8
524,MIA,JTURNER-R,-109,-105,8,8
524,ARI,COLLMENTER-R,105,105,7.5,7
524,NYM,ZWHEELER-R,-125,-115,7.5,7
524,STL,JGARCIA-L,-111,-123,7,7
524,CIN,TCINGRANI-L,-109,113,7,7
524,WAS,STRASBURG-R,-109,-110,6.5,6.5
524,PIT,GCOLE-R,-111,100,6.5,6.5
524,CUB,TWOOD-L,-111,-105,7,6.5
524,SDG,BBUCKNER-R,-109,-105,7,6.5
524,OAK,JCHAVEZ-R,-129,-104,9,9
524,TOR,RDICKEY-R,109,-106,9,9
524,NYY,VNUNO-L,-111,-124,9.5,9
524,CWS,JDANKS-L,-109,114,9.5,9
524,TEX,NMARTINEZ-R,161,153,9,9
524,DET,RPORCELLO-R,-181,-173,9,9
524,BOS,JPEAVY-R,121,145,7,6.5
524,TAM,DPRICE-L,-141,-160,7,6.5
524,CLE,CKLUBER-R,-105,-106,8.5,8
524,BAL,UJIMENEZ-R,-115,-104,8.5,8
524,KAN,JSHIELDS-R,-121,-105,7.5,7.5
524,LAA,SHOEMAKER-R,101,-105,7.5,7.5
524,HOU,OBERHOLTZR-L,-111,105,7,7.5
524,SEA,BMAURER-R,-109,-115,7,7.5
524,MIN,SDEDUNO-R,150,125,7.5,7.5
524,SFO,VOGELSONG-R,-170,-140,7.5,7.5
525,MIL,JNELSON-R,-112,-126,8,8
525,MIA,RWOLF-L,-108,116,8,8
525,ARI,BARROYO-R,-112,-111,7.5,7
525,NYM,RMONTERO-R,-108,101,7.5,7
525,LOS,JBECKETT-R,-115,-113,8,7.5
525,PHI,ABURNETT-R,-105,103,8,7.5
525,WAS,DFISTER-R,100,110,7,7
525,PIT,FLIRIANO-L,-120,-120,7,7
525,CUB,JHAMMEL-R,110,126,6.5,6.5
525,SDG,IKENNEDY-R,-130,-141,6.5,6.5
525,COL,FMORALES-L,145,154,7.5,7
525,ATL,JTEHERAN-R,-165,-169,7.5,7
525,STL,WAINWRIGHT-R,-145,-141,6.5,6.5
525,CIN,MLEAKE-R,125,126,6.5,6.5
525,TEX,CLEWIS-R,170,149,8.5,8.5
525,DET,VERLANDER-R,-190,-164,8.5,8.5
525,OAK,DPOMERANZ-L,-130,-114,9,9.5
525,TOR,JHAPP-L,110,104,9,9.5
525,CLE,TBAUER-R,105,102,9,8.5
525,BAL,MGONZALEZ-R,-125,-112,9,8.5
525,BOS,BWORKMAN-R,105,111,8,7.5
525,TAM,JODORIZZI-R,-125,-121,8,7.5
525,NYY,MTANAKA-R,-170,-195,7.5,7.5
525,CWS,ARIENZO-R,150,175,7.5,7.5
525,KAN,JVARGAS-L,140,144,7.5,8
525,LAA,GRICHARDS-R,-160,-159,7.5,8
525,HOU,DKEUCHEL-L,150,124,6.5,6.5
525,SEA,HIWAKUMA-R,-170,-139,6.5,6.5
525,MIN,RNOLASCO-R,164,160,7.5,7
525,SFO,BUMGARNER-L,-184,-180,7.5,7
525,ARI,ZSPRUILL-R,100,111,8,7.5
525,NYM,DMATSUZKA-R,-120,-121,8,7.5
526,PIT,BCUMPTON-R,-112,-108,7,7.5
526,NYM,JDEGROM-R,-108,-102,7,7.5
526,MIA,NEOVALDI-R,105,128,7,7.5
526,WAS,TROARK-R,-125,-143,7,7.5
526,CUB,SAMARDZIJA-R,105,117,7,7
526,SFO,YPETIT-R,-125,-127,7,7
526,COL,JCHACIN-R,-115,-106,8.5,9
526,PHI,KKENDRICK-R,-105,-104,8.5,9
526,SDG,TROSS-R,110,114,8.5,8
526,ARI,BMCCARTHY-R,-130,-124,8.5,8
526,CIN,JCUETO-R,-114,110,6,6
526,LOS,HRYU-L,-106,-120,6,6
526,TEX,NTEPESCH-R,-112,-122,8.5,9
526,MIN,KCORREIA-R,-108,112,8.5,9
526,CLE,JTOMLIN-R,100,108,8.5,8.5
526,CWS,JQUINTANA-L,-120,-118,8.5,8.5
526,DET,DSMYLY-L,105,118,8,8
526,OAK,TMILONE-L,-125,-133,8,8
526,LAA,TSKAGGS-L,-130,-151,8,7.5
526,SEA,CYOUNG-R,110,136,8,7.5
526,TAM,EBEDARD-L,115,130,9,9
526,TOR,HUTCHISON-R,-135,-145,9,9
526,HOU,SFELDMAN-R,140,171,7,7.5
526,KAN,YVENTURA-R,-160,-191,7,7.5
526,BOS,CBUCHHOLZ-R,125,117,7,7
526,ATL,ESANTANA-R,-145,-132,7,7
526,BAL,CTILLMAN-R,120,147,8,7.5
526,MIL,KLOHSE-R,-140,-162,8,7.5
526,NYY,CWHITLEY-R,150,173,7,7
526,STL,MWACHA-R,-170,-193,7,7
527,COL,JDELAROSA-L,-105,106,7,7.5
527,PHI,CHAMELS-L,-115,-116,7,7.5
527,PIT,EVOLQUEZ-R,-105,-116,7.5,7.5
527,NYM,JNIESE-L,-115,106,7.5,7.5
527,SDG,ESTULTS-L,115,115,8.5,9
527,ARI,WMILEY-L,-135,-130,8.5,9
527,CIN,ASIMON-R,140,162,6.5,6.5
527,LOS,ZGREINKE-R,-160,-182,6.5,6.5
527,CUB,JARRIETA-R,170,151,6.5,6.5
527,SFO,THUDSON-R,-190,-171,6.5,6.5
527,TAM,ACOBB-R,-110,-105,8.5,8.5
527,TOR,MBUEHRLE-L,-110,-105,8.5,8.5
527,CLE,MASTERSON-R,155,153,7.5,7.5
527,CWS,CSALE-L,-175,-173,7.5,7.5
527,HOU,CMCHUGH-R,120,116,8,8.5
527,KAN,JGUTHRIE-R,-140,-131,8,8.5
527,TEX,SBAKER-R,-145,110,7,8.5
527,MIN,PHUGHES-R,125,-120,7,8.5
527,DET,MSCHERZER-R,105,115,6.5,7
527,OAK,SGRAY-R,-125,-130,6.5,7
527,LAA,JWEAVER-R,-145,-130,7,7
527,SEA,RELIAS-L,125,115,7,7
527,BOS,JLESTER-L,100,-101,7,7
527,ATL,AHARANG-R,-120,-109,7,7
527,BAL,WCHEN-L,115,118,8,8
527,MIL,MGARZA-R,-135,-128,8,8
527,NYY,DPHELPS-R,125,137,8,7.5
527,STL,LLYNN-R,-145,-152,8,7.5
528,PIT,CMORTON-R,-113,-104,7,7
528,NYM,BCOLON-R,-107,-106,7,7
528,CUB,EJACKSON-R,150,140,7.5,7.5
528,SFO,TLINCECUM-R,-170,-155,7.5,7.5
528,COL,JLYLES-R,-105,115,8,8
528,PHI,RHERNANDZ-R,-105,-130,8,8
528,MIA,HALVAREZ-R,145,130,7.5,7.5
528,WAS,JZIMMERMN-R,-165,-145,7.5,7.5
528,SDG,TSTAUFFER-R,100,106,9,9
528,ARI,CANDERSON-R,-120,-116,9,9
528,CIN,HBAILEY-R,170,170,6.5,6
528,LOS,CKERSHAW-L,-200,-200,6.5,6
528,HOU,JCOSART-R,150,127,8,8.5
528,KAN,DDUFFY-L,-170,-142,8,8.5
528,TAM,CARCHER-R,-113,-101,9,9
528,TOR,LHENDRIKS-R,-107,-109,9,9
528,CLE,THOUSE-L,-105,-121,9,9
528,CWS,HNOESI-R,-115,111,9,9
528,TEX,JSAUNDERS-L,100,-101,9,9
528,MIN,KGIBSON-R,-120,-109,9,9
528,DET,ASANCHEZ-R,110,115,7,7.5
528,OAK,SKAZMIR-L,-130,-130,7,7.5
528,LAA,CWILSON-L,110,114,6.5,6.5
528,SEA,FHERNANDZ-R,-130,-124,6.5,6.5
528,ATL,GFLOYD-R,115,125,8.5,8
528,BOS,JLACKEY-R,-135,-140,8.5,8
528,BAL,BNORRIS-R,115,118,8,8
528,MIL,YGALLARDO-R,-135,-128,8,8
528,NYY,HKURODA-R,120,116,7.5,7
528,STL,SMILLER-R,-140,-131,7.5,7
529,NYM,ZWHEELER-R,100,-110,8,7.5
529,PHI,DBUCHANAN-R,-120,100,8,7.5
529,SFO,VOGELSONG-R,115,135,7,7.5
529,STL,JGARCIA-L,-135,-150,7,7.5
529,CIN,TCINGRANI-L,-105,118,8.5,8.5
529,ARI,COLLMENTER-R,-115,-128,8.5,8.5
529,PIT,GCOLE-R,105,100,7,7
529,LOS,DHAREN-R,-125,-110,7,7
529,TEX,NMARTINEZ-R,100,112,8.5,8.5
529,MIN,SDEDUNO-R,-120,-122,8.5,8.5
529,DET,RPORCELLO-R,125,128,8,8
529,OAK,JCHAVEZ-R,-145,-143,8,8
529,KAN,JSHIELDS-R,-105,118,8.5,8
529,TOR,RDICKEY-R,-115,-128,8.5,8
529,BAL,UJIMENEZ-R,-135,-120,9,9
529,HOU,BPEACOCK-R,115,110,9,9
529,LAA,SHOEMAKER-R,-130,-122,8,8
529,SEA,BMAURER-R,110,112,8,8
529,ATL,MMINOR-L,-110,-117,8.5,8
529,BOS,JPEAVY-R,-110,107,8.5,8
530,NYM,RMONTERO-R,120,119,8,7.5
530,PHI,ABURNETT-R,-140,-134,8,7.5
530,ATL,JTEHERAN-R,-125,-130,7,7.5
530,MIA,TKOEHLER-R,105,115,7,7.5
530,CUB,TWOOD-L,150,151,7.5,8
530,MIL,MESTRADA-R,-170,-171,7.5,8
530,SFO,BUMGARNER-L,135,135,6.5,6.5
530,STL,WAINWRIGHT-R,-155,-150,6.5,6.5
530,CIN,MLEAKE-R,105,107,8.5,8.5
530,ARI,BARROYO-R,-125,-117,8.5,8.5
530,PIT,FLIRIANO-L,125,-101,7,7
530,LOS,JBECKETT-R,-145,-109,7,7
530,MIN,RNOLASCO-R,135,130,9,9
530,NYY,VNUNO-L,-155,-145,9,9
530,KAN,JVARGAS-L,120,115,9,8.5
530,TOR,JHAPP-L,-140,-125,9,8.5
530,TAM,DPRICE-L,-125,-145,8,8
530,BOS,BWORKMAN-R,105,130,8,8
530,BAL,MGONZALEZ-R,-120,-110,8.5,9
530,HOU,OBERHOLTZR-L,100,100,8.5,9
530,LAA,GRICHARDS-R,110,108,7,7.5
530,OAK,DPOMERANZ-L,-130,-118,7,7.5
530,DET,VERLANDER-R,-115,-101,7,7
530,SEA,HIWAKUMA-R,-105,-109,7,7
530,TEX,CLEWIS-R,155,154,7,7
530,WAS,STRASBURG-R,-175,-174,7,7
530,COL,JNICASIO-R,125,150,8,7.5
530,CLE,CKLUBER-R,-145,-165,8,7.5
530,SDG,IKENNEDY-R,-105,-123,8.5,8
530,CWS,JDANKS-L,-115,113,8.5,8
531,SFO,YPETIT-R,150,175,7.5,7.5
531,STL,MWACHA-R,-170,-195,7.5,7.5
531,NYM,JDEGROM-R,110,103,8,8
531,PHI,KKENDRICK-R,-130,-113,8,8
531,ATL,ESANTANA-R,-120,-114,7.5,8
531,MIA,JTURNER-R,100,104,7.5,8
531,CUB,JHAMMEL-R,130,130,7.5,7.5
531,MIL,WPERALTA-R,-150,-145,7.5,7.5
531,PIT,BCUMPTON-R,140,136,7,7
531,LOS,HRYU-L,-160,-151,7,7
531,CIN,JCUETO-R,-120,113,7.5,7.5
531,ARI,BMCCARTHY-R,100,-123,7.5,7.5
531,KAN,ABROOKS-R,140,150,9.5,9
531,TOR,MSTROMAN-R,-160,-170,9.5,9
531,MIN,KCORREIA-R,210,240,8,8.5
531,NYY,MTANAKA-R,-250,-280,8,8.5
531,BAL,CTILLMAN-R,105,103,8,8
531,HOU,DKEUCHEL-L,-125,-113,8,8
531,TAM,JODORIZZI-R,-105,-105,9,8.5
531,BOS,RDELAROSA-R,-115,-105,9,8.5
531,LAA,TSKAGGS-L,111,119,7.5,7.5
531,OAK,TMILONE-L,-131,-134,7.5,7.5
531,DET,DSMYLY-L,-109,-151,7.5,7.5
531,SEA,CYOUNG-R,-111,136,7.5,7.5
531,TEX,NTEPESCH-R,110,116,7,7
531,WAS,DFISTER-R,-130,-126,7,7
531,SDG,TROSS-R,-105,-132,8.5,8.5
531,CWS,ARIENZO-R,-105,117,8.5,8.5
531,COL,FMORALES-L,104,115,8.5,8.5
531,CLE,TBAUER-R,-124,-130,8.5,8.5
601,ATL,AHARANG-R,100,110,7.5,7.5
601,MIA,NEOVALDI-R,-120,-120,7.5,7.5
601,NYM,JNIESE-L,110,118,7.5,7
601,PHI,CHAMELS-L,-130,-133,7.5,7
601,CUB,SAMARDZIJA-R,110,133,7,7
601,MIL,KLOHSE-R,-130,-148,7,7
601,SFO,THUDSON-R,105,-103,7,7.5
601,STL,LLYNN-R,-125,-107,7,7.5
601,CIN,ASIMON-R,-105,125,8,8
601,ARI,WMILEY-L,-115,-140,8,8
601,PIT,EVOLQUEZ-R,151,175,7,7
601,LOS,ZGREINKE-R,-171,-195,7,7
601,KAN,JGUTHRIE-R,150,139,9,9
601,TOR,MBUEHRLE-L,-170,-154,9,9
601,MIN,PHUGHES-R,115,116,8.5,8.5
601,NYY,CWHITLEY-R,-135,-131,8.5,8.5
601,TAM,EBEDARD-L,130,148,8,8
601,BOS,JLESTER-L,-150,-163,8,8
601,BAL,WCHEN-L,100,-114,8.5,9
601,HOU,SFELDMAN-R,-120,104,8.5,9
601,LAA,JWEAVER-R,115,138,7,7.5
601,OAK,SGRAY-R,-135,-153,7,7.5
601,DET,MSCHERZER-R,-160,-158,7.5,7.5
601,SEA,RELIAS-L,140,143,7.5,7.5
601,COL,JCHACIN-R,100,113,8.5,9
601,CLE,JTOMLIN-R,-120,-123,8.5,9
601,TEX,YDARVISH-R,-130,-122,7,6.5
601,WAS,TROARK-R,110,112,7,6.5
601,SDG,ESTULTS-L,165,170,7.5,8
601,CWS,CSALE-L,-185,-190,7.5,8
602,PIT,CMORTON-R,-111,108,7,7
602,SDG,TSTAUFFER-R,-109,-118,7,7
602,BOS,JLACKEY-R,-115,-118,8,8
602,CLE,MASTERSON-R,-105,108,8,8
602,TAM,ACOBB-R,-135,-140,7.5,7
602,MIA,RWOLF-L,115,125,7.5,7
602,MIN,KGIBSON-R,130,152,8,8.5
602,MIL,MGARZA-R,-150,-172,8,8.5
602,KAN,DDUFFY-L,130,133,7.5,7.5
602,STL,SMILLER-R,-150,-148,7.5,7.5
602,CWS,JQUINTANA-L,180,170,6.5,6
602,LOS,CKERSHAW-L,-210,-200,6.5,6
602,NYM,BCOLON-R,-110,-110,8,8.5
602,PHI,RHERNANDZ-R,-110,100,8,8.5
602,SEA,FHERNANDZ-R,-130,-131,7.5,7.5
602,NYY,DPHELPS-R,110,116,7.5,7.5
603,PHI,DBUCHANAN-R,150,180,7.5,8
603,WAS,JZIMMERMN-R,-170,-210,7.5,8
603,SFO,TLINCECUM-R,-105,117,7.5,7.5
603,CIN,HBAILEY-R,-115,-132,7.5,7.5
603,NYM,ZWHEELER-R,-115,102,7.5,7.5
603,CUB,JARRIETA-R,-105,-112,7.5,7.5
603,ARI,CANDERSON-R,140,153,10,10.5
603,COL,JDELAROSA-L,-160,-168,10,10.5
603,PIT,GCOLE-R,-135,-126,7,6.5
603,SDG,JHAHN-R,115,116,7,6.5
603,OAK,SKAZMIR-L,-115,-117,8,8.5
603,NYY,HKURODA-R,-105,107,8,8.5
603,TOR,HUTCHISON-R,125,130,8.5,9
603,DET,ASANCHEZ-R,-145,-145,8.5,9
603,BOS,JPEAVY-R,-120,108,8.5,8.5
603,CLE,THOUSE-L,100,-118,8.5,8.5
603,BAL,UJIMENEZ-R,100,-101,9.5,9.5
603,TEX,JSAUNDERS-L,-120,-109,9.5,9.5
603,LAA,CWILSON-L,-135,-134,8,9
603,HOU,CMCHUGH-R,115,119,8,9
603,SEA,ERAMIREZ-R,145,151,7.5,7.5
603,ATL,GFLOYD-R,-165,-171,7.5,7.5
603,TAM,CARCHER-R,-119,-117,7.5,7
603,MIA,HALVAREZ-R,-101,107,7.5,7
603,KAN,JSHIELDS-R,110,111,7,7
603,STL,JGARCIA-L,-130,-121,7,7
603,MIN,SDEDUNO-R,140,139,8,8.5
603,MIL,YGALLARDO-R,-160,-154,8,8.5
603,CWS,HNOESI-R,160,155,7.5,7.5
603,LOS,DHAREN-R,-180,-175,7.5,7.5
604,PIT,FLIRIANO-L,100,105,6.5,6.5
604,SDG,IKENNEDY-R,-120,-115,6.5,6.5
604,PHI,ABURNETT-R,160,170,6.5,7
604,WAS,STRASBURG-R,-180,-200,6.5,7
604,SFO,VOGELSONG-R,-105,101,8,8
604,CIN,TCINGRANI-L,-115,-111,8,8
604,NYM,DMATSUZKA-R,100,112,7,7
604,CUB,EJACKSON-R,-120,-122,7,7
604,ARI,COLLMENTER-R,120,117,10.5,10.5
604,COL,JLYLES-R,-140,-132,10.5,10.5
604,OAK,JCHAVEZ-R,-135,-134,9,9
604,NYY,VNUNO-L,115,119,9,9
604,TOR,RDICKEY-R,110,-101,9,9
604,DET,RPORCELLO-R,-130,-109,9,9
604,BOS,BWORKMAN-R,140,132,8,7.5
604,CLE,CKLUBER-R,-160,-147,8,7.5
604,BAL,BNORRIS-R,-115,-110,9,9.5
604,TEX,NMARTINEZ-R,-105,100,9,9.5
604,LAA,GRICHARDS-R,-125,-120,8.5,9
604,HOU,JCOSART-R,105,110,8.5,9
604,SEA,HIWAKUMA-R,120,125,7,6.5
604,ATL,MMINOR-L,-140,-140,7,6.5
604,MIA,TKOEHLER-R,160,195,7,7
604,TAM,DPRICE-L,-180,-225,7,7
604,STL,WAINWRIGHT-R,-140,-124,7,7
604,KAN,JVARGAS-L,120,114,7,7
604,MIL,MESTRADA-R,-120,-122,8,8.5
604,MIN,RNOLASCO-R,100,112,8,8.5
604,CWS,JDANKS-L,170,163,7.5,7.5
604,LOS,JBECKETT-R,-190,-183,7.5,7.5
605,SFO,BUMGARNER-L,-125,-126,7,7
605,CIN,MLEAKE-R,105,116,7,7
605,PHI,KKENDRICK-R,160,185,8,7.5
605,WAS,DFISTER-R,-180,-215,8,7.5
605,NYM,JDEGROM-R,-105,108,7.5,7.5
605,CUB,TWOOD-L,-115,-118,7.5,7.5
605,ARI,BARROYO-R,125,115,10.5,10
605,COL,JNICASIO-R,-145,-130,10.5,10
605,OAK,DPOMERANZ-L,140,135,8,8
605,NYY,MTANAKA-R,-160,-150,8,8
605,TOR,JHAPP-L,150,153,8.5,9
605,DET,VERLANDER-R,-170,-168,8.5,9
605,LAA,TSKAGGS-L,-140,-143,9,9.5
605,HOU,BPEACOCK-R,120,128,9,9.5
605,BAL,CTILLMAN-R,-105,-101,9.5,9.5
605,TEX,CLEWIS-R,-115,-109,9.5,9.5
605,MIA,JTURNER-R,125,156,7.5,7.5
605,TAM,JODORIZZI-R,-145,-176,7.5,7.5
605,STL,MWACHA-R,-120,-107,7.5,7.5
605,KAN,YVENTURA-R,100,-103,7.5,7.5
605,MIL,WPERALTA-R,-125,-132,8.5,9
605,MIN,KCORREIA-R,105,117,8.5,9
606,MIA,NEOVALDI-R,-113,113,7.5,7
606,CUB,JHAMMEL-R,-107,-123,7.5,7
606,MIL,KLOHSE-R,-115,-109,7.5,7.5
606,PIT,BCUMPTON-R,-105,-101,7.5,7.5
606,PHI,CHAMELS-L,140,116,6.5,6.5
606,CIN,JCUETO-R,-160,-131,6.5,6.5
606,LOS,HRYU-L,-135,-120,10,10
606,COL,EBUTLER-R,115,110,10,10
606,ATL,JTEHERAN-R,-125,-114,8,7.5
606,ARI,BMCCARTHY-R,105,104,8,7.5
606,WAS,TROARK-R,-110,105,6.5,7
606,SDG,TROSS-R,-110,-115,6.5,7
606,NYM,JNIESE-L,130,142,6.5,7
606,SFO,MCAIN-R,-150,-157,6.5,7
606,OAK,TMILONE-L,-115,-109,9,9
606,BAL,WCHEN-L,-105,-101,9,9
606,BOS,RDELAROSA-R,115,134,8,8
606,DET,DSMYLY-L,-135,-149,8,8
606,SEA,CYOUNG-R,115,135,7.5,8
606,TAM,EBEDARD-L,-135,-150,7.5,8
606,CLE,TBAUER-R,165,145,8.5,8
606,TEX,YDARVISH-R,-185,-160,8.5,8
606,NYY,CWHITLEY-R,100,-112,8.5,8
606,KAN,JGUTHRIE-R,-120,102,8.5,8
606,HOU,DKEUCHEL-L,110,104,7.5,8
606,MIN,PHUGHES-R,-130,-114,7.5,8
606,CWS,ARIENZO-R,170,175,8,8.5
606,LAA,JWEAVER-R,-200,-205,8,8.5
606,STL,LLYNN-R,110,142,9.5,9.5
606,TOR,MSTROMAN-R,-130,-157,9.5,9.5
607,MIA,RWOLF-L,130,128,7.5,7.5
607,CUB,SAMARDZIJA-R,-150,-143,7.5,7.5
607,MIL,MGARZA-R,-115,104,7.5,8
607,PIT,EVOLQUEZ-R,-105,-114,7.5,8
607,LOS,ZGREINKE-R,-140,-131,10,9.5
607,COL,JCHACIN-R,120,116,10,9.5
607,PHI,RHERNANDZ-R,140,130,8,8
607,CIN,ASIMON-R,-160,-145,8,8
607,NYM,BCOLON-R,140,149,6.5,6.5
607,SFO,THUDSON-R,-160,-164,6.5,6.5
607,WAS,BTREINEN-R,120,115,6.5,6.5
607,SDG,ACASHNER-R,-140,-130,6.5,6.5
607,ATL,ESANTANA-R,-115,-119,8,8
607,ARI,WMILEY-L,-105,109,8,8
607,HOU,SFELDMAN-R,115,109,8.5,8.5
607,MIN,KGIBSON-R,-135,-119,8.5,8.5
607,CLE,JTOMLIN-R,106,-101,9.5,9.5
607,TEX,NTEPESCH-R,-126,-109,9.5,9.5
607,SEA,RELIAS-L,130,142,7,7
607,TAM,ACOBB-R,-150,-157,7,7
607,OAK,SGRAY-R,-150,-129,8.5,8.5
607,BAL,KGAUSMAN-R,130,119,8.5,8.5
607,NYY,DPHELPS-R,115,108,8,8
607,KAN,DDUFFY-L,-135,-118,8,8
607,BOS,JLESTER-L,120,116,8,7.5
607,DET,MSCHERZER-R,-140,-126,8,7.5
607,CWS,CSALE-L,-135,-117,7.5,7
607,LAA,SHOEMAKER-R,115,107,7.5,7
607,STL,SMILLER-R,130,145,9.5,9.5
607,TOR,MBUEHRLE-L,-150,-160,9.5,9.5
608,PHI,DBUCHANAN-R,130,150,8,7.5
608,CIN,HBAILEY-R,-150,-165,8,7.5
608,MIL,YGALLARDO-R,-105,-115,8,8.5
608,PIT,JLOCKE-L,-115,105,8,8.5
608,MIA,HALVAREZ-R,-120,-107,6.5,6.5
608,CUB,JARRIETA-R,100,-103,6.5,6.5
608,NYM,ZWHEELER-R,114,111,7.5,7.5
608,SFO,TLINCECUM-R,-134,-121,7.5,7.5
608,ATL,AHARANG-R,-112,-105,8.5,8.5
608,ARI,CANDERSON-R,-108,-105,8.5,8.5
608,WAS,JZIMMERMN-R,-130,-122,7,7.5
608,SDG,ESTULTS-L,110,112,7,7.5
608,LOS,CKERSHAW-L,-150,-127,9,8.5
608,COL,JDELAROSA-L,130,117,9,8.5
608,BOS,JLACKEY-R,140,119,7.5,7.5
608,DET,ASANCHEZ-R,-160,-129,7.5,7.5
608,OAK,SKAZMIR-L,-140,-126,8.5,9
608,BAL,UJIMENEZ-R,120,116,8.5,9
608,SEA,FHERNANDZ-R,-125,-119,6.5,6.5
608,TAM,CARCHER-R,105,109,6.5,6.5
608,HOU,CMCHUGH-R,-115,103,8,8
608,MIN,SDEDUNO-R,-105,-113,8,8
608,NYY,HKURODA-R,110,116,8,7
608,KAN,JSHIELDS-R,-130,-126,8,7
608,CLE,MASTERSON-R,-115,-118,10,9.5
608,TEX,JSAUNDERS-L,-105,108,10,9.5
608,CWS,JQUINTANA-L,150,146,8.5,8.5
608,LAA,CWILSON-L,-170,-161,8.5,8.5
608,STL,JGARCIA-L,130,117,9,9
608,TOR,HUTCHISON-R,-150,-132,9,9
609,CUB,EJACKSON-R,125,134,7.5,7.5
609,PIT,CMORTON-R,-145,-149,7.5,7.5
609,LOS,DHAREN-R,-115,106,8,8
609,CIN,TCINGRANI-L,-105,-116,8,8
609,ATL,GFLOYD-R,-120,-128,10.5,10
609,COL,CBERGMAN-R,100,118,10.5,10
609,WAS,STRASBURG-R,-109,-127,6.5,6.5
609,SFO,VOGELSONG-R,-111,117,6.5,6.5
609,SEA,ERAMIREZ-R,170,180,7.5,7
609,TAM,DPRICE-L,-200,-210,7.5,7
609,MIN,RNOLASCO-R,175,161,9.5,9.5
609,TOR,RDICKEY-R,-195,-181,9.5,9.5
609,BOS,JPEAVY-R,110,-102,9,8.5
609,BAL,BNORRIS-R,-130,-108,9,8.5
609,CLE,THOUSE-L,-112,-110,10,9.5
609,TEX,NMARTINEZ-R,-108,100,10,9.5
609,DET,RPORCELLO-R,-125,-126,9,8.5
609,CWS,HNOESI-R,105,116,9,8.5
609,OAK,JCHAVEZ-R,100,113,8.5,8.5
609,LAA,GRICHARDS-R,-120,-123,8.5,8.5
609,HOU,JCOSART-R,125,133,8.5,8.5
609,ARI,COLLMENTER-R,-145,-148,8.5,8.5
610,CUB,TWOOD-L,145,159,7.5,7.5
610,PIT,FLIRIANO-L,-165,-179,7.5,7.5
610,SDG,IKENNEDY-R,100,-114,7.5,7.5
610,PHI,ABURNETT-R,-120,104,7.5,7.5
610,MIL,MESTRADA-R,-120,-132,7.5,7.5
610,NYM,DMATSUZKA-R,100,117,7.5,7.5
610,LOS,JBECKETT-R,-105,119,7.5,8
610,CIN,MLEAKE-R,-115,-134,7.5,8
610,ATL,MMINOR-L,-130,-118,10,10
610,COL,JNICASIO-R,110,108,10,10
610,WAS,DFISTER-R,125,118,6.5,6.5
610,SFO,BUMGARNER-L,-145,-133,6.5,6.5
610,MIN,KCORREIA-R,150,172,9.5,10
610,TOR,JHAPP-L,-170,-192,9.5,10
610,BOS,BWORKMAN-R,110,110,9,9
610,BAL,CTILLMAN-R,-130,-120,9,9
610,CLE,CKLUBER-R,100,-110,7.5,7
610,KAN,JVARGAS-L,-120,100,7.5,7
610,OAK,DPOMERANZ-L,-105,-118,8.5,8.5
610,LAA,HSANTIAGO-L,-115,108,8.5,8.5
610,NYY,VNUNO-L,-120,132,6,7
610,SEA,HIWAKUMA-R,100,-147,6,7
610,HOU,BPEACOCK-R,130,119,9,9
610,ARI,BARROYO-R,-150,-134,9,9
610,STL,WAINWRIGHT-R,-150,-129,7,6.5
610,TAM,JODORIZZI-R,130,119,7,6.5
610,MIA,TKOEHLER-R,110,147,9.5,9
610,TEX,CLEWIS-R,-130,-162,9.5,9
611,CUB,JHAMMEL-R,110,119,7.5,7.5
611,PIT,BCUMPTON-R,-130,-134,7.5,7.5
611,SDG,TROSS-R,120,114,7.5,7
611,PHI,CHAMELS-L,-140,-124,7.5,7
611,MIL,WPERALTA-R,-120,-115,7.5,7
611,NYM,JDEGROM-R,100,105,7.5,7
611,LOS,HRYU-L,105,126,7,7
611,CIN,JCUETO-R,-125,-141,7,7
611,ATL,JTEHERAN-R,-150,-134,10,10
611,COL,TMATZEK-L,130,119,10,10
611,WAS,TROARK-R,115,107,7,6.5
611,SFO,MCAIN-R,-135,-117,7,6.5
611,MIN,PHUGHES-R,145,145,9,9
611,TOR,MSTROMAN-R,-165,-160,9,9
611,CLE,TBAUER-R,115,107,8,8
611,KAN,YVENTURA-R,-135,-117,8,8
611,BOS,RDELAROSA-R,115,118,9,8.5
611,BAL,WCHEN-L,-135,-133,9,8.5
611,DET,VERLANDER-R,-140,-150,9,9
611,CWS,JDANKS-L,120,135,9,9
611,OAK,TMILONE-L,120,125,8,8
611,LAA,JWEAVER-R,-140,-140,8,8
611,NYY,MTANAKA-R,-165,-190,6.5,7
611,SEA,CYOUNG-R,145,170,6.5,7
611,STL,MWACHA-R,-130,-118,7,7
611,TAM,EBEDARD-L,110,108,7,7
611,MIA,JTURNER-R,200,200,8.5,8.5
611,TEX,YDARVISH-R,-230,-240,8.5,8.5
611,ARI,BMCCARTHY-R,110,111,8,7.5
611,HOU,DKEUCHEL-L,-130,-121,8,7.5
612,LOS,ZGREINKE-R,-140,-123,7,7.5
612,CIN,ASIMON-R,120,113,7,7.5
612,SDG,ESTULTS-L,100,-110,8.5,8
612,PHI,KKENDRICK-R,-120,100,8.5,8
612,ATL,ESANTANA-R,-125,-108,10,9.5
612,COL,JCHACIN-R,105,-102,10,9.5
612,WAS,BTREINEN-R,130,141,7,7
612,SFO,THUDSON-R,-150,-156,7,7
612,CUB,SAMARDZIJA-R,-105,110,7,7
612,PIT,EVOLQUEZ-R,-115,-120,7,7
612,MIL,KLOHSE-R,-114,-133,7,7
612,NYM,JNIESE-L,-106,118,7,7
612,TOR,MBUEHRLE-L,-120,-101,8.5,9
612,BAL,KGAUSMAN-R,100,-109,8.5,9
612,CLE,JTOMLIN-R,130,147,8.5,8.5
612,BOS,JLESTER-L,-150,-162,8.5,8.5
612,DET,MSCHERZER-R,-105,109,7,7.5
612,CWS,CSALE-L,-115,-119,7,7.5
612,NYY,CWHITLEY-R,100,102,7,7
612,SEA,RELIAS-L,-120,-112,7,7
612,ARI,WMILEY-L,-113,-114,8.5,9
612,HOU,SFELDMAN-R,-107,104,8.5,9
613,CUB,JARRIETA-R,105,-103,8.5,8
613,PHI,RHERNANDZ-R,-125,-107,8.5,8
613,PIT,JLOCKE-L,110,117,8,7.5
613,MIA,NEOVALDI-R,-130,-132,8,7.5
613,SDG,ACASHNER-R,-108,-106,7,6.5
613,NYM,BCOLON-R,-112,-104,7,6.5
613,CIN,HBAILEY-R,120,106,8,7.5
613,MIL,MGARZA-R,-140,-116,8,7.5
613,WAS,JZIMMERMN-R,-105,112,7,7
613,STL,LLYNN-R,-105,-122,7,7
613,ARI,CANDERSON-R,180,185,6.5,6.5
613,LOS,CKERSHAW-L,-210,-215,6.5,6.5
613,COL,JDELAROSA-L,105,118,7.5,7
613,SFO,TLINCECUM-R,-125,-128,7.5,7
613,TOR,HUTCHISON-R,-115,-110,9,9
613,BAL,UJIMENEZ-R,-105,100,9,9
613,MIN,KGIBSON-R,140,144,8.5,9
613,DET,DSMYLY-L,-160,-159,8.5,9
613,CLE,MASTERSON-R,130,119,8.5,8.5
613,BOS,JLACKEY-R,-150,-134,8.5,8.5
613,KAN,JGUTHRIE-R,110,116,8.5,7.5
613,CWS,JQUINTANA-L,-130,-126,8.5,7.5
613,TAM,ACOBB-R,-113,-128,8,7.5
613,HOU,CMCHUGH-R,-107,118,8,7.5
613,NYY,DPHELPS-R,165,170,7.5,7.5
613,OAK,SGRAY-R,-185,-200,7.5,7.5
613,TEX,NTEPESCH-R,180,170,7,6.5
613,SEA,FHERNANDZ-R,-210,-200,7,6.5
613,LAA,CWILSON-L,-115,-108,7,7.5
613,ATL,AHARANG-R,-105,-102,7,7.5
614,CUB,EJACKSON-R,-105,111,8.5,8
614,PHI,DBUCHANAN-R,-115,-121,8.5,8
614,COL,CBERGMAN-R,145,148,7.5,7.5
614,SFO,VOGELSONG-R,-165,-163,7.5,7.5
614,PIT,CMORTON-R,-114,-119,8,7.5
614,MIA,RWOLF-L,-106,109,8,7.5
614,SDG,JHAHN-R,120,122,7.5,7
614,NYM,ZWHEELER-R,-140,-137,7.5,7
614,WAS,STRASBURG-R,-125,-125,6.5,7
614,STL,SMILLER-R,105,115,6.5,7
614,CIN,MLATOS-R,115,113,7.5,7.5
614,MIL,YGALLARDO-R,-135,-123,7.5,7.5
614,ARI,COLLMENTER-R,125,117,7.5,7
614,LOS,DHAREN-R,-145,-132,7.5,7
614,KAN,DDUFFY-L,-105,-134,8.5,8.5
614,CWS,HNOESI-R,-105,119,8.5,8.5
614,CLE,THOUSE-L,125,134,9,9.5
614,BOS,JPEAVY-R,-145,-149,9,9.5
614,TOR,RDICKEY-R,-115,-109,9,9
614,BAL,BNORRIS-R,-105,-101,9,9
614,MIN,SDEDUNO-R,160,177,8.5,8.5
614,DET,ASANCHEZ-R,-180,-197,8.5,8.5
614,TAM,CARCHER-R,-115,-143,8,8
614,HOU,JCOSART-R,-105,128,8,8
614,NYY,HKURODA-R,150,137,7,7
614,OAK,SKAZMIR-L,-170,-152,7,7
614,TEX,JSAUNDERS-L,105,-108,8,7
614,SEA,ERAMIREZ-R,-125,-102,8,7
614,LAA,GRICHARDS-R,-114,-116,7.5,7.5
614,ATL,GFLOYD-R,-106,106,7.5,7.5
615,PIT,VWORLEY-R,125,-105,8,7.5
615,MIA,HALVAREZ-R,-145,-105,8,7.5
615,SDG,IKENNEDY-R,-115,-120,7,7
615,NYM,DMATSUZKA-R,-105,110,7,7
615,CUB,TWOOD-L,115,116,8,8
615,PHI,ABURNETT-R,-135,-126,8,8
615,CIN,MLEAKE-R,105,113,8,8
615,MIL,MESTRADA-R,-125,-123,8,8
615,WAS,DFISTER-R,-109,103,7,7.5
615,STL,JGARCIA-L,-111,-113,7,7.5
615,COL,JNICASIO-R,165,170,7.5,7
615,SFO,BUMGARNER-L,-185,-190,7.5,7
615,ARI,BARROYO-R,140,135,7.5,7.5
615,LOS,JBECKETT-R,-160,-150,7.5,7.5
615,MIN,RNOLASCO-R,140,133,9,9
615,DET,RPORCELLO-R,-160,-148,9,9
615,TOR,JHAPP-L,105,105,9.5,9
615,BAL,CTILLMAN-R,-125,-115,9.5,9
615,CLE,CKLUBER-R,100,-109,8.5,8.5
615,BOS,BWORKMAN-R,-120,-101,8.5,8.5
615,KAN,JSHIELDS-R,-135,-152,8.5,8
615,CWS,ARIENZO-R,115,137,8.5,8
615,TAM,DPRICE-L,-160,-160,7.5,7.5
615,HOU,BPEACOCK-R,140,145,7.5,7.5
615,NYY,VNUNO-L,155,145,8.5,8
615,OAK,JCHAVEZ-R,-175,-160,8.5,8
615,TEX,NMARTINEZ-R,170,157,7.5,7
615,SEA,HIWAKUMA-R,-190,-177,7.5,7
615,LAA,HSANTIAGO-L,110,109,8,8
615,ATL,MMINOR-L,-130,-119,8,8
616,PHI,CHAMELS-L,115,119,6.5,6.5
616,ATL,JTEHERAN-R,-135,-129,6.5,6.5
616,CUB,JHAMMEL-R,100,-109,7.5,7
616,MIA,TKOEHLER-R,-120,-101,7.5,7
616,NYM,JDEGROM-R,125,145,7.5,8.5
616,STL,CMARTINEZ-R,-145,-160,7.5,8.5
616,MIL,WPERALTA-R,-110,113,9,8.5
616,ARI,BMCCARTHY-R,-110,-123,9,8.5
616,COL,TMATZEK-L,155,140,7,7
616,LOS,HRYU-L,-175,-155,7,7
616,LAA,JWEAVER-R,-120,-109,8.5,9.5
616,CLE,TBAUER-R,100,-101,8.5,9.5
616,KAN,JVARGAS-L,130,124,8.5,8.5
616,DET,VERLANDER-R,-150,-139,8.5,8.5
616,MIN,KCORREIA-R,130,155,9.5,9
616,BOS,RDELAROSA-R,-150,-175,9.5,9
616,BAL,WCHEN-L,-111,117,7.5,7
616,TAM,JODORIZZI-R,-109,-127,7.5,7
616,TEX,CLEWIS-R,140,154,8,8
616,OAK,DPOMERANZ-L,-160,-174,8,8
616,SDG,TROSS-R,105,-127,7,7
616,SEA,CYOUNG-R,-125,117,7,7
617,CIN,JCUETO-R,-130,-117,7,7
617,PIT,BCUMPTON-R,110,107,7,7
617,PHI,KKENDRICK-R,145,157,7.5,7
617,ATL,ESANTANA-R,-165,-177,7.5,7
617,CUB,SAMARDZIJA-R,-120,-110,7,7
617,MIA,DESCLAFANI-R,100,100,7,7
617,NYM,JNIESE-L,160,155,7,7.5
617,STL,MWACHA-R,-180,-175,7,7.5
617,MIL,KLOHSE-R,-114,-123,8.5,9
617,ARI,BOLSINGER-R,-106,113,8.5,9
617,COL,JCHACIN-R,170,155,7,7
617,LOS,ZGREINKE-R,-190,-175,7,7
617,LAA,SHOEMAKER-R,100,110,9,9.5
617,CLE,JTOMLIN-R,-120,-120,9,9.5
617,TOR,MSTROMAN-R,160,157,8,8
617,NYY,MTANAKA-R,-180,-177,8,8
617,KAN,YVENTURA-R,134,135,8,8
617,DET,MSCHERZER-R,-154,-150,8,8
617,MIN,PHUGHES-R,140,150,8.5,8.5
617,BOS,JLESTER-L,-160,-165,8.5,8.5
617,BAL,MGONZALEZ-R,100,108,8,7.5
617,TAM,EBEDARD-L,-120,-118,8,7.5
617,TEX,YDARVISH-R,-115,-109,7,7
617,OAK,TMILONE-L,-105,-101,7,7
617,SDG,ESTULTS-L,100,115,7.5,7
617,SEA,RELIAS-L,-120,-130,7.5,7
617,HOU,DKEUCHEL-L,120,138,7,7.5
617,WAS,TROARK-R,-140,-153,7,7.5
617,SFO,MCAIN-R,-130,-115,8,9
617,CWS,JDANKS-L,110,105,8,9
618,PHI,RHERNANDZ-R,140,170,7.5,7.5
618,ATL,AHARANG-R,-160,-190,7.5,7.5
618,CUB,JARRIETA-R,110,116,7.5,7
618,MIA,NEOVALDI-R,-130,-126,7.5,7
618,NYM,BCOLON-R,145,125,7.5,7.5
618,STL,LLYNN-R,-165,-140,7.5,7.5
618,CIN,ASIMON-R,100,117,7.5,8
618,PIT,EVOLQUEZ-R,-120,-132,7.5,8
618,MIL,MGARZA-R,-120,-110,9,9
618,ARI,WMILEY-L,100,100,9,9
618,COL,JDELAROSA-L,170,185,6.5,6.5
618,LOS,CKERSHAW-L,-200,-215,6.5,6.5
618,KAN,JGUTHRIE-R,125,125,9,8.5
618,DET,DSMYLY-L,-145,-140,9,8.5
618,BAL,KGAUSMAN-R,125,129,7.5,7
618,TAM,ACOBB-R,-145,-144,7.5,7
618,MIN,KGIBSON-R,145,174,8.5,9
618,BOS,JLACKEY-R,-165,-194,8.5,9
618,TEX,NTEPESCH-R,160,160,7.5,8
618,OAK,SGRAY-R,-180,-180,7.5,8
618,TOR,MBUEHRLE-L,-105,103,8.5,9
618,NYY,CWHITLEY-R,-115,-113,8.5,9
618,SFO,THUDSON-R,105,136,7,7
618,CWS,CSALE-L,-125,-151,7,7
618,HOU,SFELDMAN-R,150,150,7.5,8
618,WAS,GGONZALEZ-L,-170,-170,7.5,8
618,SEA,FHERNANDZ-R,-125,-141,6,6
618,SDG,ACASHNER-R,105,126,6,6
619,CIN,HBAILEY-R,100,-113,8,7
619,PIT,JLOCKE-L,-120,103,8,7
619,MIL,YGALLARDO-R,-130,101,9,7.5
619,ARI,CANDERSON-R,110,-111,9,7.5
619,ATL,GFLOYD-R,130,124,7.5,7.5
619,WAS,JZIMMERMN-R,-150,-139,7.5,7.5
619,NYM,ZWHEELER-R,100,118,8,7.5
619,MIA,AHEANEY-L,-120,-133,8,7.5
619,PHI,DBUCHANAN-R,180,152,8,8
619,STL,SMILLER-R,-210,-167,8,8
619,LAA,CWILSON-L,-130,-124,8.5,8.5
619,CLE,MASTERSON-R,110,114,8.5,8.5
619,KAN,DDUFFY-L,130,150,8,8
619,DET,ASANCHEZ-R,-150,-165,8,8
619,TOR,HUTCHISON-R,-114,-109,9,9
619,NYY,DPHELPS-R,-106,-101,9,9
619,HOU,CMCHUGH-R,130,146,7.5,7
619,TAM,CARCHER-R,-150,-161,7.5,7
619,CWS,JQUINTANA-L,-114,-106,9,8.5
619,MIN,YPINO-R,-106,-104,9,8.5
619,BOS,JPEAVY-R,145,150,7.5,7.5
619,OAK,SKAZMIR-L,-165,-170,7.5,7.5
619,SEA,ERAMIREZ-R,110,132,7,7
619,SDG,JHAHN-R,-130,-147,7,7
620,PIT,CMORTON-R,-130,-124,7.5,8.5
620,CUB,EJACKSON-R,110,114,7.5,8.5
620,ATL,MMINOR-L,150,135,7,7
620,WAS,STRASBURG-R,-170,-150,7,7
620,NYM,DMATSUZKA-R,120,137,7.5,7.5
620,MIA,HALVAREZ-R,-140,-152,7.5,7.5
620,PHI,ABURNETT-R,140,161,7.5,7.5
620,STL,JGARCIA-L,-160,-181,7.5,7.5
620,MIL,MESTRADA-R,-113,-102,10.5,11
620,COL,CBERGMAN-R,-107,-108,10.5,11
620,SFO,TLINCECUM-R,-105,108,9,8.5
620,ARI,COLLMENTER-R,-115,-118,9,8.5
620,LOS,DHAREN-R,-120,104,6.5,7
620,SDG,IKENNEDY-R,100,-114,6.5,7
620,BAL,UJIMENEZ-R,110,132,8.5,8.5
620,NYY,HKURODA-R,-130,-147,8.5,8.5
620,DET,RPORCELLO-R,100,139,8.5,8
620,CLE,CKLUBER-R,-120,-154,8.5,8
620,HOU,JCOSART-R,155,160,7,7
620,TAM,DPRICE-L,-175,-180,7,7
620,SEA,HIWAKUMA-R,115,126,7,7.5
620,KAN,JSHIELDS-R,-135,-141,7,7.5
620,CWS,HNOESI-R,100,135,9,9
620,MIN,RNOLASCO-R,-120,-150,9,9
620,BOS,FDOUBRONT-L,110,150,8.5,8.5
620,OAK,BMILLS-L,-130,-165,8.5,8.5
620,TEX,JSAUNDERS-L,145,173,8.5,8.5
620,LAA,GRICHARDS-R,-165,-193,8.5,8.5
620,TOR,LHENDRIKS-R,120,135,8,8.5
620,CIN,MLATOS-R,-140,-150,8,8.5
621,PHI,CHAMELS-L,140,130,6.5,7
621,STL,WAINWRIGHT-R,-160,-145,6.5,7
621,NYM,JDEGROM-R,110,100,8,7.5
621,MIA,TKOEHLER-R,-130,-110,8,7.5
621,MIL,WPERALTA-R,-125,-145,10.5,12
621,COL,FRIEDRICH-L,105,130,10.5,12
621,PIT,VWORLEY-R,-114,-115,8,8.5
621,CUB,TWOOD-L,-106,105,8,8.5
621,ATL,JTEHERAN-R,110,102,7,7
621,WAS,DFISTER-R,-130,-112,7,7
621,SFO,VOGELSONG-R,100,113,9,8
621,ARI,BMCCARTHY-R,-120,-123,9,8
621,LOS,JBECKETT-R,-115,-109,6.5,6.5
621,SDG,TROSS-R,-105,-101,6.5,6.5
621,BAL,BNORRIS-R,100,-114,9,9
621,NYY,VNUNO-L,-120,104,9,9
621,CWS,ARIENZO-R,110,117,9,9.5
621,MIN,KCORREIA-R,-130,-127,9,9.5
621,SEA,CYOUNG-R,130,158,8.5,9
621,KAN,JVARGAS-L,-150,-178,8.5,9
621,BOS,RDELAROSA-R,130,129,8,8
621,OAK,JCHAVEZ-R,-150,-144,8,8
621,HOU,JBUCHANAN-R,140,175,7.5,7.5
621,TAM,JODORIZZI-R,-160,-195,7.5,7.5
621,DET,VERLANDER-R,-113,-106,8.5,8.5
621,CLE,TBAUER-R,-107,-104,8.5,8.5
621,TEX,NMARTINEZ-R,165,170,8.5,8.5
621,LAA,JWEAVER-R,-185,-200,8.5,8.5
621,TOR,JHAPP-L,115,114,8.5,9
621,CIN,MLEAKE-R,-135,-124,8.5,9
622,NYM,JNIESE-L,-115,106,8,7.5
622,MIA,DESCLAFANI-R,-105,-116,8,7.5
622,ATL,ESANTANA-R,120,109,7,7
622,WAS,TROARK-R,-140,-119,7,7
622,PHI,KKENDRICK-R,130,140,8,8.5
622,STL,CMARTINEZ-R,-150,-155,8,8.5
622,PIT,BCUMPTON-R,105,109,7.5,7
622,CUB,JHAMMEL-R,-125,-119,7.5,7
622,MIL,KLOHSE-R,-125,-124,10.5,11
622,COL,TMATZEK-L,105,114,10.5,11
622,SFO,BUMGARNER-L,-150,-126,8.5,8
622,ARI,BOLSINGER-R,130,116,8.5,8
622,LOS,HRYU-L,-140,-162,7,7
622,SDG,ESTULTS-L,120,147,7,7
622,BAL,CTILLMAN-R,170,205,8,7.5
622,NYY,MTANAKA-R,-200,-235,8,7.5
622,DET,MSCHERZER-R,-125,-106,8.5,8
622,CLE,JTOMLIN-R,105,-104,8.5,8
622,HOU,DKEUCHEL-L,-113,119,7.5,7
622,TAM,EBEDARD-L,-107,-129,7.5,7
622,SEA,RELIAS-L,120,125,8,8.5
622,KAN,YVENTURA-R,-140,-140,8,8.5
622,CWS,JDANKS-L,120,135,8.5,8
622,MIN,PHUGHES-R,-140,-150,8.5,8
622,BOS,JLESTER-L,110,110,8,7.5
622,OAK,TMILONE-L,-130,-120,8,7.5
622,TEX,YDARVISH-R,-125,-114,8,7
622,LAA,SHOEMAKER-R,105,104,8,7
622,TOR,RDICKEY-R,145,123,7.5,7.5
622,CIN,JCUETO-R,-165,-138,7.5,7.5
623,MIA,NEOVALDI-R,-114,-104,8.5,8.5
623,PHI,RHERNANDZ-R,-106,-106,8.5,8.5
623,CIN,ASIMON-R,-105,101,7,8.5
623,CUB,SAMARDZIJA-R,-115,-111,7,8.5
623,WAS,GGONZALEZ-L,110,125,8,8.5
623,MIL,MGARZA-R,-130,-140,8,8.5
623,STL,LLYNN-R,-115,-105,10.5,10
623,COL,JCHACIN-R,-105,-105,10.5,10
623,SDG,DESPAIGNE-R,115,148,6.5,7
623,SFO,MCAIN-R,-135,-163,6.5,7
623,NYY,CWHITLEY-R,-105,114,9.5,9
623,TOR,MSTROMAN-R,-115,-124,9.5,9
623,CWS,CSALE-L,-130,-110,8,7
623,BAL,WCHEN-L,110,100,8,7
623,BOS,JLACKEY-R,135,130,6,6
623,SEA,FHERNANDZ-R,-155,-145,6,6
623,PIT,EVOLQUEZ-R,130,143,7.5,7
623,TAM,ACOBB-R,-150,-158,7.5,7
623,LOS,ZGREINKE-R,-135,-104,7.5,7.5
623,KAN,JGUTHRIE-R,115,-106,7.5,7.5
624,MIA,AHEANEY-L,-114,-120,8,8
624,PHI,DBUCHANAN-R,-106,110,8,8
624,CIN,HBAILEY-R,-114,-119,8,7
624,CUB,JARRIETA-R,-106,109,8,7
624,WAS,JZIMMERMN-R,105,105,8,7.5
624,MIL,YGALLARDO-R,-125,-115,8,7.5
624,STL,SMILLER-R,-115,110,10.5,10.5
624,COL,JDELAROSA-L,-105,-120,10.5,10.5
624,SDG,JHAHN-R,140,133,6.5,6.5
624,SFO,THUDSON-R,-160,-148,6.5,6.5
624,NYY,DPHELPS-R,115,119,9,9
624,TOR,MBUEHRLE-L,-135,-129,9,9
624,CWS,JQUINTANA-L,125,114,8.5,8.5
624,BAL,MGONZALEZ-R,-145,-124,8.5,8.5
624,DET,DSMYLY-L,-130,-113,9.5,9.5
624,TEX,CLEWIS-R,110,103,9.5,9.5
624,MIN,KGIBSON-R,165,155,7.5,8
624,LAA,CWILSON-L,-185,-175,7.5,8
624,BOS,JPEAVY-R,-120,-107,7.5,7.5
624,SEA,ERAMIREZ-R,100,-103,7.5,7.5
624,OAK,SKAZMIR-L,-135,-125,7,7
624,NYM,BCOLON-R,115,115,7,7
624,PIT,JLOCKE-L,130,116,7.5,7
624,TAM,CARCHER-R,-150,-126,7.5,7
624,LOS,CKERSHAW-L,-140,-150,7,7
624,KAN,DDUFFY-L,120,135,7,7
624,ATL,AHARANG-R,-120,-119,8.5,8.5
624,HOU,SFELDMAN-R,100,109,8.5,8.5
624,CLE,MASTERSON-R,-105,119,8.5,8
624,ARI,WMILEY-L,-115,-129,8.5,8
625,WAS,STRASBURG-R,-130,-145,7.5,7
625,MIL,MESTRADA-R,110,130,7.5,7
625,STL,MGONZALES-L,-115,-132,11,11.5
625,COL,YFLANDE-L,-105,117,11,11.5
625,SDG,IKENNEDY-R,115,102,7,7
625,SFO,TLINCECUM-R,-135,-112,7,7
625,CIN,MLATOS-R,-140,-145,7.5,7
625,CUB,EJACKSON-R,120,130,7.5,7
625,MIA,HALVAREZ-R,104,100,7.5,8
625,PHI,ABURNETT-R,-124,-110,7.5,8
625,CWS,HNOESI-R,140,129,9,9
625,BAL,UJIMENEZ-R,-160,-144,9,9
625,NYY,HKURODA-R,105,105,8.5,9
625,TOR,HUTCHISON-R,-125,-115,8.5,9
625,DET,ASANCHEZ-R,-140,-140,9,9
625,TEX,JSAUNDERS-L,120,125,9,9
625,MIN,YPINO-R,175,175,8,8
625,LAA,GRICHARDS-R,-195,-195,8,8
625,BOS,CBUCHHOLZ-R,120,116,7,7.5
625,SEA,HIWAKUMA-R,-140,-126,7,7.5
625,PIT,CMORTON-R,135,149,7,6.5
625,TAM,DPRICE-L,-155,-164,7,6.5
625,OAK,BMILLS-L,-115,-111,7.5,8
625,NYM,ZWHEELER-R,-105,101,7.5,8
625,ATL,AWOOD-L,-115,-123,8.5,7.5
625,HOU,CMCHUGH-R,-105,113,8.5,7.5
625,LOS,DHAREN-R,115,146,7.5,8
625,KAN,JSHIELDS-R,-135,-161,7.5,8
625,CLE,CKLUBER-R,-115,-143,8,8
625,ARI,CANDERSON-R,-105,128,8,8
626,MIA,TKOEHLER-R,140,150,7,7
626,PHI,CHAMELS-L,-160,-170,7,7
626,NYM,DMATSUZKA-R,130,150,7.5,8
626,PIT,VWORLEY-R,-150,-170,7.5,8
626,WAS,DFISTER-R,-130,-140,7,7
626,CUB,TWOOD-L,110,125,7,7
626,COL,FRIEDRICH-L,170,190,9,9
626,MIL,WPERALTA-R,-190,-220,9,9
626,STL,WAINWRIGHT-R,-120,-113,6.5,6.5
626,LOS,JBECKETT-R,100,103,6.5,6.5
626,CIN,MLEAKE-R,-105,-116,7.5,7
626,SFO,VOGELSONG-R,-115,106,7.5,7
626,MIN,RNOLASCO-R,170,179,8.5,8.5
626,LAA,JWEAVER-R,-200,-199,8.5,8.5
626,CWS,SCARROLL-R,144,170,10,10
626,TOR,JHAPP-L,-164,-190,10,10
626,DET,RPORCELLO-R,-135,-114,10,10
626,TEX,NMARTINEZ-R,115,104,10,10
626,ATL,MMINOR-L,-125,-110,8,8.5
626,HOU,JCOSART-R,105,100,8,8.5
627,WAS,TROARK-R,-108,-119,7.5,7.5
627,CUB,JHAMMEL-R,-112,109,7.5,7.5
627,ATL,JTEHERAN-R,-140,-144,7.5,7.5
627,PHI,KKENDRICK-R,120,129,7.5,7.5
627,NYM,JDEGROM-R,120,130,8,8
627,PIT,BCUMPTON-R,-140,-145,8,8
627,COL,TMATZEK-L,170,175,9,9
627,MIL,KLOHSE-R,-190,-195,9,9
627,ARI,BMCCARTHY-R,120,114,7,6.5
627,SDG,TROSS-R,-140,-124,7,6.5
627,STL,CMARTINEZ-R,130,115,9.5,7
627,LOS,HRYU-L,-150,-130,9.5,7
627,CIN,JCUETO-R,-105,109,6.5,5.5
627,SFO,BUMGARNER-L,-115,-119,6.5,5.5
627,CWS,JDANKS-L,145,138,9.5,8.5
627,TOR,RDICKEY-R,-165,-153,9.5,8.5
627,BOS,BWORKMAN-R,-115,113,9,9
627,NYY,VNUNO-L,-105,-123,9,9
627,TAM,JODORIZZI-R,105,-110,8.5,8
627,BAL,CTILLMAN-R,-125,100,8.5,8
627,MIN,KCORREIA-R,110,119,9.5,9.5
627,TEX,NTEPESCH-R,-130,-134,9.5,9.5
627,DET,VERLANDER-R,-145,-142,8.5,8.5
627,HOU,BPEACOCK-R,125,127,8.5,8.5
627,LAA,SHOEMAKER-R,-112,115,8.5,8.5
627,KAN,JVARGAS-L,-108,-125,8.5,8.5
627,CLE,TBAUER-R,109,-122,8,8
627,SEA,CYOUNG-R,-129,112,8,8
627,OAK,JCHAVEZ-R,-155,-161,8,8
627,MIA,DESCLAFANI-R,135,146,8,8
627,TAM,ACOLOME-R,140,119,8.5,8.5
627,BAL,KGAUSMAN-R,-160,-134,8.5,8.5
628,WAS,GGONZALEZ-L,-140,-161,10,9
628,CUB,DBEELER-R,120,146,10,9
628,WAS,BTREINEN-R,111,116,8.5,8.5
628,CUB,SAMARDZIJA-R,-131,-131,8.5,8.5
628,ATL,ESANTANA-R,-125,-127,8,8
628,PHI,RHERNANDZ-R,105,117,8,8
628,ATL,DHALE-R,-125,-127,8.5,8.5
628,PHI,O'SULLIVAN-R,105,117,8.5,8.5
628,NYM,JNIESE-L,130,149,7.5,7.5
628,PIT,GCOLE-R,-150,-164,7.5,7.5
628,COL,JCHACIN-R,155,130,9,9
628,MIL,MGARZA-R,-175,-145,9,9
628,STL,LLYNN-R,130,127,6.5,6.5
628,LOS,ZGREINKE-R,-150,-142,6.5,6.5
628,CIN,ASIMON-R,-110,-110,7,7
628,SFO,MCAIN-R,-110,100,7,7
628,ARI,COLLMENTER-R,-130,102,7,7
628,SDG,ESTULTS-L,110,-112,7,7
628,CWS,CSALE-L,-115,-120,8.5,7.5
628,TOR,MSTROMAN-R,-105,110,8.5,7.5
628,LAA,HSANTIAGO-L,105,118,8.5,8.5
628,KAN,YVENTURA-R,-125,-133,8.5,8.5
628,MIN,PHUGHES-R,150,152,8.5,7.5
628,TEX,YDARVISH-R,-170,-172,8.5,7.5
628,TAM,EBEDARD-L,110,131,8.5,8.5
628,BAL,WCHEN-L,-130,-146,8.5,8.5
628,DET,MSCHERZER-R,-130,-180,7.5,8
628,HOU,OBERHOLTZR-L,110,160,7.5,8
628,BOS,JLESTER-L,130,137,7,7
628,NYY,MTANAKA-R,-150,-152,7,7
628,CLE,JTOMLIN-R,130,114,8,7.5
628,SEA,RELIAS-L,-150,-124,8,7.5
628,OAK,SGRAY-R,-140,-157,7,7
628,MIA,NEOVALDI-R,120,142,7,7
629,ATL,AHARANG-R,-115,-118,8.5,8
629,PHI,DBUCHANAN-R,-105,108,8.5,8
629,NYM,BCOLON-R,-110,113,8,7.5
629,PIT,EVOLQUEZ-R,-110,-123,8,7.5
629,COL,JDELAROSA-L,170,141,8.5,8.5
629,MIL,YGALLARDO-R,-190,-156,8.5,8.5
629,CIN,HBAILEY-R,120,117,7.5,7
629,SFO,THUDSON-R,-140,-127,7.5,7
629,STL,SMILLER-R,170,180,6.5,6.5
629,LOS,CKERSHAW-L,-200,-210,6.5,6.5
629,ARI,BOLSINGER-R,110,105,7.5,7
629,SDG,DESPAIGNE-R,-130,-115,7.5,7
629,CWS,JQUINTANA-L,130,116,9,8.5
629,TOR,MBUEHRLE-L,-150,-126,9,8.5
629,TAM,ACOBB-R,-114,-115,8.5,8
629,BAL,MGONZALEZ-R,-106,105,8.5,8
629,DET,DSMYLY-L,-140,-128,8.5,8.5
629,HOU,SFELDMAN-R,120,118,8.5,8.5
629,LAA,CWILSON-L,-120,-115,8.5,8.5
629,KAN,JGUTHRIE-R,100,105,8.5,8.5
629,MIN,KGIBSON-R,100,112,9.5,9
629,TEX,CLEWIS-R,-120,-122,9.5,9
629,CLE,THOUSE-L,175,151,7,6.5
629,SEA,FHERNANDZ-R,-205,-171,7,6.5
629,BOS,JLACKEY-R,-114,-102,8.5,7.5
629,NYY,CWHITLEY-R,-106,-108,8.5,7.5
629,OAK,TMILONE-L,-130,-116,8,7.5
629,MIA,AHEANEY-L,110,106,8,7.5
630,COL,YFLANDE-L,185,210,7.5,8.5
630,WAS,JZIMMERMN-R,-215,-250,7.5,8.5
630,NYM,ZWHEELER-R,145,155,7,7
630,ATL,AWOOD-L,-165,-175,7,7
630,CIN,MLATOS-R,-125,-105,6.5,6.5
630,SDG,JHAHN-R,105,-105,6.5,6.5
630,TEX,JSAUNDERS-L,135,115,9.5,9
630,BAL,UJIMENEZ-R,-155,-130,9.5,9
630,OAK,SKAZMIR-L,104,115,8,9
630,DET,ASANCHEZ-R,-124,-130,8,9
630,TAM,CARCHER-R,-110,104,8,8
630,NYY,DPHELPS-R,-110,-114,8,8
630,KAN,DDUFFY-L,-130,-140,8.5,8.5
630,MIN,YPINO-R,110,125,8.5,8.5
630,SEA,TWALKER-R,-114,-106,8,7.5
630,HOU,CMCHUGH-R,-106,-104,8,7.5
630,CUB,JARRIETA-R,115,147,8.5,9
630,BOS,JPEAVY-R,-135,-162,8.5,9
630,CLE,CKLUBER-R,-105,-130,7.5,7
630,LOS,DHAREN-R,-105,115,7.5,7
701,ARI,WMILEY-L,115,126,7.5,8
701,PIT,JLOCKE-L,-135,-141,7.5,8
701,COL,FRIEDRICH-L,220,205,7.5,8
701,WAS,STRASBURG-R,-260,-245,7.5,8
701,NYM,DMATSUZKA-R,150,160,7.5,7.5
701,ATL,MMINOR-L,-170,-180,7.5,7.5
701,PHI,ABURNETT-R,115,135,7,7.5
701,MIA,HALVAREZ-R,-135,-150,7,7.5
701,CIN,MLEAKE-R,-115,-108,6.5,6
701,SDG,IKENNEDY-R,-105,-102,6.5,6
701,STL,MGONZALES-L,110,100,7.5,7
701,SFO,TLINCECUM-R,-130,-110,7.5,7
701,OAK,BMILLS-L,120,111,9,9.5
701,DET,RPORCELLO-R,-140,-121,9,9.5
701,TEX,NMARTINEZ-R,110,143,9.5,9
701,BAL,MCFARLAND-L,-130,-158,9.5,9
701,TAM,DPRICE-L,-120,-124,7.5,7.5
701,NYY,HKURODA-R,100,114,7.5,7.5
701,KAN,JSHIELDS-R,-130,-146,8,7.5
701,MIN,RNOLASCO-R,110,131,8,7.5
701,SEA,HIWAKUMA-R,-115,-130,7.5,7.5
701,HOU,JCOSART-R,-105,115,7.5,7.5
701,LAA,JWEAVER-R,-165,-174,9,9.5
701,CWS,SCARROLL-R,145,154,9,9.5
701,MIL,MESTRADA-R,105,129,9.5,10.5
701,TOR,HUTCHISON-R,-125,-144,9.5,10.5
701,CUB,EJACKSON-R,135,156,9,9.5
701,BOS,CBUCHHOLZ-R,-155,-176,9,9.5
701,CLE,MASTERSON-R,160,115,7,7
701,LOS,JBECKETT-R,-180,-130,7,7
701,LAA,GRICHARDS-R,-160,-170,9,9.5
701,CWS,HNOESI-R,140,150,9,9.5
702,CIN,JCUETO-R,-130,-118,6,5.5
702,SDG,TROSS-R,110,108,6,5.5
702,COL,TMATZEK-L,195,170,8,8.5
702,WAS,DFISTER-R,-225,-190,8,8.5
702,ARI,CANDERSON-R,140,150,8,8
702,PIT,CMORTON-R,-160,-170,8,8
702,NYM,JDEGROM-R,170,170,7,7
702,ATL,JTEHERAN-R,-190,-200,7,7
702,PHI,CHAMELS-L,-130,-112,7,7
702,MIA,TKOEHLER-R,110,102,7,7
702,STL,WAINWRIGHT-R,-145,-150,6.5,6
702,SFO,VOGELSONG-R,125,135,6.5,6
702,OAK,JCHAVEZ-R,115,114,8.5,9
702,DET,VERLANDER-R,-135,-124,8.5,9
702,TAM,JODORIZZI-R,-105,-110,8.5,9
702,NYY,VNUNO-L,-105,100,8.5,9
702,KAN,JVARGAS-L,-125,-141,8.5,7.5
702,MIN,KCORREIA-R,105,126,8.5,7.5
702,SEA,CYOUNG-R,-115,-108,8.5,8.5
702,HOU,BPEACOCK-R,-105,-102,8.5,8.5
702,TEX,MMIKOLAS-R,129,116,9,9
702,BAL,CTILLMAN-R,-149,-131,9,9
702,LAA,TSKAGGS-L,-130,-158,9,9
702,CWS,JDANKS-L,110,143,9,9
702,MIL,WPERALTA-R,-114,117,9.5,9.5
702,TOR,JHAPP-L,-106,-127,9.5,9.5
702,CLE,TBAUER-R,140,125,7.5,7
702,LOS,HRYU-L,-160,-140,7.5,7
702,CUB,TWOOD-L,125,170,9,9
702,BOS,BWORKMAN-R,-145,-190,9,9
703,STL,CMARTINEZ-R,130,145,7,6.5
703,SFO,BUMGARNER-L,-150,-160,7,6.5
703,PHI,KKENDRICK-R,-105,126,8,7.5
703,MIA,BHAND-L,-115,-141,8,7.5
703,ARI,BMCCARTHY-R,130,140,7.5,7.5
703,PIT,VWORLEY-R,-150,-155,7.5,7.5
703,LOS,ZGREINKE-R,-160,-144,10,10.5
703,COL,FMORALES-L,140,129,10,10.5
703,TEX,SBAKER-R,-125,150,7.5,9
703,BAL,WCHEN-L,105,-170,7.5,9
703,TAM,EBEDARD-L,170,173,8,8
703,DET,MSCHERZER-R,-190,-203,8,8
703,NYY,MTANAKA-R,-160,-157,7,6.5
703,MIN,PHUGHES-R,140,142,7,6.5
703,TOR,RDICKEY-R,155,118,7.5,8
703,OAK,SGRAY-R,-175,-133,7.5,8
703,HOU,OBERHOLTZR-L,140,175,8.5,8.5
703,LAA,SHOEMAKER-R,-160,-195,8.5,8.5
704,CUB,JHAMMEL-R,145,140,7.5,7
704,WAS,TROARK-R,-165,-155,7.5,7
704,PHI,RHERNANDZ-R,150,170,8,7.5
704,PIT,GCOLE-R,-170,-200,8,7.5
704,SFO,MCAIN-R,-120,-108,7,7
704,SDG,ESTULTS-L,100,-102,7,7
704,MIL,KLOHSE-R,105,108,8,7.5
704,CIN,ASIMON-R,-125,-118,8,7.5
704,MIA,NEOVALDI-R,135,130,7.5,7.5
704,STL,LLYNN-R,-155,-145,7.5,7.5
704,ARI,COLLMENTER-R,130,150,7.5,7
704,ATL,ESANTANA-R,-150,-165,7.5,7
704,LOS,CKERSHAW-L,-170,-210,9,9
704,COL,JJURRJENS-R,150,180,9,9
704,NYY,CWHITLEY-R,-114,-102,8.5,8
704,MIN,KGIBSON-R,-106,-108,8.5,8
704,TOR,MSTROMAN-R,120,115,8.5,8
704,OAK,TMILONE-L,-140,-125,8.5,8
704,TAM,ACOBB-R,110,110,8,8
704,DET,DSMYLY-L,-130,-120,8,8
704,KAN,YVENTURA-R,-105,100,8,7
704,CLE,JTOMLIN-R,-115,-110,8,7
704,SEA,RELIAS-L,150,155,7.5,7
704,CWS,CSALE-L,-170,-175,7.5,7
704,HOU,DKEUCHEL-L,155,170,7.5,8
704,LAA,CWILSON-L,-175,-190,7.5,8
704,TEX,YDARVISH-R,110,-151,7.5,6
704,NYM,JNIESE-L,-130,136,7.5,6
705,MIA,AHEANEY-L,130,137,8,7.5
705,STL,SMILLER-R,-150,-152,8,7.5
705,PHI,DBUCHANAN-R,145,164,8.5,8
705,PIT,EVOLQUEZ-R,-165,-184,8.5,8
705,CUB,VILLANUEVA-R,130,171,7,7.5
705,WAS,GGONZALEZ-L,-150,-201,7,7.5
705,MIL,MGARZA-R,105,114,8,7.5
705,CIN,HBAILEY-R,-125,-124,8,7.5
705,LOS,DHAREN-R,-120,-104,11,11
705,COL,JDELAROSA-L,100,-106,11,11
705,ARI,BOLSINGER-R,145,132,8,7
705,ATL,AHARANG-R,-165,-147,8,7
705,SFO,THUDSON-R,-115,-140,6.5,6.5
705,SDG,DESPAIGNE-R,-105,125,6.5,6.5
705,NYY,DPHELPS-R,-120,100,9,8.5
705,MIN,YPINO-R,100,-110,9,8.5
705,SEA,FHERNANDZ-R,-150,-150,7,7
705,CWS,JQUINTANA-L,130,135,7,7
705,TAM,CARCHER-R,140,116,8,7.5
705,DET,ASANCHEZ-R,-160,-126,8,7.5
705,KAN,JGUTHRIE-R,-105,107,8,8
705,CLE,THOUSE-L,-105,-117,8,8
705,BAL,UJIMENEZ-R,125,150,9,9
705,BOS,JLACKEY-R,-145,-170,9,9
705,TOR,MBUEHRLE-L,120,135,7.5,7
705,OAK,SKAZMIR-L,-140,-150,7.5,7
705,HOU,SFELDMAN-R,145,175,8.5,8.5
705,LAA,HSANTIAGO-L,-165,-195,8.5,8.5
705,TEX,CLEWIS-R,130,105,7.5,7
705,NYM,BCOLON-R,-150,-115,7.5,7
705,BAL,MGONZALEZ-R,140,139,8.5,8.5
705,BOS,JLESTER-L,-160,-154,8.5,8.5
706,MIL,YGALLARDO-R,120,110,7,7.5
706,CIN,MLATOS-R,-140,-120,7,7.5
706,CUB,JARRIETA-R,145,161,7,7
706,WAS,JZIMMERMN-R,-165,-181,7,7
706,ARI,WMILEY-L,150,153,7.5,6.5
706,ATL,AWOOD-L,-170,-173,7.5,6.5
706,PHI,ABURNETT-R,140,145,7.5,7.5
706,PIT,JLOCKE-L,-160,-160,7.5,7.5
706,MIA,HALVAREZ-R,-107,105,8,8
706,STL,MGONZALES-L,-113,-115,8,8
706,SFO,TLINCECUM-R,105,128,6.5,6.5
706,SDG,JHAHN-R,-125,-143,6.5,6.5
706,LOS,JBECKETT-R,-160,-118,10.5,11
706,COL,YFLANDE-L,140,108,10.5,11
706,TAM,DPRICE-L,-105,-114,7.5,7.5
706,DET,RPORCELLO-R,-115,104,7.5,7.5
706,KAN,DDUFFY-L,-101,142,7.5,7
706,CLE,CKLUBER-R,-119,-157,7.5,7
706,BAL,KGAUSMAN-R,105,119,9,9
706,BOS,JPEAVY-R,-125,-134,9,9
706,NYY,HKURODA-R,-120,-140,8.5,9
706,MIN,RNOLASCO-R,100,125,8.5,9
706,SEA,TWALKER-R,-130,-140,9,9.5
706,CWS,HNOESI-R,110,125,9,9.5
706,HOU,CMCHUGH-R,170,200,8,7.5
706,LAA,GRICHARDS-R,-190,-230,8,7.5
706,TOR,HUTCHISON-R,149,130,7.5,7.5
706,OAK,SAMARDZIJA-R,-169,-145,7.5,7.5
706,TEX,NTEPESCH-R,100,115,7.5,7.5
706,NYM,ZWHEELER-R,-120,-125,7.5,7.5
707,ATL,MMINOR-L,-125,-120,7,7.5
707,NYM,DMATSUZKA-R,105,110,7,7.5
707,CUB,EJACKSON-R,155,143,8,7.5
707,CIN,MLEAKE-R,-175,-158,8,7.5
707,PHI,CHAMELS-L,-113,126,7,8
707,MIL,MESTRADA-R,-107,-141,7,8
707,PIT,CMORTON-R,180,173,6.5,7.5
707,STL,WAINWRIGHT-R,-210,-193,6.5,7.5
707,SDG,IKENNEDY-R,-114,100,10,10.5
707,COL,TMATZEK-L,-106,-110,10,10.5
707,MIA,TKOEHLER-R,-110,105,8.5,9
707,ARI,CANDERSON-R,-110,-115,8.5,9
707,NYY,SGREENE-R,140,142,9,9
707,CLE,MASTERSON-R,-160,-157,9,9
707,KAN,JSHIELDS-R,100,117,7,6.5
707,TAM,JODORIZZI-R,-120,-127,7,6.5
707,CWS,SCARROLL-R,155,185,10,10
707,BOS,CBUCHHOLZ-R,-175,-215,10,10
707,HOU,JCOSART-R,-110,132,9,9.5
707,TEX,MMIKOLAS-R,-110,-147,9,9.5
707,TOR,JHAPP-L,145,164,8.5,8.5
707,LAA,JWEAVER-R,-165,-184,8.5,8.5
707,MIN,KCORREIA-R,175,178,7,7.5
707,SEA,HIWAKUMA-R,-195,-208,7,7.5
707,BAL,CTILLMAN-R,155,179,7.5,8
707,WAS,STRASBURG-R,-175,-199,7.5,8
707,SFO,VOGELSONG-R,140,151,8,7.5
707,OAK,JCHAVEZ-R,-160,-171,8,7.5
708,CUB,TWADA-L,120,-110,8.5,8
708,CIN,DHOLMBERG-L,-140,100,8.5,8
708,ATL,JTEHERAN-R,-145,-148,7,7
708,NYM,JDEGROM-R,125,133,7,7
708,PHI,KKENDRICK-R,150,160,8.5,8.5
708,MIL,WPERALTA-R,-170,-180,8.5,8.5
708,PIT,VWORLEY-R,110,-101,7.5,8
708,STL,CMARTINEZ-R,-130,-109,7.5,8
708,SDG,TROSS-R,-120,-115,10.5,10
708,COL,FMORALES-L,100,105,10.5,10
708,MIA,BHAND-L,-115,112,9.5,8.5
708,ARI,VNUNO-L,-105,-122,9.5,8.5
708,NYY,MTANAKA-R,-165,-158,7.5,7.5
708,CLE,TBAUER-R,145,143,7.5,7.5
708,CWS,JDANKS-L,120,152,9.5,9.5
708,BOS,BWORKMAN-R,-140,-172,9.5,9.5
708,KAN,JVARGAS-L,-120,-115,7.5,7
708,TAM,JHELLICKS-R,100,105,7.5,7
708,HOU,BPEACOCK-R,105,134,10,9.5
708,TEX,PIRWIN-R,-125,-149,10,9.5
708,TOR,RDICKEY-R,140,159,8.5,8
708,LAA,TSKAGGS-L,-160,-179,8.5,8
708,MIN,PHUGHES-R,100,100,7,7
708,SEA,CYOUNG-R,-120,-110,7,7
708,LOS,HRYU-L,-105,112,8,8.5
708,DET,VERLANDER-R,-115,-122,8,8.5
708,SFO,BUMGARNER-L,110,134,7,6.5
708,OAK,SGRAY-R,-130,-149,7,6.5
708,CUB,TWOOD-L,195,200,7,7
708,CIN,JCUETO-R,-225,-230,7,7
709,SDG,ESTULTS-L,-105,119,11,11
709,COL,JJURRJENS-R,-105,-129,11,11
709,MIA,NEOVALDI-R,110,102,8.5,7.5
709,ARI,COLLMENTER-R,-130,-112,8.5,7.5
709,ATL,ESANTANA-R,-130,-126,7,7
709,NYM,DGEE-R,110,116,7,7
709,CUB,DBEELER-R,200,140,7,7.5
709,CIN,ASIMON-R,-230,-155,7,7.5
709,PHI,RHERNANDZ-R,170,170,8.5,8
709,MIL,KLOHSE-R,-200,-190,8.5,8
709,PIT,BCUMPTON-R,120,121,8,7.5
709,STL,LLYNN-R,-140,-136,8,7.5
709,TOR,MSTROMAN-R,140,133,8.5,7.5
709,LAA,CWILSON-L,-160,-148,8.5,7.5
709,NYY,BMCCARTHY-R,-105,117,8.5,8
709,CLE,JTOMLIN-R,-115,-127,8.5,8
709,CWS,CSALE-L,-120,-114,8,7.5
709,BOS,RDELAROSA-R,100,104,8,7.5
709,KAN,YVENTURA-R,115,110,7,6.5
709,TAM,ACOBB-R,-135,-120,7,6.5
709,HOU,DKEUCHEL-L,170,188,8,7.5
709,TEX,YDARVISH-R,-190,-218,8,7.5
709,MIN,KGIBSON-R,130,135,7.5,7.5
709,SEA,RELIAS-L,-150,-150,7.5,7.5
709,LOS,ZGREINKE-R,110,100,7.5,7
709,DET,MSCHERZER-R,-130,-110,7.5,7
709,WAS,DFISTER-R,-105,-105,8.5,8.5
709,BAL,BNORRIS-R,-115,-105,8.5,8.5
709,OAK,JHAMMEL-R,-113,-123,7,7
709,SFO,MCAIN-R,-107,113,7,7
710,CUB,KHENDRICK-R,160,115,8,7
710,CIN,HBAILEY-R,-180,-130,8,7
710,PHI,DBUCHANAN-R,180,200,8.5,8
710,MIL,MGARZA-R,-210,-230,8.5,8
710,ATL,AHARANG-R,-112,114,7.5,7
710,NYM,BCOLON-R,-108,-124,7.5,7
710,PIT,EVOLQUEZ-R,110,-104,8,8
710,STL,SMILLER-R,-130,-106,8,8
710,SDG,DESPAIGNE-R,220,240,6,6
710,LOS,CKERSHAW-L,-260,-280,6,6
710,CWS,JQUINTANA-L,140,149,8,8
710,BOS,JLESTER-L,-160,-164,8,8
710,NYY,DPHELPS-R,-101,137,9,8
710,CLE,THOUSE-L,-119,-152,9,8
710,LAA,HSANTIAGO-L,-135,-128,10,9.5
710,TEX,CLEWIS-R,115,118,10,9.5
710,DET,DSMYLY-L,-112,-101,8.5,8
710,KAN,JGUTHRIE-R,-108,-109,8.5,8
710,MIN,YPINO-R,132,140,8,7.5
710,SEA,TWILHELMS-R,-152,-155,8,7.5
710,OAK,SKAZMIR-L,-109,-109,7,7
710,SFO,THUDSON-R,-111,-101,7,7
710,WAS,GGONZALEZ-L,-121,-113,8.5,8
710,BAL,WCHEN-L,101,103,8.5,8
711,ATL,AWOOD-L,-105,100,7,7.5
711,CUB,JARRIETA-R,-105,-110,7,7.5
711,WAS,JZIMMERMN-R,-140,-154,7.5,7.5
711,PHI,ABURNETT-R,120,139,7.5,7.5
711,PIT,JLOCKE-L,110,-109,7,7.5
711,CIN,MLATOS-R,-130,-101,7,7.5
711,MIA,HALVAREZ-R,-114,107,7,7
711,NYM,ZWHEELER-R,-106,-117,7,7
711,STL,JKELLY-R,110,125,7.5,8
711,MIL,YGALLARDO-R,-130,-140,7.5,8
711,SDG,JHAHN-R,-101,-101,7,7
711,LOS,DHAREN-R,-119,-109,7,7
711,ARI,BOLSINGER-R,140,113,7.5,7
711,SFO,TLINCECUM-R,-160,-123,7.5,7
711,CWS,HNOESI-R,170,200,8,7.5
711,CLE,CKLUBER-R,-200,-230,8,7.5
711,NYY,HKURODA-R,105,-107,9,8.5
711,BAL,MGONZALEZ-R,-125,-103,9,8.5
711,TOR,MBUEHRLE-L,120,115,7,7
711,TAM,CARCHER-R,-140,-130,7,7
711,LAA,GRICHARDS-R,-160,-192,9,9.5
711,TEX,NTEPESCH-R,140,172,9,9.5
711,BOS,JLACKEY-R,-120,-130,9,7.5
711,HOU,SFELDMAN-R,100,115,9,7.5
711,DET,ASANCHEZ-R,-120,-121,7.5,8.5
711,KAN,DDUFFY-L,100,111,7.5,8.5
711,OAK,SAMARDZIJA-R,100,127,6,6
711,SEA,FHERNANDZ-R,-120,-142,6,6
711,MIN,KJOHNSON-L,125,170,10.5,10
711,COL,JDELAROSA-L,-145,-190,10.5,10
712,ATL,MMINOR-L,-130,-128,8.5,9
712,CUB,EJACKSON-R,110,118,8.5,9
712,ARI,WMILEY-L,105,110,7.5,7
712,SFO,VOGELSONG-R,-125,-120,7.5,7
712,STL,WAINWRIGHT-R,-145,-121,7,7.5
712,MIL,JNELSON-R,125,111,7,7.5
712,MIA,TKOEHLER-R,-105,105,7.5,8
712,NYM,DMATSUZKA-R,-115,-115,7.5,8
712,WAS,STRASBURG-R,-120,-130,7,7
712,PHI,CHAMELS-L,100,115,7,7
712,PIT,CMORTON-R,-106,101,7.5,7.5
712,CIN,MLEAKE-R,-114,-111,7.5,7.5
712,SDG,IKENNEDY-R,-120,-109,7.5,7
712,LOS,PMAHOLM-L,100,-101,7.5,7
712,CWS,SCARROLL-R,130,171,9,9
712,CLE,ZMCALLIST-R,-150,-191,9,9
712,NYY,SGREENE-R,115,130,9,9
712,BAL,CTILLMAN-R,-135,-145,9,9
712,BOS,JPEAVY-R,-117,-131,8.5,8
712,HOU,OBERHOLTZR-L,-103,116,8.5,8
712,TOR,HUTCHISON-R,140,112,7,7.5
712,TAM,JODORIZZI-R,-160,-122,7,7.5
712,DET,RPORCELLO-R,-105,117,8,8
712,KAN,JSHIELDS-R,-115,-132,8,8
712,LAA,JWEAVER-R,-175,-161,10,9.5
712,TEX,MMIKOLAS-R,155,146,10,9.5
712,OAK,JCHAVEZ-R,-112,-106,7,7
712,SEA,HIWAKUMA-R,-108,-104,7,7
712,MIN,KCORREIA-R,140,155,10.5,10.5
712,COL,TMATZEK-L,-160,-175,10.5,10.5
713,MIA,BHAND-L,125,140,8,8
713,NYM,JDEGROM-R,-145,-155,8,8
713,PIT,FLIRIANO-L,140,113,7,7
713,CIN,JCUETO-R,-160,-123,7,7
713,WAS,TROARK-R,-140,-142,8.5,8.5
713,PHI,KKENDRICK-R,120,127,8.5,8.5
713,STL,CMARTINEZ-R,100,100,8.5,8.5
713,MIL,WPERALTA-R,-120,-110,8.5,8.5
713,ATL,JTEHERAN-R,-140,-159,8,8
713,CUB,TWOOD-L,120,144,8,8
713,ARI,VNUNO-L,170,172,7.5,6.5
713,SFO,BUMGARNER-L,-190,-192,7.5,6.5
713,SDG,TROSS-R,130,133,7,6.5
713,LOS,HRYU-L,-150,-148,7,6.5
713,CWS,JDANKS-L,140,150,9,8.5
713,CLE,TBAUER-R,-160,-170,9,8.5
713,TOR,RDICKEY-R,155,164,7,6.5
713,TAM,DPRICE-L,-175,-184,7,6.5
713,BOS,CBUCHHOLZ-R,-115,-130,9,8
713,HOU,BPEACOCK-R,-105,115,9,8
713,DET,VERLANDER-R,-130,-134,8.5,8.5
713,KAN,BCHEN-L,110,119,8.5,8.5
713,LAA,TSKAGGS-L,-165,-154,10,10
713,TEX,SBAKER-R,145,139,10,10
713,OAK,SGRAY-R,-160,-150,7.5,7.5
713,SEA,CYOUNG-R,140,135,7.5,7.5
713,NYY,CWHITLEY-R,140,132,8.5,8.5
713,BAL,KGAUSMAN-R,-160,-147,8.5,8.5
713,MIN,PHUGHES-R,105,119,9.5,9.5
713,COL,BANDERSON-L,-125,-129,9.5,9.5
718,COL,JDELAROSA-L,130,137,7.5,7.5
718,PIT,FLIRIANO-L,-150,-152,7.5,7.5
718,MIL,KLOHSE-R,140,159,7,7
718,WAS,STRASBURG-R,-160,-179,7,7
718,SFO,BUMGARNER-L,-130,-127,7.5,7
718,MIA,NEOVALDI-R,110,117,7.5,7
718,PHI,ABURNETT-R,140,157,7,7
718,ATL,ESANTANA-R,-160,-177,7,7
718,LOS,DHAREN-R,110,115,8,8
718,STL,LLYNN-R,-130,-130,8,8
718,CUB,EJACKSON-R,120,119,9,8.5
718,ARI,TCAHILL-R,-140,-129,9,8.5
718,NYM,BCOLON-R,110,115,6.5,6.5
718,SDG,IKENNEDY-R,-130,-130,6.5,6.5
718,TEX,YDARVISH-R,-111,-107,8,7.5
718,TOR,RDICKEY-R,-109,-103,8,7.5
718,CLE,TBAUER-R,150,154,8.5,8.5
718,DET,ASANCHEZ-R,-170,-174,8.5,8.5
718,KAN,JSHIELDS-R,105,115,8.5,8
718,BOS,CBUCHHOLZ-R,-125,-125,8.5,8
718,TAM,ACOBB-R,-130,-120,8,8
718,MIN,KGIBSON-R,110,110,8,8
718,HOU,SFELDMAN-R,130,148,8.5,8.5
718,CWS,JQUINTANA-L,-150,-163,8.5,8.5
718,SEA,HIWAKUMA-R,125,126,7.5,7.5
718,LAA,JWEAVER-R,-145,-141,7.5,7.5
718,BAL,CTILLMAN-R,145,148,7.5,7
718,OAK,SAMARDZIJA-R,-165,-163,7.5,7
718,CIN,MLEAKE-R,-105,125,8.5,8
718,NYY,DPHELPS-R,-115,-140,8.5,8
719,LOS,ZGREINKE-R,-125,-149,7.5,7.5
719,STL,JKELLY-R,105,134,7.5,7.5
719,COL,BANDERSON-L,130,138,8,7.5
719,PIT,CMORTON-R,-150,-153,8,7.5
719,MIL,MGARZA-R,125,114,7.5,7.5
719,WAS,TROARK-R,-145,-124,7.5,7.5
719,SFO,THUDSON-R,-115,-114,7.5,7
719,MIA,HALVAREZ-R,-105,104,7.5,7
719,PHI,CHAMELS-L,100,-105,7,7
719,ATL,AHARANG-R,-120,-105,7,7
719,CUB,TWOOD-L,130,137,8,8
719,ARI,WMILEY-L,-150,-152,8,8
719,NYM,DGEE-R,110,119,6.5,6
719,SDG,TROSS-R,-130,-134,6.5,6
719,TEX,CLEWIS-R,150,150,9.5,9
719,TOR,MSTROMAN-R,-170,-170,9.5,9
719,CLE,MCALLISTER-R,155,175,8,8.5
719,DET,MSCHERZER-R,-175,-195,8,8.5
719,KAN,DDUFFY-L,100,116,8.5,8
719,BOS,RDELAROSA-R,-120,-131,8.5,8
719,TAM,DPRICE-L,-165,-148,7.5,7
719,MIN,PHUGHES-R,145,133,7.5,7
719,HOU,DKEUCHEL-L,100,-107,8.5,8.5
719,CWS,HNOESI-R,-120,-103,8.5,8.5
719,SEA,FHERNANDZ-R,100,-105,6.5,6.5
719,LAA,GRICHARDS-R,-120,-105,6.5,6.5
719,BAL,WCHEN-L,130,141,7.5,7.5
719,OAK,JHAMMEL-R,-150,-156,7.5,7.5
719,CIN,ASIMON-R,100,143,8,7.5
719,NYY,BMCCARTHY-R,-120,-158,8,7.5
719,CLE,CKLUBER-R,-120,-140,8.5,8.5
719,DET,DVERHAGEN-R,100,125,8.5,8.5
720,SFO,TLINCECUM-R,-130,-128,7.5,7.5
720,MIA,BHAND-L,110,118,7.5,7.5
720,MIL,YGALLARDO-R,130,115,7.5,7.5
720,WAS,GGONZALEZ-L,-150,-125,7.5,7.5
720,COL,TMATZEK-L,155,160,8,7.5
720,PIT,JLOCKE-L,-175,-180,8,7.5
720,PHI,KKENDRICK-R,160,173,7.5,7
720,ATL,AWOOD-L,-180,-193,7.5,7
720,NYM,ZWHEELER-R,100,-113,6.5,7
720,SDG,DESPAIGNE-R,-120,103,6.5,7
720,CUB,JARRIETA-R,100,103,7.5,7.5
720,ARI,COLLMENTER-R,-120,-113,7.5,7.5
720,LOS,CKERSHAW-L,-170,-180,6.5,6.5
720,STL,CMARTINEZ-R,150,160,6.5,6.5
720,TEX,NTEPESCH-R,150,150,9,8.5
720,TOR,MBUEHRLE-L,-170,-170,9,8.5
720,CLE,JTOMLIN-R,125,110,9,9
720,DET,DSMYLY-L,-145,-120,9,9
720,KAN,YVENTURA-R,125,144,8,7
720,BOS,JLESTER-L,-145,-159,8,7
720,TAM,CARCHER-R,-140,-131,8,8.5
720,MIN,KCORREIA-R,120,116,8,8.5
720,HOU,JCOSART-R,125,117,8.5,9
720,CWS,JDANKS-L,-145,-127,8.5,9
720,SEA,CYOUNG-R,145,163,8.5,8.5
720,LAA,TSKAGGS-L,-165,-183,8.5,8.5
720,BAL,KGAUSMAN-R,145,134,7.5,7.5
720,OAK,SGRAY-R,-165,-149,7.5,7.5
720,CIN,JCUETO-R,-115,112,7.5,7
720,NYY,HKURODA-R,-105,-122,7.5,7
721,SFO,VOGELSONG-R,120,118,7,7
721,PHI,CLEE-L,-140,-128,7,7
721,LOS,HRYU-L,-111,104,7.5,7.5
721,PIT,EVOLQUEZ-R,-109,-114,7.5,7.5
721,MIA,TKOEHLER-R,170,175,7,7
721,ATL,JTEHERAN-R,-200,-195,7,7
721,CIN,MLATOS-R,100,137,7.5,8
721,MIL,WPERALTA-R,-120,-152,7.5,8
721,WAS,DFISTER-R,-140,-141,10.5,11
721,COL,FMORALES-L,120,126,10.5,11
721,TEX,MMIKOLAS-R,145,143,9,8.5
721,NYY,SGREENE-R,-165,-158,9,8.5
721,BOS,JLACKEY-R,100,-101,9,8
721,TOR,HUTCHISON-R,-120,-109,9,8
721,CLE,THOUSE-L,-125,-110,9,9.5
721,MIN,KJOHNSON-L,105,100,9,9.5
721,KAN,JGUTHRIE-R,150,158,7.5,7
721,CWS,CSALE-L,-170,-178,7.5,7
721,BAL,BNORRIS-R,120,120,8.5,8.5
721,LAA,SHOEMAKER-R,-140,-135,8.5,8.5
721,DET,VERLANDER-R,-145,-130,8.5,9
721,ARI,VNUNO-L,125,115,8.5,9
721,NYM,JNIESE-L,105,112,7.5,7
721,SEA,RELIAS-L,-125,-122,7.5,7
722,LOS,JBECKETT-R,-106,104,8,8
722,PIT,VWORLEY-R,-114,-114,8,8
722,SFO,YPETIT-R,-120,-114,8.5,8.5
722,PHI,RHERNANDZ-R,100,104,8.5,8.5
722,MIA,JTURNER-R,165,161,8,7.5
722,ATL,MMINOR-L,-185,-181,8,7.5
722,SDG,ESTULTS-L,100,115,9.5,9.5
722,CUB,KHENDRICK-R,-120,-130,9.5,9.5
722,CIN,HBAILEY-R,110,119,8,8
722,MIL,JNELSON-R,-130,-129,8,8
722,WAS,JZIMMERMN-R,-165,-195,11,11
722,COL,YFLANDE-L,145,175,11,11
722,TEX,NMARTINEZ-R,145,160,9,9
722,NYY,CWHITLEY-R,-165,-180,9,9
722,BOS,JPEAVY-R,-111,-114,9,8.5
722,TOR,JHAPP-L,-109,104,9,8.5
722,KAN,BCHEN-L,-115,-150,9,9
722,CWS,SCARROLL-R,-105,135,9,9
722,CLE,DSALAZAR-R,-135,-143,8.5,9
722,MIN,YPINO-R,115,128,8.5,9
722,BAL,MGONZALEZ-R,125,125,8.5,9
722,LAA,HSANTIAGO-L,-145,-140,8.5,9
722,HOU,OBERHOLTZR-L,200,225,7.5,7
722,OAK,SKAZMIR-L,-230,-265,7.5,7
722,TAM,JODORIZZI-R,150,132,7,7
722,STL,WAINWRIGHT-R,-170,-147,7,7
722,DET,RPORCELLO-R,-135,-115,8.5,8.5
722,ARI,CANDERSON-R,115,105,8.5,8.5
722,NYM,JDEGROM-R,110,103,7.5,7
722,SEA,ERAMIREZ-R,-130,-113,7.5,7
723,CIN,MLEAKE-R,140,130,7.5,7.5
723,MIL,KLOHSE-R,-160,-145,7.5,7.5
723,WAS,STRASBURG-R,-165,-140,9.5,9.5
723,COL,JDELAROSA-L,145,125,9.5,9.5
723,SFO,BUMGARNER-L,-140,-143,7.5,7.5
723,PHI,ABURNETT-R,120,128,7.5,7.5
723,LOS,DHAREN-R,125,148,7.5,7.5
723,PIT,FLIRIANO-L,-145,-163,7.5,7.5
723,MIA,NEOVALDI-R,150,157,7.5,7
723,ATL,ESANTANA-R,-170,-177,7.5,7
723,SDG,IKENNEDY-R,-120,101,7,6.5
723,CUB,TWADA-L,100,-111,7,6.5
723,CLE,TBAUER-R,-120,-149,8.5,8
723,MIN,ASWARZAK-R,100,134,8.5,8
723,KAN,JSHIELDS-R,-105,100,7.5,7
723,CWS,JQUINTANA-L,-105,-110,7.5,7
723,BOS,CBUCHHOLZ-R,-105,-112,8.5,8.5
723,TOR,RDICKEY-R,-115,102,8.5,8.5
723,TEX,YDARVISH-R,-120,-118,7.5,7
723,NYY,DPHELPS-R,100,108,7.5,7
723,HOU,BPEACOCK-R,200,225,7.5,8
723,OAK,JCHAVEZ-R,-240,-265,7.5,8
723,BAL,CTILLMAN-R,140,150,8,8.5
723,LAA,JWEAVER-R,-160,-170,8,8.5
723,DET,ASANCHEZ-R,-150,-140,8,8.5
723,ARI,TCAHILL-R,130,125,8,8.5
723,NYM,BCOLON-R,105,115,7.5,7
723,SEA,TWALKER-R,-125,-130,7.5,7
723,TAM,ACOBB-R,105,-120,7,7
723,STL,LLYNN-R,-125,110,7,7
724,SFO,THUDSON-R,100,115,7,7
724,PHI,CHAMELS-L,-120,-125,7,7
724,MIA,HALVAREZ-R,140,119,7.5,7.5
724,ATL,AHARANG-R,-160,-129,7.5,7.5
724,SDG,TROSS-R,-115,-119,7.5,7
724,CUB,EJACKSON-R,-105,109,7.5,7
724,NYM,DGEE-R,140,135,7.5,8
724,MIL,MGARZA-R,-160,-150,7.5,8
724,BOS,RDELAROSA-R,100,-102,8.5,8.5
724,TOR,MSTROMAN-R,-120,-108,8.5,8.5
724,TEX,CLEWIS-R,170,162,9,8.5
724,NYY,BMCCARTHY-R,-200,-182,9,8.5
724,HOU,SFELDMAN-R,220,230,7.5,8
724,OAK,SAMARDZIJA-R,-260,-270,7.5,8
724,CLE,CKLUBER-R,-120,109,7.5,7
724,KAN,DDUFFY-L,100,-119,7.5,7
724,CWS,HNOESI-R,140,150,8.5,8.5
724,MIN,PHUGHES-R,-160,-165,8.5,8.5
724,DET,MSCHERZER-R,110,111,7.5,7.5
724,LAA,GRICHARDS-R,-130,-121,7.5,7.5
724,BAL,WCHEN-L,120,130,7,6.5
724,SEA,HIWAKUMA-R,-140,-145,7,6.5
725,STL,JKELLY-R,-130,-113,9,9.5
725,CUB,TWOOD-L,110,103,9,9.5
725,ARI,WMILEY-L,-120,-122,8,7.5
725,PHI,KKENDRICK-R,100,112,8,7.5
725,WAS,TROARK-R,-114,-121,7.5,7.5
725,CIN,ASIMON-R,-106,111,7.5,7.5
725,SDG,JHAHN-R,145,159,7,6.5
725,ATL,AWOOD-L,-165,-179,7,6.5
725,NYM,ZWHEELER-R,130,116,7.5,8
725,MIL,YGALLARDO-R,-150,-126,7.5,8
725,PIT,CMORTON-R,-135,-114,10.5,10
725,COL,BANDERSON-L,115,104,10.5,10
725,LOS,ZGREINKE-R,-115,-129,6.5,6.5
725,SFO,TLINCECUM-R,-105,119,6.5,6.5
725,TOR,MBUEHRLE-L,120,116,8,8
725,NYY,HKURODA-R,-140,-126,8,8
725,BOS,JLESTER-L,130,129,6.5,6
725,TAM,DPRICE-L,-150,-144,6.5,6
725,OAK,JHAMMEL-R,-160,-175,9.5,10
725,TEX,JWILLIAMS-R,140,155,9.5,10
725,CWS,JDANKS-L,100,113,9,9
725,MIN,KCORREIA-R,-120,-123,9,9
725,CLE,JTOMLIN-R,115,111,8,9
725,KAN,YVENTURA-R,-135,-121,8,9
725,DET,DSMYLY-L,115,116,8.5,8.5
725,LAA,TSKAGGS-L,-135,-131,8.5,8.5
725,BAL,KGAUSMAN-R,155,175,6.5,6
725,SEA,FHERNANDZ-R,-175,-195,6.5,6
725,MIA,BHAND-L,110,117,8.5,8.5
725,HOU,DKEUCHEL-L,-130,-132,8.5,8.5
726,STL,SMILLER-R,-105,116,8,9
726,CUB,JARRIETA-R,-115,-126,8,9
726,WAS,GGONZALEZ-L,100,-113,7,7
726,CIN,JCUETO-R,-120,103,7,7
726,ARI,COLLMENTER-R,130,137,7,7
726,PHI,CLEE-L,-150,-152,7,7
726,SDG,DESPAIGNE-R,155,169,7,7
726,ATL,JTEHERAN-R,-175,-189,7,7
726,NYM,JNIESE-L,140,147,7.5,8.5
726,MIL,WPERALTA-R,-160,-162,7.5,8.5
726,PIT,JLOCKE-L,-150,-115,10.5,10
726,COL,TMATZEK-L,130,105,10.5,10
726,LOS,CKERSHAW-L,-175,-196,6,6.5
726,SFO,VOGELSONG-R,155,176,6,6.5
726,TOR,HUTCHISON-R,115,125,8.5,8.5
726,NYY,CCAPUANO-L,-135,-140,8.5,8.5
726,BAL,BNORRIS-R,-105,-103,8,7.5
726,SEA,CYOUNG-R,-115,-107,8,7.5
726,BOS,JLACKEY-R,100,-104,7.5,7
726,TAM,HELLICKSON-R,-120,-106,7.5,7
726,CLE,MCALLISTER-R,100,-102,8.5,9
726,KAN,JGUTHRIE-R,-120,-108,8.5,9
726,CWS,CSALE-L,-165,-182,7.5,7.5
726,MIN,LDARNELL-L,145,162,7.5,7.5
726,OAK,SGRAY-R,-180,-195,9,9.5
726,TEX,NTEPESCH-R,160,175,9,9.5
726,DET,VERLANDER-R,-105,103,8.5,8.5
726,LAA,SHOEMAKER-R,-105,-113,8.5,8.5
726,MIA,TKOEHLER-R,100,-109,8.5,8.5
726,HOU,JCOSART-R,-120,-101,8.5,8.5
727,WAS,DFISTER-R,-114,-122,7,8
727,CIN,MLATOS-R,-106,112,7,8
727,ARI,VNUNO-L,100,-122,8.5,8.5
727,PHI,RHERNANDZ-R,-120,112,8.5,8.5
727,NYM,JDEGROM-R,125,119,8.5,8
727,MIL,JNELSON-R,-145,-129,8.5,8
727,STL,WAINWRIGHT-R,-175,-150,8,8
727,CUB,KHENDRICK-R,155,135,8,8
727,LOS,HRYU-L,-112,-123,7,7
727,SFO,JPEAVY-R,-108,113,7,7
727,PIT,EVOLQUEZ-R,-135,-119,10.5,10.5
727,COL,FMORALES-L,115,109,10.5,10.5
727,SDG,ESTULTS-L,160,150,7.5,7.5
727,ATL,MMINOR-L,-180,-170,7.5,7.5
727,TOR,JHAPP-L,120,110,9,9
727,NYY,SGREENE-R,-140,-120,9,9
727,BOS,AWEBSTER-R,140,126,7.5,7
727,TAM,CARCHER-R,-160,-141,7.5,7
727,CWS,SCARROLL-R,105,115,9,9
727,MIN,YPINO-R,-125,-130,9,9
727,CLE,DSALAZAR-R,-112,102,9,8
727,KAN,BCHEN-L,-108,-112,9,8
727,BAL,MGONZALEZ-R,100,105,8,7.5
727,SEA,RELIAS-L,-120,-115,8,7.5
727,OAK,SKAZMIR-L,-185,-205,9,9
727,TEX,MMIKOLAS-R,165,175,9,9
727,DET,RPORCELLO-R,100,114,8.5,9
727,LAA,HSANTIAGO-L,-120,-124,8.5,9
727,MIA,JTURNER-R,100,111,8.5,8
727,HOU,CMCHUGH-R,-120,-121,8.5,8
728,SDG,JLANE-L,140,171,7,7.5
728,ATL,ESANTANA-R,-160,-201,7,7.5
728,ARI,CANDERSON-R,115,128,7.5,7
728,CIN,HBAILEY-R,-135,-143,7.5,7
728,PHI,ABURNETT-R,120,124,7,7.5
728,NYM,BCOLON-R,-140,-139,7,7.5
728,WAS,JZIMMERMN-R,-140,-135,7.5,7
728,MIA,NEOVALDI-R,120,120,7.5,7
728,COL,YFLANDE-L,120,126,7.5,7.5
728,CUB,TWADA-L,-140,-141,7.5,7.5
728,PIT,VWORLEY-R,145,135,6.5,6.5
728,SFO,BUMGARNER-L,-165,-150,6.5,6.5
728,TOR,RDICKEY-R,115,130,8.5,9
728,BOS,CBUCHHOLZ-R,-135,-145,8.5,9
728,NYY,DPHELPS-R,130,138,8,7.5
728,TEX,YDARVISH-R,-150,-153,8,7.5
728,OAK,JCHAVEZ-R,-180,-195,8.5,8
728,HOU,OBERHOLTZR-L,160,175,8.5,8
728,MIL,KLOHSE-R,115,130,7.5,7
728,TAM,JODORIZZI-R,-135,-145,7.5,7
729,ARI,TCAHILL-R,115,110,8,7
729,CIN,MLEAKE-R,-135,-120,8,7
729,WAS,STRASBURG-R,-145,-134,7,7
729,MIA,HALVAREZ-R,125,119,7,7
729,PHI,CHAMELS-L,-115,-126,7,6.5
729,NYM,DGEE-R,-105,116,7,6.5
729,COL,JDELAROSA-L,-112,-105,7.5,8
729,CUB,EJACKSON-R,-108,-105,7.5,8
729,STL,LLYNN-R,-111,104,6,6
729,SDG,TROSS-R,-109,-114,6,6
729,ATL,AHARANG-R,121,134,7,7.5
729,LOS,JBECKETT-R,-141,-149,7,7.5
729,PIT,FLIRIANO-L,115,109,6.5,6.5
729,SFO,THUDSON-R,-135,-119,6.5,6.5
729,LAA,JWEAVER-R,-120,-132,8.5,8.5
729,BAL,CTILLMAN-R,100,117,8.5,8.5
729,SEA,HIWAKUMA-R,-115,105,7.5,7.5
729,CLE,TBAUER-R,-105,-115,7.5,7.5
729,CWS,JQUINTANA-L,145,147,8,8
729,DET,ASANCHEZ-R,-165,-162,8,8
729,TOR,MSTROMAN-R,-105,-105,8.5,8
729,BOS,RDELAROSA-R,-115,-105,8.5,8
729,NYY,BMCCARTHY-R,-150,-179,9,9
729,TEX,NMARTINEZ-R,130,159,9,9
729,MIN,KGIBSON-R,150,175,8,7.5
729,KAN,JSHIELDS-R,-170,-205,8,7.5
729,OAK,SAMARDZIJA-R,-220,-202,8,8
729,HOU,SFELDMAN-R,190,172,8,8
729,MIL,MGARZA-R,110,147,7,7
729,TAM,ACOBB-R,-130,-162,7,7
730,PHI,KKENDRICK-R,132,154,7.5,7
730,NYM,ZWHEELER-R,-152,-174,7.5,7
730,ARI,WMILEY-L,105,-106,7,7
730,CIN,ASIMON-R,-125,-104,7,7
730,WAS,TROARK-R,-145,-149,7.5,7.5
730,MIA,BHAND-L,125,134,7.5,7.5
730,PIT,CMORTON-R,100,107,7.5,7
730,SFO,TLINCECUM-R,-120,-117,7.5,7
730,COL,BANDERSON-L,-114,-108,7.5,7.5
730,CUB,TWOOD-L,-106,-102,7.5,7.5
730,ATL,AWOOD-L,132,155,6.5,6.5
730,LOS,ZGREINKE-R,-152,-175,6.5,6.5
730,STL,JKELLY-R,105,106,6.5,6.5
730,SDG,JHAHN-R,-125,-116,6.5,6.5
730,OAK,JHAMMEL-R,-170,-145,8.5,8
730,HOU,DKEUCHEL-L,150,130,8.5,8
730,CWS,HNOESI-R,200,200,8.5,8.5
730,DET,MSCHERZER-R,-240,-240,8.5,8.5
730,SEA,FHERNANDZ-R,-125,-109,6.5,6
730,CLE,CKLUBER-R,105,-101,6.5,6
730,LAA,GRICHARDS-R,-130,-141,8.5,8
730,BAL,KGAUSMAN-R,110,126,8.5,8
730,TOR,MBUEHRLE-L,140,104,8,8.5
730,BOS,BWORKMAN-R,-160,-114,8,8.5
730,NYY,HKURODA-R,-150,-128,9,9
730,TEX,CLEWIS-R,130,118,9,9
730,MIN,PHUGHES-R,140,145,8,7
730,KAN,DDUFFY-L,-160,-160,8,7
730,MIL,YGALLARDO-R,160,158,7,7
730,TAM,DPRICE-L,-180,-178,7,7
731,COL,PHERNANDE-L,150,175,8,8.5
731,CUB,JARRIETA-R,-170,-205,8,8.5
731,STL,SMILLER-R,100,-113,7,7.5
731,SDG,DESPAIGNE-R,-120,103,7,7.5
731,PHI,CLEE-L,145,156,7,7
731,WAS,GGONZALEZ-L,-165,-176,7,7
731,CIN,JCUETO-R,-125,-114,6.5,6.5
731,MIA,TKOEHLER-R,105,104,6.5,6.5
731,PIT,JLOCKE-L,-115,-130,8.5,8.5
731,ARI,COLLMENTER-R,-105,115,8.5,8.5
731,ATL,JTEHERAN-R,170,185,5.5,6
731,LOS,CKERSHAW-L,-200,-215,5.5,6
731,CWS,JDANKS-L,170,175,9,9
731,DET,DSMYLY-L,-190,-195,9,9
731,LAA,TSKAGGS-L,-120,-115,9,9
731,BAL,BNORRIS-R,100,105,9,9
731,SEA,CYOUNG-R,105,126,8.5,8.5
731,CLE,MCALLISTER-R,-125,-141,8.5,8.5
731,MIN,KCORREIA-R,165,180,8,7.5
731,KAN,YVENTURA-R,-185,-210,8,7.5
731,TOR,HUTCHISON-R,-135,-153,8.5,9
731,HOU,JBUCHANAN-R,115,138,8.5,9
801,PHI,RHERNANDZ-R,190,190,7.5,8
801,WAS,DFISTER-R,-220,-220,7.5,8
801,CIN,MLATOS-R,-125,101,7,7
801,MIA,JCOSART-R,105,-111,7,7
801,SFO,VOGELSONG-R,100,106,7,7
801,NYM,JNIESE-L,-120,-116,7,7
801,MIL,WPERALTA-R,150,147,6.5,7
801,STL,WAINWRIGHT-R,-170,-162,6.5,7
801,PIT,EVOLQUEZ-R,-115,-122,8.5,8.5
801,ARI,VNUNO-L,-105,112,8.5,8.5
801,CUB,KHENDRICK-R,190,131,7,7.5
801,LOS,DHAREN-R,-220,-146,7,7.5
801,ATL,MMINOR-L,-140,-129,7,7
801,SDG,ESTULTS-L,120,119,7,7
801,SEA,RELIAS-L,115,115,8.5,8
801,BAL,WCHEN-L,-135,-130,8.5,8
801,TEX,JWILLIAMS-R,155,154,8.5,8
801,CLE,DSALAZAR-R,-175,-174,8.5,8
801,LAA,SHOEMAKER-R,-105,102,8,7.5
801,TAM,HELLICKSON-R,-115,-112,8,7.5
801,NYY,CCAPUANO-L,110,115,9,9
801,BOS,ARANAUDO-R,-130,-130,9,9
801,TOR,JHAPP-L,-120,109,9,8
801,HOU,CMCHUGH-R,100,-119,9,8
801,MIN,LDARNELL-L,230,240,7.5,7.5
801,CWS,CSALE-L,-270,-280,7.5,7.5
801,KAN,JGUTHRIE-R,185,205,7.5,7
801,OAK,SGRAY-R,-215,-235,7.5,7
801,COL,FMORALES-L,185,205,9,9.5
801,DET,VERLANDER-R,-215,-235,9,9.5
802,PHI,ABURNETT-R,190,164,7.5,7
802,WAS,JZIMMERMN-R,-220,-184,7.5,7
802,CIN,HBAILEY-R,100,104,7,7
802,MIA,NEOVALDI-R,-120,-114,7,7
802,SFO,JPEAVY-R,120,110,7,6.5
802,NYM,JDEGROM-R,-140,-120,7,6.5
802,MIL,KLOHSE-R,100,-112,8,7.5
802,STL,MASTERSON-R,-120,102,8,7.5
802,PIT,VWORLEY-R,-125,-126,9,8
802,ARI,CANDERSON-R,105,116,9,8
802,ATL,ESANTANA-R,-120,-117,6,6.5
802,SDG,IKENNEDY-R,100,107,6,6.5
802,CUB,TWADA-L,170,175,7,7
802,LOS,HRYU-L,-200,-195,7,7
802,KAN,JVARGAS-L,185,159,7.5,6.5
802,OAK,JLESTER-L,-215,-179,7.5,6.5
802,NYY,SGREENE-R,-113,104,9,8.5
802,BOS,AWEBSTER-R,-107,-114,9,8.5
802,TEX,MMIKOLAS-R,140,150,9,8.5
802,CLE,THOUSE-L,-160,-170,9,8.5
802,SEA,JPAXTON-L,110,105,8.5,8
802,BAL,MGONZALEZ-R,-130,-115,8.5,8
802,LAA,CWILSON-L,100,105,7.5,7.5
802,TAM,CARCHER-R,-120,-115,7.5,7.5
802,TOR,RDICKEY-R,-145,-130,8.5,8
802,HOU,OBERHOLTZR-L,125,115,8.5,8
802,MIN,YPINO-R,100,108,9,9
802,CWS,SCARROLL-R,-120,-118,9,9
802,COL,TMATZEK-L,180,200,8.5,9
802,DET,RPORCELLO-R,-210,-230,8.5,9
803,SFO,BUMGARNER-L,-120,-126,6.5,6.5
803,NYM,BCOLON-R,100,116,6.5,6.5
803,CIN,MLEAKE-R,-114,-110,7.5,7
803,MIA,JTURNER-R,-106,100,7.5,7
803,PHI,CHAMELS-L,130,131,6.5,6.5
803,WAS,STRASBURG-R,-150,-146,6.5,6.5
803,MIL,MGARZA-R,100,118,7.5,7.5
803,STL,JLACKEY-R,-120,-133,7.5,7.5
803,CUB,EJACKSON-R,180,173,7.5,8
803,LOS,JBECKETT-R,-210,-193,7.5,8
803,PIT,FLIRIANO-L,-135,-171,9,7.5
803,ARI,TCAHILL-R,115,151,9,7.5
803,ATL,AHARANG-R,110,117,6.5,6.5
803,SDG,TROSS-R,-130,-132,6.5,6.5
803,TEX,YDARVISH-R,-115,-115,7.5,7
803,CLE,TBAUER-R,-105,105,7.5,7
803,SEA,HIWAKUMA-R,-105,-123,8,7.5
803,BAL,CTILLMAN-R,-115,113,8,7.5
803,LAA,JWEAVER-R,-114,-103,7.5,7
803,TAM,JODORIZZI-R,-106,-107,7.5,7
803,MIN,KGIBSON-R,145,135,8,8
803,CWS,JQUINTANA-L,-165,-150,8,8
803,TOR,MSTROMAN-R,-160,-161,8.5,8.5
803,HOU,SFELDMAN-R,140,146,8.5,8.5
803,KAN,JSHIELDS-R,150,145,7,6.5
803,OAK,SKAZMIR-L,-170,-160,7,6.5
803,NYY,DPHELPS-R,105,-110,9,8.5
803,BOS,CBUCHHOLZ-R,-125,100,9,8.5
803,COL,JDELAROSA-L,180,201,8.5,8.5
803,DET,ASANCHEZ-R,-210,-231,8.5,8.5
804,SFO,THUDSON-R,-125,-126,7,7
804,NYM,DGEE-R,105,116,7,7
804,DET,MSCHERZER-R,-135,-115,8,7.5
804,NYY,BMCCARTHY-R,115,105,8,7.5
804,TEX,NMARTINEZ-R,130,125,9.5,9.5
804,CWS,HNOESI-R,-150,-140,9.5,9.5
804,TAM,ACOBB-R,140,117,7,6.5
804,OAK,SAMARDZIJA-R,-160,-132,7,6.5
804,CIN,ASIMON-R,145,185,7,7
804,CLE,CKLUBER-R,-165,-215,7,7
804,LAA,GRICHARDS-R,100,105,6.5,6.5
804,LOS,ZGREINKE-R,-120,-115,6.5,6.5
804,BAL,KGAUSMAN-R,120,125,7,7
804,WAS,TROARK-R,-140,-140,7,7
805,MIA,BHAND-L,140,118,7.5,7.5
805,PIT,CMORTON-R,-160,-128,7.5,7.5
805,NYM,ZWHEELER-R,150,143,7,7.5
805,WAS,GGONZALEZ-L,-170,-158,7,7.5
805,SFO,TLINCECUM-R,110,120,8,8
805,MIL,JNELSON-R,-130,-135,8,8
805,CUB,TWOOD-L,130,118,10.5,10
805,COL,BANDERSON-L,-150,-128,10.5,10
805,DET,DPRICE-L,-135,-115,7.5,7.5
805,NYY,HKURODA-R,115,105,7.5,7.5
805,BAL,BNORRIS-R,105,-105,9,9
805,TOR,MBUEHRLE-L,-125,-105,9,9
805,TEX,CLEWIS-R,125,-101,9,8.5
805,CWS,JDANKS-L,-145,-109,9,8.5
805,TAM,DSMYLY-L,120,108,7.5,7.5
805,OAK,JHAMMEL-R,-140,-118,7.5,7.5
805,HOU,DKEUCHEL-L,100,-102,7.5,7.5
805,PHI,KKENDRICK-R,-120,-108,7.5,7.5
805,CIN,JCUETO-R,-120,117,7,7
805,CLE,JTOMLIN-R,100,-127,7,7
805,SDG,JHAHN-R,-105,118,7.5,7.5
805,MIN,PHUGHES-R,-115,-128,7.5,7.5
805,BOS,RDELAROSA-R,140,140,7.5,7.5
805,STL,LLYNN-R,-160,-155,7.5,7.5
805,KAN,DDUFFY-L,-125,-125,8,7
805,ARI,WMILEY-L,105,115,8,7
805,LAA,HSANTIAGO-L,200,180,6.5,6.5
805,LOS,CKERSHAW-L,-240,-210,6.5,6.5
805,ATL,AWOOD-L,155,160,6,6
805,SEA,FHERNANDZ-R,-175,-180,6,6
806,MIA,TKOEHLER-R,120,115,7.5,7.5
806,PIT,JLOCKE-L,-140,-130,7.5,7.5
806,NYM,JNIESE-L,140,139,7,7
806,WAS,DFISTER-R,-160,-154,7,7
806,SFO,VOGELSONG-R,125,119,8,8
806,MIL,YGALLARDO-R,-145,-129,8,8
806,CUB,JARRIETA-R,-115,-122,10,9.5
806,COL,JLYLES-R,-105,112,10,9.5
806,TEX,NTEPESCH-R,205,205,7.5,7.5
806,CWS,CSALE-L,-245,-235,7.5,7.5
806,TAM,HELLICKSON-R,170,175,7,7
806,OAK,SGRAY-R,-190,-195,7,7
806,BAL,WCHEN-L,-112,-114,9,8.5
806,TOR,HUTCHISON-R,-108,104,9,8.5
806,DET,VERLANDER-R,-140,-101,8.5,9
806,NYY,CCAPUANO-L,120,-109,8.5,9
806,SDG,DESPAIGNE-R,105,-105,8.5,8
806,MIN,KCORREIA-R,-125,-105,8.5,8
806,ATL,JTEHERAN-R,-120,-115,7,7
806,SEA,CYOUNG-R,100,105,7,7
806,HOU,BPEACOCK-R,120,125,8.5,8.5
806,PHI,DBUCHANAN-R,-140,-140,8.5,8.5
806,CLE,DSALAZAR-R,100,-105,7,7.5
806,CIN,MLATOS-R,-120,-105,7,7.5
806,BOS,JKELLY-R,140,119,8,8
806,STL,SMILLER-R,-160,-134,8,8
806,KAN,YVENTURA-R,-125,-148,7.5,8
806,ARI,COLLMENTER-R,105,133,7.5,8
806,LOS,DHAREN-R,120,145,8.5,8.5
806,LAA,SHOEMAKER-R,-140,-160,8.5,8.5
807,NYM,JDEGROM-R,125,148,7,7
807,WAS,JZIMMERMN-R,-145,-163,7,7
807,SFO,JPEAVY-R,110,116,8,8
807,MIL,WPERALTA-R,-130,-131,8,8
807,CUB,KHENDRICK-R,-114,109,10.5,10.5
807,COL,YFLANDE-L,-106,-119,10.5,10.5
807,MIA,BFLYNN-L,110,125,7.5,8
807,PIT,EVOLQUEZ-R,-130,-140,7.5,8
807,DET,RPORCELLO-R,-120,105,8.5,8
807,NYY,SGREENE-R,100,-115,8.5,8
807,BAL,MGONZALEZ-R,-114,108,9,9
807,TOR,JHAPP-L,-106,-118,9,9
807,MIN,YPINO-R,210,235,7,7.5
807,OAK,JLESTER-L,-250,-275,7,7.5
807,CWS,SCARROLL-R,145,175,7.5,7.5
807,SEA,RELIAS-L,-165,-195,7.5,7.5
807,HOU,CMCHUGH-R,110,-105,8,8
807,PHI,O'SULLIVAN-R,-130,-105,8,8
807,CLE,THOUSE-L,105,108,7.5,7.5
807,CIN,HBAILEY-R,-125,-118,7.5,7.5
807,BOS,BWORKMAN-R,170,151,7,7
807,STL,WAINWRIGHT-R,-190,-171,7,7
807,KAN,JGUTHRIE-R,-114,-110,8.5,8
807,ARI,VNUNO-L,-106,100,8.5,8
807,LOS,HRYU-L,-105,-107,8,8
807,LAA,CWILSON-L,-115,-103,8,8
808,SDG,IKENNEDY-R,125,108,7,7
808,PIT,VWORLEY-R,-145,-118,7,7
808,NYM,BCOLON-R,-112,-108,7.5,7.5
808,PHI,ABURNETT-R,-108,-102,7.5,7.5
808,MIA,NEOVALDI-R,105,115,7.5,7
808,CIN,MLEAKE-R,-125,-130,7.5,7
808,WAS,STRASBURG-R,-115,-115,7,6.5
808,ATL,ESANTANA-R,-105,105,7,6.5
808,LOS,RHERNANDZ-R,115,135,8,8.5
808,MIL,KLOHSE-R,-135,-150,8,8.5
808,COL,TMATZEK-L,115,113,9,8
808,ARI,CANDERSON-R,-135,-123,9,8
808,CLE,TBAUER-R,100,128,8.5,8.5
808,NYY,EROGERS-R,-120,-143,8.5,8.5
808,DET,ASANCHEZ-R,-135,-131,8.5,8
808,TOR,RDICKEY-R,115,116,8.5,8
808,TEX,MMIKOLAS-R,100,105,9,8.5
808,HOU,OBERHOLTZR-L,-120,-115,9,8.5
808,BOS,AWEBSTER-R,170,175,8,8.5
808,LAA,JWEAVER-R,-190,-195,8,8.5
808,MIN,KGIBSON-R,190,190,7,7
808,OAK,SKAZMIR-L,-220,-220,7,7
808,CWS,JQUINTANA-L,130,151,7,6.5
808,SEA,HIWAKUMA-R,-150,-171,7,6.5
808,TAM,CARCHER-R,-140,-124,7.5,7
808,CUB,TWADA-L,120,114,7.5,7
808,STL,MASTERSON-R,140,115,8.5,8
808,BAL,CTILLMAN-R,-160,-125,8.5,8
808,SFO,BUMGARNER-L,-120,102,7.5,7
808,KAN,JVARGAS-L,100,-112,7.5,7
809,SDG,ESTULTS-L,150,157,7,7
809,PIT,FLIRIANO-L,-170,-177,7,7
809,NYM,DGEE-R,140,160,7,7
809,PHI,CHAMELS-L,-160,-180,7,7
809,MIA,BPENNY-R,125,121,8,8
809,CIN,ASIMON-R,-145,-136,8,8
809,WAS,TROARK-R,-120,-116,7,7.5
809,ATL,AHARANG-R,100,106,7,7.5
809,LOS,ZGREINKE-R,-145,-130,8,7.5
809,MIL,MFIERS-R,125,115,8,7.5
809,COL,JDELAROSA-L,-114,-110,8.5,8
809,ARI,TCAHILL-R,-106,100,8.5,8
809,CLE,CKLUBER-R,-115,-110,7.5,7.5
809,NYY,BMCCARTHY-R,-105,100,7.5,7.5
809,DET,MSCHERZER-R,-120,-117,8,7.5
809,TOR,MSTROMAN-R,100,107,8,7.5
809,TEX,YDARVISH-R,-160,-190,7.5,7
809,HOU,SFELDMAN-R,140,170,7.5,7
809,MIN,TMAY-R,210,210,7.5,7
809,OAK,SAMARDZIJA-R,-250,-250,7.5,7
809,BOS,CBUCHHOLZ-R,170,171,8,7.5
809,LAA,GRICHARDS-R,-200,-201,8,7.5
809,CWS,HNOESI-R,150,175,7.5,7.5
809,SEA,JPAXTON-L,-170,-195,7.5,7.5
809,TAM,JODORIZZI-R,-125,-140,7,7
809,CUB,EJACKSON-R,105,125,7,7
809,STL,JLACKEY-R,-114,-105,8.5,8.5
809,BAL,UJIMENEZ-R,-106,-105,8.5,8.5
809,SFO,THUDSON-R,105,135,7.5,7
809,KAN,JSHIELDS-R,-125,-150,7.5,7
810,MIA,BHAND-L,150,179,7,7
810,CIN,JCUETO-R,-170,-199,7,7
810,NYM,ZWHEELER-R,-125,-116,8,8
810,PHI,KKENDRICK-R,105,106,8,8
810,WAS,GGONZALEZ-L,-112,108,7,6.5
810,ATL,AWOOD-L,-108,-118,7,6.5
810,SDG,TROSS-R,-101,108,7,7
810,PIT,CMORTON-R,-119,-118,7,7
810,LOS,CKERSHAW-L,-180,-156,7,7
810,MIL,JNELSON-R,160,141,7,7
810,COL,FMORALES-L,140,145,9,8
810,ARI,WMILEY-L,-160,-160,9,8
810,CLE,CCARRASCO-R,124,125,8.5,8.5
810,NYY,HKURODA-R,-144,-140,8.5,8.5
810,DET,DPRICE-L,-150,-157,8,8
810,TOR,MBUEHRLE-L,130,142,8,8
810,TEX,NMARTINEZ-R,140,130,8,8.5
810,HOU,DKEUCHEL-L,-160,-145,8,8.5
810,MIN,PHUGHES-R,145,160,8,7
810,OAK,JHAMMEL-R,-165,-180,8,7
810,CWS,JDANKS-L,145,144,8,8
810,SEA,ERAMIREZ-R,-165,-159,8,8
810,BOS,RDELAROSA-R,145,140,8,8.5
810,LAA,HSANTIAGO-L,-165,-155,8,8.5
810,STL,LLYNN-R,110,113,8.5,8
810,BAL,KGAUSMAN-R,-130,-123,8.5,8
810,SFO,TLINCECUM-R,125,146,8,7.5
810,KAN,DDUFFY-L,-145,-161,8,7.5
810,TAM,ACOBB-R,-145,-160,7,7
810,CUB,TWOOD-L,125,145,7,7
811,NYM,JNIESE-L,-118,-124,8,8
811,PHI,DBUCHANAN-R,-102,114,8,8
811,STL,SMILLER-R,-102,-103,7.5,7.5
811,MIA,TKOEHLER-R,-118,-107,7.5,7.5
811,LOS,KCORREIA-R,140,170,7.5,7.5
811,ATL,JTEHERAN-R,-160,-190,7.5,7.5
811,MIL,YGALLARDO-R,-105,-105,7.5,7.5
811,CUB,JARRIETA-R,-115,-105,7.5,7.5
811,COL,JLYLES-R,145,151,6.5,6.5
811,SDG,JHAHN-R,-165,-171,6.5,6.5
811,NYY,CCAPUANO-L,116,109,8.5,8.5
811,BAL,BNORRIS-R,-136,-119,8.5,8.5
811,TAM,DSMYLY-L,-136,-119,9,8.5
811,TEX,CLEWIS-R,116,109,9,8.5
811,MIN,TMILONE-L,-115,-111,8.5,8.5
811,HOU,BPEACOCK-R,-105,101,8.5,8.5
811,OAK,SGRAY-R,-140,102,7.5,7
811,KAN,YVENTURA-R,120,-112,7.5,7
811,TOR,HUTCHISON-R,180,210,6.5,6.5
811,SEA,FHERNANDZ-R,-210,-250,6.5,6.5
811,DET,VERLANDER-R,-120,-105,7.5,7.5
811,PIT,JLOCKE-L,100,-105,7.5,7.5
812,STL,WAINWRIGHT-R,-150,-133,6.5,7
812,MIA,JCOSART-R,130,118,6.5,7
812,WAS,DFISTER-R,-135,-128,7.5,7
812,NYM,RMONTERO-R,115,118,7.5,7
812,LOS,DHAREN-R,110,117,7.5,8
812,ATL,MMINOR-L,-130,-127,7.5,8
812,MIL,WPERALTA-R,-130,-118,7.5,7.5
812,CUB,KHENDRICK-R,110,108,7.5,7.5
812,COL,YFLANDE-L,140,118,7,7
812,SDG,DESPAIGNE-R,-160,-128,7,7
812,TAM,HELLICKSON-R,-125,-111,9,9
812,TEX,NTEPESCH-R,105,101,9,9
812,MIN,YPINO-R,110,132,8.5,7.5
812,HOU,CMCHUGH-R,-130,-147,8.5,7.5
812,OAK,JLESTER-L,-150,-143,7.5,7
812,KAN,JGUTHRIE-R,130,128,7.5,7
812,TOR,JHAPP-L,115,107,7.5,8
812,SEA,CYOUNG-R,-135,-117,7.5,8
812,DET,RRAY-L,110,109,8,8.5
812,PIT,EVOLQUEZ-R,-130,-119,8,8.5
812,BOS,JKELLY-R,130,117,7.5,7.5
812,CIN,MLATOS-R,-150,-127,7.5,7.5
812,PHI,JWILLIAMS-R,185,210,8.5,8.5
812,LAA,CWILSON-L,-215,-250,8.5,8.5
812,CWS,CSALE-L,-135,-121,6,6
812,SFO,VOGELSONG-R,115,111,6,6
813,COL,TMATZEK-L,160,135,6.5,6.5
813,SDG,IKENNEDY-R,-180,-150,6.5,6.5
813,LOS,HRYU-L,-112,117,7,6.5
813,ATL,ESANTANA-R,-108,-127,7,6.5
813,STL,MASTERSON-R,105,102,7.5,8
813,MIA,NEOVALDI-R,-125,-112,7.5,8
813,WAS,JZIMMERMN-R,-125,-115,7,7
813,NYM,BCOLON-R,105,105,7,7
813,MIL,KLOHSE-R,-140,-123,7.5,7.5
813,CUB,TWADA-L,120,113,7.5,7.5
813,MIN,KGIBSON-R,100,-109,8.5,8
813,HOU,OBERHOLTZR-L,-120,-101,8.5,8
813,NYY,MPINEDA-R,120,100,8.5,8
813,BAL,CTILLMAN-R,-140,-110,8.5,8
813,TAM,CARCHER-R,-152,-140,9,8.5
813,TEX,MMIKOLAS-R,132,125,9,8.5
813,OAK,SKAZMIR-L,-130,-104,7.5,7
813,KAN,JVARGAS-L,110,-106,7.5,7
813,TOR,RDICKEY-R,140,141,7,6.5
813,SEA,HIWAKUMA-R,-160,-156,7,6.5
813,BOS,ARANAUDO-R,130,117,7.5,7
813,CIN,MLEAKE-R,-150,-132,7.5,7
813,CWS,JQUINTANA-L,125,108,7,7
813,SFO,JPEAVY-R,-145,-118,7,7
813,PIT,VWORLEY-R,100,107,8.5,9
813,DET,BFARMER-R,-120,-117,8.5,9
813,ARI,ACHAFIN-L,150,155,8,7.5
813,CLE,JTOMLIN-R,-170,-175,8,7.5
813,PHI,ABURNETT-R,180,170,7.5,8
813,LAA,JWEAVER-R,-210,-200,7.5,8
813,ARI,VNUNO-L,160,141,8.5,8
813,CLE,TBAUER-R,-180,-156,8.5,8
814,LOS,RHERNANDZ-R,-105,119,7.5,7.5
814,ATL,AHARANG-R,-115,-134,7.5,7.5
814,MIL,MFIERS-R,-130,-125,7.5,7
814,CUB,EJACKSON-R,110,115,7.5,7
814,ARI,CANDERSON-R,110,103,8,7.5
814,MIA,BPENNY-R,-130,-113,8,7.5
814,WAS,STRASBURG-R,-135,-150,7,7
814,NYM,DGEE-R,115,135,7,7
814,SDG,ESTULTS-L,145,171,8,7.5
814,STL,JLACKEY-R,-165,-201,8,7.5
814,CIN,ASIMON-R,100,119,9.5,9
814,COL,JDELAROSA-L,-120,-129,9.5,9
814,OAK,SAMARDZIJA-R,-115,-105,7.5,7
814,KAN,JSHIELDS-R,-105,-105,7.5,7
814,HOU,SFELDMAN-R,130,151,9,9
814,BOS,AWEBSTER-R,-150,-166,9,9
814,TAM,JODORIZZI-R,120,-123,7.5,8.5
814,TEX,RROSS-L,-140,113,7.5,8.5
814,PIT,FLIRIANO-L,145,170,7.5,7.5
814,DET,MSCHERZER-R,-165,-200,7.5,7.5
815,PIT,CMORTON-R,130,141,7,7.5
815,WAS,TROARK-R,-150,-156,7,7.5
815,CUB,TWOOD-L,130,137,7.5,7
815,NYM,ZWHEELER-R,-150,-152,7.5,7
815,ARI,TCAHILL-R,120,119,8,7
815,MIA,BHAND-L,-140,-134,8,7
815,SDG,TROSS-R,110,125,7,7
815,STL,LLYNN-R,-130,-140,7,7
815,CIN,JCUETO-R,-150,-149,9,9
815,COL,MBELISLE-R,130,134,9,9
815,MIL,JNELSON-R,140,161,7,6.5
815,LOS,ZGREINKE-R,-160,-181,7,6.5
815,PHI,CHAMELS-L,110,137,6,5.5
815,SFO,BUMGARNER-L,-130,-152,6,5.5
815,SEA,JPAXTON-L,110,119,8,8.5
815,DET,RPORCELLO-R,-130,-129,8,8.5
815,BAL,WCHEN-L,155,139,7,6.5
815,CLE,CKLUBER-R,-175,-154,7,6.5
815,NYY,BMCCARTHY-R,115,116,7,6.5
815,TAM,ACOBB-R,-135,-126,7,6.5
815,HOU,DKEUCHEL-L,115,138,8.5,8
815,BOS,CBUCHHOLZ-R,-135,-153,8.5,8
815,LAA,GRICHARDS-R,-200,-195,9,9.5
815,TEX,NMARTINEZ-R,170,175,9,9.5
815,KAN,DDUFFY-L,-160,-142,7.5,8
815,MIN,RNOLASCO-R,140,127,7.5,8
815,TOR,MSTROMAN-R,-140,-144,8.5,9
815,CWS,HNOESI-R,120,129,8.5,9
815,OAK,JHAMMEL-R,100,127,7,7
815,ATL,AWOOD-L,-120,-142,7,7
816,PHI,KKENDRICK-R,170,175,7.5,7.5
816,SFO,THUDSON-R,-200,-205,7.5,7.5
816,PIT,JLOCKE-L,150,136,7,7.5
816,WAS,GGONZALEZ-L,-170,-151,7,7.5
816,CUB,DSTRAILY-R,140,125,7.5,7
816,NYM,JNIESE-L,-160,-140,7.5,7
816,ARI,WMILEY-L,145,131,7,7
816,MIA,HALVAREZ-R,-165,-146,7,7
816,SDG,JHAHN-R,115,115,7,7.5
816,STL,SMILLER-R,-135,-130,7,7.5
816,MIL,YGALLARDO-R,170,170,6,6
816,LOS,CKERSHAW-L,-200,-200,6,6
816,NYY,SGREENE-R,115,130,7,7
816,TAM,DSMYLY-L,-135,-145,7,7
816,BAL,UJIMENEZ-R,100,134,8.5,8
816,CLE,CCARRASCO-R,-120,-149,8.5,8
816,SEA,FHERNANDZ-R,-109,-108,6.5,6.5
816,DET,DPRICE-L,-111,-102,6.5,6.5
816,HOU,BPEACOCK-R,150,161,9,9
816,BOS,RDELAROSA-R,-170,-181,9,9
816,TOR,MBUEHRLE-L,-120,-139,9,9.5
816,CWS,JDANKS-L,100,124,9,9.5
816,KAN,YVENTURA-R,-115,-111,7.5,7.5
816,MIN,PHUGHES-R,-105,101,7.5,7.5
816,LAA,SHOEMAKER-R,-160,-155,9.5,9.5
816,TEX,CLEWIS-R,140,140,9.5,9.5
816,OAK,SGRAY-R,-120,-111,6.5,7
816,ATL,JTEHERAN-R,100,101,6.5,7
817,CUB,JARRIETA-R,-120,-113,7.5,7
817,NYM,RMONTERO-R,100,103,7.5,7
817,ARI,COLLMENTER-R,130,130,7.5,7
817,MIA,TKOEHLER-R,-150,-145,7.5,7
817,SDG,DESPAIGNE-R,170,185,7,7
817,STL,WAINWRIGHT-R,-190,-215,7,7
817,PHI,DBUCHANAN-R,145,135,8,7.5
817,SFO,TLINCECUM-R,-165,-150,8,7.5
817,CIN,MLATOS-R,-145,-104,9.5,9.5
817,COL,JLYLES-R,125,-106,9.5,9.5
817,MIL,WPERALTA-R,-115,-105,8,7.5
817,LOS,DHAREN-R,-105,-105,8,7.5
817,PIT,EVOLQUEZ-R,150,140,7,8
817,WAS,DFISTER-R,-170,-155,7,8
817,SEA,CYOUNG-R,-105,107,8.5,8.5
817,DET,RRAY-L,-115,-117,8.5,8.5
817,BAL,KGAUSMAN-R,-115,118,8.5,8
817,CLE,DSALAZAR-R,-105,-128,8.5,8
817,HOU,CMCHUGH-R,130,113,8.5,9
817,BOS,JKELLY-R,-150,-123,8.5,9
817,NYY,HKURODA-R,105,-102,7,7
817,TAM,HELLICKSON-R,-125,-108,7,7
817,TOR,HUTCHISON-R,-120,-140,9.5,9.5
817,CWS,SCARROLL-R,100,125,9.5,9.5
817,KAN,JGUTHRIE-R,-115,-107,8.5,8
817,MIN,TMILONE-L,-105,-103,8.5,8
817,LAA,HSANTIAGO-L,-160,-140,9.5,9.5
817,TEX,NTEPESCH-R,140,125,9.5,9.5
817,OAK,JLESTER-L,-150,-140,7,7
817,ATL,MMINOR-L,130,125,7,7
817,CIN,DAXELROD-R,100,120,10.5,10.5
817,COL,YFLANDE-L,-120,-135,10.5,10.5
818,CUB,KHENDRICK-R,100,102,7,7
818,NYM,CTORRES-R,-120,-112,7,7
818,ATL,ESANTANA-R,-105,-109,7,7.5
818,PIT,VWORLEY-R,-115,-101,7,7.5
818,ARI,VNUNO-L,170,220,7,7
818,WAS,JZIMMERMN-R,-200,-260,7,7
818,CIN,MLEAKE-R,120,117,7.5,8
818,STL,MASTERSON-R,-140,-127,7.5,8
818,LAA,CWILSON-L,-115,102,9,10
818,BOS,BWORKMAN-R,-105,-112,9,10
818,KAN,JVARGAS-L,-150,-162,9,8
818,MIN,TMAY-R,130,147,9,8
818,BAL,BNORRIS-R,150,143,7,7.5
818,CWS,CSALE-L,-170,-158,7,7.5
818,SEA,RELIAS-L,-145,-145,8.5,8.5
818,PHI,JWILLIAMS-R,125,130,8.5,8.5
819,ATL,AHARANG-R,120,149,7,7.5
819,PIT,FLIRIANO-L,-140,-164,7,7.5
819,ARI,CANDERSON-R,200,200,7,7
819,WAS,STRASBURG-R,-240,-230,7,7
819,SFO,VOGELSONG-R,-113,-110,7.5,8.5
819,CUB,TWADA-L,-107,100,7.5,8.5
819,CIN,ASIMON-R,150,150,7.5,8
819,STL,JLACKEY-R,-170,-170,7.5,8
819,SDG,IKENNEDY-R,110,-105,7,7
819,LOS,KCORREIA-R,-130,-105,7,7
819,HOU,OBERHOLTZR-L,140,153,8.5,8.5
819,NYY,CCAPUANO-L,-160,-168,8.5,8.5
819,LAA,JWEAVER-R,-150,-125,9,9.5
819,BOS,AWEBSTER-R,130,115,9,9.5
819,DET,MSCHERZER-R,-115,-113,7,6.5
819,TAM,CARCHER-R,-105,103,7,6.5
819,CLE,TBAUER-R,-120,-110,8,8.5
819,MIN,KGIBSON-R,100,100,8,8.5
819,BAL,CTILLMAN-R,-120,100,8.5,8.5
819,CWS,JQUINTANA-L,100,-110,8.5,8.5
819,SEA,HIWAKUMA-R,-150,-154,7,7.5
819,PHI,ABURNETT-R,130,139,7,7.5
819,TEX,MMIKOLAS-R,145,126,7.5,8
819,MIA,JCOSART-R,-165,-141,7.5,8
819,TOR,JHAPP-L,140,135,8.5,9
819,MIL,MFIERS-R,-160,-150,8.5,9
819,KAN,JSHIELDS-R,-165,-145,9.5,9.5
819,COL,TMATZEK-L,145,130,9.5,9.5
819,NYM,DGEE-R,170,200,7,7
819,OAK,SKAZMIR-L,-200,-240,7,7
820,ATL,AWOOD-L,105,104,7,7
820,PIT,GCOLE-R,-125,-114,7,7
820,ARI,TCAHILL-R,170,158,7.5,7
820,WAS,TROARK-R,-200,-178,7.5,7
820,CIN,JCUETO-R,100,-105,7,6.5
820,STL,LLYNN-R,-120,-105,7,6.5
820,SFO,JPEAVY-R,-125,-129,8,8.5
820,CUB,EJACKSON-R,105,119,8,8.5
820,SDG,ESTULTS-L,125,122,7.5,7.5
820,LOS,RHERNANDZ-R,-145,-137,7.5,7.5
820,HOU,SFELDMAN-R,170,185,8,8.5
820,NYY,MPINEDA-R,-190,-215,8,8.5
820,DET,RPORCELLO-R,110,118,7.5,7
820,TAM,JODORIZZI-R,-130,-128,7.5,7
820,LAA,GRICHARDS-R,-145,-125,8.5,8.5
820,BOS,CBUCHHOLZ-R,125,115,8.5,8.5
820,CLE,THOUSE-L,-120,-111,8.5,8.5
820,MIN,RNOLASCO-R,100,101,8.5,8.5
820,BAL,WCHEN-L,-150,-155,9,8.5
820,CWS,HNOESI-R,130,140,9,8.5
820,TEX,NMARTINEZ-R,150,133,8,7.5
820,MIA,NEOVALDI-R,-170,-148,8,7.5
820,SEA,JPAXTON-L,120,111,7,6.5
820,PHI,CHAMELS-L,-140,-121,7,6.5
820,TOR,RDICKEY-R,120,109,8,8.5
820,MIL,JNELSON-R,-140,-119,8,8.5
820,NYM,ZWHEELER-R,170,170,7,7
820,OAK,SAMARDZIJA-R,-190,-190,7,7
820,KAN,DDUFFY-L,-130,-110,9.5,9.5
820,COL,JDELAROSA-L,110,100,9.5,9.5
821,ARI,WMILEY-L,170,174,7.5,7.5
821,WAS,GGONZALEZ-L,-190,-204,7.5,7.5
821,ATL,JTEHERAN-R,-148,-184,8,8
821,CIN,DHOLMBERG-L,128,164,8,8
821,SFO,BUMGARNER-L,-150,-171,8,8.5
821,CUB,TWOOD-L,130,151,8,8.5
821,SDG,TROSS-R,140,205,6.5,5.5
821,LOS,CKERSHAW-L,-160,-245,6.5,5.5
821,HOU,DKEUCHEL-L,145,151,8,7.5
821,NYY,BMCCARTHY-R,-165,-171,8,7.5
821,CLE,CKLUBER-R,-150,-140,7,7
821,MIN,PHUGHES-R,130,125,7,7
821,DET,DPRICE-L,-125,-101,6.5,6.5
821,TAM,ACOBB-R,105,-109,6.5,6.5
821,LAA,SHOEMAKER-R,-125,-130,9,9
821,BOS,RDELAROSA-R,105,115,9,9
822,STL,WAINWRIGHT-R,-175,-162,7.5,7.5
822,PHI,KKENDRICK-R,155,147,7.5,7.5
822,SFO,THUDSON-R,140,132,7,7
822,WAS,DFISTER-R,-160,-147,7,7
822,ATL,MMINOR-L,115,-102,7.5,7.5
822,CIN,MLATOS-R,-135,-108,7.5,7.5
822,PIT,JLOCKE-L,145,138,8,8.5
822,MIL,YGALLARDO-R,-165,-153,8,8.5
822,MIA,HALVAREZ-R,-135,-120,9.5,10.5
822,COL,FMORALES-L,115,110,9.5,10.5
822,SDG,DESPAIGNE-R,100,110,8,8.5
822,ARI,COLLMENTER-R,-120,-120,8,8.5
822,NYM,JNIESE-L,120,118,7.5,7.5
822,LOS,DHAREN-R,-140,-128,7.5,7.5
822,HOU,BPEACOCK-R,180,188,8.5,8.5
822,CLE,CCARRASCO-R,-210,-218,8.5,8.5
822,CWS,JDANKS-L,165,171,8.5,8
822,NYY,SGREENE-R,-185,-191,8.5,8
822,TAM,DSMYLY-L,120,109,8,8.5
822,TOR,MSTROMAN-R,-140,-119,8,8.5
822,SEA,FHERNANDZ-R,-160,-180,7,7.5
822,BOS,JKELLY-R,140,160,7,7.5
822,KAN,YVENTURA-R,-140,-130,9,9
822,TEX,CLEWIS-R,120,115,9,9
822,DET,RRAY-L,-105,-105,9,9
822,MIN,TMILONE-L,-105,-105,9,9
822,LAA,HSANTIAGO-L,140,135,7.5,7.5
822,OAK,SGRAY-R,-160,-150,7.5,7.5
822,BAL,KGAUSMAN-R,105,-103,7.5,7.5
822,CUB,JARRIETA-R,-125,-107,7.5,7.5
823,SFO,TLINCECUM-R,170,171,7.5,7.5
823,WAS,JZIMMERMN-R,-200,-191,7.5,7.5
823,STL,SMILLER-R,-128,-116,8,8
823,PHI,DBUCHANAN-R,108,106,8,8
823,PIT,EVOLQUEZ-R,125,115,8,8.5
823,MIL,WPERALTA-R,-145,-125,8,8.5
823,ATL,ESANTANA-R,-125,-125,7.5,7.5
823,CIN,MLEAKE-R,105,115,7.5,7.5
823,MIA,TKOEHLER-R,-110,-101,10,10.5
823,COL,JLYLES-R,-110,-109,10,10.5
823,SDG,ACASHNER-R,-125,-113,7.5,7.5
823,ARI,VNUNO-L,105,103,7.5,7.5
823,NYM,JDEGROM-R,140,142,7,6.5
823,LOS,ZGREINKE-R,-160,-157,7,6.5
823,TAM,HELLICKSON-R,100,105,8.5,9
823,TOR,MBUEHRLE-L,-120,-115,8.5,9
823,CWS,SCARROLL-R,170,205,8.5,9
823,NYY,HKURODA-R,-190,-235,8.5,9
823,DET,BFARMER-R,-120,106,9,9
823,MIN,YPINO-R,100,-116,9,9
823,DET,VERLANDER-R,-160,-131,9,9
823,MIN,TMAY-R,140,116,9,9
823,SEA,CYOUNG-R,-120,115,8.5,8.5
823,BOS,BWORKMAN-R,100,-125,8.5,8.5
823,HOU,CMCHUGH-R,140,131,8,7.5
823,CLE,DSALAZAR-R,-160,-146,8,7.5
823,KAN,JGUTHRIE-R,-120,-120,9,9
823,TEX,NTEPESCH-R,100,110,9,9
823,LAA,CWILSON-L,145,150,7,7
823,OAK,JLESTER-L,-165,-170,7,7
823,BAL,BNORRIS-R,-112,-110,7.5,7
823,CUB,KHENDRICK-R,-108,100,7.5,7
824,ATL,AHARANG-R,-120,-113,8,7.5
824,CIN,ASIMON-R,100,103,8,7.5
824,STL,MASTERSON-R,-135,-124,9,8.5
824,PHI,JWILLIAMS-R,115,114,9,8.5
824,SFO,VOGELSONG-R,160,142,7,7
824,WAS,STRASBURG-R,-180,-157,7,7
824,PIT,VWORLEY-R,130,116,8,8.5
824,MIL,MFIERS-R,-150,-131,8,8.5
824,NYM,BCOLON-R,115,104,7.5,8
824,LOS,KCORREIA-R,-135,-114,7.5,8
824,MIA,BHAND-L,-125,107,10.5,11
824,COL,CBERGMAN-R,105,-117,10.5,11
824,SDG,IKENNEDY-R,-120,-110,7.5,7.5
824,ARI,CANDERSON-R,100,100,7.5,7.5
824,HOU,OBERHOLTZR-L,140,129,8,7.5
824,CLE,TBAUER-R,-160,-144,8,7.5
824,TAM,CARCHER-R,-125,100,8.5,8.5
824,TOR,HUTCHISON-R,105,-110,8.5,8.5
824,CWS,CSALE-L,-140,-111,7,7
824,NYY,CCAPUANO-L,120,101,7,7
824,SEA,HIWAKUMA-R,-150,-150,8,8.5
824,BOS,AWEBSTER-R,130,135,8,8.5
824,DET,MSCHERZER-R,-170,-140,8,7.5
824,MIN,KGIBSON-R,150,125,8,7.5
824,KAN,JVARGAS-L,-161,-160,9,9
824,TEX,SBAKER-R,141,145,9,9
824,LAA,JWEAVER-R,130,107,7.5,7.5
824,OAK,SKAZMIR-L,-150,-117,7.5,7.5
824,BAL,MGONZALEZ-R,-114,-115,8.5,8
824,CUB,TWADA-L,-106,105,8.5,8
825,WAS,TROARK-R,-150,-126,8,8
825,PHI,ABURNETT-R,130,116,8,8
825,STL,JLACKEY-R,110,126,7.5,7.5
825,PIT,FLIRIANO-L,-130,-141,7.5,7.5
825,MIL,KLOHSE-R,-130,-140,7,7
825,SDG,ESTULTS-L,110,125,7,7
825,COL,TMATZEK-L,180,170,7.5,7.5
825,SFO,JPEAVY-R,-210,-200,7.5,7.5
825,TAM,JODORIZZI-R,115,101,8,7.5
825,BAL,CTILLMAN-R,-135,-111,8,7.5
825,BOS,CBUCHHOLZ-R,115,108,9,9
825,TOR,JHAPP-L,-135,-118,9,9
825,OAK,SAMARDZIJA-R,-175,-170,8,8.5
825,HOU,SFELDMAN-R,155,150,8,8.5
825,NYY,MPINEDA-R,115,115,7.5,7.5
825,KAN,JSHIELDS-R,-135,-130,7.5,7.5
825,TEX,MMIKOLAS-R,170,160,8,8
825,SEA,RELIAS-L,-190,-180,8,8
825,MIA,JCOSART-R,140,153,8.5,8.5
825,LAA,WLEBLANC-L,-160,-168,8.5,8.5
826,STL,LLYNN-R,114,115,7.5,7.5
826,PIT,GCOLE-R,-134,-130,7.5,7.5
826,WAS,GGONZALEZ-L,-114,-108,7,7
826,PHI,CHAMELS-L,-106,-102,7,7
826,ATL,AWOOD-L,-133,-150,7,7
826,NYM,DGEE-R,113,135,7,7
826,CUB,TWOOD-L,175,156,7,7
826,CIN,JCUETO-R,-205,-176,7,7
826,LOS,RHERNANDZ-R,-125,-106,8.5,8.5
826,ARI,TCAHILL-R,105,-104,8.5,8.5
826,MIL,JNELSON-R,103,100,6.5,6.5
826,SDG,TROSS-R,-123,-110,6.5,6.5
826,COL,JDELAROSA-L,160,200,6.5,6.5
826,SFO,BUMGARNER-L,-180,-240,6.5,6.5
826,BOS,RDELAROSA-R,115,140,8.5,9
826,TOR,RDICKEY-R,-135,-155,8.5,9
826,NYY,BMCCARTHY-R,105,-110,8,8
826,DET,RPORCELLO-R,-125,100,8,8
826,TAM,ACOBB-R,-110,100,7.5,7.5
826,BAL,WCHEN-L,-110,-110,7.5,7.5
826,MIN,RNOLASCO-R,157,154,8.5,8
826,KAN,DDUFFY-L,-177,-174,8.5,8
826,OAK,JHAMMEL-R,-129,-112,8,8
826,HOU,DKEUCHEL-L,109,102,8,8
826,CLE,THOUSE-L,-109,139,8.5,8
826,CWS,JQUINTANA-L,-111,-154,8.5,8
826,TEX,NMARTINEZ-R,160,185,7.5,7.5
826,SEA,JPAXTON-L,-180,-215,7.5,7.5
826,MIA,NEOVALDI-R,149,160,8,8
826,LAA,SHOEMAKER-R,-169,-180,8,8
827,STL,WAINWRIGHT-R,-130,-106,7,7.5
827,PIT,JLOCKE-L,110,-104,7,7.5
827,WAS,DFISTER-R,-160,-150,8,8
827,PHI,KKENDRICK-R,140,135,8,8
827,ATL,JTEHERAN-R,-140,-119,6.5,6.5
827,NYM,ZWHEELER-R,120,109,6.5,6.5
827,CUB,JTURNER-R,152,144,7.5,7.5
827,CIN,MLATOS-R,-172,-159,7.5,7.5
827,MIL,YGALLARDO-R,-140,-141,7,7
827,SDG,DESPAIGNE-R,120,126,7,7
827,LOS,CKERSHAW-L,-205,-230,6.5,7
827,ARI,WMILEY-L,175,200,6.5,7
827,COL,FMORALES-L,170,180,7,7
827,SFO,THUDSON-R,-200,-210,7,7
827,TEX,CLEWIS-R,150,153,7.5,7.5
827,SEA,ERAMIREZ-R,-170,-173,7.5,7.5
827,TAM,DSMYLY-L,105,-105,7.5,8
827,BAL,KGAUSMAN-R,-125,-105,7.5,8
827,NYY,SGREENE-R,150,147,7.5,7.5
827,DET,DPRICE-L,-170,-162,7.5,7.5
827,BOS,JKELLY-R,120,125,8.5,9
827,TOR,MSTROMAN-R,-140,-140,8.5,9
827,CLE,CKLUBER-R,-180,-180,8,7.5
827,CWS,HNOESI-R,160,160,8,7.5
827,MIN,PHUGHES-R,140,109,8,7.5
827,KAN,LHENDRIKS-R,-160,-119,8,7.5
827,OAK,DPOMERANZ-L,-160,-175,8.5,9
827,HOU,BPEACOCK-R,140,155,8.5,9
827,MIA,HALVAREZ-R,130,136,8,8
827,LAA,HSANTIAGO-L,-150,-151,8,8
828,CUB,JARRIETA-R,-130,102,7.5,7
828,CIN,DAXELROD-R,110,-112,7.5,7
828,COL,JLYLES-R,155,170,7.5,7
828,SFO,YPETIT-R,-175,-200,7.5,7
828,ATL,MMINOR-L,-120,-108,7,7
828,NYM,JNIESE-L,100,-102,7,7
828,NYY,HKURODA-R,-120,-124,8.5,8.5
828,DET,KLOBSTEIN-L,100,114,8.5,8.5
828,TAM,HELLICKSON-R,100,114,8,8
828,BAL,BNORRIS-R,-120,-124,8,8
828,MIN,TMILONE-L,130,152,8.5,8
828,KAN,JGUTHRIE-R,-150,-167,8.5,8
828,CLE,CCARRASCO-R,-150,-118,9,8
828,CWS,JDANKS-L,130,108,9,8
828,TEX,NTEPESCH-R,125,125,8,8
828,HOU,CMCHUGH-R,-145,-140,8,8
828,OAK,SGRAY-R,-120,-102,7.5,8
828,LAA,CWILSON-L,100,-108,7.5,8
829,CIN,MLEAKE-R,130,126,7.5,7.5
829,PIT,EVOLQUEZ-R,-150,-141,7.5,7.5
829,PHI,DBUCHANAN-R,130,132,7.5,7
829,NYM,JDEGROM-R,-150,-147,7.5,7
829,MIA,TKOEHLER-R,140,150,7,7
829,ATL,ESANTANA-R,-160,-170,7,7
829,CUB,KHENDRICK-R,120,135,7.5,8
829,STL,SMILLER-R,-140,-150,7.5,8
829,COL,CBERGMAN-R,125,136,8.5,8.5
829,ARI,COLLMENTER-R,-145,-151,8.5,8.5
829,LOS,DHAREN-R,100,-101,6.5,7
829,SDG,ACASHNER-R,-120,-109,6.5,7
829,MIL,WPERALTA-R,-105,105,7,7
829,SFO,VOGELSONG-R,-115,-115,7,7
829,MIN,TMAY-R,170,153,9,8.5
829,BAL,MGONZALEZ-R,-190,-173,9,8.5
829,NYY,CCAPUANO-L,105,111,9,8.5
829,TOR,MBUEHRLE-L,-125,-121,9,8.5
829,BOS,ARANAUDO-R,140,152,7.5,7.5
829,TAM,CARCHER-R,-160,-172,7.5,7.5
829,DET,VERLANDER-R,-160,-140,9,9
829,CWS,SCARROLL-R,140,125,9,9
829,CLE,DSALAZAR-R,115,125,7.5,7.5
829,KAN,JVARGAS-L,-135,-140,7.5,7.5
829,TEX,SBAKER-R,120,116,8.5,8.5
829,HOU,OBERHOLTZR-L,-140,-126,8.5,8.5
829,OAK,JLESTER-L,-120,-114,7,7
829,LAA,JWEAVER-R,100,104,7,7
829,WAS,JZIMMERMN-R,140,149,6,6
829,SEA,FHERNANDZ-R,-160,-164,6,6
830,CUB,FDOUBRONT-L,140,160,8,7.5
830,STL,MASTERSON-R,-160,-180,8,7.5
830,CUB,TWADA-L,105,117,8,7.5
830,STL,MGONZALES-L,-125,-127,8,7.5
830,CIN,ASIMON-R,110,129,7.5,8
830,PIT,VWORLEY-R,-130,-144,7.5,8
830,MIA,JCOSART-R,115,117,7,7.5
830,ATL,AHARANG-R,-135,-132,7,7.5
830,PHI,JWILLIAMS-R,140,142,7.5,7
830,NYM,BCOLON-R,-160,-157,7.5,7
830,COL,TMATZEK-L,130,117,8.5,8
830,ARI,VNUNO-L,-150,-132,8.5,8
830,LOS,ZGREINKE-R,-125,-140,7,6.5
830,SDG,IKENNEDY-R,105,125,7,6.5
830,MIL,MFIERS-R,-114,-107,7,7
830,SFO,JPEAVY-R,-106,-103,7,7
830,NYY,MPINEDA-R,-125,-113,8.5,8.5
830,TOR,HUTCHISON-R,105,103,8.5,8.5
830,DET,MSCHERZER-R,-115,111,7,7
830,CWS,CSALE-L,-105,-121,7,7
830,DET,KRYAN-L,-120,-110,9.5,9.5
830,CWS,CBASSITT-R,100,100,9.5,9.5
830,MIN,KGIBSON-R,155,130,8,8
830,BAL,CTILLMAN-R,-175,-145,8,8
830,BOS,AWEBSTER-R,140,147,8,7.5
830,TAM,JODORIZZI-R,-160,-162,8,7.5
830,CLE,TBAUER-R,140,129,7.5,7.5
830,KAN,JSHIELDS-R,-160,-144,7.5,7.5
830,TEX,RROSS-L,115,105,8.5,8.5
830,HOU,SFELDMAN-R,-135,-115,8.5,8.5
830,OAK,SAMARDZIJA-R,-130,-118,8,8
830,LAA,CRASMUS-R,110,108,8,8
830,WAS,STRASBURG-R,-135,-118,6.5,6.5
830,SEA,RELIAS-L,115,108,6.5,6.5
831,PHI,ABURNETT-R,115,-105,7,7
831,NYM,DGEE-R,-135,-105,7,7
831,CIN,JCUETO-R,100,116,7,6.5
831,PIT,FLIRIANO-L,-120,-131,7,6.5
831,CUB,TWOOD-L,140,170,8,7.5
831,STL,JLACKEY-R,-160,-190,8,7.5
831,MIL,KLOHSE-R,140,125,7,7
831,SFO,BUMGARNER-L,-160,-140,7,7
831,LOS,HRYU-L,-140,-171,7,7
831,SDG,ESTULTS-L,120,151,7,7
831,COL,JDELAROSA-L,-105,102,8.5,7.5
831,ARI,CANDERSON-R,-115,-112,8.5,7.5
831,MIA,NEOVALDI-R,130,150,7,7
831,ATL,AWOOD-L,-150,-170,7,7
831,NYY,BMCCARTHY-R,-120,-107,8.5,8.5
831,TOR,JHAPP-L,100,-103,8.5,8.5
831,MIN,RNOLASCO-R,155,150,8.5,8
831,BAL,WCHEN-L,-175,-170,8.5,8
831,BOS,CBUCHHOLZ-R,140,140,7,6.5
831,TAM,ACOBB-R,-160,-155,7,6.5
831,CLE,THOUSE-L,140,138,8,8
831,KAN,DDUFFY-L,-160,-153,8,8
831,DET,RPORCELLO-R,-130,-105,8,8
831,CWS,JQUINTANA-L,110,-105,8,8
831,TEX,NMARTINEZ-R,130,145,8.5,8
831,HOU,DKEUCHEL-L,-150,-160,8.5,8
831,OAK,SKAZMIR-L,100,115,7.5,8
831,LAA,SHOEMAKER-R,-120,-125,7.5,8
831,WAS,TROARK-R,120,137,6.5,6.5
831,SEA,HIWAKUMA-R,-140,-152,6.5,6.5
901,PHI,CHAMELS-L,125,110,6.5,6.5
901,ATL,JTEHERAN-R,-145,-120,6.5,6.5
901,NYM,ZWHEELER-R,105,114,7,7
901,MIA,HALVAREZ-R,-125,-124,7,7
901,PIT,GCOLE-R,100,-103,7,7.5
901,STL,LLYNN-R,-120,-107,7,7.5
901,MIL,JNELSON-R,-135,-142,11,10
901,CUB,JTURNER-R,115,127,11,10
901,ARI,TCAHILL-R,140,154,6.5,6.5
901,SDG,TROSS-R,-160,-174,6.5,6.5
901,SFO,THUDSON-R,-150,-134,10,10.5
901,COL,FMORALES-L,130,119,10,10.5
901,WAS,GGONZALEZ-L,-114,-120,7,8
901,LOS,RHERNANDZ-R,-106,110,7,8
901,BOS,RDELAROSA-R,139,159,7.5,7
901,TAM,DSMYLY-L,-159,-179,7.5,7
901,MIN,PHUGHES-R,125,107,8,8
901,BAL,KGAUSMAN-R,-145,-117,8,8
901,DET,DPRICE-L,-107,107,7,7
901,CLE,CKLUBER-R,-113,-117,7,7
901,SEA,CYOUNG-R,115,135,7.5,8
901,OAK,JHAMMEL-R,-135,-150,7.5,8
901,TEX,CLEWIS-R,170,180,8,8
901,KAN,YVENTURA-R,-190,-210,8,8
902,PHI,KKENDRICK-R,160,170,7.5,7.5
902,ATL,MMINOR-L,-180,-190,7.5,7.5
902,NYM,JNIESE-L,-120,-105,7.5,8
902,MIA,BPENNY-R,100,-105,7.5,8
902,MIL,YGALLARDO-R,-108,-105,7.5,7.5
902,CUB,JARRIETA-R,-112,-105,7.5,7.5
902,PIT,JLOCKE-L,140,131,7,7.5
902,STL,WAINWRIGHT-R,-160,-146,7,7.5
902,SFO,YPETIT-R,-150,-145,10,10
902,COL,JLYLES-R,130,130,10,10
902,ARI,WMILEY-L,110,-113,6.5,6
902,SDG,DESPAIGNE-R,-130,103,6.5,6
902,WAS,DFISTER-R,170,175,6,6
902,LOS,CKERSHAW-L,-200,-205,6,6
902,DET,KLOBSTEIN-L,125,131,8,8
902,CLE,CCARRASCO-R,-145,-146,8,8
902,BOS,JKELLY-R,130,135,8,9
902,NYY,SGREENE-R,-150,-150,8,9
902,TOR,RDICKEY-R,105,110,7.5,7.5
902,TAM,HELLICKSON-R,-125,-120,7.5,7.5
902,LAA,CWILSON-L,-180,-163,8.5,9
902,HOU,BPEACOCK-R,160,148,8.5,9
902,CWS,HNOESI-R,110,125,9,8.5
902,MIN,TMILONE-L,-130,-140,9,8.5
902,TEX,DHOLLAND-L,145,132,8,7.5
902,KAN,JGUTHRIE-R,-165,-147,8,7.5
902,SEA,JPAXTON-L,130,125,7,7
902,OAK,SGRAY-R,-150,-140,7,7
902,CIN,MLATOS-R,115,127,8,7.5
902,BAL,BNORRIS-R,-135,-142,8,7.5
903,PHI,DBUCHANAN-R,155,169,7.5,7
903,ATL,ESANTANA-R,-175,-189,7.5,7
903,PIT,EVOLQUEZ-R,105,-105,7.5,8
903,STL,SMILLER-R,-125,-105,7.5,8
903,WAS,JZIMMERMN-R,-130,-152,8,7.5
903,LOS,CFRIAS-R,110,137,8,7.5
903,SFO,VOGELSONG-R,-150,-120,11,11
903,COL,CBERGMAN-R,130,110,11,11
903,NYM,JDEGROM-R,100,100,7,7
903,MIA,TKOEHLER-R,-120,-110,7,7
903,MIL,MGARZA-R,-115,-109,8,8.5
903,CUB,KHENDRICK-R,-105,-101,8,8.5
903,ARI,COLLMENTER-R,140,115,6.5,6
903,SDG,ACASHNER-R,-160,-130,6.5,6
903,SEA,FHERNANDZ-R,100,112,6.5,6.5
903,OAK,JLESTER-L,-120,-122,6.5,6.5
903,DET,VERLANDER-R,105,116,8,8
903,CLE,DSALAZAR-R,-125,-126,8,8
903,BOS,ARANAUDO-R,140,175,8.5,9
903,NYY,HKURODA-R,-160,-195,8.5,9
903,TOR,MSTROMAN-R,110,107,7,7
903,TAM,CARCHER-R,-130,-117,7,7
903,LAA,JWEAVER-R,-160,-125,8.5,8
903,HOU,CMCHUGH-R,140,115,8.5,8
903,CWS,JDANKS-L,100,-101,9.5,9
903,MIN,TMAY-R,-120,-109,9.5,9
903,TEX,NTEPESCH-R,160,161,8,8
903,KAN,JVARGAS-L,-180,-181,8,8
903,CIN,DAXELROD-R,145,140,8.5,8
903,BAL,MGONZALEZ-R,-165,-155,8.5,8
904,STL,MWACHA-R,-113,-115,8,8.5
904,MIL,WPERALTA-R,-107,105,8,8.5
904,ARI,RDELGADO-R,125,130,6.5,6
904,SDG,IKENNEDY-R,-145,-145,6.5,6
904,BOS,BWORKMAN-R,145,134,9,8.5
904,NYY,CCAPUANO-L,-165,-149,9,8.5
904,DET,MSCHERZER-R,-125,-119,7.5,7.5
904,CLE,TBAUER-R,105,109,7.5,7.5
904,TOR,MBUEHRLE-L,110,132,7.5,7.5
904,TAM,JODORIZZI-R,-130,-147,7.5,7.5
904,SEA,RELIAS-L,-135,-123,9,9
904,TEX,RROSS-L,115,113,9,9
904,LAA,HSANTIAGO-L,-125,-129,8.5,9
904,MIN,KGIBSON-R,105,119,8.5,9
904,CIN,MLEAKE-R,130,173,8,7.5
904,BAL,CTILLMAN-R,-150,-203,8,7.5
905,PIT,VWORLEY-R,-120,-131,8,8.5
905,CUB,TWADA-L,100,116,8,8.5
905,PHI,JWILLIAMS-R,205,211,7,7.5
905,WAS,STRASBURG-R,-235,-251,7,7.5
905,ATL,AHARANG-R,110,108,7.5,7.5
905,MIA,JCOSART-R,-130,-118,7.5,7.5
905,NYM,BCOLON-R,100,-104,7.5,7.5
905,CIN,ASIMON-R,-120,-106,7.5,7.5
905,STL,JLACKEY-R,105,110,8,7.5
905,MIL,MFIERS-R,-125,-120,8,7.5
905,SDG,ESTULTS-L,100,118,10,9.5
905,COL,TMATZEK-L,-120,-128,10,9.5
905,ARI,VNUNO-L,140,148,7.5,7.5
905,LOS,DHAREN-R,-160,-163,7.5,7.5
905,CWS,CSALE-L,-130,-156,7,7
905,CLE,THOUSE-L,110,141,7,7
905,KAN,JSHIELDS-R,105,110,7.5,7.5
905,NYY,MPINEDA-R,-125,-120,7.5,7.5
905,TOR,HUTCHISON-R,-106,-108,9,10
905,BOS,AWEBSTER-R,-114,-102,9,10
905,BAL,WCHEN-L,120,127,7,7
905,TAM,ACOBB-R,-140,-142,7,7
905,SEA,HIWAKUMA-R,-160,-190,8.5,8.5
905,TEX,SBAKER-R,140,170,8.5,8.5
905,LAA,SHOEMAKER-R,-160,-149,8.5,8.5
905,MIN,RNOLASCO-R,140,134,8.5,8.5
905,HOU,OBERHOLTZR-L,190,189,7.5,7
905,OAK,SAMARDZIJA-R,-220,-219,7.5,7
905,SFO,JPEAVY-R,105,125,8,9
905,DET,RPORCELLO-R,-125,-140,8,9
906,PHI,ABURNETT-R,160,150,8,8
906,WAS,TROARK-R,-180,-170,8,8
906,PIT,FLIRIANO-L,-145,-160,7.5,7
906,CUB,FDOUBRONT-L,125,145,7.5,7
906,NYM,DGEE-R,150,141,7,7
906,CIN,JCUETO-R,-170,-156,7,7
906,STL,LLYNN-R,-110,-108,8,7.5
906,MIL,KLOHSE-R,-110,-102,8,7.5
906,ATL,AWOOD-L,-115,-111,7,7
906,MIA,NEOVALDI-R,-105,101,7,7
906,SDG,JWIELAND-R,130,119,9.5,9
906,COL,JDELAROSA-L,-150,-134,9.5,9
906,ARI,CANDERSON-R,200,175,7,7
906,LOS,HRYU-L,-230,-205,7,7
906,BAL,KGAUSMAN-R,120,134,7,7
906,TAM,DSMYLY-L,-140,-149,7,7
906,KAN,DDUFFY-L,-105,110,8,7.5
906,NYY,BMCCARTHY-R,-115,-120,8,7.5
906,HOU,SFELDMAN-R,180,184,8,7.5
906,OAK,SKAZMIR-L,-210,-214,8,7.5
906,CWS,JQUINTANA-L,145,140,7,7
906,CLE,CKLUBER-R,-165,-155,7,7
906,TOR,JHAPP-L,105,119,9,9.5
906,BOS,CBUCHHOLZ-R,-125,-134,9,9.5
906,LAA,CRASMUS-R,-109,-102,8.5,8
906,MIN,PHUGHES-R,-111,-108,8.5,8
906,SEA,CYOUNG-R,-150,-140,9,9.5
906,TEX,NMARTINEZ-R,130,125,9,9.5
906,SFO,BUMGARNER-L,-101,125,7.5,7
906,DET,DPRICE-L,-119,-140,7.5,7
907,ATL,JTEHERAN-R,-150,-145,7,7
907,MIA,BHAND-L,130,130,7,7
907,NYM,ZWHEELER-R,105,109,7.5,7
907,CIN,MLATOS-R,-125,-119,7.5,7
907,PHI,CHAMELS-L,120,127,6.5,6.5
907,WAS,GGONZALEZ-L,-140,-142,6.5,6.5
907,STL,WAINWRIGHT-R,-135,-123,7.5,7.5
907,MIL,JNELSON-R,115,113,7.5,7.5
907,PIT,GCOLE-R,-160,-161,7,8
907,CUB,TWOOD-L,140,146,7,8
907,ARI,TCAHILL-R,180,200,7,7
907,LOS,ZGREINKE-R,-210,-240,7,7
907,SDG,TROSS-R,-125,-132,9,9.5
907,COL,FMORALES-L,105,117,9,9.5
907,CWS,SCARROLL-R,170,171,8.5,7.5
907,CLE,CCARRASCO-R,-200,-201,8.5,7.5
907,KAN,YVENTURA-R,-112,-102,8,7.5
907,NYY,SGREENE-R,-108,-108,8,7.5
907,TOR,RDICKEY-R,-112,-120,9,8.5
907,BOS,RDELAROSA-R,-108,110,9,8.5
907,BAL,BNORRIS-R,-112,-111,7.5,7.5
907,TAM,HELLICKSON-R,-108,101,7.5,7.5
907,LAA,CWILSON-L,-160,-156,9,9.5
907,MIN,LDARNELL-L,140,141,9,9.5
907,SEA,JPAXTON-L,-145,-126,8.5,8
907,TEX,DHOLLAND-L,125,116,8.5,8
907,HOU,DKEUCHEL-L,130,143,7.5,7.5
907,OAK,JHAMMEL-R,-150,-158,7.5,7.5
907,SFO,THUDSON-R,-112,113,8.5,8.5
907,DET,KLOBSTEIN-L,-108,-123,8.5,8.5
908,ATL,MMINOR-L,130,137,7.5,7
908,WAS,DFISTER-R,-150,-152,7.5,7
908,PIT,JLOCKE-L,-115,-120,8.5,8.5
908,PHI,KKENDRICK-R,-105,110,8.5,8.5
908,STL,SMILLER-R,-135,-127,8,8
908,CIN,DAXELROD-R,115,117,8,8
908,COL,JLYLES-R,125,130,7,7
908,NYM,JNIESE-L,-145,-145,7,7
908,MIA,BPENNY-R,160,170,8.5,8.5
908,MIL,YGALLARDO-R,-180,-190,8.5,8.5
908,SDG,DESPAIGNE-R,140,285,7.5,6
908,LOS,CKERSHAW-L,-160,-335,7.5,6
908,LAA,JWEAVER-R,-112,114,8,7.5
908,CLE,DSALAZAR-R,-108,-124,8,7.5
908,KAN,JGUTHRIE-R,125,125,9,8
908,DET,VERLANDER-R,-145,-140,9,8
908,BAL,MGONZALEZ-R,-120,110,9,8.5
908,BOS,JKELLY-R,100,-120,9,8.5
908,OAK,SGRAY-R,-170,-170,8,8.5
908,CWS,HNOESI-R,150,150,8,8.5
908,HOU,BPEACOCK-R,220,260,6.5,6.5
908,SEA,FHERNANDZ-R,-260,-310,6.5,6.5
908,CUB,JTURNER-R,160,185,8.5,8
908,TOR,MSTROMAN-R,-180,-215,8.5,8
909,PIT,EVOLQUEZ-R,-140,-134,8,8
909,PHI,DBUCHANAN-R,120,119,8,8
909,ATL,ESANTANA-R,125,141,7,7
909,WAS,JZIMMERMN-R,-145,-156,7,7
909,STL,MWACHA-R,-140,-140,7.5,7
909,CIN,MLEAKE-R,120,125,7.5,7
909,COL,CBERGMAN-R,150,162,7,7
909,NYM,JDEGROM-R,-170,-182,7,7
909,MIA,TKOEHLER-R,140,126,8,8
909,MIL,MGARZA-R,-160,-141,8,8
909,SDG,ACASHNER-R,120,110,7,7
909,LOS,RHERNANDZ-R,-140,-120,7,7
909,ARI,WMILEY-L,155,152,7,6.5
909,SFO,YPETIT-R,-175,-172,7,6.5
909,KAN,JVARGAS-L,140,150,7.5,7.5
909,DET,MSCHERZER-R,-160,-170,7.5,7.5
909,MIN,TMAY-R,155,151,8.5,9
909,CLE,TBAUER-R,-175,-171,8.5,9
909,TAM,CARCHER-R,110,117,7.5,7
909,NYY,HKURODA-R,-130,-127,7.5,7
909,BAL,CTILLMAN-R,-130,-124,9,9
909,BOS,ARANAUDO-R,110,114,9,9
909,LAA,HSANTIAGO-L,-160,-145,9.5,9.5
909,TEX,CLEWIS-R,140,130,9.5,9.5
909,OAK,JLESTER-L,-185,-200,8,8.5
909,CWS,JDANKS-L,165,170,8,8.5
909,HOU,CMCHUGH-R,140,130,7,7
909,SEA,RELIAS-L,-160,-145,7,7
909,CUB,JARRIETA-R,120,120,8,7.5
909,TOR,MBUEHRLE-L,-140,-135,8,7.5
910,ATL,AHARANG-R,170,175,7,7
910,WAS,STRASBURG-R,-200,-195,7,7
910,PIT,VWORLEY-R,-130,-150,8.5,8.5
910,PHI,JWILLIAMS-R,110,135,8.5,8.5
910,COL,TMATZEK-L,120,113,7.5,7
910,NYM,RMONTERO-R,-140,-123,7.5,7
910,STL,JLACKEY-R,-130,-134,7.5,8
910,CIN,ASIMON-R,110,119,7.5,8
910,MIA,JCOSART-R,110,115,8,8
910,MIL,WPERALTA-R,-130,-125,8,8
910,SDG,IKENNEDY-R,130,136,7,7
910,LOS,DHAREN-R,-150,-151,7,7
910,ARI,COLLMENTER-R,150,135,7,6.5
910,SFO,VOGELSONG-R,-170,-150,7,6.5
910,BAL,WCHEN-L,-135,-131,9,8.5
910,BOS,BWORKMAN-R,115,116,9,8.5
910,KAN,JSHIELDS-R,100,106,7.5,8.5
910,DET,RPORCELLO-R,-120,-116,7.5,8.5
910,TAM,JODORIZZI-R,-105,-108,8,7.5
910,NYY,CCAPUANO-L,-115,-102,8,7.5
910,LAA,SHOEMAKER-R,-165,-198,9.5,9.5
910,TEX,NTEPESCH-R,145,178,9.5,9.5
910,OAK,SAMARDZIJA-R,-170,-205,8.5,8.5
910,CWS,CBASSITT-R,150,175,8.5,8.5
910,HOU,NTROPEANO-R,210,215,7,7
910,SEA,HIWAKUMA-R,-250,-255,7,7
910,CUB,KHENDRICK-R,130,158,8.5,8
910,TOR,HUTCHISON-R,-150,-178,8.5,8
911,STL,LLYNN-R,105,102,7,7
911,CIN,JCUETO-R,-125,-112,7,7
911,ARI,RDELGADO-R,160,175,7.5,7
911,SFO,JPEAVY-R,-180,-205,7.5,7
911,PIT,FLIRIANO-L,-135,-140,7.5,7.5
911,PHI,ABURNETT-R,115,125,7.5,7.5
911,WAS,TROARK-R,-135,-120,7,7
911,NYM,BCOLON-R,115,110,7,7
911,MIA,NEOVALDI-R,140,139,8,7
911,MIL,MFIERS-R,-160,-154,8,7
911,MIN,KGIBSON-R,200,183,7.5,7
911,CLE,CKLUBER-R,-230,-213,7.5,7
911,OAK,SKAZMIR-L,105,137,7,7
911,CWS,CSALE-L,-125,-152,7,7
911,TAM,ACOBB-R,105,-105,7,7
911,NYY,MPINEDA-R,-125,-105,7,7
911,LAA,CRASMUS-R,-160,-190,9.5,9
911,TEX,NMARTINEZ-R,140,170,9.5,9
911,BOS,CBUCHHOLZ-R,120,114,8.5,7
911,KAN,LHENDRIKS-R,-140,-124,8.5,7
911,MIN,RNOLASCO-R,150,146,8.5,8
911,CLE,THOUSE-L,-170,-161,8.5,8
912,MIA,HALVAREZ-R,125,143,7,6.5
912,PHI,CHAMELS-L,-145,-158,7,6.5
912,CUB,TWADA-L,170,198,7,6.5
912,PIT,GCOLE-R,-190,-228,7,6.5
912,WAS,GGONZALEZ-L,-140,-144,7,6.5
912,NYM,DGEE-R,120,129,7,6.5
912,CIN,DCORCINO-R,120,170,7.5,8
912,MIL,KLOHSE-R,-140,-190,7.5,8
912,COL,JDELAROSA-L,170,210,7,6.5
912,STL,WAINWRIGHT-R,-200,-250,7,6.5
912,SDG,ESTULTS-L,115,119,7.5,7.5
912,ARI,VNUNO-L,-135,-134,7.5,7.5
912,LOS,HRYU-L,115,114,6.5,6.5
912,SFO,BUMGARNER-L,-135,-124,6.5,6.5
912,NYY,BMITCHELL-R,140,145,9,8
912,BAL,BNORRIS-R,-160,-160,9,8
912,TAM,NKARNS-R,120,115,8.5,8.5
912,TOR,JHAPP-L,-140,-130,8.5,8.5
912,CLE,CCARRASCO-R,140,140,7.5,7
912,DET,DPRICE-L,-160,-155,7.5,7
912,BOS,AWEBSTER-R,165,180,7.5,7
912,KAN,YVENTURA-R,-185,-210,7.5,7
912,HOU,OBERHOLTZR-L,170,170,8,9
912,LAA,CWILSON-L,-200,-190,8,9
912,OAK,JHAMMEL-R,130,129,7,7
912,SEA,JPAXTON-L,-150,-144,7,7
912,ATL,AWOOD-L,-140,-122,8,7
912,TEX,DHOLLAND-L,120,112,8,7
912,NYY,BMCCARTHY-R,115,111,8,7.5
912,BAL,KGAUSMAN-R,-135,-121,8,7.5
913,MIA,BHAND-L,120,107,8,7.5
913,PHI,KKENDRICK-R,-140,-117,8,7.5
913,CUB,FDOUBRONT-L,165,185,7.5,7
913,PIT,JLOCKE-L,-185,-215,7.5,7
913,CIN,DHOLMBERG-L,170,184,8.5,8.5
913,MIL,YGALLARDO-R,-200,-214,8.5,8.5
913,WAS,DFISTER-R,-120,-130,7,6.5
913,NYM,ZWHEELER-R,100,115,7,6.5
913,COL,FMORALES-L,175,170,7.5,7
913,STL,SMILLER-R,-205,-190,7.5,7
913,SDG,TROSS-R,-130,-110,7.5,7
913,ARI,CANDERSON-R,110,100,7.5,7
913,LOS,ZGREINKE-R,-120,-112,6.5,6.5
913,SFO,THUDSON-R,100,102,6.5,6.5
913,NYY,SGREENE-R,125,115,8,7.5
913,BAL,MGONZALEZ-R,-145,-130,8,7.5
913,TAM,HELLICKSON-R,115,113,8.5,8
913,TOR,RDICKEY-R,-135,-123,8.5,8
913,CLE,DSALAZAR-R,-105,-101,8,8
913,DET,KLOBSTEIN-L,-115,-109,8,8
913,MIN,LDARNELL-L,-111,113,9,8.5
913,CWS,SCARROLL-R,-109,-123,9,8.5
913,BOS,RDELAROSA-R,130,126,8,7
913,KAN,JGUTHRIE-R,-150,-141,8,7
913,HOU,SFELDMAN-R,190,205,8,8.5
913,LAA,JWEAVER-R,-220,-235,8,8.5
913,OAK,SGRAY-R,140,141,6,6
913,SEA,FHERNANDZ-R,-160,-156,6,6
913,ATL,JTEHERAN-R,-160,-161,8,7.5
913,TEX,LBONILLA-R,140,146,8,7.5
913,MIN,PHUGHES-R,-105,-105,7.5,7
913,CWS,JQUINTANA-L,-105,-105,7.5,7
914,WAS,JZIMMERMN-R,-145,-163,7,6
914,NYM,JNIESE-L,125,148,7,6
914,CUB,JTURNER-R,185,175,7.5,7
914,PIT,EVOLQUEZ-R,-215,-205,7.5,7
914,MIA,TKOEHLER-R,105,-105,8,7
914,PHI,DBUCHANAN-R,-125,-105,8,7
914,CIN,MLEAKE-R,145,135,8,7.5
914,MIL,MGARZA-R,-165,-150,8,7.5
914,COL,JLYLES-R,155,161,7.5,7.5
914,STL,MGONZALES-L,-175,-181,7.5,7.5
914,LOS,CKERSHAW-L,-180,-175,6,5.5
914,SFO,YPETIT-R,160,155,6,5.5
914,SDG,DESPAIGNE-R,110,107,8,8
914,ARI,TCAHILL-R,-130,-117,8,8
914,CLE,TBAUER-R,125,119,8.5,8
914,DET,VERLANDER-R,-145,-134,8.5,8
914,TAM,CARCHER-R,100,105,8,8
914,TOR,MBUEHRLE-L,-120,-115,8,8
914,NYY,HKURODA-R,130,115,7.5,7
914,BAL,CTILLMAN-R,-150,-125,7.5,7
914,BOS,JKELLY-R,140,145,8,7
914,KAN,JVARGAS-L,-160,-160,8,7
914,MIN,TMAY-R,120,118,9,8.5
914,CWS,HNOESI-R,-140,-128,9,8.5
914,HOU,DKEUCHEL-L,155,149,8.5,8.5
914,LAA,HSANTIAGO-L,-175,-164,8.5,8.5
914,OAK,JLESTER-L,-160,-159,7,7
914,SEA,CYOUNG-R,140,144,7,7
914,ATL,MMINOR-L,-140,-128,8,7.5
914,TEX,CLEWIS-R,120,118,8,7.5
915,WAS,STRASBURG-R,-120,-144,6.5,6.5
915,ATL,ESANTANA-R,100,129,6.5,6.5
915,MIA,JCOSART-R,125,145,6.5,6
915,NYM,JDEGROM-R,-145,-160,6.5,6
915,CIN,ASIMON-R,-115,118,7,7
915,CUB,TWOOD-L,-105,-128,7,7
915,LOS,RHERNANDZ-R,-140,-125,10.5,11
915,COL,CBERGMAN-R,120,115,10.5,11
915,SFO,VOGELSONG-R,-135,-105,8,8
915,ARI,WMILEY-L,115,-105,8,8
915,PHI,JWILLIAMS-R,145,160,6.5,6.5
915,SDG,ACASHNER-R,-165,-180,6.5,6.5
915,TOR,MSTROMAN-R,105,111,8,7.5
915,BAL,WCHEN-L,-125,-121,8,7.5
915,NYY,CCAPUANO-L,120,100,8,7.5
915,TAM,ACOLOME-R,-140,-110,8,7.5
915,DET,MSCHERZER-R,-170,-178,8,7.5
915,MIN,ASWARZAK-R,150,158,8,7.5
915,CWS,JDANKS-L,190,205,7.5,7
915,KAN,JSHIELDS-R,-220,-235,7.5,7
915,CLE,MCALLISTER-R,-135,112,8.5,8
915,HOU,CMCHUGH-R,115,-122,8.5,8
915,SEA,HIWAKUMA-R,110,101,7.5,7.5
915,LAA,SHOEMAKER-R,-130,-111,7.5,7.5
916,WAS,TROARK-R,-135,-125,7,7.5
916,ATL,AHARANG-R,115,115,7,7.5
916,MIA,NEOVALDI-R,125,128,6.5,6.5
916,NYM,BCOLON-R,-145,-143,6.5,6.5
916,CIN,JCUETO-R,-125,-114,6,6
916,CUB,JARRIETA-R,105,104,6,6
916,MIL,WPERALTA-R,140,140,7,7
916,STL,LLYNN-R,-160,-155,7,7
916,LOS,DHAREN-R,-140,-123,10.5,11
916,COL,TMATZEK-L,120,113,10.5,11
916,SFO,JPEAVY-R,-140,-120,7.5,7.5
916,ARI,COLLMENTER-R,120,110,7.5,7.5
916,PHI,ABURNETT-R,115,125,6.5,6.5
916,SDG,IKENNEDY-R,-135,-140,6.5,6.5
916,TOR,HUTCHISON-R,-105,-105,8.5,8
916,BAL,UJIMENEZ-R,-115,-105,8.5,8
916,NYY,MPINEDA-R,105,115,6.5,6.5
916,TAM,JODORIZZI-R,-125,-130,6.5,6.5
916,CLE,CKLUBER-R,-180,-180,7.5,7.5
916,HOU,NTROPEANO-R,160,160,7.5,7.5
916,CWS,CBASSITT-R,160,160,8,7.5
916,KAN,LHENDRIKS-R,-180,-180,8,7.5
916,DET,RPORCELLO-R,-145,-127,8.5,8
916,MIN,RNOLASCO-R,125,117,8.5,8
916,SEA,RELIAS-L,110,130,8.5,8.5
916,LAA,CRASMUS-R,-130,-145,8.5,8.5
916,TEX,NTEPESCH-R,200,225,7,7
916,OAK,SKAZMIR-L,-230,-265,7,7
916,BOS,ARANAUDO-R,150,170,7.5,7.5
916,PIT,CMORTON-R,-170,-190,7.5,7.5
917,LOS,CFRIAS-R,100,100,10.5,10.5
917,COL,JDELAROSA-L,-120,-110,10.5,10.5
917,SFO,BUMGARNER-L,-175,-191,7.5,7
917,ARI,ACHAFIN-L,155,171,7.5,7
917,WAS,BTREINEN-R,-105,164,6.5,6.5
917,ATL,AWOOD-L,-115,-184,6.5,6.5
917,MIA,HALVAREZ-R,105,119,6.5,6.5
917,NYM,DGEE-R,-125,-129,6.5,6.5
917,CIN,DCORCINO-R,125,175,7.5,7
917,CUB,KHENDRICK-R,-145,-195,7.5,7
917,MIL,MFIERS-R,130,135,6.5,6.5
917,STL,WAINWRIGHT-R,-150,-150,6.5,6.5
917,PHI,CHAMELS-L,-135,-147,6.5,6
917,SDG,ESTULTS-L,115,132,6.5,6
917,TOR,JHAPP-L,125,115,8,8
917,BAL,BNORRIS-R,-145,-125,8,8
917,NYY,BMCCARTHY-R,130,124,6.5,6
917,TAM,ACOBB-R,-150,-139,6.5,6
917,DET,DPRICE-L,-175,-172,7.5,7.5
917,MIN,KGIBSON-R,155,152,7.5,7.5
917,CLE,CCARRASCO-R,-135,-122,8,7.5
917,HOU,OBERHOLTZR-L,115,112,8,7.5
917,CWS,CSALE-L,-105,-103,6.5,6.5
917,KAN,YVENTURA-R,-115,-107,6.5,6.5
917,SEA,JPAXTON-L,110,110,8,8
917,LAA,CWILSON-L,-130,-120,8,8
917,TEX,DHOLLAND-L,175,170,7,6
917,OAK,SAMARDZIJA-R,-195,-190,7,6
917,BOS,CBUCHHOLZ-R,145,155,7,6.5
917,PIT,FLIRIANO-L,-165,-175,7,6.5
917,WAS,GGONZALEZ-L,-140,-162,7,7
917,MIA,BHAND-L,120,147,7,7
917,LOS,ZGREINKE-R,-165,-191,7,6.5
917,CUB,TWADA-L,145,171,7,6.5
917,MIL,KLOHSE-R,120,119,7,7.5
917,STL,SMILLER-R,-140,-134,7,7.5
917,ARI,VNUNO-L,100,111,10.5,10
917,COL,YFLANDE-L,-120,-121,10.5,10
917,PHI,KKENDRICK-R,105,146,7,6.5
917,SDG,RERLIN-L,-125,-161,7,6.5
918,TEX,NMARTINEZ-R,235,255,7.5,7.5
918,OAK,SGRAY-R,-275,-295,7.5,7.5
918,TOR,RDICKEY-R,-105,115,8,7.5
918,NYY,SGREENE-R,-115,-125,8,7.5
918,CLE,DSALAZAR-R,-135,-140,8,8
918,HOU,SFELDMAN-R,115,125,8,8
918,SEA,FHERNANDZ-R,-140,-265,6.5,6.5
918,LAA,WLEBLANC-L,120,225,6.5,6.5
918,BOS,BWORKMAN-R,180,205,7.5,7.5
918,PIT,GCOLE-R,-210,-245,7.5,7.5
919,LOS,CKERSHAW-L,-265,-350,7.5,7.5
919,CUB,EJACKSON-R,225,290,7.5,7.5
919,MIL,YGALLARDO-R,100,115,7.5,7.5
919,PIT,JLOCKE-L,-120,-125,7.5,7.5
919,WAS,DFISTER-R,-145,-158,7,7.5
919,MIA,TKOEHLER-R,125,143,7,7.5
919,NYM,ZWHEELER-R,125,125,6.5,6.5
919,ATL,JTEHERAN-R,-145,-140,6.5,6.5
919,ARI,CANDERSON-R,115,103,10,10.5
919,COL,JLYLES-R,-135,-113,10,10.5
919,CIN,DHOLMBERG-L,170,205,8,7.5
919,STL,JLACKEY-R,-200,-235,8,7.5
919,SFO,THUDSON-R,-135,-125,6.5,6.5
919,SDG,DESPAIGNE-R,115,115,6.5,6.5
919,TOR,MBUEHRLE-L,120,126,7.5,7
919,NYY,HKURODA-R,-140,-141,7.5,7
919,BOS,AWEBSTER-R,150,145,8,7.5
919,BAL,KGAUSMAN-R,-170,-160,8,7.5
919,CWS,JQUINTANA-L,120,117,7,7
919,TAM,HELLICKSON-R,-140,-132,7,7
919,CLE,TBAUER-R,105,130,7.5,8
919,MIN,PHUGHES-R,-125,-145,7.5,8
919,DET,VERLANDER-R,-105,114,8,8
919,KAN,JVARGAS-L,-115,-124,8,8
919,SEA,TWALKER-R,-140,-155,8.5,8.5
919,HOU,BPEACOCK-R,120,140,8.5,8.5
919,TEX,LBONILLA-R,180,171,8.5,8
919,LAA,HSANTIAGO-L,-210,-201,8.5,8
919,PHI,DBUCHANAN-R,205,255,7,7
919,OAK,JLESTER-L,-245,-295,7,7
920,LOS,RHERNANDZ-R,-145,-121,10.5,10.5
920,CUB,FDOUBRONT-L,125,111,10.5,10.5
920,ARI,TCAHILL-R,100,103,11,10.5
920,COL,EBUTLER-R,-120,-113,11,10.5
920,MIL,MGARZA-R,110,113,7.5,7.5
920,PIT,EVOLQUEZ-R,-130,-123,7.5,7.5
920,WAS,JZIMMERMN-R,-160,-180,6.5,6.5
920,MIA,JCOSART-R,140,160,6.5,6.5
920,NYM,JNIESE-L,115,118,7,7
920,ATL,MMINOR-L,-135,-128,7,7
920,CIN,MLEAKE-R,170,135,7,7
920,STL,MWACHA-R,-190,-150,7,7
920,SFO,YPETIT-R,-110,-115,6,6
920,SDG,ACASHNER-R,-110,105,6,6
920,TOR,MSTROMAN-R,-115,-124,8,8
920,NYY,CCAPUANO-L,-105,114,8,8
920,BOS,RDELAROSA-R,160,140,8,8
920,BAL,CTILLMAN-R,-180,-155,8,8
920,DET,MSCHERZER-R,100,-103,7,7
920,KAN,JSHIELDS-R,-120,-107,7,7
920,CLE,THOUSE-L,-130,-117,8.5,8.5
920,MIN,TMAY-R,110,107,8.5,8.5
920,CWS,HNOESI-R,150,150,7.5,7
920,TAM,CARCHER-R,-170,-170,7.5,7
920,SEA,CYOUNG-R,100,104,7.5,7.5
920,HOU,DKEUCHEL-L,-120,-114,7.5,7.5
920,TEX,CLEWIS-R,170,190,8,8
920,LAA,JWEAVER-R,-200,-220,8,8
920,PHI,JWILLIAMS-R,170,205,8,8
920,OAK,DPOMERANZ-L,-190,-245,8,8
921,WAS,STRASBURG-R,-170,-170,7,7
921,MIA,NEOVALDI-R,150,150,7,7
921,NYM,JDEGROM-R,100,105,6.5,6.5
921,ATL,ESANTANA-R,-120,-115,6.5,6.5
921,MIL,WPERALTA-R,110,125,7.5,8
921,PIT,VWORLEY-R,-130,-140,7.5,8
921,CIN,ASIMON-R,170,170,7,6.5
921,STL,LLYNN-R,-200,-190,7,6.5
921,LOS,JWRIGHT-R,-130,-140,8,7.5
921,CUB,JTURNER-R,110,125,8,7.5
921,SFO,VOGELSONG-R,-115,100,6.5,7
921,SDG,IKENNEDY-R,-105,-110,6.5,7
921,ARI,WMILEY-L,-114,-105,10.5,10
921,COL,CBERGMAN-R,-106,-105,10.5,10
921,TOR,HUTCHISON-R,150,126,7.5,7
921,NYY,MTANAKA-R,-170,-141,7.5,7
921,BOS,JKELLY-R,140,130,8,8.5
921,BAL,MGONZALEZ-R,-160,-145,8,8.5
921,CWS,JDANKS-L,140,154,8,7.5
921,TAM,NKARNS-R,-160,-174,8,7.5
921,CLE,CKLUBER-R,-165,-176,7.5,7.5
921,MIN,ASWARZAK-R,145,156,7.5,7.5
921,DET,RPORCELLO-R,-115,-108,8.5,7.5
921,KAN,JGUTHRIE-R,-105,-102,8.5,7.5
921,SEA,HIWAKUMA-R,-135,-141,7.5,7.5
921,HOU,CMCHUGH-R,115,126,7.5,7.5
921,TEX,NTEPESCH-R,170,175,8.5,8
921,LAA,CRASMUS-R,-190,-205,8.5,8
921,PHI,ABURNETT-R,185,173,7.5,7
921,OAK,SKAZMIR-L,-215,-203,7.5,7
922,PIT,FLIRIANO-L,-145,-155,6.5,6.5
922,ATL,AHARANG-R,125,140,6.5,6.5
922,STL,WAINWRIGHT-R,-170,-175,7,7
922,CUB,TWOOD-L,150,155,7,7
922,SFO,JPEAVY-R,100,102,7,7
922,LOS,DHAREN-R,-120,-112,7,7
922,COL,TMATZEK-L,105,116,6.5,6.5
922,SDG,ESTULTS-L,-125,-126,6.5,6.5
922,SEA,JPAXTON-L,-130,-107,8,7.5
922,TOR,JHAPP-L,110,-103,8,7.5
922,KAN,DDUFFY-L,100,110,7,6.5
922,CLE,CCARRASCO-R,-120,-120,7,6.5
922,CWS,CBASSITT-R,170,153,8.5,9
922,DET,KLOBSTEIN-L,-190,-173,8.5,9
922,BAL,WCHEN-L,105,112,7,7
922,NYY,MPINEDA-R,-125,-122,7,7
922,HOU,NTROPEANO-R,140,125,8,7.5
922,TEX,DHOLLAND-L,-160,-140,8,7.5
922,LAA,CWILSON-L,-150,131,7,7
922,OAK,SAMARDZIJA-R,130,-146,7,7
922,ARI,COLLMENTER-R,100,114,8,8
922,MIN,RNOLASCO-R,-120,-124,8,8
923,NYM,BCOLON-R,135,159,7,7
923,WAS,TROARK-R,-155,-179,7,7
923,PIT,GCOLE-R,-115,-102,6.5,6
923,ATL,AWOOD-L,-105,-108,6.5,6
923,MIL,MFIERS-R,110,100,6.5,6
923,CIN,JCUETO-R,-130,-110,6.5,6
923,PHI,CHAMELS-L,-129,-153,6.5,6.5
923,MIA,HALVAREZ-R,109,138,6.5,6.5
923,STL,SMILLER-R,-130,-115,7.5,7.5
923,CUB,KHENDRICK-R,110,105,7.5,7.5
923,SFO,BUMGARNER-L,120,116,6,6.5
923,LOS,ZGREINKE-R,-140,-126,6,6.5
923,COL,JDELAROSA-L,110,132,6.5,6
923,SDG,RERLIN-L,-130,-147,6.5,6
923,SEA,FHERNANDZ-R,-160,-180,7,7
923,TOR,RDICKEY-R,140,160,7,7
923,BAL,UJIMENEZ-R,125,159,7.5,7
923,NYY,BMCCARTHY-R,-145,-179,7.5,7
923,CWS,SCARROLL-R,215,270,8,8
923,DET,DPRICE-L,-255,-320,8,8
923,KAN,YVENTURA-R,-111,114,7,6.5
923,CLE,DSALAZAR-R,-109,-124,7,6.5
923,TAM,ACOBB-R,-115,-130,7.5,7.5
923,BOS,CBUCHHOLZ-R,-105,115,7.5,7.5
923,HOU,OBERHOLTZR-L,100,-110,8.5,9
923,TEX,NMARTINEZ-R,-120,100,8.5,9
923,LAA,WLEBLANC-L,170,145,7.5,7.5
923,OAK,SGRAY-R,-200,-160,7.5,7.5
923,ARI,ACHAFIN-L,125,119,8.5,8
923,MIN,KGIBSON-R,-145,-134,8.5,8
924,PIT,JLOCKE-L,100,116,6.5,6.5
924,ATL,JTEHERAN-R,-120,-126,6.5,6.5
924,PHI,KKENDRICK-R,110,109,7.5,7.5
924,MIA,BHAND-L,-130,-119,7.5,7.5
924,MIL,KLOHSE-R,-140,-135,7.5,7.5
924,CIN,DCORCINO-R,120,120,7.5,7.5
924,STL,JLACKEY-R,-125,-105,7,7
924,CUB,JARRIETA-R,105,-105,7,7
924,COL,YFLANDE-L,110,114,7,7
924,SDG,JWIELAND-R,-130,-124,7,7
924,SFO,THUDSON-R,200,220,6,6
924,LOS,CKERSHAW-L,-240,-260,6,6
924,BAL,BNORRIS-R,100,118,7.5,7
924,NYY,SGREENE-R,-120,-128,7.5,7
924,CWS,CSALE-L,105,-110,7,7
924,DET,VERLANDER-R,-125,100,7,7
924,LAA,HSANTIAGO-L,170,175,7.5,7.5
924,OAK,JLESTER-L,-190,-195,7.5,7.5
924,SEA,TWALKER-R,-105,109,8.5,8
924,TOR,MBUEHRLE-L,-105,-119,8.5,8
924,KAN,JVARGAS-L,-105,-118,7.5,7
924,CLE,TBAUER-R,-115,108,7.5,7
924,TAM,JODORIZZI-R,-125,-167,8,7.5
924,BOS,ARANAUDO-R,105,152,8,7.5
924,HOU,SFELDMAN-R,100,102,8.5,8
924,TEX,LBONILLA-R,-120,-112,8.5,8
924,ARI,VNUNO-L,132,154,7.5,7.5
924,MIN,PHUGHES-R,-152,-174,7.5,7.5
925,MIL,YGALLARDO-R,-150,-170,7.5,8
925,CIN,DHOLMBERG-L,130,150,7.5,8
925,PHI,DBUCHANAN-R,110,116,7.5,7
925,MIA,TKOEHLER-R,-130,-126,7.5,7
925,NYM,ZWHEELER-R,160,150,7,6.5
925,WAS,GGONZALEZ-L,-180,-170,7,6.5
925,PIT,EVOLQUEZ-R,-150,-127,7,7
925,ATL,DHALE-R,130,117,7,7
925,SDG,ACASHNER-R,130,116,6.5,6
925,SFO,YPETIT-R,-150,-131,6.5,6
925,SEA,TWILHELMS-R,105,-126,9,8
925,TOR,DNORRIS-L,-125,116,9,8
925,BAL,KGAUSMAN-R,105,125,7.5,7
925,NYY,HKURODA-R,-125,-140,7.5,7
925,MIN,TMAY-R,250,250,8,7.5
925,DET,MSCHERZER-R,-290,-290,8,7.5
925,TAM,HELLICKSON-R,-117,-124,8.5,8
925,BOS,AWEBSTER-R,-103,114,8.5,8
925,OAK,JHAMMEL-R,-145,-147,8.5,8.5
925,TEX,CLEWIS-R,125,132,8.5,8.5
925,KAN,JSHIELDS-R,-140,-140,7.5,7
925,CWS,JQUINTANA-L,120,125,7.5,7
925,NYM,DGEE-R,140,145,7.5,7
925,WAS,BTREINEN-R,-160,-160,7.5,7
926,MIA,JCOSART-R,173,170,7,7
926,WAS,DFISTER-R,-203,-200,7,7
926,MIA,AHEANEY-L,145,125,7.5,7
926,WAS,THILL-R,-165,-140,7.5,7
926,ATL,ESANTANA-R,-110,-116,7.5,7.5
926,PHI,JWILLIAMS-R,-110,106,7.5,7.5
926,PIT,VWORLEY-R,-140,-158,7,7
926,CIN,MLEAKE-R,120,143,7,7
926,CUB,EJOKISCH-L,140,129,8,8.5
926,MIL,JNELSON-R,-160,-144,8,8.5
926,STL,MWACHA-R,-165,-174,7.5,8.5
926,ARI,TCAHILL-R,145,154,7.5,8.5
926,COL,JLYLES-R,155,142,7.5,7.5
926,LOS,RHERNANDZ-R,-175,-157,7.5,7.5
926,SDG,IKENNEDY-R,145,103,6,6.5
926,SFO,VOGELSONG-R,-165,-113,6,6.5
926,TAM,CARCHER-R,130,168,6.5,6.5
926,CLE,CKLUBER-R,-150,-188,6.5,6.5
926,BAL,CTILLMAN-R,-105,119,8,7.5
926,TOR,HUTCHISON-R,-115,-129,8,7.5
926,MIN,ASWARZAK-R,170,173,8,8.5
926,DET,RPORCELLO-R,-200,-203,8,8.5
926,NYY,CCAPUANO-L,-114,125,8.5,8
926,BOS,SWRIGHT-R,-106,-140,8.5,8
926,OAK,SKAZMIR-L,-160,-174,8,8
926,TEX,NTEPESCH-R,140,154,8,8
926,KAN,JGUTHRIE-R,-140,-142,8,8
926,CWS,HNOESI-R,120,127,8,8
926,LAA,JWEAVER-R,110,119,6.5,7
926,SEA,HIWAKUMA-R,-130,-134,6.5,7
926,HOU,BPEACOCK-R,140,136,7.5,7
926,NYM,JNIESE-L,-160,-151,7.5,7
927,MIA,NEOVALDI-R,160,210,6.5,6.5
927,WAS,STRASBURG-R,-180,-250,6.5,6.5
927,SDG,ESTULTS-L,165,140,7,7
927,SFO,JPEAVY-R,-185,-155,7,7
927,PIT,FLIRIANO-L,-160,-164,7,7
927,CIN,ASIMON-R,140,149,7,7
927,ATL,AHARANG-R,100,107,7.5,7.5
927,PHI,ABURNETT-R,-120,-117,7.5,7.5
927,CUB,TWADA-L,130,149,7.5,8
927,MIL,WPERALTA-R,-150,-164,7.5,8
927,STL,LLYNN-R,-150,-146,7.5,7.5
927,ARI,WMILEY-L,130,131,7.5,7.5
927,COL,EBUTLER-R,155,170,7.5,7
927,LOS,DHAREN-R,-175,-190,7.5,7
927,BAL,WCHEN-L,-112,103,8,8
927,TOR,JHAPP-L,-108,-113,8,8
927,NYY,MTANAKA-R,-145,-133,7.5,7.5
927,BOS,JKELLY-R,125,118,7.5,7.5
927,TAM,ACOLOME-R,145,149,7,7
927,CLE,CCARRASCO-R,-165,-164,7,7
927,MIN,RNOLASCO-R,170,151,8.5,8.5
927,DET,KLOBSTEIN-L,-190,-171,8.5,8.5
927,KAN,DDUFFY-L,-180,-159,7.5,8
927,CWS,JDANKS-L,160,144,7.5,8
927,OAK,SAMARDZIJA-R,-144,-200,7.5,8
927,TEX,SBAKER-R,124,170,7.5,8
927,LAA,CWILSON-L,115,114,7.5,7
927,SEA,JPAXTON-L,-135,-124,7.5,7
927,HOU,SDEDUNO-R,130,127,7.5,7.5
927,NYM,RMONTERO-R,-150,-142,7.5,7.5
928,PIT,GCOLE-R,-125,-115,6.5,6.5
928,CIN,JCUETO-R,105,105,6.5,6.5
928,MIA,HALVAREZ-R,145,176,7,7
928,WAS,JZIMMERMN-R,-165,-196,7,7
928,ATL,JRUSSELL-L,110,153,6.5,6.5
928,PHI,CHAMELS-L,-130,-168,6.5,6.5
928,CUB,JTURNER-R,155,151,7.5,7.5
928,MIL,MFIERS-R,-175,-171,7.5,7.5
928,SDG,RERLIN-L,108,110,7.5,7.5
928,SFO,CHESTON-R,-128,-120,7.5,7.5
928,COL,CBERGMAN-R,200,190,7,7
928,LOS,ZGREINKE-R,-230,-220,7,7
928,STL,NGREENWOO-L,-170,135,7.5,8.5
928,ARI,COLLMENTER-R,150,-150,7.5,8.5
928,MIN,KGIBSON-R,200,216,7.5,7.5
928,DET,DPRICE-L,-230,-256,7.5,7.5
928,TAM,ACOBB-R,-115,-145,6.5,6.5
928,CLE,THOUSE-L,-105,130,6.5,6.5
928,BAL,MGONZALEZ-R,105,109,8,8
928,TOR,RDICKEY-R,-125,-119,8,8
928,NYY,MPINEDA-R,-115,108,7.5,7.5
928,BOS,CBUCHHOLZ-R,-105,-118,7.5,7.5
928,KAN,YVENTURA-R,-160,-190,7.5,7.5
928,CWS,CBASSITT-R,140,170,7.5,7.5
928,OAK,SGRAY-R,-180,-191,8,8.5
928,TEX,NMARTINEZ-R,160,171,8,8.5
928,LAA,CRASMUS-R,168,170,6.5,7
928,SEA,FHERNANDZ-R,-188,-200,6.5,7
928,HOU,NTROPEANO-R,130,145,7.5,7
928,NYM,BCOLON-R,-150,-160,7.5,7
929,OAK,JLESTER-L,-108,-110,6.5,6.5
929,KAN,JSHIELDS-R,-112,100,6.5,6.5
1001,SFO,BUMGARNER-L,-107,-112,6,6.5
1001,PIT,EVOLQUEZ-R,-113,102,6,6.5
1002,DET,MSCHERZER-R,-122,-120,7,7
1002,BAL,CTILLMAN-R,102,110,7,7
1002,KAN,JVARGAS-L,155,172,8,7.5
1002,LAA,JWEAVER-R,-175,-192,8,7.5
1003,SFO,JPEAVY-R,160,170,6.5,7
1003,WAS,STRASBURG-R,-180,-190,6.5,7
1003,STL,WAINWRIGHT-R,180,164,5.5,6
1003,LOS,CKERSHAW-L,-210,-184,5.5,6
1003,DET,VERLANDER-R,-120,110,7.5,8
1003,BAL,WCHEN-L,100,-120,7.5,8
1003,KAN,YVENTURA-R,160,150,7.5,7.5
1003,LAA,SHOEMAKER-R,-180,-170,7.5,7.5
1004,SFO,THUDSON-R,170,170,7,7
1004,WAS,JZIMMERMN-R,-200,-200,7,7
1004,STL,LLYNN-R,140,160,6.5,7
1004,LOS,ZGREINKE-R,-160,-180,6.5,7
1005,BAL,BNORRIS-R,155,151,7.5,7.5
1005,DET,DPRICE-L,-175,-171,7.5,7.5
1005,LAA,CWILSON-L,115,118,7,7.5
1005,KAN,JSHIELDS-R,-135,-128,7,7.5
1006,LOS,HRYU-L,-105,-105,7.5,7.5
1006,STL,JLACKEY-R,-105,-105,7.5,7.5
1006,WAS,DFISTER-R,120,125,6,7
1006,SFO,BUMGARNER-L,-140,-140,6,7
1007,LOS,CKERSHAW-L,-165,-171,6.5,6.5
1007,STL,SMILLER-R,145,151,6.5,6.5
1007,WAS,GGONZALEZ-L,-120,-149,6.5,7
1007,SFO,VOGELSONG-R,100,134,6.5,7
1010,KAN,JSHIELDS-R,100,112,7,7
1010,BAL,CTILLMAN-R,-120,-122,7,7
1011,SFO,BUMGARNER-L,112,104,6.5,6
1011,STL,WAINWRIGHT-R,-132,-114,6.5,6
1011,KAN,YVENTURA-R,102,108,7.5,7
1011,BAL,BNORRIS-R,-122,-118,7.5,7
1012,SFO,JPEAVY-R,-101,125,7,6.5
1012,STL,LLYNN-R,-119,-140,7,6.5
1014,STL,JLACKEY-R,-103,109,7,7
1014,SFO,THUDSON-R,-117,-119,7,7
1014,BAL,WCHEN-L,-113,-101,7.5,7
1014,KAN,JGUTHRIE-R,-107,-109,7.5,7
1015,STL,SMILLER-R,100,103,7,7
1015,SFO,VOGELSONG-R,-120,-113,7,7
1015,BAL,MGONZALEZ-R,100,116,7.5,7
1015,KAN,JVARGAS-L,-120,-131,7.5,7
1016,STL,WAINWRIGHT-R,105,140,6,6
1016,SFO,BUMGARNER-L,-125,-155,6,6
1021,SFO,BUMGARNER-L,-105,-105,6.5,6.5
1021,KAN,JSHIELDS-R,-105,-105,6.5,6.5
1022,SFO,JPEAVY-R,-112,119,7,7
1022,KAN,YVENTURA-R,-108,-134,7,7
1024,KAN,JGUTHRIE-R,-130,115,7,7
1024,SFO,THUDSON-R,110,-125,7,7
1025,KAN,JVARGAS-L,105,-109,7,7
1025,SFO,VOGELSONG-R,-125,-101,7,7
1026,KAN,JSHIELDS-R,143,153,6.5,6.5
1026,SFO,BUMGARNER-L,-163,-173,6.5,6.5
1028,SFO,JPEAVY-R,119,129,7,7
1028,KAN,YVENTURA-R,-139,-144,7,7
1029,SFO,THUDSON-R,105,125,7,7
1029,KAN,JGUTHRIE-R,-125,-140,7,7
