Date,Team,Pitcher,Open,Close,OpenOU,CloseOU
402,SFO,MBUMGARNER-L,-130,-144,8,8.5
402,ARI,ZGREINKE-R,110,129,8,8.5
402,CUB,JLESTER-L,-125,-126,7.5,7
402,STL,CMARTINEZ-R,105,116,7.5,7
402,NYY,MTANAKA-R,-120,-110,7,7
402,TAM,CARCHER-R,100,100,7,7
403,MIA,EVOLQUEZ-R,180,185,7.5,8.5
403,WAS,SSTRASBURG-R,-210,-215,7.5,8.5
403,ATL,JTEHERAN-R,135,163,6.5,7
403,NYM,NSYNDERGAARD-R,-155,-183,6.5,7
403,COL,JGRAY-R,-101,-125,8.5,8.5
403,MIL,JGUERRA-R,-119,115,8.5,8.5
403,SDG,JCHACIN-R,300,300,6,6.5
403,LOS,CKERSHAW-L,-360,-360,6,6.5
403,PHI,JHELLICKSON-R,-105,101,9,8.5
403,CIN,SFELDMAN-R,-115,-111,9,8.5
403,SEA,FHERNANDEZ-R,105,141,8,8.5
403,HOU,DKEUCHEL-L,-125,-156,8,8.5
403,TOR,MESTRADA-R,-110,116,8.5,8.5
403,BAL,KGAUSMAN-R,-110,-131,8.5,8.5
403,KAN,DDUFFY-L,-105,-107,8,8
403,MIN,ESANTANA-R,-115,-103,8,8
403,CLE,CKLUBER-R,105,-109,8,8
403,TEX,YDARVISH-R,-125,-101,8,8
403,LAA,RNOLASCO-R,-115,-110,8,8
403,OAK,KGRAVEMAN-R,-105,100,8,8
403,PIT,GCOLE-R,145,130,9,8.5
403,BOS,RPORCELLO-R,-165,-145,9,8.5
404,COL,TANDERSON-L,-105,-108,8.5,8
404,MIL,ZDAVIES-R,-115,-102,8.5,8
404,CUB,JARRIETA-R,-150,-145,7.5,7
404,STL,AWAINWRIGHT-R,130,130,7.5,7
404,SFO,JCUETO-R,-150,-134,9,9
404,ARI,PCORBIN-L,130,119,9,9
404,SDG,CRICHARD-L,180,203,7.5,7.5
404,LOS,KMAEDA-R,-210,-233,7.5,7.5
404,NYY,CSABATHIA-L,100,104,7.5,7.5
404,TAM,JODORIZZI-R,-120,-114,7.5,7.5
404,CLE,CCARRASCO-R,-125,-168,9,9
404,TEX,MPEREZ-L,105,153,9,9
404,SEA,HIWAKUMA-R,105,145,8.5,8.5
404,HOU,LMCCULLERS-R,-125,-160,8.5,8.5
404,LAA,MSHOEMAKER-R,100,-117,7.5,7.5
404,OAK,SMANAEA-L,-120,107,7.5,7.5
404,DET,JVERLANDER-R,-125,-125,7.5,7.5
404,CWS,JQUINTANA-L,105,115,7.5,7.5
405,MIA,DSTRAILY-R,161,145,8,8.5
405,WAS,TROARK-R,-181,-160,8,8.5
405,PHI,JEICKHOFF-R,-109,-105,9,8.5
405,CIN,BFINNEGAN-L,-111,-105,9,8.5
405,ATL,BCOLON-R,170,175,7,7
405,NYM,JDEGROM-R,-200,-205,7,7
405,COL,TCHATWOOD-R,-114,-128,9,9
405,MIL,WPERALTA-R,-106,118,9,9
405,SFO,MMOORE-L,-126,-101,9.5,9.5
405,ARI,TWALKER-R,106,-109,9.5,9.5
405,SDG,TCAHILL-R,220,205,7,7.5
405,LOS,RHILL-L,-260,-245,7,7.5
405,KAN,IKENNEDY-R,-109,107,8.5,8.5
405,MIN,HSANTIAGO-L,-111,-117,8.5,8.5
405,NYY,MPINEDA-R,-105,-135,7.5,7.5
405,TAM,ACOBB-R,-115,120,7.5,7.5
405,TOR,JHAPP-L,-111,107,9,8.5
405,BAL,DBUNDY-R,-109,-117,9,8.5
405,CLE,DSALAZAR-R,-102,-115,8.5,8
405,TEX,CHAMELS-L,-118,105,8.5,8
405,SEA,JPAXTON-L,-120,-103,9,7.5
405,HOU,CMORTON-R,100,-107,9,7.5
405,LAA,GRICHARDS-R,-118,-108,7.5,8.5
405,OAK,JCOTTON-R,-102,-102,7.5,8.5
405,PIT,JTAILLON-R,171,150,8.5,7.5
405,BOS,CSALE-L,-201,-165,8.5,7.5
406,PHI,CBUCHHOLZ-R,-114,117,8.5,9
406,CIN,RDAVIS-R,-106,-127,8.5,9
406,COL,ASENZATELA-R,-115,-107,9.5,9.5
406,MIL,CANDERSON-R,-105,-103,9.5,9.5
406,SDG,JWEAVER-R,195,210,8,8.5
406,LOS,BMCCARTHY-R,-225,-250,8,8.5
406,MIA,TKOEHLER-R,145,155,8.5,9
406,WAS,GGONZALEZ-L,-165,-175,8.5,9
406,ATL,JGARCIA-L,155,125,7.5,7
406,NYM,MHARVEY-R,-175,-140,7.5,7
406,SFO,JSAMARDZIJA-R,-120,100,9.5,9.5
406,ARI,RRAY-L,100,-110,9.5,9.5
406,KAN,JHAMMEL-R,-105,-103,8.5,8
406,MIN,KGIBSON-R,-115,-107,8.5,8
406,DET,MBOYD-L,-129,-113,8.5,9
406,CWS,JSHIELDS-R,109,103,8.5,9
406,LAA,TSKAGGS-L,-114,-101,8.5,8
406,OAK,ATRIGGS-R,-106,-109,8.5,8
406,TOR,MSTROMAN-R,-130,-139,7.5,8
406,TAM,BSNELL-L,110,124,7.5,8
406,SEA,AMIRANDA-L,130,142,8.5,9
406,HOU,JMUSGROVE-R,-150,-157,8.5,9
406,CUB,JLACKEY-R,-125,-126,7.5,7.5
406,STL,LLYNN-R,105,116,7.5,7.5
407,ATL,MFOLTYNEWICZ-R,120,128,8,8
407,PIT,INOVA-R,-140,-143,8,8
407,WAS,MSCHERZER-R,-165,-175,7,7
407,PHI,VVELASQUEZ-R,145,155,7,7
407,LOS,HRYU-L,-105,-154,11.5,12.5
407,COL,KFREELAND-L,-105,139,11.5,12.5
407,SFO,MCAIN-R,-130,-103,8,8.5
407,SDG,LPERDOMO-R,110,-107,8,8.5
407,MIA,WCHEN-L,125,-114,7.5,7.5
407,NYM,ZWHEELER-R,-145,104,7.5,7.5
407,CUB,BANDERSON-L,-140,-182,9,9
407,MIL,JNELSON-R,120,162,9,9
407,CIN,AGARRETT-L,145,152,8,8
407,STL,MLEAKE-R,-165,-167,8,8
407,BOS,SWRIGHT-R,100,118,8,8
407,DET,MFULMER-R,-120,-133,8,8
407,NYY,LSEVERINO-R,100,-106,9,8.5
407,BAL,UJIMENEZ-R,-120,-104,9,8.5
407,TOR,FLIRIANO-L,-125,-114,8,7.5
407,TAM,MANDRIESE-R,105,104,8,7.5
407,OAK,RALCANTARA-R,145,142,9.5,10
407,TEX,AGRIFFIN-R,-165,-157,9.5,10
407,MIN,PHUGHES-R,100,101,8.5,8.5
407,CWS,DHOLLAND-L,-120,-111,8.5,8.5
407,KAN,JVARGAS-L,140,130,8.5,9
407,HOU,MFIERS-R,-160,-145,8.5,9
407,SEA,YGALLARDO-R,100,115,8.5,8.5
407,LAA,JCHAVEZ-R,-120,-130,8.5,8.5
407,CLE,JTOMLIN-R,-140,-133,9.5,10
407,ARI,SMILLER-R,120,118,9.5,10
408,CIN,BARROYO-R,160,175,8,8.5
408,STL,MWACHA-R,-180,-205,8,8.5
408,WAS,JGUTHRIE-R,-115,100,8.5,8.5
408,PHI,ANOLA-R,-105,-110,8.5,8.5
408,ATL,RDICKEY-R,120,137,7.5,8.5
408,PIT,CKUHL-R,-140,-152,7.5,8.5
408,MIA,ACONLEY-L,110,109,7.5,8
408,NYM,RGSELLMAN-R,-130,-119,7.5,8
408,CUB,KHENDRICKS-R,-200,-240,8.5,9
408,MIL,TMILONE-L,170,200,8.5,9
408,LOS,CKERSHAW-L,-200,-215,9,9
408,COL,JGRAY-R,170,185,9,9
408,SFO,MBUMGARNER-L,-220,-215,7,7.5
408,SDG,JCHACIN-R,190,185,7,7.5
408,MIN,AMEJIA-L,100,108,8.5,9
408,CWS,MGONZALEZ-R,-120,-118,8.5,9
408,BOS,ERODRIGUEZ-L,105,108,9,8.5
408,DET,JZIMMERMANN-R,-125,-118,9,8.5
408,KAN,DDUFFY-L,140,153,7.5,7.5
408,HOU,DKEUCHEL-L,-160,-173,7.5,7.5
408,NYY,MTANAKA-R,100,101,8,7.5
408,BAL,KGAUSMAN-R,-120,-111,8,7.5
408,OAK,KGRAVEMAN-R,155,150,8.5,9
408,TEX,YDARVISH-R,-175,-170,8.5,9
408,TOR,ASANCHEZ-R,-114,110,7,7.5
408,TAM,CARCHER-R,-106,-120,7,7.5
408,SEA,FHERNANDEZ-R,-130,-126,8,8
408,LAA,RNOLASCO-R,110,116,8,8
408,CLE,TBAUER-R,-107,-110,9,9.5
408,ARI,ZGREINKE-R,-113,100,9,9.5
409,ATL,JTEHERAN-R,120,116,7,7.5
409,PIT,GCOLE-R,-140,-131,7,7.5
409,WAS,SSTRASBURG-R,-165,-165,7,8
409,PHI,JHELLICKSON-R,145,150,7,8
409,CUB,JARRIETA-R,-200,-176,8,8
409,MIL,ZDAVIES-R,170,156,8,8
409,CIN,SFELDMAN-R,180,161,8,8
409,STL,CMARTINEZ-R,-210,-181,8,8
409,LOS,KMAEDA-R,-115,-116,11,10
409,COL,TANDERSON-L,-105,106,11,10
409,SFO,JCUETO-R,-155,-163,7.5,7
409,SDG,CRICHARD-L,135,148,7.5,7
409,MIA,EVOLQUEZ-R,170,170,6.5,7
409,NYM,NSYNDERGAARD-R,-200,-190,6.5,7
409,TOR,MESTRADA-R,-115,-116,7.5,8
409,TAM,JODORIZZI-R,-105,106,7.5,8
409,BOS,RPORCELLO-R,-140,102,8.5,8.5
409,DET,DNORRIS-L,120,-112,8.5,8.5
409,NYY,CSABATHIA-L,-114,118,8.5,8.5
409,BAL,WMILEY-L,-106,-128,8.5,8.5
409,OAK,SMANAEA-L,105,-125,9.5,10
409,TEX,MPEREZ-L,-125,115,9.5,10
409,MIN,ESANTANA-R,100,120,8,8
409,CWS,JQUINTANA-L,-120,-135,8,8
409,KAN,NKARNS-R,180,170,8,8.5
409,HOU,LMCCULLERS-R,-210,-200,8,8.5
409,SEA,HIWAKUMA-R,100,118,8,8.5
409,LAA,MSHOEMAKER-R,-120,-128,8,8.5
409,CLE,CKLUBER-R,-160,-172,9.5,9.5
409,ARI,PCORBIN-L,140,152,9.5,9.5
410,ARI,TWALKER-R,120,118,8.5,8
410,SFO,MMOORE-L,-140,-128,8.5,8
410,NYM,JDEGROM-R,-150,-147,7.5,8
410,PHI,JEICKHOFF-R,130,132,7.5,8
410,STL,AWAINWRIGHT-R,115,110,8,8.5
410,WAS,TROARK-R,-135,-120,8,8.5
410,CIN,BFINNEGAN-L,125,128,8,8.5
410,PIT,TGLASNOW-R,-145,-143,8,8.5
410,LOS,AWOOD-L,160,136,9.5,7
410,CUB,JLESTER-L,-180,-151,9.5,7
410,SDG,JCOSART-R,155,165,11,11
410,COL,TCHATWOOD-R,-175,-185,11,11
410,BOS,CSALE-L,-105,-110,7.5,7.5
410,DET,JVERLANDER-R,-105,100,7.5,7.5
410,OAK,JCOTTON-R,115,107,8.5,8.5
410,KAN,IKENNEDY-R,-135,-117,8.5,8.5
410,HOU,CMORTON-R,110,123,8,7.5
410,SEA,JPAXTON-L,-130,-138,8,7.5
410,TAM,ACOBB-R,115,121,8,8
410,NYY,MPINEDA-R,-135,-136,8,8
411,ATL,BCOLON-R,115,119,8.5,8.5
411,MIA,DSTRAILY-R,-135,-129,8.5,8.5
411,STL,LLYNN-R,120,125,8.5,8.5
411,WAS,GGONZALEZ-L,-140,-140,8.5,8.5
411,NYM,MHARVEY-R,-140,-146,8,9
411,PHI,CBUCHHOLZ-R,120,131,8,9
411,CIN,RDAVIS-R,155,163,8,8.5
411,PIT,JTAILLON-R,-175,-183,8,8.5
411,SDG,JWEAVER-R,155,160,11.5,12
411,COL,ASENZATELA-R,-175,-180,11.5,12
411,ARI,RRAY-L,115,102,8,7.5
411,SFO,JSAMARDZIJA-R,-135,-112,8,7.5
411,MIN,HSANTIAGO-L,115,116,8.5,9.5
411,DET,MBOYD-L,-135,-131,8.5,9.5
411,CWS,JSHIELDS-R,180,255,8.5,8.5
411,CLE,CCARRASCO-R,-210,-295,8.5,8.5
411,BAL,DBUNDY-R,115,105,9.5,9
411,BOS,DPOMERANZ-L,-135,-115,9.5,9
411,TEX,CHAMELS-L,-114,104,8,8
411,LAA,TSKAGGS-L,-106,-114,8,8
411,HOU,JMUSGROVE-R,-120,-128,8,8.5
411,SEA,AMIRANDA-L,100,118,8,8.5
411,MIL,WPERALTA-R,155,151,9,8
411,TOR,JHAPP-L,-175,-166,9,8
412,SDG,ZLEE-R,146,138,12,12
412,COL,KFREELAND-L,-166,-153,12,12
412,CIN,AGARRETT-L,131,132,8,8
412,PIT,INOVA-R,-151,-147,8,8
412,NYM,ZWHEELER-R,-109,108,8.5,8
412,PHI,VVELASQUEZ-R,-111,-118,8.5,8
412,STL,MLEAKE-R,171,160,7.5,8
412,WAS,MSCHERZER-R,-201,-180,7.5,8
412,ATL,JGARCIA-L,106,-101,8.5,8
412,MIA,TKOEHLER-R,-126,-109,8.5,8
412,LOS,BMCCARTHY-R,121,116,7.5,7
412,CUB,JLACKEY-R,-141,-126,7.5,7
412,ARI,SMILLER-R,111,101,8,8.5
412,SFO,MCAIN-R,-131,-111,8,8.5
412,MIN,KGIBSON-R,136,122,8.5,8.5
412,DET,MFULMER-R,-156,-137,8.5,8.5
412,CWS,DHOLLAND-L,201,220,8.5,8
412,CLE,DSALAZAR-R,-241,-260,8.5,8
412,TAM,BSNELL-L,106,115,8.5,8
412,NYY,JMONTGOMERY-L,-126,-125,8.5,8
412,BAL,UJIMENEZ-R,131,122,9.5,9.5
412,BOS,SWRIGHT-R,-151,-137,9.5,9.5
412,OAK,ATRIGGS-R,101,106,8.5,8.5
412,KAN,JHAMMEL-R,-121,-116,8.5,8.5
412,TEX,AGRIFFIN-R,116,122,8.5,8.5
412,LAA,JCHAVEZ-R,-136,-137,8.5,8.5
412,HOU,MFIERS-R,-121,-123,8.5,8.5
412,SEA,YGALLARDO-R,101,113,8.5,8.5
412,MIL,CANDERSON-R,171,188,8.5,8.5
412,TOR,MSTROMAN-R,-191,-218,8.5,8.5
413,NYM,RGSELLMAN-R,110,118,8,8
413,MIA,WCHEN-L,-130,-128,8,8
413,LOS,HRYU-L,120,111,7.5,7
413,CUB,BANDERSON-L,-140,-121,7.5,7
413,MIL,JNELSON-R,-105,-114,9,9
413,CIN,BARROYO-R,-115,104,9,9
413,COL,JGRAY-R,160,152,6.5,6.5
413,SFO,MBUMGARNER-L,-180,-172,6.5,6.5
413,CWS,MGONZALEZ-R,170,175,8.5,8
413,CLE,JTOMLIN-R,-200,-205,8.5,8
413,MIN,PHUGHES-R,130,118,8.5,8.5
413,DET,JZIMMERMANN-R,-150,-128,8.5,8.5
413,TEX,YDARVISH-R,-125,-129,8,8
413,LAA,RNOLASCO-R,105,119,8,8
413,TAM,MANDRIESE-R,110,127,8.5,8
413,NYY,LSEVERINO-R,-130,-142,8.5,8
413,BAL,KGAUSMAN-R,-105,109,8.5,8.5
413,TOR,FLIRIANO-L,-115,-119,8.5,8.5
413,OAK,JHAHN-R,110,123,8.5,9
413,KAN,JVARGAS-L,-130,-138,8.5,9
413,PIT,CKUHL-R,130,150,9.5,9.5
413,BOS,ERODRIGUEZ-L,-150,-170,9.5,9.5
414,PIT,GCOLE-R,155,145,7,7
414,CUB,KHENDRICKS-R,-175,-160,7,7
414,NYM,NSYNDERGAARD-R,-140,-161,7,7.5
414,MIA,EVOLQUEZ-R,120,146,7,7.5
414,PHI,ANOLA-R,180,162,8,7.5
414,WAS,SSTRASBURG-R,-210,-182,8,7.5
414,SDG,JCHACIN-R,135,126,7.5,8
414,ATL,JTEHERAN-R,-155,-141,7.5,8
414,MIL,TMILONE-L,120,103,9,9
414,CIN,SFELDMAN-R,-140,-113,9,9
414,ARI,ZGREINKE-R,190,215,6,6
414,LOS,CKERSHAW-L,-220,-255,6,6
414,COL,TANDERSON-L,140,127,7,6.5
414,SFO,JCUETO-R,-160,-142,7,6.5
414,DET,DNORRIS-L,110,141,8.5,8.5
414,CLE,TBAUER-R,-130,-156,8.5,8.5
414,BAL,WMILEY-L,135,121,8.5,8
414,TOR,ASANCHEZ-R,-155,-136,8.5,8
414,TAM,CARCHER-R,125,117,8.5,8
414,BOS,RPORCELLO-R,-145,-127,8.5,8
414,CWS,DCOVEY-R,115,146,9,9.5
414,MIN,AMEJIA-L,-135,-161,9,9.5
414,LAA,JRAMIREZ-R,135,116,8.5,9
414,KAN,DDUFFY-L,-155,-131,8.5,9
414,HOU,DKEUCHEL-L,-135,-118,7.5,7.5
414,OAK,KGRAVEMAN-R,115,108,7.5,7.5
414,TEX,MPEREZ-L,125,120,8,7.5
414,SEA,FHERNANDEZ-R,-145,-135,8,7.5
414,STL,MWACHA-R,110,117,8,7.5
414,NYY,MTANAKA-R,-130,-127,8,7.5
415,NYM,JDEGROM-R,-140,-121,7.5,7.5
415,MIA,ACONLEY-L,120,111,7.5,7.5
415,PHI,JHELLICKSON-R,140,140,8.5,8
415,WAS,TROARK-R,-160,-155,8.5,8
415,MIL,ZDAVIES-R,120,101,8.5,8.5
415,CIN,BFINNEGAN-L,-140,-111,8.5,8.5
415,PIT,TGLASNOW-R,220,216,9.5,10.5
415,CUB,JARRIETA-R,-260,-256,9.5,10.5
415,COL,TCHATWOOD-R,105,115,8,7.5
415,SFO,MMOORE-L,-125,-130,8,7.5
415,SDG,CRICHARD-L,105,-105,8,8.5
415,ATL,RDICKEY-R,-125,-105,8,8.5
415,ARI,PCORBIN-L,150,160,8,7.5
415,LOS,KMAEDA-R,-170,-180,8,7.5
415,DET,JVERLANDER-R,125,150,7.5,8
415,CLE,CKLUBER-R,-145,-165,7.5,8
415,BAL,AASHER-R,125,112,8.5,9
415,TOR,MESTRADA-R,-145,-122,8.5,9
415,LAA,MSHOEMAKER-R,-114,-115,8.5,9
415,KAN,NKARNS-R,-106,105,8.5,9
415,CWS,JQUINTANA-L,120,103,8,7
415,MIN,ESANTANA-R,-140,-113,8,7
415,TAM,JODORIZZI-R,170,190,7.5,8.5
415,BOS,CSALE-L,-200,-220,7.5,8.5
415,HOU,LMCCULLERS-R,-145,-155,8,7.5
415,OAK,SMANAEA-L,125,140,8,7.5
415,TEX,ACASHNER-R,150,160,8,7.5
415,SEA,JPAXTON-L,-170,-180,8,7.5
415,STL,CMARTINEZ-R,100,-142,8,8
415,NYY,CSABATHIA-L,-120,127,8,8
416,NYM,MHARVEY-R,-135,-109,8,8.5
416,MIA,DSTRAILY-R,115,-101,8,8.5
416,PHI,JEICKHOFF-R,145,160,8,9
416,WAS,GGONZALEZ-L,-165,-180,8,9
416,MIL,WPERALTA-R,-112,105,9,9
416,CIN,SROMANO-R,-108,-115,9,9
416,SDG,TCAHILL-R,115,118,8,8
416,ATL,BCOLON-R,-135,-128,8,8
416,PIT,JTAILLON-R,155,148,8.5,8
416,CUB,JLESTER-L,-175,-163,8.5,8
416,COL,ASENZATELA-R,105,119,7.5,7.5
416,SFO,JSAMARDZIJA-R,-125,-134,7.5,7.5
416,ARI,TWALKER-R,165,176,7.5,8
416,LOS,RHILL-L,-185,-196,7.5,8
416,DET,MBOYD-L,160,189,8.5,9.5
416,CLE,CCARRASCO-R,-180,-219,8.5,9.5
416,BAL,DBUNDY-R,104,-102,8.5,8
416,TOR,JHAPP-L,-124,-108,8.5,8
416,LAA,TSKAGGS-L,100,102,9,8.5
416,KAN,IKENNEDY-R,-120,-112,9,8.5
416,TAM,ACOBB-R,125,166,9,9.5
416,BOS,DPOMERANZ-L,-145,-186,9,9.5
416,TEX,CHAMELS-L,-120,-111,7.5,8
416,SEA,HIWAKUMA-R,100,101,7.5,8
416,CWS,JSHIELDS-R,120,144,8.5,9.5
416,MIN,HSANTIAGO-L,-140,-159,8.5,9.5
416,STL,AWAINWRIGHT-R,110,122,8.5,8.5
416,NYY,MPINEDA-R,-130,-137,8.5,8.5
417,PIT,INOVA-R,110,103,8,8
417,STL,LLYNN-R,-130,-113,8,8
417,SDG,JWEAVER-R,125,140,8.5,8.5
417,ATL,JGARCIA-L,-145,-155,8.5,8.5
417,MIL,CANDERSON-R,160,175,7.5,6.5
417,CUB,JLACKEY-R,-180,-205,7.5,6.5
417,ARI,RRAY-L,145,146,7.5,7.5
417,LOS,BMCCARTHY-R,-165,-161,7.5,7.5
417,TAM,BSNELL-L,125,118,9.5,10
417,BOS,SWRIGHT-R,-145,-128,9.5,10
417,CWS,DHOLLAND-L,125,150,8.5,8.5
417,NYY,JMONTGOMERY-L,-145,-170,8.5,8.5
417,CLE,DSALAZAR-R,-145,-141,8.5,8.5
417,MIN,KGIBSON-R,125,126,8.5,8.5
417,LAA,JCHAVEZ-R,120,140,9,8.5
417,HOU,CMORTON-R,-140,-155,9,8.5
417,TEX,AGRIFFIN-R,115,130,8,7.5
417,OAK,JCOTTON-R,-135,-145,8,7.5
417,MIA,TKOEHLER-R,105,117,8.5,8.5
417,SEA,AMIRANDA-L,-125,-132,8.5,8.5
418,WAS,MSCHERZER-R,-160,-174,8,8
418,ATL,MFOLTYNEWICZ-R,140,154,8,8
418,PHI,ZEFLIN-R,135,175,8.5,7.5
418,NYM,ZWHEELER-R,-155,-195,8.5,7.5
418,MIL,JNELSON-R,162,155,9.5,9
418,CUB,BANDERSON-L,-182,-175,9.5,9
418,PIT,CKUHL-R,110,122,8,8
418,STL,MLEAKE-R,-130,-137,8,8
418,ARI,SMILLER-R,-112,-124,8,8
418,SDG,JCOSART-R,-108,114,8,8
418,COL,KFREELAND-L,145,163,8,7.5
418,LOS,HRYU-L,-165,-183,8,7.5
418,CWS,MGONZALEZ-R,135,161,8.5,7
418,NYY,LSEVERINO-R,-155,-181,8.5,7
418,BOS,BJOHNSON-L,135,155,8.5,8.5
418,TOR,MSTROMAN-R,-155,-175,8.5,8.5
418,DET,MFULMER-R,-116,105,8,7.5
418,TAM,MANDRIESE-R,-104,-115,8,7.5
418,LAA,RNOLASCO-R,145,131,8.5,8.5
418,HOU,JMUSGROVE-R,-165,-146,8.5,8.5
418,CLE,JTOMLIN-R,-115,-121,9,9
418,MIN,PHUGHES-R,-105,111,9,9
418,TEX,YDARVISH-R,-120,-138,7,7
418,OAK,ATRIGGS-R,100,123,7,7
418,BAL,KGAUSMAN-R,-155,-152,9,9
418,CIN,BARROYO-R,135,137,9,9
418,SFO,MCAIN-R,105,110,9,9.5
418,KAN,JHAMMEL-R,-125,-120,9,9.5
418,MIA,WCHEN-L,-105,-110,8.5,8.5
418,SEA,YGALLARDO-R,-115,100,8.5,8.5
419,PIT,GCOLE-R,-106,114,7.5,8
419,STL,MWACHA-R,-114,-124,7.5,8
419,MIL,TMILONE-L,180,175,7.5,6.5
419,CUB,KHENDRICKS-R,-210,-205,7.5,6.5
419,PHI,VVELASQUEZ-R,111,127,8,7
419,NYM,RGSELLMAN-R,-131,-142,8,7
419,WAS,JROSS-R,-108,-110,8,8.5
419,ATL,JTEHERAN-R,-112,100,8,8.5
419,ARI,ZGREINKE-R,-135,-130,7.5,7
419,SDG,JCHACIN-R,115,115,7.5,7
419,COL,TANDERSON-L,285,210,6.5,6
419,LOS,CKERSHAW-L,-335,-250,6.5,6
419,TEX,MPEREZ-L,-113,109,8.5,8.5
419,OAK,JHAHN-R,-107,-119,8.5,8.5
419,BOS,RPORCELLO-R,-110,-113,8.5,8
419,TOR,FLIRIANO-L,-110,103,8.5,8
419,CWS,DCOVEY-R,170,205,8.5,7.5
419,NYY,MTANAKA-R,-200,-235,8.5,7.5
419,DET,JZIMMERMANN-R,147,160,7.5,7.5
419,TAM,CARCHER-R,-167,-180,7.5,7.5
419,LAA,JRAMIREZ-R,160,155,8.5,8.5
419,HOU,DKEUCHEL-L,-180,-175,8.5,8.5
419,MIA,EVOLQUEZ-R,135,130,7.5,8
419,SEA,FHERNANDEZ-R,-155,-145,7.5,8
419,BAL,UJIMENEZ-R,-120,-105,9.5,9
419,CIN,AGARRETT-L,100,-105,9.5,9
419,SFO,MBUMGARNER-L,-140,-121,7.5,7.5
419,KAN,JVARGAS-L,120,111,7.5,7.5
420,WAS,SSTRASBURG-R,-166,-162,7.5,8
420,ATL,RDICKEY-R,146,147,7.5,8
420,PHI,ANOLA-R,155,167,6.5,6.5
420,NYM,NSYNDERGAARD-R,-175,-187,6.5,6.5
420,STL,CMARTINEZ-R,-132,-125,8,8.5
420,MIL,ZDAVIES-R,112,115,8,8.5
420,ARI,PCORBIN-L,-110,-106,7.5,8
420,SDG,CRICHARD-L,-110,-104,7.5,8
420,BOS,CSALE-L,-136,-187,7.5,7
420,TOR,MESTRADA-R,116,167,7.5,7
420,CLE,TBAUER-R,-141,-107,8,8
420,MIN,ESANTANA-R,121,-103,8,8
420,DET,DNORRIS-L,-105,118,8,8
420,TAM,ERAMIREZ-R,-105,-128,8,8
420,KAN,DDUFFY-L,-125,-116,9,8.5
420,TEX,ACASHNER-R,105,106,9,8.5
420,LAA,MSHOEMAKER-R,151,150,8.5,7.5
420,HOU,LMCCULLERS-R,-171,-165,8.5,7.5
420,SEA,JPAXTON-L,-175,-147,8,7
420,OAK,CVALDEZ-R,155,132,8,7
420,BAL,WMILEY-L,-126,-112,9,8.5
420,CIN,SFELDMAN-R,106,102,9,8.5
421,ATL,BCOLON-R,106,-109,8,8
421,PHI,JHELLICKSON-R,-126,-101,8,8
421,WAS,TROARK-R,125,111,6.5,7
421,NYM,MHARVEY-R,-145,-121,6.5,7
421,CUB,JLESTER-L,-166,-167,8.5,8
421,CIN,TADLEMAN-R,146,152,8.5,8
421,STL,AWAINWRIGHT-R,-110,-105,8.5,8.5
421,MIL,WPERALTA-R,-110,-105,8.5,8.5
421,SFO,JCUETO-R,-106,-125,10.5,9
421,COL,TCHATWOOD-R,-114,115,10.5,9
421,LOS,AWOOD-L,-132,-141,9.5,9.5
421,ARI,TWALKER-R,112,126,9.5,9.5
421,MIA,ACONLEY-L,-126,-101,7.5,8
421,SDG,TCAHILL-R,106,-109,7.5,8
421,BOS,DPOMERANZ-L,107,-105,8.5,8
421,BAL,DBUNDY-R,-127,-105,8.5,8
421,HOU,MFIERS-R,-111,-114,8,8.5
421,TAM,ACOBB-R,-109,104,8,8.5
421,KAN,NKARNS-R,129,129,9,8.5
421,TEX,CHAMELS-L,-149,-144,9,8.5
421,CLE,CKLUBER-R,-149,-161,7.5,7
421,CWS,JQUINTANA-L,129,146,7.5,7
421,DET,JVERLANDER-R,-119,-135,7.5,8
421,MIN,HSANTIAGO-L,-101,120,7.5,8
421,TOR,MLATOS-R,104,133,9,8.5
421,LAA,AMEYER-R,-124,-148,9,8.5
421,SEA,HIWAKUMA-R,101,109,7.5,8
421,OAK,SMANAEA-L,-121,-119,7.5,8
421,NYY,CSABATHIA-L,-105,-105,8,7.5
421,PIT,TGLASNOW-R,-105,-105,8,7.5
422,CUB,JARRIETA-R,-171,-173,8,7.5
422,CIN,CREED-L,151,153,8,7.5
422,WAS,GGONZALEZ-L,102,104,7,6.5
422,NYM,JDEGROM-R,-122,-114,7,6.5
422,ATL,JGARCIA-L,106,102,8,7.5
422,PHI,JEICKHOFF-R,-126,-112,8,7.5
422,STL,LLYNN-R,-112,104,8.5,9
422,MIL,CANDERSON-R,-108,-114,8.5,9
422,LOS,KMAEDA-R,-114,-116,9,9.5
422,ARI,RRAY-L,-106,106,9,9.5
422,SFO,MMOORE-L,-104,-117,11,10.5
422,COL,ASENZATELA-R,-116,107,11,10.5
422,MIA,DSTRAILY-R,-117,-125,8,8.5
422,SDG,JWEAVER-R,-103,115,8,8.5
422,HOU,CMORTON-R,-107,-119,8.5,8.5
422,TAM,BSNELL-L,-113,109,8.5,8.5
422,CLE,CCARRASCO-R,-185,-235,8.5,8
422,CWS,MPELFREY-R,165,205,8.5,8
422,DET,MBOYD-L,-106,116,9,9.5
422,MIN,AMEJIA-L,-114,-126,9,9.5
422,SEA,AMIRANDA-L,101,111,8,8
422,OAK,JCOTTON-R,-121,-121,8,8
422,KAN,IKENNEDY-R,102,-115,9,8.5
422,TEX,NMARTINEZ-R,-122,105,9,8.5
422,BOS,SWRIGHT-R,-104,-101,9.5,8.5
422,BAL,JAQUINO-L,-116,-109,9.5,8.5
422,TOR,CLAWRENCE-R,121,141,9,9
422,LAA,TSKAGGS-L,-141,-156,9,9
422,NYY,MPINEDA-R,-101,-116,7,6.5
422,PIT,JTAILLON-R,-119,106,7,6.5
423,CUB,JLACKEY-R,-166,-180,9,9.5
423,CIN,BARROYO-R,146,160,9,9.5
423,ATL,MFOLTYNEWICZ-R,-111,-105,8.5,8.5
423,PHI,ZEFLIN-R,-109,-105,8.5,8.5
423,STL,MLEAKE-R,-110,-114,8.5,8.5
423,MIL,JNELSON-R,-110,104,8.5,8.5
423,SFO,JSAMARDZIJA-R,-109,-101,11,11.5
423,COL,KFREELAND-L,-111,-109,11,11.5
423,LOS,BMCCARTHY-R,-125,-155,9,9
423,ARI,SMILLER-R,105,140,9,9
423,MIA,TKOEHLER-R,-111,-118,8.5,9
423,SDG,LPERDOMO-R,-109,108,8.5,9
423,WAS,MSCHERZER-R,-150,-153,7,7
423,NYM,ZWHEELER-R,130,138,7,7
423,HOU,JMUSGROVE-R,-105,-121,8.5,8.5
423,TAM,MANDRIESE-R,-115,111,8.5,8.5
423,CLE,DSALAZAR-R,-170,-195,8.5,8
423,CWS,DHOLLAND-L,150,175,8.5,8
423,BOS,ERODRIGUEZ-L,106,103,9,8
423,BAL,KGAUSMAN-R,-126,-113,9,8
423,DET,MFULMER-R,-109,104,8.5,8.5
423,MIN,KGIBSON-R,-111,-114,8.5,8.5
423,TOR,MSTROMAN-R,-126,-122,8.5,8
423,LAA,DWRIGHT-R,106,112,8.5,8
423,SEA,YGALLARDO-R,106,113,8,8.5
423,OAK,ATRIGGS-R,-126,-123,8,8.5
423,KAN,JHAMMEL-R,141,170,8.5,8
423,TEX,YDARVISH-R,-161,-200,8.5,8
423,NYY,JMONTGOMERY-L,110,-108,8,7.5
423,PIT,INOVA-R,-130,-102,8,7.5
424,CUB,BANDERSON-L,-117,-138,8.5,8
424,PIT,CKUHL-R,-103,123,8.5,8
424,CIN,AGARRETT-L,-111,-105,8.5,8.5
424,MIL,MGARZA-R,-109,-105,8.5,8.5
424,WAS,JTURNER-R,-120,140,11,12
424,COL,TANDERSON-L,100,-155,11,12
424,SDG,JCHACIN-R,152,143,9.5,9
424,ARI,ZGREINKE-R,-172,-158,9.5,9
424,LOS,HRYU-L,-120,-138,8,8
424,SFO,MCAIN-R,100,123,8,8
424,KAN,JVARGAS-L,-114,-107,8,7.5
424,CWS,MGONZALEZ-R,-106,-103,8,7.5
424,MIN,PHUGHES-R,106,129,9.5,10
424,TEX,MPEREZ-L,-126,-144,9.5,10
424,TAM,CARCHER-R,-120,-126,8.5,7.5
424,BAL,UJIMENEZ-R,100,116,8.5,7.5
424,TOR,FLIRIANO-L,102,116,8.5,8
424,LAA,JCHAVEZ-R,-122,-131,8.5,8
425,CUB,KHENDRICKS-R,-115,-123,7.5,7.5
425,PIT,GCOLE-R,-105,113,7.5,7.5
425,CIN,SFELDMAN-R,107,115,9,9
425,MIL,ZDAVIES-R,-127,-125,9,9
425,WAS,JROSS-R,-125,-117,11.5,10.5
425,COL,GMARQUEZ-R,105,107,11.5,10.5
425,SDG,CRICHARD-L,116,119,9.5,10
425,ARI,PCORBIN-L,-136,-134,9.5,10
425,LOS,CKERSHAW-L,-220,-250,6.5,6.5
425,SFO,TBLACH-L,190,210,6.5,6.5
425,HOU,DKEUCHEL-L,-111,-117,8,8.5
425,CLE,JTOMLIN-R,-109,107,8,8.5
425,TAM,APRUITT-R,135,145,8.5,8
425,BAL,WMILEY-L,-155,-160,8.5,8
425,SEA,FHERNANDEZ-R,-110,-130,8.5,9
425,DET,JZIMMERMANN-R,-110,115,8.5,9
425,MIN,ESANTANA-R,-105,-110,9,10
425,TEX,ACASHNER-R,-105,100,9,10
425,KAN,DDUFFY-L,-135,-148,8,8.5
425,CWS,DCOVEY-R,115,133,8,8.5
425,OAK,JHAHN-R,105,120,8.5,8.5
425,LAA,JRAMIREZ-R,-125,-135,8.5,8.5
425,TOR,MESTRADA-R,120,140,7.5,7.5
425,STL,MWACHA-R,-140,-155,7.5,7.5
426,CIN,RDAVIS-R,100,116,9,9.5
426,MIL,WPERALTA-R,-120,-126,9,9.5
426,CUB,JLESTER-L,-162,-159,8,8.5
426,PIT,TGLASNOW-R,142,144,8,8.5
426,MIA,WCHEN-L,-109,-109,8,7.5
426,PHI,VVELASQUEZ-R,-111,-101,8,7.5
426,ATL,JTEHERAN-R,170,125,6.5,7.5
426,NYM,RGSELLMAN-R,-190,-140,6.5,7.5
426,WAS,TROARK-R,-103,109,11.5,10.5
426,COL,TCHATWOOD-R,-117,-119,11.5,10.5
426,SDG,TCAHILL-R,105,117,9.5,10
426,ARI,ZGODLEY-R,-125,-127,9.5,10
426,LOS,AWOOD-L,-109,-108,7,6.5
426,SFO,JCUETO-R,-111,-102,7,6.5
426,HOU,LMCCULLERS-R,-113,110,8.5,9
426,CLE,TBAUER-R,-107,-120,8.5,9
426,TAM,ACOBB-R,116,131,8,8.5
426,BAL,DBUNDY-R,-136,-146,8,8.5
426,NYY,LSEVERINO-R,-102,109,7.5,8
426,BOS,RPORCELLO-R,-118,-119,7.5,8
426,SEA,JPAXTON-L,-111,-129,8.5,8
426,DET,DNORRIS-L,-109,119,8.5,8
426,MIN,HSANTIAGO-L,120,127,8.5,9
426,TEX,CHAMELS-L,-140,-142,8.5,9
426,KAN,NKARNS-R,120,122,8,8.5
426,CWS,JQUINTANA-L,-140,-137,8,8.5
426,OAK,SMANAEA-L,120,137,8,7.5
426,LAA,MSHOEMAKER-R,-140,-152,8,7.5
427,MIA,EVOLQUEZ-R,-103,-101,7.5,8.5
427,PHI,JHELLICKSON-R,-117,-109,7.5,8.5
427,ATL,RDICKEY-R,170,151,7,8
427,NYM,MHARVEY-R,-190,-171,7,8
427,WAS,GGONZALEZ-L,-116,-116,11.5,11
427,COL,ASENZATELA-R,-104,106,11.5,11
427,LOS,JURIAS-L,-126,-129,7.5,8
427,SFO,MMOORE-L,106,119,7.5,8
427,SDG,JWEAVER-R,131,170,10,10.5
427,ARI,TWALKER-R,-151,-200,10,10.5
427,SEA,HIWAKUMA-R,126,124,8.5,9
427,DET,JVERLANDER-R,-146,-139,8.5,9
427,HOU,MFIERS-R,156,172,8,8.5
427,CLE,CKLUBER-R,-176,-202,8,8.5
427,NYY,MTANAKA-R,161,165,7.5,7
427,BOS,CSALE-L,-181,-185,7.5,7
427,OAK,KGRAVEMAN-R,104,111,8,8.5
427,LAA,RNOLASCO-R,-124,-121,8,8.5
427,TOR,MLATOS-R,152,185,8,7.5
427,STL,CMARTINEZ-R,-172,-215,8,7.5
427,TOR,CLAWRENCE-R,146,175,8.5,8
427,STL,AWAINWRIGHT-R,-166,-195,8.5,8
428,PIT,JTAILLON-R,-105,117,7.5,8
428,MIA,ACONLEY-L,-105,-127,7.5,8
428,NYM,JDEGROM-R,135,122,7,7.5
428,WAS,MSCHERZER-R,-155,-137,7,7.5
428,ATL,BCOLON-R,101,121,8.5,8.5
428,MIL,CANDERSON-R,-121,-136,8.5,8.5
428,CIN,TADLEMAN-R,131,125,8,8
428,STL,LLYNN-R,-151,-140,8,8
428,COL,KFREELAND-L,129,151,10,9
428,ARI,RRAY-L,-149,-171,10,9
428,PHI,JEICKHOFF-R,144,161,8,8
428,LOS,KMAEDA-R,-164,-181,8,8
428,SDG,LPERDOMO-R,141,123,8,7.5
428,SFO,JSAMARDZIJA-R,-161,-138,8,7.5
428,TAM,BSNELL-L,130,118,8.5,8.5
428,TOR,MSTROMAN-R,-150,-128,8.5,8.5
428,BAL,KGAUSMAN-R,111,-103,9,9
428,NYY,CSABATHIA-L,-131,-107,9,9
428,SEA,AMIRANDA-L,175,170,8.5,8.5
428,CLE,CCARRASCO-R,-195,-200,8.5,8.5
428,CWS,MPELFREY-R,116,115,9.5,9
428,DET,MBOYD-L,-136,-130,9.5,9
428,LAA,TSKAGGS-L,-106,-118,9.5,9.5
428,TEX,NMARTINEZ-R,-114,108,9.5,9.5
428,OAK,JCOTTON-R,134,146,8.5,8.5
428,HOU,CMORTON-R,-154,-161,8.5,8.5
428,MIN,KGIBSON-R,116,116,8.5,8
428,KAN,IKENNEDY-R,-136,-131,8.5,8
428,CUB,JARRIETA-R,-116,100,8.5,8.5
428,BOS,DPOMERANZ-L,-104,-110,8.5,8.5
429,NYM,ZWHEELER-R,200,160,7.5,8.5
429,WAS,SSTRASBURG-R,-240,-180,7.5,8.5
429,PIT,INOVA-R,101,126,7.5,7.5
429,MIA,DSTRAILY-R,-121,-141,7.5,7.5
429,ATL,JGARCIA-L,100,111,9,9
429,MIL,JNELSON-R,-120,-121,9,9
429,COL,TANDERSON-L,131,125,9.5,9
429,ARI,ZGREINKE-R,-151,-140,9.5,9
429,SDG,JCHACIN-R,126,108,7.5,7.5
429,SFO,MCAIN-R,-146,-118,7.5,7.5
429,PHI,ZEFLIN-R,170,200,7.5,8
429,LOS,BMCCARTHY-R,-200,-230,7.5,8
429,BAL,UJIMENEZ-R,145,156,8.5,9
429,NYY,MPINEDA-R,-165,-176,8.5,9
429,TAM,MANDRIESE-R,106,104,8.5,8
429,TOR,FLIRIANO-L,-126,-114,8.5,8
429,CWS,DHOLLAND-L,150,150,8,7.5
429,DET,MFULMER-R,-170,-165,8,7.5
429,LAA,JCHAVEZ-R,146,147,8.5,8
429,TEX,YDARVISH-R,-166,-162,8.5,8
429,OAK,ATRIGGS-R,125,157,8.5,8.5
429,HOU,JMUSGROVE-R,-145,-177,8.5,8.5
429,SEA,YGALLARDO-R,165,151,9,8
429,CLE,DSALAZAR-R,-185,-171,9,8
429,CUB,JLACKEY-R,-116,-115,9.5,10.5
429,BOS,SWRIGHT-R,-104,105,9.5,10.5
430,NYM,NSYNDERGAARD-R,-120,-117,7.5,7.5
430,WAS,JROSS-R,100,107,7.5,7.5
430,ATL,MFOLTYNEWICZ-R,-107,-105,9.5,9
430,MIL,MGARZA-R,-113,-105,9.5,9
430,CIN,BARROYO-R,155,155,8.5,8.5
430,STL,MLEAKE-R,-175,-175,8.5,8.5
430,SDG,CRICHARD-L,120,116,7.5,8.5
430,SFO,TBLACH-L,-140,-131,7.5,8.5
430,COL,GMARQUEZ-R,135,111,9.5,10.5
430,ARI,PCORBIN-L,-155,-121,9.5,10.5
430,PHI,NPIVETTA-R,155,175,8,8.5
430,LOS,HRYU-L,-175,-205,8,8.5
430,PIT,CKUHL-R,105,106,8.5,8.5
430,MIA,TKOEHLER-R,-125,-116,8.5,8.5
430,SEA,CDEJONG-R,135,140,9,9.5
430,CLE,JTOMLIN-R,-155,-155,9,9.5
430,BAL,WMILEY-L,-110,109,9,8
430,NYY,JMONTGOMERY-L,-110,-119,9,8
430,TAM,CARCHER-R,-107,-113,8,7.5
430,TOR,ASANCHEZ-R,-113,103,8,7.5
430,CWS,MGONZALEZ-R,-102,114,8.5,8.5
430,DET,JZIMMERMANN-R,-118,-124,8.5,8.5
430,LAA,JRAMIREZ-R,-107,-123,9.5,9
430,TEX,MPEREZ-L,-113,113,9.5,9
430,OAK,JHAHN-R,150,177,8,7.5
430,HOU,DKEUCHEL-L,-170,-197,8,7.5
430,MIN,PHUGHES-R,104,114,8.5,9
430,KAN,JHAMMEL-R,-124,-124,8.5,9
430,CUB,KHENDRICKS-R,-111,104,9,8.5
430,BOS,ERODRIGUEZ-L,-109,-114,9,8.5
501,NYM,RGSELLMAN-R,106,-102,8.5,8.5
501,ATL,JTEHERAN-R,-126,-108,8.5,8.5
501,PIT,GCOLE-R,-116,-108,8,8
501,CIN,AGARRETT-L,-104,-102,8,8
501,PHI,VVELASQUEZ-R,151,147,11,10
501,CUB,BANDERSON-L,-171,-162,11,10
501,MIL,ZDAVIES-R,141,146,8.5,7.5
501,STL,MWACHA-R,-161,-161,8.5,7.5
501,SFO,JCUETO-R,205,210,6,6
501,LOS,CKERSHAW-L,-235,-250,6,6
501,TOR,MESTRADA-R,126,158,8,7.5
501,NYY,LSEVERINO-R,-146,-178,8,7.5
501,BAL,DBUNDY-R,-101,124,8.5,8.5
501,BOS,RPORCELLO-R,-119,-139,8.5,8.5
501,CLE,TBAUER-R,-120,-132,9,8.5
501,DET,DNORRIS-L,100,117,9,8.5
501,TEX,ACASHNER-R,170,200,8.5,8.5
501,HOU,LMCCULLERS-R,-200,-230,8.5,8.5
501,CWS,DCOVEY-R,140,170,8,8.5
501,KAN,JVARGAS-L,-160,-190,8,8.5
501,TAM,JODORIZZI-R,110,128,8.5,8
501,MIA,WCHEN-L,-130,-143,8.5,8
502,NYM,MHARVEY-R,-109,-111,8,8.5
502,ATL,RDICKEY-R,-111,101,8,8.5
502,ARI,TWALKER-R,133,127,8.5,8
502,WAS,TROARK-R,-153,-142,8.5,8
502,PIT,TGLASNOW-R,101,131,9,9
502,CIN,SFELDMAN-R,-121,-146,9,9
502,PHI,JHELLICKSON-R,200,185,7.5,7.5
502,CUB,JLESTER-L,-230,-215,7.5,7.5
502,MIL,WPERALTA-R,143,172,8,7.5
502,STL,CMARTINEZ-R,-163,-192,8,7.5
502,SFO,MMOORE-L,136,152,7,7.5
502,LOS,AWOOD-L,-156,-172,7,7.5
502,COL,TCHATWOOD-R,-116,-101,7.5,7.5
502,SDG,TCAHILL-R,-104,-109,7.5,7.5
502,TOR,MLATOS-R,171,165,8.5,9
502,NYY,MTANAKA-R,-191,-185,8.5,9
502,BAL,AASHER-R,206,196,8,9
502,BOS,CSALE-L,-246,-226,8,9
502,CLE,CKLUBER-R,-121,-130,8,7.5
502,DET,JVERLANDER-R,101,115,8,7.5
502,CWS,JQUINTANA-L,116,-109,8,7
502,KAN,DDUFFY-L,-136,-101,8,7
502,OAK,SGRAY-R,125,116,8.5,8.5
502,MIN,ESANTANA-R,-145,-131,8.5,8.5
502,TEX,ACLAUDIO-L,110,150,8.5,9.5
502,HOU,MFIERS-R,-130,-165,8.5,9.5
502,LAA,MSHOEMAKER-R,116,132,7.5,7
502,SEA,JPAXTON-L,-136,-147,7.5,7
502,TAM,ACOBB-R,108,109,8,8
502,MIA,EVOLQUEZ-R,-128,-119,8,8
503,ARI,RRAY-L,111,133,8,8
503,WAS,GGONZALEZ-L,-131,-148,8,8
503,PIT,JTAILLON-R,-117,-101,8.5,8.5
503,CIN,RDAVIS-R,-103,-109,8.5,8.5
503,NYM,JDEGROM-R,-121,-140,8,8.5
503,ATL,BCOLON-R,101,125,8,8.5
503,PHI,JEICKHOFF-R,171,200,7,7
503,CUB,JARRIETA-R,-201,-240,7,7
503,SFO,JSAMARDZIJA-R,150,148,7,7.5
503,LOS,JURIAS-L,-170,-163,7,7.5
503,COL,ASENZATELA-R,-120,-114,8,8
503,SDG,JWEAVER-R,100,104,8,8
503,TOR,MSTROMAN-R,-105,-124,8.5,8
503,NYY,CSABATHIA-L,-105,114,8.5,8
503,BAL,KGAUSMAN-R,124,124,9,9
503,BOS,DPOMERANZ-L,-144,-139,9,9
503,CLE,CCARRASCO-R,-155,-159,8,8
503,DET,MBOYD-L,135,144,8,8
503,CWS,MPELFREY-R,130,150,8.5,7.5
503,KAN,NKARNS-R,-150,-165,8.5,7.5
503,OAK,KGRAVEMAN-R,120,116,8.5,8.5
503,MIN,HSANTIAGO-L,-140,-126,8.5,8.5
503,TEX,NMARTINEZ-R,158,157,8.5,8.5
503,HOU,CMORTON-R,-178,-177,8.5,8.5
503,LAA,RNOLASCO-R,101,114,7.5,8
503,SEA,HIWAKUMA-R,-121,-124,7.5,8
503,MIA,ACONLEY-L,126,114,8,8.5
503,TAM,BSNELL-L,-146,-124,8,8.5
504,PIT,INOVA-R,-113,102,8.5,8
504,CIN,TADLEMAN-R,-107,-112,8.5,8
504,MIL,CANDERSON-R,120,136,7.5,7.5
504,STL,AWAINWRIGHT-R,-140,-151,7.5,7.5
504,PHI,ZEFLIN-R,185,153,8,7
504,CUB,JLACKEY-R,-215,-173,8,7
504,COL,KFREELAND-L,-113,116,8,8
504,SDG,LPERDOMO-R,-107,-126,8,8
504,ARI,BSHIPLEY-R,220,245,8,8
504,WAS,MSCHERZER-R,-260,-285,8,8
504,OAK,JCOTTON-R,115,102,9,9
504,MIN,KGIBSON-R,-135,-112,9,9
504,BAL,TWILSON-R,105,114,10,9.5
504,BOS,KKENDRICK-R,-125,-124,10,9.5
504,CWS,DHOLLAND-L,119,133,8,7.5
504,KAN,IKENNEDY-R,-139,-148,8,7.5
504,TEX,AGRIFFIN-R,118,139,9,8.5
504,HOU,JMUSGROVE-R,-138,-154,9,8.5
504,LAA,AMEYER-R,109,143,8.5,8.5
504,SEA,AMIRANDA-L,-129,-158,8.5,8.5
504,MIA,DSTRAILY-R,120,108,8,8.5
504,TAM,MANDRIESE-R,-140,-118,8,8.5
505,WAS,SSTRASBURG-R,-175,-162,8,8
505,PHI,NPIVETTA-R,155,147,8,8
505,MIL,JNELSON-R,104,120,8.5,8.5
505,PIT,CKUHL-R,-124,-135,8.5,8.5
505,STL,LLYNN-R,-119,105,8.5,8
505,ATL,MFOLTYNEWICZ-R,-101,-115,8.5,8
505,MIA,TKOEHLER-R,-105,-105,8.5,9
505,NYM,RMONTERO-R,-105,-105,8.5,9
505,SFO,MCAIN-R,-109,105,9,9
505,CIN,BARROYO-R,-111,-115,9,9
505,ARI,ZGREINKE-R,-118,104,10.5,11
505,COL,GMARQUEZ-R,-102,-114,10.5,11
505,LOS,KMAEDA-R,-150,-180,8,7.5
505,SDG,JCHACIN-R,130,160,8,7.5
505,CWS,MGONZALEZ-R,137,165,8.5,8.5
505,BAL,WMILEY-L,-157,-185,8.5,8.5
505,TOR,FLIRIANO-L,130,138,7.5,7.5
505,TAM,CARCHER-R,-150,-153,7.5,7.5
505,BOS,ERODRIGUEZ-L,-145,-151,9,9.5
505,MIN,PHUGHES-R,125,136,9,9.5
505,CLE,DSALAZAR-R,-150,-170,8,8
505,KAN,JHAMMEL-R,130,150,8,8
505,DET,MFULMER-R,-130,116,7.5,7.5
505,OAK,ATRIGGS-R,110,-126,7.5,7.5
505,HOU,DKEUCHEL-L,-143,-126,8,7.5
505,LAA,JCHAVEZ-R,123,116,8,7.5
505,TEX,YDARVISH-R,-109,-121,8,7.5
505,SEA,YGALLARDO-R,-111,111,8,7.5
505,NYY,MPINEDA-R,110,119,6.5,6.5
505,CUB,KHENDRICKS-R,-130,-134,6.5,6.5
506,STL,MLEAKE-R,-111,114,8,8.5
506,ATL,JTEHERAN-R,-109,-124,8,8.5
506,MIL,MGARZA-R,135,150,8,8
506,PIT,GCOLE-R,-155,-165,8,8
506,WAS,ACOLE-R,-120,116,8.5,8.5
506,PHI,VVELASQUEZ-R,100,-126,8.5,8.5
506,MIA,ODESPAIGNE-R,-105,126,8.5,8.5
506,NYM,RGSELLMAN-R,-105,-141,8.5,8.5
506,SFO,TBLACH-L,100,115,8.5,9
506,CIN,AGARRETT-L,-120,-130,8.5,9
506,ARI,PCORBIN-L,-112,120,11.5,11.5
506,COL,TANDERSON-L,-108,-135,11.5,11.5
506,LOS,CKERSHAW-L,-141,-240,7.5,6.5
506,SDG,CRICHARD-L,121,200,7.5,6.5
506,TOR,MESTRADA-R,-106,123,7.5,8
506,TAM,JODORIZZI-R,-114,-138,7.5,8
506,BOS,RPORCELLO-R,-136,-133,9,9.5
506,MIN,NTEPESCH-R,116,118,9,9.5
506,CLE,JTOMLIN-R,-114,-101,8,8.5
506,KAN,JVARGAS-L,-106,-109,8,8.5
506,CWS,DCOVEY-R,170,180,9,8.5
506,BAL,DBUNDY-R,-200,-210,9,8.5
506,DET,JZIMMERMANN-R,101,111,8,8.5
506,OAK,JHAHN-R,-121,-121,8,8.5
506,HOU,LMCCULLERS-R,-131,-106,8,7.5
506,LAA,JRAMIREZ-R,111,-104,8,7.5
506,TEX,MPEREZ-L,-105,104,8.5,9
506,SEA,CDEJONG-R,-115,-114,8.5,9
506,NYY,JMONTGOMERY-L,106,116,7,8
506,CUB,BANDERSON-L,-126,-131,7,8
507,MIA,JURENA-R,111,108,8.5,8.5
507,NYM,AWILK-L,-131,-118,8.5,8.5
507,STL,MWACHA-R,-119,-109,8.5,9
507,ATL,RDICKEY-R,-101,-101,8.5,9
507,MIL,ZDAVIES-R,106,-104,8.5,8.5
507,PIT,TGLASNOW-R,-126,-106,8.5,8.5
507,WAS,TROARK-R,-121,-111,8.5,8.5
507,PHI,JHELLICKSON-R,101,101,8.5,8.5
507,ARI,TWALKER-R,101,103,11.5,12
507,COL,TCHATWOOD-R,-121,-113,11.5,12
507,SFO,JCUETO-R,-126,-122,8.5,8.5
507,CIN,SFELDMAN-R,106,112,8.5,8.5
507,TOR,JBIAGINI-R,115,114,8,8
507,TAM,ACOBB-R,-135,-124,8,8
507,CWS,JQUINTANA-L,111,107,8.5,8.5
507,BAL,CTILLMAN-R,-131,-117,8.5,8.5
507,BOS,CSALE-L,-155,-180,7.5,7
507,MIN,ESANTANA-R,135,160,7.5,7
507,CLE,MCLEVINGER-R,-109,-105,8.5,9
507,KAN,DDUFFY-L,-111,-105,8.5,9
507,HOU,MFIERS-R,101,-119,9,8
507,LAA,MSHOEMAKER-R,-121,109,9,8
507,DET,DNORRIS-L,-121,116,8.5,8
507,OAK,SGRAY-R,101,-131,8.5,8
507,TEX,ACASHNER-R,100,147,8.5,8.5
507,SEA,DOVERTON-L,-120,-162,8.5,8.5
507,NYY,LSEVERINO-R,115,117,7.5,7
507,CUB,JLESTER-L,-135,-132,7.5,7
508,STL,CMARTINEZ-R,-136,-116,8,8.5
508,MIA,ACONLEY-L,116,106,8,8.5
508,SFO,MMOORE-L,141,138,7.5,7
508,NYM,JDEGROM-R,-161,-153,7.5,7
508,PIT,TWILLIAMS-R,165,205,8,8
508,LOS,AWOOD-L,-185,-235,8,8
508,CLE,TBAUER-R,-105,104,8.5,8
508,TOR,MSTROMAN-R,-115,-114,8.5,8
508,KAN,NKARNS-R,130,125,8,7.5
508,TAM,BSNELL-L,-150,-140,8,7.5
508,LAA,RNOLASCO-R,113,116,8,8
508,OAK,KGRAVEMAN-R,-133,-131,8,8
508,WAS,GGONZALEZ-L,-111,112,9,9
508,BAL,KGAUSMAN-R,-109,-122,9,9
508,NYY,MTANAKA-R,-150,-127,9,8.5
508,CIN,RDAVIS-R,130,117,9,8.5
508,TEX,NMARTINEZ-R,100,113,7.5,7.5
508,SDG,TCAHILL-R,-120,-123,7.5,7.5
509,STL,AWAINWRIGHT-R,101,105,8,8.5
509,MIA,DSTRAILY-R,-121,-115,8,8.5
509,SFO,JSAMARDZIJA-R,103,-101,7.5,7
509,NYM,ZWHEELER-R,-123,-109,7.5,7
509,CUB,JLACKEY-R,-127,-143,11,10.5
509,COL,KFREELAND-L,107,128,11,10.5
509,PIT,INOVA-R,157,172,7,7.5
509,LOS,JURIAS-L,-177,-192,7,7.5
509,CLE,CCARRASCO-R,-165,-182,8.5,8
509,TOR,MBOLSINGER-R,145,162,8.5,8
509,KAN,CYOUNG-R,130,150,8,8
509,TAM,MANDRIESE-R,-150,-165,8,8
509,MIN,HSANTIAGO-L,-115,-108,8.5,9
509,CWS,MPELFREY-R,-105,-102,8.5,9
509,LAA,AMEYER-R,111,116,8.5,8
509,OAK,JCOTTON-R,-131,-131,8.5,8
509,TEX,AGRIFFIN-R,-126,-116,8.5,8.5
509,SDG,JWEAVER-R,106,106,8.5,8.5
509,WAS,MSCHERZER-R,-165,-160,8.5,8.5
509,BAL,UJIMENEZ-R,145,145,8.5,8.5
509,SEA,AMIRANDA-L,-110,104,8,8
509,PHI,JEICKHOFF-R,-110,-114,8,8
509,NYY,CSABATHIA-L,-109,-102,9,8.5
509,CIN,TADLEMAN-R,-111,-108,9,8.5
509,BOS,DPOMERANZ-L,-144,-125,9,8.5
509,MIL,WPERALTA-R,124,115,9,8.5
509,ATL,BCOLON-R,175,170,8.5,8.5
509,HOU,CMORTON-R,-195,-190,8.5,8.5
509,DET,JVERLANDER-R,106,-101,9,8
509,ARI,RRAY-L,-126,-109,9,8
509,CUB,JARRIETA-R,-135,-145,10.5,11
509,COL,ASENZATELA-R,115,130,10.5,11
510,SFO,MCAIN-R,102,116,8,8.5
510,NYM,TMILONE-L,-122,-131,8,8.5
510,CUB,KHENDRICKS-R,-135,-128,11,10
510,COL,GMARQUEZ-R,115,118,11,10
510,STL,LLYNN-R,-107,105,8,9
510,MIA,TKOEHLER-R,-113,-115,8,9
510,PIT,CKUHL-R,200,185,7.5,7.5
510,LOS,KMAEDA-R,-240,-215,7.5,7.5
510,LAA,JCHAVEZ-R,-113,130,8.5,7.5
510,OAK,ATRIGGS-R,-107,-145,8.5,7.5
510,CLE,DSALAZAR-R,-144,-168,8,7.5
510,TOR,FLIRIANO-L,124,153,8,7.5
510,KAN,JHAMMEL-R,175,160,7,7.5
510,TAM,CARCHER-R,-195,-180,7,7.5
510,SEA,YGALLARDO-R,-110,-121,8.5,9
510,PHI,ZEFLIN-R,-110,111,8.5,9
510,BAL,WMILEY-L,150,158,8,7.5
510,WAS,SSTRASBURG-R,-170,-178,8,7.5
510,SDG,LPERDOMO-R,175,175,8.5,8.5
510,TEX,YDARVISH-R,-205,-195,8.5,8.5
510,BOS,KKENDRICK-R,-110,111,9,9
510,MIL,CANDERSON-R,-110,-121,9,9
510,ATL,JGARCIA-L,150,175,9,9
510,HOU,JMUSGROVE-R,-170,-205,9,9
510,DET,MBOYD-L,-105,121,10,10.5
510,ARI,ZGODLEY-R,-115,-136,10,10.5
511,LOS,HRYU-L,-114,-135,11.5,11
511,COL,,-106,120,11.5,11
511,PIT,GCOLE-R,119,123,8.5,8
511,ARI,ZGREINKE-R,-139,-138,8.5,8
511,CIN,BARROYO-R,105,-103,8,9
511,SFO,TBLACH-L,-125,-107,8,9
511,HOU,DKEUCHEL-L,100,116,7.5,7.5
511,NYY,MPINEDA-R,-120,-126,7.5,7.5
511,SEA,CDEJONG-R,119,143,9,8.5
511,TOR,MESTRADA-R,-139,-158,9,8.5
511,KAN,JVARGAS-L,115,114,7.5,7.5
511,TAM,JODORIZZI-R,-135,-124,7.5,7.5
511,MIN,PHUGHES-R,110,111,9,8.5
511,CWS,DHOLLAND-L,-130,-121,9,8.5
511,DET,MFULMER-R,-112,116,7.5,7.5
511,LAA,JRAMIREZ-R,-108,-131,7.5,7.5
511,BOS,ERODRIGUEZ-L,-136,-148,9,8.5
511,MIL,JNELSON-R,116,133,9,8.5
511,SDG,CRICHARD-L,119,123,9.5,9.5
511,TEX,MPEREZ-L,-139,-138,9.5,9.5
512,ATL,MFOLTYNEWICZ-R,111,112,8.5,9
512,MIA,JURENA-R,-131,-122,8.5,9
512,NYM,MHARVEY-R,-111,-116,9,9
512,MIL,MGARZA-R,-109,106,9,9
512,CUB,EBUTLER-R,106,127,8.5,8.5
512,STL,MLEAKE-R,-126,-142,8.5,8.5
512,LOS,CKERSHAW-L,-200,-205,9.5,10
512,COL,TCHATWOOD-R,170,175,9.5,10
512,PIT,TGLASNOW-R,116,135,9.5,10.5
512,ARI,PCORBIN-L,-136,-150,9.5,10.5
512,CIN,SFELDMAN-R,140,144,7,7
512,SFO,JCUETO-R,-160,-159,7,7
512,HOU,LMCCULLERS-R,-114,-121,8.5,8
512,NYY,JMONTGOMERY-L,-106,111,8.5,8
512,MIN,ESANTANA-R,109,130,8,8.5
512,CLE,JTOMLIN-R,-129,-145,8,8.5
512,SEA,CBERGMAN-R,106,129,9,8.5
512,TOR,JBIAGINI-R,-126,-144,9,8.5
512,TAM,ACOBB-R,149,153,9,9
512,BOS,RPORCELLO-R,-169,-168,9,9
512,OAK,JHAHN-R,-107,101,9,9.5
512,TEX,ACASHNER-R,-113,-111,9,9.5
512,BAL,DBUNDY-R,-111,-107,8.5,8.5
512,KAN,DDUFFY-L,-109,-103,8.5,8.5
512,DET,JZIMMERMANN-R,121,132,8.5,8.5
512,LAA,MSHOEMAKER-R,-141,-147,8.5,8.5
512,SDG,JCHACIN-R,102,108,8.5,8
512,CWS,MGONZALEZ-R,-122,-118,8.5,8
513,ATL,JTEHERAN-R,-111,117,8.5,9.5
513,MIA,EVOLQUEZ-R,-109,-132,8.5,9.5
513,PHI,NPIVETTA-R,141,165,8.5,9
513,WAS,TROARK-R,-161,-185,8.5,9
513,CIN,LBONILLA-R,117,106,8.5,8.5
513,SFO,MMOORE-L,-137,-116,8.5,8.5
513,CUB,JLESTER-L,-109,114,8,7.5
513,STL,CMARTINEZ-R,-111,-124,8,7.5
513,NYM,RGSELLMAN-R,109,-114,9,9.5
513,MIL,ZDAVIES-R,-129,104,9,9.5
513,PIT,TWILLIAMS-R,146,150,10,10.5
513,ARI,TWALKER-R,-166,-165,10,10.5
513,LOS,AWOOD-L,-129,-121,11,10
513,COL,TANDERSON-L,109,111,11,10
513,SEA,RWEBER-R,158,132,9,8.5
513,TOR,MSTROMAN-R,-178,-147,9,8.5
513,MIN,JBERRIOS-R,130,143,9,9
513,CLE,MCLEVINGER-R,-150,-158,9,9
513,BAL,CTILLMAN-R,-106,119,8.5,9
513,KAN,NKARNS-R,-114,-129,8.5,9
513,OAK,SGRAY-R,-111,-109,10,9.5
513,TEX,NMARTINEZ-R,-109,-101,10,9.5
513,TAM,BSNELL-L,190,245,7.5,7
513,BOS,CSALE-L,-220,-285,7.5,7
513,DET,DNORRIS-L,106,130,8.5,8.5
513,LAA,RNOLASCO-R,-126,-145,8.5,8.5
513,SDG,TCAHILL-R,-123,-141,9,9.5
513,CWS,DCOVEY-R,103,126,9,9.5
514,ATL,RDICKEY-R,100,123,9,9
514,MIA,JNICOLINO-L,-120,-138,9,9
514,PHI,JHELLICKSON-R,150,165,8.5,9.5
514,WAS,GGONZALEZ-L,-170,-185,8.5,9.5
514,NYM,JDEGROM-R,-140,-151,8.5,8.5
514,MIL,WPERALTA-R,120,136,8.5,8.5
514,CUB,JARRIETA-R,-120,-121,8.5,8.5
514,STL,AWAINWRIGHT-R,100,111,8.5,8.5
514,LOS,JURIAS-L,-145,-137,11,11.5
514,COL,ASENZATELA-R,125,122,11,11.5
514,CIN,TADLEMAN-R,129,134,8.5,8
514,SFO,JSAMARDZIJA-R,-149,-149,8.5,8
514,PIT,INOVA-R,120,145,9,9
514,ARI,RRAY-L,-140,-160,9,9
514,OAK,KGRAVEMAN-R,126,123,9.5,9.5
514,TEX,AGRIFFIN-R,-146,-138,9.5,9.5
514,SEA,AMIRANDA-L,114,121,8.5,9
514,TOR,ASANCHEZ-R,-134,-136,8.5,9
514,MIN,HSANTIAGO-L,129,153,8.5,9
514,CLE,TBAUER-R,-149,-168,8.5,9
514,TAM,MANDRIESE-R,125,157,9,8.5
514,BOS,DPOMERANZ-L,-145,-177,9,8.5
514,DET,JVERLANDER-R,-131,-116,8.5,8
514,LAA,AMEYER-R,111,106,8.5,8
514,HOU,CMORTON-R,111,114,8,8.5
514,NYY,MTANAKA-R,-131,-124,8,8.5
514,BAL,KGAUSMAN-R,-130,-131,9,9.5
514,KAN,CYOUNG-R,110,116,9,9.5
514,SDG,JWEAVER-R,170,175,9.5,8.5
514,CWS,JQUINTANA-L,-190,-205,9.5,8.5
514,PHI,VVELASQUEZ-R,166,191,8,7.5
514,WAS,MSCHERZER-R,-186,-221,8,7.5
514,HOU,MFIERS-R,125,133,8.5,9
514,NYY,LSEVERINO-R,-145,-148,8.5,9
515,NYM,ZWHEELER-R,106,-104,9.5,9.5
515,ARI,ZGODLEY-R,-126,-106,9.5,9.5
515,MIL,CANDERSON-R,-107,116,7.5,7.5
515,SDG,LPERDOMO-R,-113,-131,7.5,7.5
515,LOS,BMCCARTHY-R,-140,-124,7.5,8
515,SFO,MCAIN-R,120,114,7.5,8
515,TAM,CARCHER-R,150,145,7.5,7.5
515,CLE,CCARRASCO-R,-170,-160,7.5,7.5
515,CWS,MPELFREY-R,144,180,8.5,8.5
515,LAA,JCHAVEZ-R,-164,-210,8.5,8.5
515,OAK,SMANAEA-L,111,111,8,8.5
515,SEA,YGALLARDO-R,-131,-121,8,8.5
515,HOU,JMUSGROVE-R,-113,-108,9,8.5
515,MIA,DSTRAILY-R,-107,-102,9,8.5
515,ATL,BCOLON-R,120,119,9,9
515,TOR,MBOLSINGER-R,-140,-134,9,9
516,WAS,SSTRASBURG-R,-161,-152,8,8.5
516,PIT,CKUHL-R,141,137,8,8.5
516,CIN,BARROYO-R,170,175,12,11
516,CUB,JLACKEY-R,-190,-195,12,11
516,NYM,TMILONE-L,150,145,9,9.5
516,ARI,ZGREINKE-R,-170,-160,9,9.5
516,MIL,JNELSON-R,-111,113,7.5,7.5
516,SDG,CRICHARD-L,-109,-123,7.5,7.5
516,LOS,RHILL-L,-155,-144,7.5,7.5
516,SFO,TBLACH-L,135,129,7.5,7.5
516,TAM,JODORIZZI-R,150,138,8,9
516,CLE,DSALAZAR-R,-170,-153,8,9
516,BAL,WMILEY-L,-110,103,9,10
516,DET,MBOYD-L,-110,-113,9,10
516,NYY,CSABATHIA-L,-126,-115,9,9.5
516,KAN,JHAMMEL-R,106,105,9,9.5
516,CWS,DHOLLAND-L,146,167,8,7.5
516,LAA,JRAMIREZ-R,-166,-187,8,7.5
516,OAK,ATRIGGS-R,-107,-103,8,8.5
516,SEA,CDEJONG-R,-113,-107,8,8.5
516,ATL,JGARCIA-L,145,123,8.5,8.5
516,TOR,MESTRADA-R,-165,-138,8.5,8.5
516,HOU,DKEUCHEL-L,-172,-158,8,7.5
516,MIA,TKOEHLER-R,152,143,8,7.5
516,PHI,JEICKHOFF-R,160,165,8.5,8.5
516,TEX,YDARVISH-R,-180,-185,8.5,8.5
516,COL,KFREELAND-L,-110,104,9,10
516,MIN,PHUGHES-R,-110,-114,9,10
516,BOS,ERODRIGUEZ-L,-105,-109,8,8
516,STL,LLYNN-R,-115,-101,8,8
517,NYM,MHARVEY-R,106,116,9.5,9.5
517,ARI,PCORBIN-L,-126,-126,9.5,9.5
517,LOS,CKERSHAW-L,-176,-185,6.5,6.5
517,SFO,JCUETO-R,156,165,6.5,6.5
517,WAS,JTURNER-R,105,114,8.5,8.5
517,PIT,GCOLE-R,-125,-124,8.5,8.5
517,CIN,SFELDMAN-R,166,173,12.5,11
517,CUB,KHENDRICKS-R,-186,-193,12.5,11
517,MIL,MGARZA-R,106,116,8,7.5
517,SDG,JCHACIN-R,-126,-126,8,7.5
517,TAM,ACOBB-R,125,150,9,10
517,CLE,JTOMLIN-R,-145,-165,9,10
517,BAL,UJIMENEZ-R,124,128,9,9.5
517,DET,MFULMER-R,-144,-143,9,9.5
517,NYY,MPINEDA-R,-115,-136,8.5,8.5
517,KAN,JVARGAS-L,-105,121,8.5,8.5
517,CWS,MGONZALEZ-R,150,159,7.5,8
517,LAA,MSHOEMAKER-R,-170,-179,7.5,8
517,OAK,JHAHN-R,-104,102,8.5,8.5
517,SEA,CBERGMAN-R,-116,-112,8.5,8.5
517,TOR,JBIAGINI-R,100,101,8.5,8.5
517,ATL,MFOLTYNEWICZ-R,-120,-111,8.5,8.5
517,HOU,LMCCULLERS-R,-161,-168,8.5,8
517,MIA,JURENA-R,141,153,8.5,8
517,PHI,ZEFLIN-R,125,117,10,10.5
517,TEX,ACASHNER-R,-145,-132,10,10.5
517,BOS,RPORCELLO-R,-108,-111,8,8.5
517,STL,MLEAKE-R,-112,101,8,8.5
518,WAS,TROARK-R,-126,-127,9,10
518,PIT,TGLASNOW-R,106,117,9,10
518,CIN,AGARRETT-L,175,185,10.5,10.5
518,CUB,JLESTER-L,-195,-215,10.5,10.5
518,MIL,ZDAVIES-R,-101,101,8.5,8.5
518,SDG,JCOSART-R,-119,-111,8.5,8.5
518,MIA,EVOLQUEZ-R,150,176,8,8.5
518,LOS,HRYU-L,-170,-196,8,8.5
518,BAL,DBUNDY-R,-111,-131,9.5,10
518,DET,JZIMMERMANN-R,-109,116,9.5,10
518,NYY,JMONTGOMERY-L,-105,-117,8.5,9
518,KAN,DDUFFY-L,-105,107,8.5,9
518,BOS,HVELAZQUEZ-R,-121,-111,9,8
518,OAK,SGRAY-R,101,101,9,8
518,CWS,DCOVEY-R,152,153,9,9
518,SEA,SGAVIGLIO-R,-172,-173,9,9
518,COL,TCHATWOOD-R,101,130,8.5,8
518,MIN,JBERRIOS-R,-121,-145,8.5,8
518,TOR,MSTROMAN-R,-106,-111,7.5,8
518,ATL,JTEHERAN-R,-114,101,7.5,8
518,PHI,NPIVETTA-R,150,125,10,10
518,TEX,MPEREZ-L,-170,-140,10,10
518,COL,GMARQUEZ-R,117,117,8.5,8
518,MIN,ESANTANA-R,-137,-132,8.5,8
519,MIL,PESPINO-R,161,160,8,7.5
519,CUB,EBUTLER-R,-181,-180,8,7.5
519,PHI,JHELLICKSON-R,-106,118,8.5,9.5
519,PIT,TWILLIAMS-R,-114,-128,8.5,9.5
519,WAS,GGONZALEZ-L,-151,-172,8.5,10
519,ATL,RDICKEY-R,131,152,8.5,10
519,COL,TANDERSON-L,-106,-103,9,8.5
519,CIN,LBONILLA-R,-114,-107,9,8.5
519,SFO,MMOORE-L,123,131,8.5,8.5
519,STL,MWACHA-R,-143,-146,8.5,8.5
519,ARI,TWALKER-R,-126,-148,8.5,8.5
519,SDG,JWEAVER-R,106,133,8.5,8.5
519,MIA,JNICOLINO-L,200,200,8,8
519,LOS,AWOOD-L,-230,-240,8,8
519,TOR,ASANCHEZ-R,106,116,8.5,9
519,BAL,CTILLMAN-R,-126,-126,8.5,9
519,NYY,LSEVERINO-R,-126,-123,8,8
519,TAM,ERAMIREZ-R,106,113,8,8
519,TEX,NMARTINEZ-R,117,135,9,9
519,DET,DNORRIS-L,-137,-150,9,9
519,KAN,NKARNS-R,106,-101,8,8.5
519,MIN,HSANTIAGO-L,-126,-109,8,8.5
519,CLE,TBAUER-R,120,119,9,8
519,HOU,CMORTON-R,-140,-129,9,8
519,BOS,CSALE-L,-200,-191,7.5,7.5
519,OAK,KGRAVEMAN-R,170,171,7.5,7.5
519,CWS,JQUINTANA-L,-109,111,8,7.5
519,SEA,AMIRANDA-L,-111,-121,8,7.5
519,LAA,RNOLASCO-R,131,153,7.5,8
519,NYM,JDEGROM-R,-151,-168,7.5,8
520,WAS,MSCHERZER-R,-181,-230,8.5,9
520,ATL,BCOLON-R,161,200,8.5,9
520,PHI,VVELASQUEZ-R,106,111,8.5,8.5
520,PIT,INOVA-R,-126,-121,8.5,8.5
520,COL,ASENZATELA-R,-113,101,9,9.5
520,CIN,TADLEMAN-R,-107,-111,9,9.5
520,SFO,JSAMARDZIJA-R,131,122,8,8
520,STL,CMARTINEZ-R,-151,-137,8,8
520,ARI,RRAY-L,-115,-108,7.5,7.5
520,SDG,LPERDOMO-R,-105,-102,7.5,7.5
520,MIA,DSTRAILY-R,165,151,8,8.5
520,LOS,JURIAS-L,-185,-171,8,8.5
520,NYY,MTANAKA-R,-121,-116,8,8.5
520,TAM,MANDRIESE-R,101,106,8,8.5
520,CLE,MCLEVINGER-R,-102,103,9,9
520,HOU,MFIERS-R,-118,-113,9,9
520,BOS,DPOMERANZ-L,-111,-118,8.5,9
520,OAK,SMANAEA-L,-109,108,8.5,9
520,TOR,MBOLSINGER-R,125,145,9.5,9
520,BAL,KGAUSMAN-R,-145,-160,9.5,9
520,TEX,AGRIFFIN-R,141,132,8.5,8.5
520,DET,JVERLANDER-R,-161,-147,8.5,8.5
520,CWS,MPELFREY-R,145,156,8.5,8.5
520,SEA,YGALLARDO-R,-165,-176,8.5,8.5
520,LAA,AMEYER-R,120,118,8.5,8
520,NYM,ZWHEELER-R,-140,-133,8.5,8
521,WAS,SSTRASBURG-R,-170,-190,8.5,9
521,ATL,JGARCIA-L,150,170,8.5,9
521,MIA,VWORLEY-R,170,172,8.5,9.5
521,LOS,BMCCARTHY-R,-200,-192,8.5,9.5
521,COL,KFREELAND-L,-111,102,9,9.5
521,CIN,BARROYO-R,-109,-112,9,9.5
521,PHI,ANOLA-R,-109,-115,9,8.5
521,PIT,CKUHL-R,-111,105,9,8.5
521,SFO,MCAIN-R,141,155,8.5,9
521,STL,AWAINWRIGHT-R,-161,-175,8.5,9
521,MIL,CANDERSON-R,165,181,10,10.5
521,CUB,JARRIETA-R,-185,-211,10,10.5
521,ARI,ZGODLEY-R,-116,-112,8,8
521,SDG,CRICHARD-L,-104,102,8,8
521,TEX,YDARVISH-R,-126,-127,8.5,9
521,DET,MBOYD-L,106,117,8.5,9
521,NYY,CSABATHIA-L,117,126,8,8
521,TAM,CARCHER-R,-137,-141,8,8
521,TOR,MESTRADA-R,106,104,8.5,8.5
521,BAL,WMILEY-L,-126,-114,8.5,8.5
521,KAN,JJUNIS-R,130,114,9,9
521,MIN,PHUGHES-R,-150,-124,9,9
521,CLE,DSALAZAR-R,-104,-103,9,8.5
521,HOU,JMUSGROVE-R,-116,-107,9,8.5
521,BOS,ERODRIGUEZ-L,-112,-119,8,8.5
521,OAK,ATRIGGS-R,-108,109,8,8.5
521,CWS,DHOLLAND-L,100,112,9,9
521,SEA,CHESTON-R,-120,-122,9,9
521,LAA,JCHAVEZ-R,-109,101,8.5,8.5
521,NYM,TMILONE-L,-111,-111,8.5,8.5
521,KAN,IKENNEDY-R,-111,-104,8.5,8.5
521,MIN,AMEJIA-L,-109,-106,8.5,8.5
522,COL,JHOFFMAN-R,-109,-101,9,8.5
522,PHI,JEICKHOFF-R,-111,-109,9,8.5
522,PIT,GCOLE-R,-116,-128,8,8.5
522,ATL,MFOLTYNEWICZ-R,-104,118,8,8.5
522,SFO,TBLACH-L,166,185,8.5,10
522,CUB,JLACKEY-R,-186,-215,8.5,10
522,KAN,JVARGAS-L,146,170,8,8
522,NYY,MPINEDA-R,-166,-190,8,8
522,MIN,KGIBSON-R,132,119,9.5,10
522,BAL,UJIMENEZ-R,-152,-129,9.5,10
522,LAA,JRAMIREZ-R,101,102,8,8.5
522,TAM,JODORIZZI-R,-121,-112,8,8.5
522,DET,MFULMER-R,102,129,8.5,8.5
522,HOU,BPEACOCK-R,-122,-144,8.5,8.5
522,CLE,JTOMLIN-R,-111,-124,9,9.5
522,CIN,SFELDMAN-R,-109,114,9,9.5
522,CWS,MGONZALEZ-R,172,175,9,9
522,ARI,ZGREINKE-R,-192,-205,9,9
523,SFO,JCUETO-R,130,152,7,7
523,CUB,JLESTER-L,-150,-172,7,7
523,COL,GMARQUEZ-R,-116,-136,8.5,8.5
523,PHI,ZEFLIN-R,-104,121,8.5,8.5
523,PIT,TGLASNOW-R,-104,-101,9.5,9.5
523,ATL,RDICKEY-R,-116,-109,9.5,9.5
523,SDG,JCHACIN-R,131,132,8.5,8
523,NYM,MHARVEY-R,-151,-147,8.5,8
523,STL,LLYNN-R,212,205,6.5,7
523,LOS,CKERSHAW-L,-252,-245,6.5,7
523,MIN,ESANTANA-R,106,114,8.5,9.5
523,BAL,DBUNDY-R,-126,-124,8.5,9.5
523,KAN,DDUFFY-L,116,121,8.5,9
523,NYY,JMONTGOMERY-L,-136,-136,8.5,9
523,LAA,MSHOEMAKER-R,101,101,8,8.5
523,TAM,ACOBB-R,-121,-111,8,8.5
523,TEX,ACASHNER-R,150,175,9.5,9.5
523,BOS,RPORCELLO-R,-170,-195,9.5,9.5
523,DET,JZIMMERMANN-R,175,195,8.5,8.5
523,HOU,LMCCULLERS-R,-205,-225,8.5,8.5
523,SEA,CBERGMAN-R,140,132,9,9
523,WAS,JROSS-R,-160,-147,9,9
523,CLE,CCARRASCO-R,-146,-171,8.5,8.5
523,CIN,AGARRETT-L,126,151,8.5,8.5
523,TOR,JBIAGINI-R,-105,-110,9,8.5
523,MIL,JNELSON-R,-115,100,9,8.5
523,CWS,DCOVEY-R,175,151,10.5,11
523,ARI,PCORBIN-L,-205,-166,10.5,11
523,MIA,JURENA-R,106,113,8,9
523,OAK,JHAHN-R,-126,-123,8,9
524,COL,TCHATWOOD-R,-110,-121,8.5,9
524,PHI,JHELLICKSON-R,-110,111,8.5,9
524,SDG,JCOSART-R,136,147,8.5,8.5
524,NYM,RGSELLMAN-R,-156,-162,8.5,8.5
524,PIT,TWILLIAMS-R,120,127,9,9
524,ATL,JTEHERAN-R,-140,-142,9,9
524,SFO,MMOORE-L,151,162,7,7
524,CUB,KHENDRICKS-R,-171,-182,7,7
524,STL,MLEAKE-R,145,116,7.5,7.5
524,LOS,RHILL-L,-165,-131,7.5,7.5
524,MIN,JBERRIOS-R,117,-105,9,9
524,BAL,CTILLMAN-R,-137,-105,9,9
524,KAN,JHAMMEL-R,165,187,8.5,8.5
524,NYY,LSEVERINO-R,-185,-217,8.5,8.5
524,LAA,RNOLASCO-R,101,116,8.5,8.5
524,TAM,ERAMIREZ-R,-121,-131,8.5,8.5
524,TEX,MPEREZ-L,221,250,8.5,8
524,BOS,CSALE-L,-261,-300,8.5,8
524,DET,DNORRIS-L,145,153,9,9
524,HOU,CMORTON-R,-165,-168,9,9
524,TOR,MSTROMAN-R,-117,-116,8.5,8.5
524,MIL,MGARZA-R,-103,106,8.5,8.5
524,MIA,EVOLQUEZ-R,112,130,8.5,9
524,OAK,SGRAY-R,-132,-145,8.5,9
524,CWS,JQUINTANA-L,-104,109,9.5,9
524,ARI,RDELGADO-R,-116,-119,9.5,9
524,SEA,SGAVIGLIO-R,136,138,9,9
524,WAS,TROARK-R,-156,-153,9,9
524,CIN,LBONILLA-R,161,174,9,9.5
524,CLE,TBAUER-R,-181,-194,9,9.5
525,COL,TANDERSON-L,-111,-101,8.5,8
525,PHI,VVELASQUEZ-R,-109,-109,8.5,8
525,SFO,JSAMARDZIJA-R,-106,103,7.5,8
525,CUB,EBUTLER-R,-114,-113,7.5,8
525,SDG,DLAMET-R,185,141,7.5,9
525,NYM,RMONTERO-R,-215,-156,7.5,9
525,PIT,INOVA-R,-106,104,9,9
525,ATL,BCOLON-R,-114,-114,9,9
525,ARI,RRAY-L,-111,-103,9,9
525,MIL,ZDAVIES-R,-109,-107,9,9
525,STL,MWACHA-R,111,129,7.5,7.5
525,LOS,KMAEDA-R,-131,-144,7.5,7.5
525,LAA,DWRIGHT-R,111,151,9,9
525,TAM,MANDRIESE-R,-131,-166,9,9
525,TEX,NMARTINEZ-R,168,170,10,9
525,BOS,DPOMERANZ-L,-188,-200,10,9
525,DET,JVERLANDER-R,-105,-103,8.5,9.5
525,HOU,MFIERS-R,-105,-107,8.5,9.5
525,SEA,AMIRANDA-L,131,120,9,9
525,WAS,GGONZALEZ-L,-151,-135,9,9
526,CIN,TADLEMAN-R,136,118,9,8
526,PHI,ANOLA-R,-156,-133,9,8
526,NYM,JDEGROM-R,-133,-145,8,8
526,PIT,CKUHL-R,113,130,8,8
526,SDG,LPERDOMO-R,205,215,8,7.5
526,WAS,MSCHERZER-R,-245,-255,8,7.5
526,ARI,ZGODLEY-R,-106,-103,9,9
526,MIL,JGUERRA-R,-114,-107,9,9
526,STL,CMARTINEZ-R,-126,-111,10.5,11
526,COL,ASENZATELA-R,106,101,10.5,11
526,CUB,JARRIETA-R,115,120,8,7
526,LOS,AWOOD-L,-135,-135,8,7
526,ATL,JGARCIA-L,-105,-106,8,8
526,SFO,MCAIN-R,-105,-104,8,8
526,TEX,AGRIFFIN-R,104,128,9.5,10
526,TOR,MBOLSINGER-R,-124,-143,9.5,10
526,OAK,SMANAEA-L,155,149,9,9.5
526,NYY,MTANAKA-R,-175,-164,9,9.5
526,KAN,IKENNEDY-R,153,153,8.5,8.5
526,CLE,MCLEVINGER-R,-173,-173,8.5,8.5
526,SEA,YGALLARDO-R,162,139,9.5,9.5
526,BOS,ERODRIGUEZ-L,-182,-154,9.5,9.5
526,TAM,CARCHER-R,-131,-140,8.5,8.5
526,MIN,HSANTIAGO-L,111,125,8.5,8.5
526,BAL,KGAUSMAN-R,115,130,9,9
526,HOU,JMUSGROVE-R,-135,-145,9,9
526,LAA,JCHAVEZ-R,106,117,8.5,8
526,MIA,DSTRAILY-R,-126,-127,8.5,8
526,DET,MBOYD-L,-113,-105,9.5,9.5
526,CWS,MPELFREY-R,-107,-105,9.5,9.5
527,SDG,CRICHARD-L,206,230,8,7.5
527,WAS,SSTRASBURG-R,-236,-270,8,7.5
527,CIN,BARROYO-R,120,118,9.5,9
527,PHI,JEICKHOFF-R,-140,-128,9.5,9
527,ARI,ZGREINKE-R,-140,-132,8.5,8.5
527,MIL,CANDERSON-R,120,117,8.5,8.5
527,CUB,JLACKEY-R,106,105,8,8
527,LOS,BMCCARTHY-R,-126,-115,8,8
527,NYM,ZWHEELER-R,115,123,8,8
527,PIT,GCOLE-R,-135,-138,8,8
527,STL,AWAINWRIGHT-R,-109,-106,11,10.5
527,COL,KFREELAND-L,-111,-104,11,10.5
527,ATL,MFOLTYNEWICZ-R,115,103,8,7.5
527,SFO,TBLACH-L,-135,-113,8,7.5
527,TEX,YDARVISH-R,-112,101,8.5,7.5
527,TOR,MESTRADA-R,-108,-111,8.5,7.5
527,KAN,JVARGAS-L,140,150,8.5,8
527,CLE,DSALAZAR-R,-160,-165,8.5,8
527,DET,BFARMER-R,-135,-119,8.5,9.5
527,CWS,DHOLLAND-L,115,109,8.5,9.5
527,BAL,WMILEY-L,160,171,8.5,8
527,HOU,DKEUCHEL-L,-180,-201,8.5,8
527,TAM,JODORIZZI-R,-115,-119,9.5,9
527,MIN,AMEJIA-L,-105,109,9.5,9
527,OAK,JCOTTON-R,143,126,9.5,10
527,NYY,CSABATHIA-L,-163,-141,9.5,10
527,SEA,RWHALEN-R,140,119,10.5,10.5
527,BOS,BJOHNSON-L,-160,-129,10.5,10.5
527,LAA,JRAMIREZ-R,-140,-109,9,9
527,MIA,VWORLEY-R,120,-101,9,9
527,DET,MFULMER-R,-135,-151,8.5,9
527,CWS,TDANISH-R,115,136,8.5,9
528,SDG,JCHACIN-R,141,130,9,8
528,WAS,JROSS-R,-161,-145,9,8
528,CIN,SFELDMAN-R,-121,-111,9,9
528,PHI,ZEFLIN-R,101,101,9,9
528,ARI,PCORBIN-L,101,116,9,8.5
528,MIL,JNELSON-R,-121,-131,9,8.5
528,STL,LLYNN-R,-101,120,11,10.5
528,COL,GMARQUEZ-R,-119,-135,11,10.5
528,ATL,RDICKEY-R,163,180,8,8
528,SFO,JCUETO-R,-183,-210,8,8
528,CUB,JLESTER-L,141,145,6.5,6.5
528,LOS,CKERSHAW-L,-161,-160,6.5,6.5
528,NYM,MHARVEY-R,-105,111,9,9
528,PIT,TGLASNOW-R,-105,-121,9,9
528,TEX,ACASHNER-R,126,156,9,9.5
528,TOR,JBIAGINI-R,-146,-176,9,9.5
528,OAK,ATRIGGS-R,150,165,9,8.5
528,NYY,MPINEDA-R,-170,-185,9,8.5
528,KAN,DDUFFY-L,106,116,8.5,8.5
528,CLE,JTOMLIN-R,-126,-126,8.5,8.5
528,SEA,CBERGMAN-R,155,171,10,9.5
528,BOS,RPORCELLO-R,-175,-191,10,9.5
528,DET,JZIMMERMANN-R,-109,-114,9.5,10
528,CWS,MGONZALEZ-R,-111,104,9.5,10
528,TAM,ACOBB-R,-111,-105,9,9.5
528,MIN,KGIBSON-R,-109,-105,9,9.5
528,BAL,AASHER-R,194,200,8.5,8.5
528,HOU,LMCCULLERS-R,-224,-230,8.5,8.5
528,LAA,MSHOEMAKER-R,-127,-111,8.5,9
528,MIA,JURENA-R,107,101,8.5,9
529,PHI,JHELLICKSON-R,117,149,8.5,9.5
529,MIA,EVOLQUEZ-R,-137,-164,8.5,9.5
529,LOS,RHILL-L,101,-104,8.5,9
529,STL,MLEAKE-R,-121,-106,8.5,9
529,WAS,TROARK-R,-122,-109,8.5,8.5
529,SFO,MMOORE-L,102,-101,8.5,8.5
529,ARI,RDELGADO-R,-111,-114,9,9.5
529,PIT,TWILLIAMS-R,-109,104,9,9.5
529,MIL,MGARZA-R,117,117,8.5,8.5
529,NYM,RGSELLMAN-R,-137,-132,8.5,8.5
529,CUB,KHENDRICKS-R,-201,-215,7.5,8.5
529,SDG,JCOSART-R,171,185,7.5,8.5
529,OAK,DMENGDEN-R,206,220,8.5,9
529,CLE,CCARRASCO-R,-236,-260,8.5,9
529,BOS,DPRICE-L,-172,-165,9,10
529,CWS,DHOLMBERG-L,152,150,9,10
529,NYY,JMONTGOMERY-L,-112,-105,9,9.5
529,BAL,DBUNDY-R,-108,-105,9,9.5
529,TAM,ERAMIREZ-R,-106,116,9.5,9.5
529,TEX,MPEREZ-L,-114,-131,9.5,9.5
529,DET,DNORRIS-L,-112,-105,9,9
529,KAN,JHAMMEL-R,-108,-105,9,9
529,HOU,BPEACOCK-R,-105,-116,8.5,9
529,MIN,ESANTANA-R,-105,106,8.5,9
529,SEA,SGAVIGLIO-R,136,132,11,11
529,COL,TCHATWOOD-R,-156,-147,11,11
529,CIN,LBONILLA-R,170,180,9,9.5
529,TOR,MSTROMAN-R,-190,-210,9,9.5
529,ATL,JTEHERAN-R,-107,116,8,7.5
529,LAA,RNOLASCO-R,-113,-126,8,7.5
530,PHI,VVELASQUEZ-R,-111,109,9,8.5
530,MIA,JNICOLINO-L,-109,-119,9,8.5
530,ARI,RRAY-L,-107,111,7.5,8.5
530,PIT,INOVA-R,-113,-121,7.5,8.5
530,LOS,KMAEDA-R,-121,-117,8.5,8
530,STL,MWACHA-R,101,107,8.5,8
530,MIL,ZDAVIES-R,-104,117,9,9
530,NYM,TPILL-R,-116,-132,9,9
530,CUB,EBUTLER-R,-141,-146,8,8.5
530,SDG,DLAMET-R,121,131,8,8.5
530,WAS,GGONZALEZ-L,-104,118,8,7.5
530,SFO,JSAMARDZIJA-R,-116,-128,8,7.5
530,OAK,SGRAY-R,148,150,8.5,9
530,CLE,TBAUER-R,-168,-170,8.5,9
530,NYY,LSEVERINO-R,-126,-168,9,8.5
530,BAL,CTILLMAN-R,106,153,9,8.5
530,TAM,MANDRIESE-R,-121,-107,10,10
530,TEX,NMARTINEZ-R,101,-103,10,10
530,BOS,CSALE-L,-171,-170,7.5,7
530,CWS,JQUINTANA-L,151,150,7.5,7
530,DET,JVERLANDER-R,-150,-133,9,9
530,KAN,ESKOGLUND-L,130,118,9,9
530,HOU,MFIERS-R,102,-103,9,9
530,MIN,JBERRIOS-R,-122,-107,9,9
530,CIN,WOJCIECHOWSKI-R,155,175,9,9.5
530,TOR,JHAPP-L,-175,-205,9,9.5
530,SEA,AMIRANDA-L,104,134,11,11
530,COL,TANDERSON-L,-124,-149,11,11
530,ATL,BCOLON-R,-101,109,8.5,8.5
530,LAA,PBRIDWELL-R,-119,-119,8.5,8.5
531,ARI,ZGODLEY-R,-105,-102,9,9
531,PIT,CKUHL-R,-115,-108,9,9
531,CUB,JARRIETA-R,-175,-210,8.5,7.5
531,SDG,LPERDOMO-R,155,180,8.5,7.5
531,PHI,ANOLA-R,104,109,8.5,7.5
531,MIA,DSTRAILY-R,-124,-119,8.5,7.5
531,MIL,JGUERRA-R,160,170,7.5,7.5
531,NYM,JDEGROM-R,-180,-200,7.5,7.5
531,LOS,HRYU-L,112,117,8,8
531,STL,CMARTINEZ-R,-132,-132,8,8
531,WAS,MSCHERZER-R,-176,-161,7.5,7.5
531,SFO,MCAIN-R,156,146,7.5,7.5
531,HOU,DPAULINO-R,-125,-143,9.5,10
531,MIN,HSANTIAGO-L,105,128,9.5,10
531,OAK,SMANAEA-L,127,141,9,9
531,CLE,MCLEVINGER-R,-147,-156,9,9
531,NYY,MTANAKA-R,-112,101,9,9
531,BAL,KGAUSMAN-R,-108,-111,9,9
531,TAM,CARCHER-R,-141,-147,9.5,9.5
531,TEX,ABIBENS-DIRKX-R,121,132,9.5,9.5
531,BOS,DPOMERANZ-L,-155,-136,9.5,9.5
531,CWS,MPELFREY-R,135,121,9.5,9.5
531,DET,MBOYD-L,106,105,9.5,9
531,KAN,IKENNEDY-R,-126,-115,9.5,9
531,CIN,TADLEMAN-R,125,107,10,9.5
531,TOR,MBOLSINGER-R,-145,-117,10,9.5
531,ATL,JGARCIA-L,107,108,8,7.5
531,LAA,JCHAVEZ-R,-127,-118,8,7.5
531,COL,ASENZATELA-R,136,163,8,8
531,SEA,JPAXTON-L,-156,-183,8,8
601,ARI,ZGREINKE-R,-126,-121,8,8
601,MIA,JLOCKE-L,106,111,8,8
601,MIL,CANDERSON-R,120,125,8.5,9
601,NYM,ZWHEELER-R,-140,-140,8.5,9
601,LOS,BMCCARTHY-R,-111,-109,8.5,8
601,STL,AWAINWRIGHT-R,-109,-101,8.5,8
601,OAK,JCOTTON-R,193,195,8,8.5
601,CLE,CKLUBER-R,-223,-225,8,8.5
601,BOS,ERODRIGUEZ-L,-111,-123,9,9
601,BAL,WMILEY-L,-109,113,9,9
601,NYY,CSABATHIA-L,116,135,9,8.5
601,TOR,MESTRADA-R,-136,-150,9,8.5
601,MIN,AMEJIA-L,-101,-104,9,8.5
601,LAA,AMEYER-R,-119,-106,9,8.5
601,COL,KFREELAND-L,106,116,8.5,9
601,SEA,YGALLARDO-R,-126,-126,8.5,9
602,STL,LLYNN-R,121,165,8,9
602,CUB,JLACKEY-R,-141,-185,8,9
602,ARI,PCORBIN-L,-108,106,9,8.5
602,MIA,JURENA-R,-112,-116,9,8.5
602,SFO,TBLACH-L,-106,116,8.5,9
602,PHI,JEICKHOFF-R,-114,-126,8.5,9
602,PIT,GCOLE-R,-107,100,8,8.5
602,NYM,MHARVEY-R,-113,-110,8,8.5
602,ATL,MFOLTYNEWICZ-R,-110,109,9.5,9.5
602,CIN,BARROYO-R,-110,-119,9.5,9.5
602,LOS,CKERSHAW-L,-230,-205,7.5,7.5
602,MIL,JNELSON-R,200,175,7.5,7.5
602,COL,GMARQUEZ-R,-132,-112,7.5,7.5
602,SDG,CRICHARD-L,112,102,7.5,7.5
602,NYY,MPINEDA-R,-126,-122,9,9
602,TOR,FLIRIANO-L,106,112,9,9
602,BOS,RPORCELLO-R,-131,-128,9.5,9.5
602,BAL,AASHER-R,111,118,9.5,9.5
602,CWS,DHOLLAND-L,150,170,8.5,9.5
602,DET,MFULMER-R,-170,-200,8.5,9.5
602,HOU,DKEUCHEL-L,-129,-121,7.5,8.5
602,TEX,YDARVISH-R,109,111,7.5,8.5
602,CLE,JTOMLIN-R,-107,-111,8.5,9
602,KAN,JVARGAS-L,-113,101,8.5,9
602,MIN,KGIBSON-R,126,118,8.5,8.5
602,LAA,JRAMIREZ-R,-146,-128,8.5,8.5
602,TAM,JODORIZZI-R,-111,-118,8.5,9
602,SEA,CBERGMAN-R,-109,108,8.5,9
602,WAS,SSTRASBURG-R,-137,-144,7.5,7.5
602,OAK,ATRIGGS-R,117,129,7.5,7.5
603,ARI,RDELGADO-R,-101,126,8.5,8.5
603,MIA,EVOLQUEZ-R,-119,-141,8.5,8.5
603,STL,MLEAKE-R,136,134,9,9
603,CUB,JLESTER-L,-156,-149,9,9
603,SFO,JCUETO-R,-150,-133,8.5,8.5
603,PHI,BLIVELY-R,130,118,8.5,8.5
603,LOS,RHILL-L,-149,-161,8.5,9
603,MIL,MGARZA-R,129,146,8.5,9
603,COL,TCHATWOOD-R,-121,-108,8,8
603,SDG,JCHACIN-R,101,-102,8,8
603,ATL,RDICKEY-R,131,160,9.5,10.5
603,CIN,SFELDMAN-R,-151,-180,9.5,10.5
603,PIT,TGLASNOW-R,126,127,9,9
603,NYM,RGSELLMAN-R,-146,-142,9,9
603,NYY,JMONTGOMERY-L,107,132,9.5,9
603,TOR,JBIAGINI-R,-127,-147,9.5,9
603,HOU,LMCCULLERS-R,-166,-176,9,9.5
603,TEX,ACASHNER-R,146,156,9,9.5
603,CLE,CCARRASCO-R,-173,-187,8.5,8.5
603,KAN,JHAMMEL-R,153,167,8.5,8.5
603,CWS,MGONZALEZ-R,110,117,10,10
603,DET,JZIMMERMANN-R,-130,-132,10,10
603,BOS,DPRICE-L,-121,-121,9,8.5
603,BAL,DBUNDY-R,101,111,9,8.5
603,MIN,ESANTANA-R,-106,-106,7.5,8
603,LAA,MSHOEMAKER-R,-114,-104,7.5,8
603,TAM,ACOBB-R,-112,-102,8.5,9
603,SEA,SGAVIGLIO-R,-108,-108,8.5,9
603,WAS,JROSS-R,-120,106,9,9
603,OAK,DMENGDEN-R,100,-116,9,9
604,ATL,JTEHERAN-R,-105,102,10,10
604,CIN,AGARRETT-L,-115,-112,10,10
604,PIT,TWILLIAMS-R,-102,111,9,9.5
604,NYM,TPILL-R,-118,-121,9,9.5
604,ARI,BSHIPLEY-R,111,125,9,9
604,MIA,VWORLEY-R,-131,-140,9,9
604,SFO,MMOORE-L,-114,-111,9,9.5
604,PHI,JHELLICKSON-R,-106,101,9,9.5
604,LOS,KMAEDA-R,-145,-144,9.5,9.5
604,MIL,ZDAVIES-R,125,129,9.5,9.5
604,COL,JHOFFMAN-R,-117,-140,8.5,8.5
604,SDG,JCOSART-R,-103,125,8.5,8.5
604,STL,MWACHA-R,150,155,8.5,9
604,CUB,KHENDRICKS-R,-170,-175,8.5,9
604,NYY,LSEVERINO-R,-105,-102,8.5,8.5
604,TOR,MSTROMAN-R,-105,-108,8.5,8.5
604,CWS,DHOLMBERG-L,168,220,9,10
604,DET,JVERLANDER-R,-188,-260,9,10
604,BOS,CSALE-L,-176,-188,8.5,9
604,BAL,CTILLMAN-R,156,168,8.5,9
604,CLE,TBAUER-R,-114,-140,9,9
604,KAN,ESKOGLUND-L,-106,125,9,9
604,HOU,BPEACOCK-R,-140,-145,9.5,10.5
604,TEX,MPEREZ-L,120,130,9.5,10.5
604,MIN,JBERRIOS-R,-112,-134,8.5,8
604,LAA,RNOLASCO-R,-108,119,8.5,8
604,TAM,ERAMIREZ-R,104,116,8.5,8.5
604,SEA,AMIRANDA-L,-124,-131,8.5,8.5
604,WAS,TROARK-R,-114,-109,8.5,9.5
604,OAK,SGRAY-R,-106,-101,8.5,9.5
605,STL,CMARTINEZ-R,-131,-160,9,9.5
605,CIN,WOJCIECHOWSKI-R,111,145,9,9.5
605,PHI,NPIVETTA-R,111,118,9.5,9.5
605,ATL,BCOLON-R,-131,-133,9.5,9.5
605,SFO,JSAMARDZIJA-R,-105,-132,8.5,8
605,MIL,JGUERRA-R,-105,117,8.5,8
605,MIA,DSTRAILY-R,106,106,7.5,8
605,CUB,EBUTLER-R,-126,-116,7.5,8
605,WAS,GGONZALEZ-L,111,127,8.5,8
605,LOS,HRYU-L,-131,-142,8.5,8
605,HOU,MFIERS-R,-136,-129,9,10
605,KAN,IKENNEDY-R,116,119,9,10
605,TOR,JHAPP-L,-106,-107,8,8
605,OAK,SMANAEA-L,-114,-103,8,8
606,STL,AWAINWRIGHT-R,-111,-135,9,9.5
606,CIN,TADLEMAN-R,-109,120,9,9.5
606,PHI,ANOLA-R,109,-106,8.5,8.5
606,ATL,JGARCIA-L,-129,-104,8.5,8.5
606,SFO,MCAIN-R,120,103,9,9
606,MIL,CANDERSON-R,-140,-113,9,9
606,MIA,JLOCKE-L,165,175,7.5,7.5
606,CUB,JARRIETA-R,-185,-205,7.5,7.5
606,SDG,DLAMET-R,151,139,8.5,9
606,ARI,RRAY-L,-171,-154,8.5,9
606,WAS,MSCHERZER-R,-115,-109,7.5,7
606,LOS,BMCCARTHY-R,-105,-101,7.5,7
606,BOS,DPOMERANZ-L,-105,114,9,8.5
606,NYY,MTANAKA-R,-115,-124,9,8.5
606,CWS,JQUINTANA-L,140,152,7.5,7.5
606,TAM,CARCHER-R,-160,-172,7.5,7.5
606,LAA,JCHAVEZ-R,135,129,9,9.5
606,DET,DNORRIS-L,-155,-144,9,9.5
606,HOU,DPAULINO-R,-145,-121,10,9.5
606,KAN,JJUNIS-R,125,111,10,9.5
606,TOR,MESTRADA-R,-147,-127,8,8.5
606,OAK,JHAHN-R,127,117,8,8.5
606,MIN,HSANTIAGO-L,170,173,8,9
606,SEA,JPAXTON-L,-200,-193,8,9
606,PIT,INOVA-R,115,108,9,9
606,BAL,KGAUSMAN-R,-135,-118,9,9
606,NYM,JDEGROM-R,-136,-136,9,9.5
606,TEX,DGEE-R,116,121,9,9.5
606,CLE,MCLEVINGER-R,-111,-105,11,11
606,COL,ASENZATELA-R,-109,-105,11,11
607,WAS,SSTRASBURG-R,145,151,6.5,6.5
607,LOS,CKERSHAW-L,-165,-166,6.5,6.5
607,STL,LLYNN-R,-126,-105,9.5,9.5
607,CIN,BARROYO-R,106,-105,9.5,9.5
607,PHI,JEICKHOFF-R,111,118,9.5,9
607,ATL,MFOLTYNEWICZ-R,-131,-133,9.5,9
607,MIA,JURENA-R,166,170,8.5,9
607,CUB,JLACKEY-R,-186,-200,8.5,9
607,SFO,TBLACH-L,117,103,9,9
607,MIL,JNELSON-R,-137,-113,9,9
607,SDG,LPERDOMO-R,170,185,8.5,8.5
607,ARI,ZGREINKE-R,-190,-215,8.5,8.5
607,TOR,FLIRIANO-L,-115,-111,8.5,9
607,OAK,JCOTTON-R,-105,101,8.5,9
607,BOS,RPORCELLO-R,-114,-108,9.5,9
607,NYY,CSABATHIA-L,-106,-102,9.5,9
607,CWS,MPELFREY-R,143,170,8.5,8.5
607,TAM,JFARIA-R,-163,-190,8.5,8.5
607,LAA,AMEYER-R,125,120,10,9.5
607,DET,BFARMER-R,-145,-135,10,9.5
607,HOU,DKEUCHEL-L,-164,-101,8.5,9.5
607,KAN,JVARGAS-L,144,-109,8.5,9.5
607,MIN,AMEJIA-L,111,-109,9,9.5
607,SEA,YGALLARDO-R,-131,-101,9,9.5
607,CLE,TBAUER-R,-120,-109,11.5,11
607,COL,KFREELAND-L,100,-101,11.5,11
607,PIT,CKUHL-R,127,140,9.5,9
607,BAL,WMILEY-L,-147,-155,9.5,9
607,NYM,ZWHEELER-R,131,132,9,9
607,TEX,YDARVISH-R,-151,-147,9,9
608,STL,MLEAKE-R,-116,-112,9,9
608,CIN,SFELDMAN-R,-104,102,9,9
608,SFO,JCUETO-R,-133,-111,8.5,9
608,MIL,PESPINO-R,113,101,8.5,9
608,SDG,CRICHARD-L,108,118,9.5,9.5
608,ARI,PCORBIN-L,-128,-133,9.5,9.5
608,MIA,EVOLQUEZ-R,116,128,8.5,8.5
608,PIT,GCOLE-R,-136,-143,8.5,8.5
608,PHI,BLIVELY-R,-111,109,9.5,9.5
608,ATL,RDICKEY-R,-109,-119,9.5,9.5
608,COL,TCHATWOOD-R,150,170,8.5,9
608,CUB,JLESTER-L,-170,-190,8.5,9
608,LAA,JRAMIREZ-R,124,170,9,8.5
608,DET,MFULMER-R,-144,-200,9,8.5
608,BOS,DPRICE-L,-101,114,8.5,8
608,NYY,MPINEDA-R,-119,-124,8.5,8
608,CWS,DHOLLAND-L,130,150,8.5,8
608,TAM,JODORIZZI-R,-150,-170,8.5,8
608,HOU,LMCCULLERS-R,-186,-190,9,9
608,KAN,JHAMMEL-R,166,170,9,9
608,MIN,KGIBSON-R,109,101,9,9
608,SEA,CBERGMAN-R,-129,-111,9,9
608,BAL,AASHER-R,113,135,9.5,9
608,WAS,JROSS-R,-133,-150,9.5,9
609,COL,GMARQUEZ-R,142,129,8.5,9
609,CUB,MMONTGOMERY-L,-162,-144,8.5,9
609,MIA,VWORLEY-R,-101,118,9.5,9.5
609,PIT,TGLASNOW-R,-119,-128,9.5,9.5
609,NYM,MHARVEY-R,-109,-115,9.5,9.5
609,ATL,JTEHERAN-R,-111,105,9.5,9.5
609,PHI,JHELLICKSON-R,140,165,8.5,9
609,STL,MWACHA-R,-160,-185,8.5,9
609,MIL,ZDAVIES-R,121,126,9.5,10
609,ARI,RDELGADO-R,-141,-141,9.5,10
609,CIN,AGARRETT-L,170,174,8.5,8
609,LOS,RHILL-L,-190,-204,8.5,8
609,CWS,MGONZALEZ-R,205,250,8,9
609,CLE,CKLUBER-R,-235,-300,8,9
609,DET,JZIMMERMANN-R,146,118,10,11
609,BOS,BJOHNSON-L,-166,-133,10,11
609,OAK,ATRIGGS-R,120,118,8.5,8.5
609,TAM,ACOBB-R,-140,-133,8.5,8.5
609,BAL,DBUNDY-R,101,150,9,9.5
609,NYY,JMONTGOMERY-L,-121,-170,9,9.5
609,LAA,MSHOEMAKER-R,168,153,8.5,8.5
609,HOU,BPEACOCK-R,-188,-168,8.5,8.5
609,TOR,JBIAGINI-R,-109,-117,8.5,8.5
609,SEA,SGAVIGLIO-R,-111,107,8.5,8.5
609,TEX,ACASHNER-R,151,160,9,9
609,WAS,TROARK-R,-171,-180,9,9
609,KAN,ESKOGLUND-L,-106,107,8,8
609,SDG,JCHACIN-R,-114,-117,8,8
609,MIN,ESANTANA-R,-109,118,8,8
609,SFO,MMOORE-L,-111,-133,8,8
610,PHI,NPIVETTA-R,160,200,8.5,8.5
610,STL,CMARTINEZ-R,-180,-240,8.5,8.5
610,COL,JHOFFMAN-R,101,125,13,13
610,CUB,EBUTLER-R,-121,-140,13,13
610,MIA,DSTRAILY-R,-116,-116,9,10
610,PIT,TWILLIAMS-R,-104,106,9,10
610,NYM,RGSELLMAN-R,-113,-102,10,9.5
610,ATL,SNEWCOMB-L,-107,-108,10,9.5
610,CIN,WOJCIECHOWSKI-R,201,197,8,8
610,LOS,AWOOD-L,-231,-227,8,8
610,MIL,JGUERRA-R,112,135,9,10.5
610,ARI,ZGODLEY-R,-132,-150,9,10.5
610,OAK,SGRAY-R,106,-101,8.5,8.5
610,TAM,ERAMIREZ-R,-126,-109,8.5,8.5
610,LAA,RNOLASCO-R,146,175,9.5,9.5
610,HOU,MFIERS-R,-166,-195,9.5,9.5
610,OAK,SMANAEA-L,106,-109,8,8
610,TAM,MANDRIESE-R,-126,-101,8,8
610,DET,JVERLANDER-R,161,170,8.5,9
610,BOS,CSALE-L,-181,-190,8.5,9
610,CWS,DHOLMBERG-L,167,195,9.5,10
610,CLE,JTOMLIN-R,-187,-225,9.5,10
610,BAL,CTILLMAN-R,170,220,9,10.5
610,NYY,LSEVERINO-R,-190,-260,9,10.5
610,TOR,MSTROMAN-R,-115,-126,8,8.5
610,SEA,AMIRANDA-L,-105,116,8,8.5
610,TEX,MPEREZ-L,171,150,9.5,9.5
610,WAS,GGONZALEZ-L,-191,-165,9.5,9.5
610,MIN,JBERRIOS-R,101,152,7.5,7
610,SFO,JSAMARDZIJA-R,-121,-167,7.5,7
610,KAN,IKENNEDY-R,-126,-119,8.5,8.5
610,SDG,MDIAZ-R,106,109,8.5,8.5
610,NYM,SMATZ-L,-133,-171,9.5,10
610,ATL,MWISLER-R,113,151,9.5,10
611,NYM,SLUGO-R,114,126,9,8.5
611,ATL,JGARCIA-L,-134,-141,9,8.5
611,MIA,JLOCKE-L,114,150,8.5,9.5
611,PIT,INOVA-R,-134,-170,8.5,9.5
611,PHI,ANOLA-R,151,123,8.5,9
611,STL,AWAINWRIGHT-R,-171,-138,8.5,9
611,COL,ASENZATELA-R,156,204,11,11
611,CUB,JARRIETA-R,-176,-234,11,11
611,CIN,TADLEMAN-R,156,160,8.5,8.5
611,LOS,HRYU-L,-176,-180,8.5,8.5
611,MIL,CANDERSON-R,151,135,8.5,9
611,ARI,RRAY-L,-171,-150,8.5,9
611,DET,DNORRIS-L,151,150,10,10.5
611,BOS,DPOMERANZ-L,-171,-165,10,10.5
611,BAL,KGAUSMAN-R,130,156,10.5,11
611,NYY,CGREEN-R,-150,-176,10.5,11
611,CWS,JQUINTANA-L,164,170,8.5,8.5
611,CLE,CCARRASCO-R,-184,-190,8.5,8.5
611,OAK,JHAHN-R,164,180,8,7.5
611,TAM,CARCHER-R,-184,-210,8,7.5
611,LAA,JCHAVEZ-R,154,160,9.5,9
611,HOU,DPAULINO-R,-174,-180,9.5,9
611,TOR,JHAPP-L,146,146,8.5,8
611,SEA,JPAXTON-L,-166,-161,8.5,8
611,MIN,NTURLEY-L,-101,119,8.5,9
611,SFO,MCAIN-R,-119,-129,8.5,9
611,TEX,ABIBENS-DIRKX-R,235,225,8.5,9
611,WAS,MSCHERZER-R,-275,-265,8.5,9
611,KAN,JJUNIS-R,111,-102,8.5,8.5
611,SDG,DLAMET-R,-131,-108,8.5,8.5
612,ATL,MFOLTYNEWICZ-R,200,203,8,8.5
612,WAS,SSTRASBURG-R,-240,-243,8,8.5
612,COL,KFREELAND-L,106,118,8.5,9
612,PIT,JTAILLON-R,-126,-128,8.5,9
612,CUB,JLACKEY-R,106,116,8.5,8.5
612,NYM,JDEGROM-R,-126,-131,8.5,8.5
612,CIN,BARROYO-R,-108,112,8.5,9
612,SDG,LPERDOMO-R,-112,-122,8.5,9
612,TEX,YDARVISH-R,115,112,9,8.5
612,HOU,JMUSGROVE-R,-135,-122,9,8.5
612,SEA,YGALLARDO-R,106,115,9.5,11
612,MIN,AMEJIA-L,-126,-125,9.5,11
612,BAL,WMILEY-L,-110,-116,10,10.5
612,CWS,MPELFREY-R,-110,106,10,10.5
612,NYY,MTANAKA-R,-119,-138,9,8
612,LAA,AMEYER-R,-101,123,9,8
612,PHI,JEICKHOFF-R,170,205,10.5,10.5
612,BOS,RPORCELLO-R,-200,-235,10.5,10.5
613,ATL,RDICKEY-R,171,170,9.5,10
613,WAS,JROSS-R,-201,-190,9.5,10
613,COL,TCHATWOOD-R,-111,105,8.5,8
613,PIT,GCOLE-R,-109,-115,8.5,8
613,CUB,JLESTER-L,-135,-133,8.5,8.5
613,NYM,ZWHEELER-R,115,118,8.5,8.5
613,MIL,JNELSON-R,105,103,9,8.5
613,STL,MGONZALES-L,-125,-113,9,8.5
613,CIN,SFELDMAN-R,-115,-102,8.5,8.5
613,SDG,CRICHARD-L,-105,-108,8.5,8.5
613,TAM,JFARIA-R,118,138,9,8.5
613,TOR,MESTRADA-R,-138,-153,9,8.5
613,BAL,AASHER-R,-104,-124,10.5,10
613,CWS,DHOLLAND-L,-116,114,10.5,10
613,SEA,CBERGMAN-R,-116,-111,9.5,11
613,MIN,KGIBSON-R,-104,101,9.5,11
613,TEX,NMARTINEZ-R,150,167,9.5,9.5
613,HOU,BPEACOCK-R,-170,-187,9.5,9.5
613,NYY,CSABATHIA-L,-142,-126,8.5,8.5
613,LAA,JRAMIREZ-R,122,116,8.5,8.5
613,OAK,JCOTTON-R,-101,117,9,9
613,MIA,JURENA-R,-119,-127,9,9
613,PHI,BLIVELY-R,199,250,9.5,9.5
613,BOS,DPRICE-L,-229,-300,9.5,9.5
613,LOS,CKERSHAW-L,-165,-180,7.5,7.5
613,CLE,TBAUER-R,145,160,7.5,7.5
613,ARI,ZGREINKE-R,-116,-106,9,9
613,DET,BFARMER-R,-104,-104,9,9
613,KAN,JVARGAS-L,101,102,7.5,7.5
613,SFO,TBLACH-L,-121,-112,7.5,7.5
613,MIL,BSUTER-L,126,147,8.5,9
613,STL,LLYNN-R,-146,-162,8.5,9
614,CIN,AGARRETT-L,-105,105,8.5,9
614,SDG,JCHACIN-R,-115,-115,8.5,9
614,ATL,JTEHERAN-R,140,157,9,9.5
614,WAS,TROARK-R,-160,-177,9,9.5
614,COL,GMARQUEZ-R,-107,-111,9,8.5
614,PIT,CKUHL-R,-113,101,9,8.5
614,CUB,MMONTGOMERY-L,-106,-121,9,9
614,NYM,MHARVEY-R,-114,111,9,9
614,MIL,MGARZA-R,144,156,9,9
614,STL,MLEAKE-R,-164,-176,9,9
614,TAM,JODORIZZI-R,110,130,9,8.5
614,TOR,FLIRIANO-L,-130,-145,9,8.5
614,BAL,DBUNDY-R,-117,-131,10.5,10
614,CWS,MGONZALEZ-R,-103,116,10.5,10
614,TEX,ACASHNER-R,127,130,9.5,9.5
614,HOU,FMARTES-R,-147,-145,9.5,9.5
614,SEA,SGAVIGLIO-R,122,119,10.5,10.5
614,MIN,ESANTANA-R,-142,-129,10.5,10.5
614,NYY,MPINEDA-R,-138,-145,8,8
614,LAA,MSHOEMAKER-R,118,130,8,8
614,OAK,DGOSSETT-R,140,153,9,8.5
614,MIA,EVOLQUEZ-R,-160,-168,9,8.5
614,KAN,JHAMMEL-R,150,145,7.5,8
614,SFO,JCUETO-R,-170,-160,7.5,8
614,BOS,BJOHNSON-L,-126,-119,9.5,10
614,PHI,JHELLICKSON-R,106,109,9.5,10
614,ARI,TWALKER-R,-113,109,9.5,10
614,DET,JZIMMERMANN-R,-107,-119,9.5,10
614,LOS,BMCCARTHY-R,132,120,8,9
614,CLE,CKLUBER-R,-152,-135,8,9
615,WAS,GGONZALEZ-L,-104,-118,8.5,8.5
615,NYM,RGSELLMAN-R,-116,108,8.5,8.5
615,MIL,ZDAVIES-R,122,134,9,9
615,STL,MWACHA-R,-142,-149,9,9
615,SFO,MMOORE-L,126,149,11,11.5
615,COL,JHOFFMAN-R,-146,-164,11,11.5
615,SEA,AMIRANDA-L,-104,120,9.5,10.5
615,MIN,JBERRIOS-R,-116,-135,9.5,10.5
615,BAL,CTILLMAN-R,-114,-141,11,11.5
615,CWS,DHOLMBERG-L,-106,126,11,11.5
615,TAM,ACOBB-R,129,145,9,9.5
615,DET,JVERLANDER-R,-149,-160,9,9.5
615,NYY,JMONTGOMERY-L,-121,-102,8.5,8.5
615,OAK,SGRAY-R,101,-108,8.5,8.5
615,KAN,MSTRAHM-L,111,101,8.5,8.5
615,LAA,RNOLASCO-R,-131,-111,8.5,8.5
615,LOS,RHILL-L,-126,-107,9.5,9.5
615,CLE,JTOMLIN-R,106,-103,9.5,9.5
615,BOS,CSALE-L,-221,-270,8.5,8
615,PHI,NPIVETTA-R,191,230,8.5,8
616,CUB,EBUTLER-R,-116,-107,9.5,9
616,PIT,TWILLIAMS-R,-104,-103,9.5,9
616,ARI,PCORBIN-L,-107,113,9.5,8.5
616,PHI,ANOLA-R,-113,-123,9.5,8.5
616,LOS,AWOOD-L,-180,-167,9.5,9.5
616,CIN,TADLEMAN-R,160,152,9.5,9.5
616,WAS,MSCHERZER-R,-155,-148,7.5,7.5
616,NYM,SMATZ-L,135,133,7.5,7.5
616,MIA,DSTRAILY-R,-106,101,9,9
616,ATL,SNEWCOMB-L,-114,-111,9,9
616,SDG,MDIAZ-R,141,144,9,10
616,MIL,JGUERRA-R,-161,-159,9,10
616,SFO,JSAMARDZIJA-R,104,111,10.5,11.5
616,COL,ASENZATELA-R,-124,-121,10.5,11.5
616,CWS,JQUINTANA-L,131,175,8.5,9
616,TOR,JBIAGINI-R,-151,-205,8.5,9
616,TAM,ERAMIREZ-R,123,116,9.5,10
616,DET,DNORRIS-L,-143,-131,9.5,10
616,SEA,JPAXTON-L,-126,-114,9.5,10.5
616,TEX,TROSS-R,106,104,9.5,10.5
616,BOS,DPOMERANZ-L,101,116,9.5,9
616,HOU,MFIERS-R,-121,-131,9.5,9
616,CLE,CCARRASCO-R,-156,-153,10,9.5
616,MIN,NTURLEY-L,136,138,10,9.5
616,NYY,LSEVERINO-R,-140,-129,7.5,8
616,OAK,SMANAEA-L,120,119,7.5,8
616,KAN,IKENNEDY-R,-101,-101,8.5,9
616,LAA,JCHAVEZ-R,-119,-109,8.5,9
616,STL,CMARTINEZ-R,-127,-133,8.5,9
616,BAL,KGAUSMAN-R,107,118,8.5,9
617,SFO,MCAIN-R,136,175,12.5,13
617,COL,KFREELAND-L,-156,-195,12.5,13
617,ARI,ZGODLEY-R,-131,-129,9,9
617,PHI,JEICKHOFF-R,111,119,9,9
617,LOS,HRYU-L,-140,-147,10,11
617,CIN,WOJCIECHOWSKI-R,120,132,10,11
617,SDG,DLAMET-R,136,153,9,9.5
617,MIL,CANDERSON-R,-156,-168,9,9.5
617,MIA,JLOCKE-L,116,100,9,9
617,ATL,JGARCIA-L,-136,-110,9,9
617,WAS,SSTRASBURG-R,-161,-171,8,8.5
617,NYM,SLUGO-R,141,151,8,8.5
617,CUB,JARRIETA-R,-137,-119,8,9
617,PIT,INOVA-R,117,109,8,9
617,CWS,MPELFREY-R,195,205,9,9
617,TOR,MSTROMAN-R,-225,-235,9,9
617,CLE,RMERRITT-L,-120,-119,9.5,11
617,MIN,AWILK-L,100,109,9.5,11
617,NYY,MTANAKA-R,-140,-121,9,10
617,OAK,JHAHN-R,120,111,9,10
617,TAM,CARCHER-R,-111,-113,8.5,10
617,DET,MFULMER-R,-109,103,8.5,10
617,SEA,YGALLARDO-R,106,120,11,12
617,TEX,MPEREZ-L,-126,-135,11,12
617,BOS,RPORCELLO-R,-104,103,9.5,9
617,HOU,DPAULINO-R,-116,-113,9.5,9
617,KAN,JJUNIS-R,125,131,9,9
617,LAA,AMEYER-R,-145,-146,9,9
617,STL,AWAINWRIGHT-R,-105,104,9.5,10.5
617,BAL,WMILEY-L,-105,-114,9.5,10.5
617,CLE,MCLEVINGER-R,-146,-118,10.5,10
617,MIN,AMEJIA-L,126,108,10.5,10
618,WAS,JROSS-R,130,119,9,9
618,NYM,JDEGROM-R,-150,-129,9,9
618,LOS,KMAEDA-R,-170,-175,10.5,11
618,CIN,BARROYO-R,150,155,10.5,11
618,ARI,RRAY-L,-145,-182,8.5,9.5
618,PHI,BLIVELY-R,125,162,8.5,9.5
618,MIA,JURENA-R,-111,-101,9.5,10
618,ATL,MFOLTYNEWICZ-R,-109,-109,9.5,10
618,CUB,JLACKEY-R,-110,101,8.5,9
618,PIT,JTAILLON-R,-110,-111,8.5,9
618,SDG,LPERDOMO-R,136,145,9,9
618,MIL,JNELSON-R,-156,-160,9,9
618,SFO,TBLACH-L,135,161,11.5,12.5
618,COL,TCHATWOOD-R,-155,-181,11.5,12.5
618,CWS,JSHIELDS-R,150,195,9,9.5
618,TOR,JHAPP-L,-170,-225,9,9.5
618,TAM,JFARIA-R,-115,-105,9,10.5
618,DET,BFARMER-R,-105,-105,9,10.5
618,BOS,DPRICE-L,-116,117,9.5,8.5
618,HOU,JMUSGROVE-R,-104,-127,9.5,8.5
618,CLE,TBAUER-R,-131,-143,10.5,10
618,MIN,KGIBSON-R,111,128,10.5,10
618,SEA,CBERGMAN-R,166,172,9.5,10.5
618,TEX,YDARVISH-R,-186,-192,9.5,10.5
618,KAN,JVARGAS-L,-106,-111,8,9
618,LAA,JRAMIREZ-R,-114,101,8,9
618,NYY,LCESSA-R,-121,-134,9.5,11
618,OAK,JCOTTON-R,101,119,9.5,11
618,STL,LLYNN-R,-131,-105,9.5,11
618,BAL,UJIMENEZ-R,111,-105,9.5,11
619,WAS,TROARK-R,-126,-105,9.5,9.5
619,MIA,JNICOLINO-L,106,-105,9.5,9.5
619,SFO,JCUETO-R,-137,-141,9,9
619,ATL,RDICKEY-R,117,126,9,9
619,PIT,GCOLE-R,-114,-129,9.5,9
619,MIL,MGARZA-R,-106,119,9.5,9
619,SDG,CRICHARD-L,195,180,8.5,8
619,CUB,JLESTER-L,-225,-210,8.5,8
619,NYM,ZWHEELER-R,255,255,7,7
619,LOS,CKERSHAW-L,-305,-305,7,7
619,CLE,CKLUBER-R,-148,-165,9,9
619,BAL,DBUNDY-R,128,150,9,9
619,TOR,MESTRADA-R,-126,-126,9.5,10.5
619,TEX,ABIBENS-DIRKX-R,106,116,9.5,10.5
619,BOS,HVELAZQUEZ-R,-111,-111,9.5,9.5
619,KAN,JHAMMEL-R,-109,101,9.5,9.5
619,HOU,BPEACOCK-R,-136,-158,9,10
619,OAK,DGOSSETT-R,116,143,9,10
619,DET,ASANCHEZ-R,116,122,9,10
619,SEA,SGAVIGLIO-R,-136,-137,9,10
619,CIN,SFELDMAN-R,118,133,9,9
619,TAM,JODORIZZI-R,-138,-148,9,9
620,STL,MLEAKE-R,-141,-161,9,10
620,PHI,,121,146,9,10
620,WAS,GGONZALEZ-L,-121,-123,9,9
620,MIA,EVOLQUEZ-R,101,113,9,9
620,SFO,MMOORE-L,106,101,9,9.5
620,ATL,JTEHERAN-R,-126,-111,9,9.5
620,PIT,CKUHL-R,115,111,9.5,9.5
620,MIL,ZDAVIES-R,-135,-121,9.5,9.5
620,SDG,JCHACIN-R,176,176,9,8.5
620,CUB,MMONTGOMERY-L,-196,-196,9,8.5
620,ARI,ZGREINKE-R,-106,116,11,11
620,COL,GMARQUEZ-R,-114,-126,11,11
620,NYM,RGSELLMAN-R,176,189,8.5,9
620,LOS,BMCCARTHY-R,-196,-219,8.5,9
620,LAA,PBRIDWELL-R,200,255,9.5,10.5
620,NYY,MPINEDA-R,-230,-295,9.5,10.5
620,CLE,JTOMLIN-R,-131,-155,10.5,11
620,BAL,CTILLMAN-R,111,140,10.5,11
620,TOR,,-119,-131,11,11
620,TEX,NMARTINEZ-R,-101,116,11,11
620,CWS,DHOLLAND-L,136,158,9.5,9.5
620,MIN,ESANTANA-R,-156,-178,9.5,9.5
620,BOS,CSALE-L,-181,-185,7.5,8.5
620,KAN,MSTRAHM-L,161,165,7.5,8.5
620,HOU,FMARTES-R,-121,103,9,9
620,OAK,,101,-113,9,9
620,DET,JZIMMERMANN-R,116,109,9,9
620,SEA,AMIRANDA-L,-136,-119,9,9
620,CIN,AGARRETT-L,120,128,9,9.5
620,TAM,ACOBB-R,-140,-143,9,9.5
621,WAS,MSCHERZER-R,-151,-137,8.5,7.5
621,MIA,DSTRAILY-R,131,122,8.5,7.5
621,SDG,MDIAZ-R,160,176,9,9.5
621,CUB,EBUTLER-R,-180,-206,9,9.5
621,STL,MWACHA-R,-132,-129,9.5,9
621,PHI,NPIVETTA-R,112,119,9.5,9
621,SFO,JSAMARDZIJA-R,-125,-127,9,8.5
621,ATL,SNEWCOMB-L,105,117,9,8.5
621,PIT,TWILLIAMS-R,116,111,9.5,9.5
621,MIL,JGUERRA-R,-136,-121,9.5,9.5
621,ARI,TWALKER-R,120,136,12,12
621,COL,JHOFFMAN-R,-140,-151,12,12
621,NYM,TPILL-R,185,205,8.5,9
621,LOS,RHILL-L,-215,-235,8.5,9
621,BOS,DPOMERANZ-L,-126,-140,9,9.5
621,KAN,IKENNEDY-R,106,125,9,9.5
621,LAA,RNOLASCO-R,146,180,10,10
621,NYY,JMONTGOMERY-L,-166,-210,10,10
621,CLE,CCARRASCO-R,-151,-185,9.5,9.5
621,BAL,KGAUSMAN-R,131,165,9.5,9.5
621,TOR,JBIAGINI-R,-111,108,10.5,10.5
621,TEX,TROSS-R,-109,-118,10.5,10.5
621,CWS,DHOLMBERG-L,150,170,10,9.5
621,MIN,JBERRIOS-R,-170,-190,10,9.5
621,HOU,MFIERS-R,-115,-112,9,9
621,OAK,SMANAEA-L,-105,102,9,9
621,DET,JVERLANDER-R,107,123,8.5,8.5
621,SEA,JPAXTON-L,-127,-138,8.5,8.5
621,CIN,TADLEMAN-R,121,-105,9,9
621,TAM,,-141,-105,9,9
622,STL,CMARTINEZ-R,-141,-141,8.5,8
622,PHI,ANOLA-R,121,126,8.5,8
622,PIT,INOVA-R,101,114,9,9
622,MIL,CANDERSON-R,-121,-124,9,9
622,ARI,ZGODLEY-R,109,123,11.5,11.5
622,COL,ASENZATELA-R,-129,-138,11.5,11.5
622,CUB,JARRIETA-R,-138,-138,9,8.5
622,MIA,JLOCKE-L,118,123,9,8.5
622,SFO,MCAIN-R,140,155,9,9
622,ATL,JGARCIA-L,-160,-175,9,9
622,NYM,SMATZ-L,174,151,8,8.5
622,LOS,HRYU-L,-194,-171,8,8.5
622,CWS,JQUINTANA-L,-121,-115,10,10
622,MIN,NTURLEY-L,101,105,10,10
622,TOR,MSTROMAN-R,-128,-114,10.5,10
622,TEX,MPEREZ-L,108,104,10.5,10
622,HOU,DPAULINO-R,-126,-105,9.5,10
622,OAK,JHAHN-R,106,-105,9.5,10
622,CLE,MCLEVINGER-R,-126,-132,10,10.5
622,BAL,WMILEY-L,106,117,10,10.5
622,LAA,JCHAVEZ-R,196,225,9,9
622,NYY,LSEVERINO-R,-226,-265,9,9
622,DET,DNORRIS-L,-111,125,9.5,9.5
622,SEA,AMOORE-R,-109,-140,9.5,9.5
623,CIN,LCASTILLO-R,210,209,9,9
623,WAS,SSTRASBURG-R,-250,-239,9,9
623,CUB,JLACKEY-R,-126,-114,9,9
623,MIA,JURENA-R,106,104,9,9
623,MIL,JNELSON-R,-111,-103,9.5,9
623,ATL,MFOLTYNEWICZ-R,-109,-107,9.5,9
623,PIT,JTAILLON-R,-105,-101,9,9
623,STL,AWAINWRIGHT-R,-115,-109,9,9
623,PHI,MLEITER-R,170,161,9.5,11
623,ARI,PCORBIN-L,-190,-181,9.5,11
623,COL,KFREELAND-L,175,205,8,7.5
623,LOS,AWOOD-L,-195,-245,8,7.5
623,NYM,SLUGO-R,-111,111,8,8.5
623,SFO,TBLACH-L,-109,-121,8,8.5
623,TEX,YDARVISH-R,-101,116,10,10
623,NYY,MTANAKA-R,-119,-131,10,10
623,BAL,UJIMENEZ-R,170,200,9,8.5
623,TAM,CARCHER-R,-200,-240,9,8.5
623,LAA,AMEYER-R,139,147,10,9.5
623,BOS,RPORCELLO-R,-159,-162,10,9.5
623,MIN,AMEJIA-L,160,146,10,9.5
623,CLE,TBAUER-R,-180,-161,10,9.5
623,OAK,JCOTTON-R,101,-107,10.5,10.5
623,CWS,MPELFREY-R,-121,-103,10.5,10.5
623,TOR,JHAPP-L,-121,-140,9.5,9.5
623,KAN,JJUNIS-R,101,125,9.5,9.5
623,HOU,JMUSGROVE-R,-111,-109,9,9.5
623,SEA,FHERNANDEZ-R,-109,-101,9,9.5
623,DET,MFULMER-R,-146,-124,8,8
623,SDG,LPERDOMO-R,126,114,8,8
624,CIN,HBAILEY-R,120,130,10,10
624,WAS,JROSS-R,-140,-145,10,10
624,CUB,JLESTER-L,-188,-160,9,8.5
624,MIA,JNICOLINO-L,168,145,9,8.5
624,MIL,MGARZA-R,-111,101,9.5,9.5
624,ATL,RDICKEY-R,-109,-111,9.5,9.5
624,PIT,GCOLE-R,111,105,8.5,8
624,STL,LLYNN-R,-131,-115,8.5,8
624,NYM,JDEGROM-R,-109,102,7.5,7.5
624,SFO,JCUETO-R,-111,-112,7.5,7.5
624,PHI,BLIVELY-R,185,199,9.5,9.5
624,ARI,RRAY-L,-215,-229,9.5,9.5
624,COL,TCHATWOOD-R,210,225,7,7
624,LOS,CKERSHAW-L,-250,-265,7,7
624,TEX,ABIBENS-DIRKX-R,125,151,11,11
624,NYY,LCESSA-R,-145,-171,11,11
624,OAK,DGOSSETT-R,106,-111,10,10.5
624,CWS,JSHIELDS-R,-126,101,10,10.5
624,TOR,MESTRADA-R,101,-116,8.5,9
624,KAN,JVARGAS-L,-121,106,8.5,9
624,BAL,DBUNDY-R,140,152,8.5,9
624,TAM,JFARIA-R,-160,-172,8.5,9
624,MIN,KGIBSON-R,200,250,9,9
624,CLE,CKLUBER-R,-240,-300,9,9
624,LAA,JRAMIREZ-R,146,158,10,9.5
624,BOS,DPRICE-L,-166,-178,10,9.5
624,HOU,LMCCULLERS-R,-165,-158,8.5,9.5
624,SEA,SGAVIGLIO-R,145,143,8.5,9.5
624,DET,ASANCHEZ-R,-106,102,8.5,8.5
624,SDG,DLAMET-R,-114,-112,8.5,8.5
625,CUB,MMONTGOMERY-L,-119,-141,9,8.5
625,MIA,EVOLQUEZ-R,-101,126,9,8.5
625,CIN,SFELDMAN-R,126,141,10,10
625,WAS,TROARK-R,-146,-156,10,10
625,MIL,ZDAVIES-R,112,-105,9.5,9
625,ATL,JTEHERAN-R,-132,-105,9.5,9
625,PIT,CKUHL-R,125,146,9,8.5
625,STL,MLEAKE-R,-145,-161,9,8.5
625,NYM,RMONTERO-R,121,143,9,9
625,SFO,MMOORE-L,-141,-158,9,9
625,PHI,,165,156,10,9.5
625,ARI,RDELGADO-R,-185,-176,10,9.5
625,COL,TANDERSON-L,151,145,8.5,8.5
625,LOS,BMCCARTHY-R,-171,-160,8.5,8.5
625,MIN,ESANTANA-R,104,152,10,9.5
625,CLE,JTOMLIN-R,-124,-172,10,9.5
625,BAL,CTILLMAN-R,140,145,9.5,9.5
625,TAM,JODORIZZI-R,-160,-160,9.5,9.5
625,LAA,PBRIDWELL-R,130,150,11,11
625,BOS,DFISTER-R,-150,-165,11,11
625,TEX,NMARTINEZ-R,185,205,10.5,10.5
625,NYY,MPINEDA-R,-215,-245,10.5,10.5
625,OAK,,-114,-124,10,10
625,CWS,DHOLLAND-L,-106,114,10,10
625,TOR,,-109,-135,9.5,9
625,KAN,JHAMMEL-R,-111,120,9.5,9
625,HOU,FMARTES-R,-121,101,9.5,10.5
625,SEA,AMIRANDA-L,101,-111,9.5,10.5
625,DET,JZIMMERMANN-R,-114,-126,9,9
625,SDG,CRICHARD-L,-106,116,9,9
626,PHI,NPIVETTA-R,186,185,9,8
626,ARI,ZGREINKE-R,-216,-215,9,8
626,CUB,EBUTLER-R,131,142,9,10
626,WAS,GGONZALEZ-L,-151,-157,9,10
626,COL,GMARQUEZ-R,-106,116,7.5,7
626,SFO,JSAMARDZIJA-R,-114,-131,7.5,7
626,TEX,CHAMELS-L,145,156,8.5,8.5
626,CLE,CCARRASCO-R,-165,-176,8.5,8.5
626,MIN,JBERRIOS-R,169,172,8.5,8
626,BOS,CSALE-L,-189,-202,8.5,8
626,NYY,JMONTGOMERY-L,-143,-155,9.5,10
626,CWS,DHOLMBERG-L,123,140,9.5,10
626,LAA,RNOLASCO-R,172,194,8.5,9
626,LOS,RHILL-L,-202,-224,8.5,9
626,CIN,BFINNEGAN-L,128,135,9,9
626,STL,MWACHA-R,-148,-150,9,9
627,CUB,JARRIETA-R,150,161,7.5,7.5
627,WAS,MSCHERZER-R,-170,-181,7.5,7.5
627,NYM,RGSELLMAN-R,135,155,9.5,9
627,MIA,DSTRAILY-R,-155,-175,9.5,9
627,MIL,JGUERRA-R,106,116,9,10.5
627,CIN,TADLEMAN-R,-126,-131,9,10.5
627,STL,CMARTINEZ-R,-109,-121,8.5,9
627,ARI,TWALKER-R,-111,111,8.5,9
627,ATL,SNEWCOMB-L,-111,105,7.5,8
627,SDG,JCHACIN-R,-109,-115,7.5,8
627,COL,JHOFFMAN-R,-135,-111,9,8.5
627,SFO,MCAIN-R,115,101,9,8.5
627,BAL,KGAUSMAN-R,131,156,10.5,9.5
627,TOR,JBIAGINI-R,-151,-176,10.5,9.5
627,MIN,HSANTIAGO-L,175,175,10.5,10
627,BOS,DPOMERANZ-L,-195,-205,10.5,10
627,KAN,MSTRAHM-L,146,128,9,9.5
627,DET,JVERLANDER-R,-166,-143,9,9.5
627,TEX,TROSS-R,156,157,10,10.5
627,CLE,MCLEVINGER-R,-176,-177,10,10.5
627,OAK,SMANAEA-L,141,141,8.5,9
627,HOU,MFIERS-R,-161,-156,8.5,9
627,NYY,LSEVERINO-R,-155,-145,9.5,8
627,CWS,JQUINTANA-L,135,130,9.5,8
627,TAM,ACOBB-R,-110,-101,9.5,9
627,PIT,TWILLIAMS-R,-110,-109,9.5,9
627,LAA,JCHAVEZ-R,191,188,9.5,8
627,LOS,KMAEDA-R,-221,-218,9.5,8
627,PHI,ANOLA-R,160,175,8.5,8.5
627,SEA,JPAXTON-L,-180,-195,8.5,8.5
628,COL,KFREELAND-L,-116,-119,8.5,8.5
628,SFO,TBLACH-L,-104,109,8.5,8.5
628,CUB,JLACKEY-R,156,162,8.5,8.5
628,WAS,SSTRASBURG-R,-176,-182,8.5,8.5
628,NYM,SMATZ-L,-111,103,9,9
628,MIA,JLOCKE-L,-109,-113,9,9
628,MIL,CANDERSON-R,-121,-111,9,9.5
628,CIN,LCASTILLO-R,101,101,9,9.5
628,STL,AWAINWRIGHT-R,116,121,9.5,10
628,ARI,ZGODLEY-R,-136,-136,9.5,10
628,ATL,,106,120,8.5,8
628,SDG,LPERDOMO-R,-126,-135,8.5,8
628,BAL,WMILEY-L,161,185,9.5,9.5
628,TOR,MSTROMAN-R,-181,-215,9.5,9.5
628,KAN,IKENNEDY-R,106,128,9.5,9.5
628,DET,DNORRIS-L,-126,-143,9.5,9.5
628,MIN,AMEJIA-L,141,147,10.5,10.5
628,BOS,RPORCELLO-R,-161,-162,10.5,10.5
628,TEX,YDARVISH-R,-101,121,9,9
628,CLE,TBAUER-R,-119,-136,9,9
628,OAK,JHAHN-R,151,152,9.5,9.5
628,HOU,DPAULINO-R,-171,-172,9.5,9.5
628,NYY,MTANAKA-R,-141,-121,9.5,9
628,CWS,CRODON-L,121,111,9.5,9
628,PHI,MLEITER-R,168,200,9,9
628,SEA,FHERNANDEZ-R,-188,-230,9,9
628,TAM,BSNELL-L,111,-101,8.5,8.5
628,PIT,INOVA-R,-131,-109,8.5,8.5
628,LOS,HRYU-L,-126,-133,9,8
628,LAA,AMEYER-R,106,118,9,8
629,STL,LLYNN-R,116,119,10,10.5
629,ARI,PCORBIN-L,-136,-134,10,10.5
629,CUB,JLESTER-L,-111,102,9.5,9.5
629,WAS,JROSS-R,-109,-112,9.5,9.5
629,NYM,SLUGO-R,111,126,9,9
629,MIA,JURENA-R,-131,-141,9,9
629,MIL,JNELSON-R,-111,-101,10,10
629,CIN,HBAILEY-R,-109,-109,10,10
629,ATL,JGARCIA-L,-111,126,8.5,7.5
629,SDG,DLAMET-R,-109,-141,8.5,7.5
629,TEX,ACASHNER-R,231,225,9.5,9.5
629,CLE,CKLUBER-R,-271,-265,9.5,9.5
629,KAN,JJUNIS-R,156,156,9.5,9.5
629,DET,MFULMER-R,-176,-176,9.5,9.5
629,OAK,DGOSSETT-R,170,181,9.5,9
629,HOU,BPEACOCK-R,-200,-211,9.5,9
629,BAL,UJIMENEZ-R,170,179,10,10
629,TOR,JHAPP-L,-190,-199,10,10
629,MIN,KGIBSON-R,166,170,10,10
629,BOS,DPRICE-L,-186,-200,10,10
629,NYY,LCESSA-R,-136,-169,10.5,10
629,CWS,JSHIELDS-R,116,154,10.5,10
629,TAM,CARCHER-R,-119,-107,8,7.5
629,PIT,JTAILLON-R,-101,-103,8,7.5
629,LOS,CKERSHAW-L,-216,-251,8,7.5
629,LAA,JRAMIREZ-R,186,211,8,7.5
630,SFO,JCUETO-R,-109,107,8,8
630,PIT,GCOLE-R,-111,-117,8,8
630,PHI,BLIVELY-R,205,235,8,8.5
630,NYM,JDEGROM-R,-235,-275,8,8.5
630,CUB,MMONTGOMERY-L,-131,109,9.5,9.5
630,CIN,SFELDMAN-R,111,-119,9.5,9.5
630,MIA,EVOLQUEZ-R,-114,-112,9.5,10
630,MIL,MGARZA-R,-106,102,9.5,10
630,WAS,TROARK-R,101,111,9.5,9
630,STL,MLEAKE-R,-121,-121,9.5,9
630,COL,JGRAY-R,121,139,9,9
630,ARI,RRAY-L,-141,-154,9,9
630,LOS,AWOOD-L,-200,-212,7.5,7.5
630,SDG,CRICHARD-L,170,182,7.5,7.5
630,TAM,JFARIA-R,-122,-126,10,11
630,BAL,CTILLMAN-R,102,116,10,11
630,BOS,DFISTER-R,126,109,10,9
630,TOR,MESTRADA-R,-146,-119,10,9
630,NYY,MPINEDA-R,146,160,8.5,8
630,HOU,LMCCULLERS-R,-166,-180,8.5,8
630,TEX,ABIBENS-DIRKX-R,-114,-138,9.5,10
630,CWS,MPELFREY-R,-106,123,9.5,10
630,MIN,ESANTANA-R,-105,116,8,9
630,KAN,JVARGAS-L,-115,-131,8,9
630,SEA,AMIRANDA-L,-111,-132,9,9
630,LAA,PBRIDWELL-R,-109,117,9,9
630,ATL,MFOLTYNEWICZ-R,125,155,8.5,8
630,OAK,,-145,-175,8.5,8
701,SFO,MMOORE-L,106,107,9.5,9.5
701,PIT,CKUHL-R,-126,-117,9.5,9.5
701,PHI,,140,162,9,9.5
701,NYM,ZWHEELER-R,-160,-182,9,9.5
701,MIA,TKOEHLER-R,114,116,9.5,11
701,MIL,ZDAVIES-R,-134,-126,9.5,11
701,CUB,EBUTLER-R,-131,-121,10.5,11
701,CIN,JSTEPHENS-R,111,111,10.5,11
701,WAS,GGONZALEZ-L,-111,-108,9,9
701,STL,MWACHA-R,-109,-102,9,9
701,LOS,RHILL-L,-190,-205,8.5,8.5
701,SDG,DOVERTON-L,170,175,8.5,8.5
701,COL,TCHATWOOD-R,131,156,9,8.5
701,ARI,ZGREINKE-R,-151,-176,9,8.5
701,BOS,CSALE-L,-170,-158,8.5,8
701,TOR,,150,143,8.5,8
701,TEX,CHAMELS-L,-136,-122,9.5,10.5
701,CWS,DHOLLAND-L,116,112,9.5,10.5
701,MIN,JBERRIOS-R,-105,-116,9.5,9
701,KAN,LFARRELL-R,-105,106,9.5,9
701,TAM,JODORIZZI-R,-104,108,10.5,11
701,BAL,DBUNDY-R,-116,-118,10.5,11
701,NYY,JMONTGOMERY-L,121,114,9.5,9.5
701,HOU,FMARTES-R,-141,-124,9.5,9.5
701,CLE,CCARRASCO-R,-155,-181,9.5,9.5
701,DET,JZIMMERMANN-R,135,161,9.5,9.5
701,SEA,SGAVIGLIO-R,-106,-112,9,8.5
701,LAA,RNOLASCO-R,-114,102,9,8.5
701,ATL,RDICKEY-R,120,125,9,9
701,OAK,PBLACKBURN-R,-140,-140,9,9
701,CLE,JTOMLIN-R,-115,-122,11,11
701,DET,ASANCHEZ-R,-105,112,11,11
701,MIN,FJORGE-R,120,129,9.5,10
701,KAN,JHAMMEL-R,-140,-144,9.5,10
702,PHI,NPIVETTA-R,136,130,8.5,9.5
702,NYM,RMONTERO-R,-156,-145,8.5,9.5
702,CUB,JARRIETA-R,-140,-156,9.5,10
702,CIN,TADLEMAN-R,120,141,9.5,10
702,SFO,JSAMARDZIJA-R,-119,-164,8.5,8.5
702,PIT,TWILLIAMS-R,-101,149,8.5,8.5
702,MIA,DSTRAILY-R,-106,-143,9.5,10.5
702,MIL,JGUERRA-R,-114,128,9.5,10.5
702,WAS,MSCHERZER-R,-126,-158,8,7
702,STL,CMARTINEZ-R,106,143,8,7
702,COL,GMARQUEZ-R,111,106,9.5,9.5
702,ARI,TWALKER-R,-131,-116,9.5,9.5
702,LOS,KMAEDA-R,-186,-230,8.5,8
702,SDG,JCHACIN-R,166,200,8.5,8
702,BOS,DPOMERANZ-L,-111,112,9,9
702,TOR,JBIAGINI-R,-109,-122,9,9
702,CLE,MCLEVINGER-R,101,-129,9,9.5
702,DET,JVERLANDER-R,-121,119,9,9.5
702,TAM,ACOBB-R,-111,117,10,11
702,BAL,KGAUSMAN-R,-109,-132,10,11
702,NYY,LSEVERINO-R,101,-111,8.5,8.5
702,HOU,MFIERS-R,-121,101,8.5,8.5
702,TEX,TROSS-R,-101,108,9,9.5
702,CWS,JQUINTANA-L,-119,-118,9,9.5
702,MIN,HSANTIAGO-L,120,114,10,10.5
702,KAN,TWOOD-L,-140,-124,10,10.5
702,SEA,JPAXTON-L,-132,-165,9,8.5
702,LAA,JCHAVEZ-R,112,150,9,8.5
702,ATL,JTEHERAN-R,131,165,8.5,8.5
702,OAK,SMANAEA-L,-151,-185,8.5,8.5
703,NYM,SMATZ-L,144,165,8.5,8.5
703,WAS,SSTRASBURG-R,-164,-185,8.5,8.5
703,PIT,INOVA-R,-104,114,8.5,8
703,PHI,ANOLA-R,-116,-124,8.5,8
703,MIA,JLOCKE-L,129,136,9,10
703,STL,AWAINWRIGHT-R,-149,-151,9,10
703,CIN,LCASTILLO-R,171,142,12,12.5
703,COL,JHOFFMAN-R,-191,-157,12,12.5
703,TOR,MSTROMAN-R,111,127,9,9
703,NYY,MTANAKA-R,-131,-142,9,9
703,BOS,RPORCELLO-R,-124,-116,11,11
703,TEX,MPEREZ-L,104,106,11,11
703,LAA,AMEYER-R,104,107,9.5,9
703,MIN,AMEJIA-L,-124,-117,9.5,9
703,CWS,CRODON-L,114,130,9,8
703,OAK,JCOTTON-R,-134,-145,9,8
703,KAN,IKENNEDY-R,116,132,9,8.5
703,SEA,AMOORE-R,-136,-147,9,8.5
703,BAL,WMILEY-L,-106,114,9.5,10.5
703,MIL,BSUTER-L,-114,-124,9.5,10.5
704,NYM,SLUGO-R,142,150,9.5,10
704,WAS,JROSS-R,-162,-170,9.5,10
704,MIA,JURENA-R,120,122,9,9.5
704,STL,LLYNN-R,-140,-137,9,9.5
704,PIT,JTAILLON-R,-126,-147,8.5,8.5
704,PHI,MLEITER-R,106,132,8.5,8.5
704,CIN,HBAILEY-R,132,123,13,12
704,COL,KFREELAND-L,-152,-138,13,12
704,ARI,PCORBIN-L,250,270,7,7.5
704,LOS,CKERSHAW-L,-300,-320,7,7.5
704,TOR,JHAPP-L,-104,-115,9.5,10.5
704,NYY,CSABATHIA-L,-116,105,9.5,10.5
704,LAA,JRAMIREZ-R,-105,106,10.5,9.5
704,MIN,KGIBSON-R,-115,-116,10.5,9.5
704,CWS,JSHIELDS-R,140,135,9.5,9.5
704,OAK,DGOSSETT-R,-160,-150,9.5,9.5
704,KAN,DDUFFY-L,120,116,9,9.5
704,SEA,FHERNANDEZ-R,-140,-131,9,9.5
704,BOS,DPRICE-L,101,-101,9,9
704,TEX,YDARVISH-R,-121,-109,9,9
704,SFO,MCAIN-R,185,180,10,10.5
704,DET,MFULMER-R,-215,-210,10,10.5
704,TAM,CARCHER-R,123,127,8,7
704,CUB,JLESTER-L,-143,-142,8,7
704,BAL,UJIMENEZ-R,131,158,10,9.5
704,MIL,JNELSON-R,-151,-178,10,9.5
704,SDG,TCAHILL-R,265,285,8.5,8
704,CLE,CKLUBER-R,-315,-335,8.5,8
704,HOU,BPEACOCK-R,-144,-136,9.5,9
704,ATL,SNEWCOMB-L,124,121,9.5,9
705,PIT,GCOLE-R,-150,-162,9,9
705,PHI,BLIVELY-R,130,147,9,9
705,MIA,EVOLQUEZ-R,150,120,9,9
705,STL,MLEAKE-R,-170,-135,9,9
705,CIN,SFELDMAN-R,210,130,12,11
705,COL,JGRAY-R,-250,-145,12,11
705,ARI,ZGODLEY-R,250,217,8,7.5
705,LOS,AWOOD-L,-300,-257,8,7.5
705,TOR,MESTRADA-R,125,163,9.5,9
705,NYY,MPINEDA-R,-145,-183,9.5,9
705,CWS,MPELFREY-R,190,170,9,8.5
705,OAK,,-220,-190,9,8.5
705,BOS,DFISTER-R,-111,-115,11,10.5
705,TEX,ACASHNER-R,-109,105,11,10.5
705,LAA,PBRIDWELL-R,150,148,10,10
705,MIN,ESANTANA-R,-170,-163,10,10
705,KAN,JVARGAS-L,105,120,8.5,9
705,SEA,AMIRANDA-L,-125,-135,8.5,9
705,TAM,BSNELL-L,129,158,9,9.5
705,CUB,JLACKEY-R,-149,-178,9,9.5
705,SFO,TBLACH-L,134,170,10,11
705,DET,DNORRIS-L,-154,-200,10,11
705,SDG,LPERDOMO-R,194,209,9.5,9
705,CLE,TBAUER-R,-224,-249,9.5,9
705,HOU,JMUSGROVE-R,-140,-107,9.5,10
705,ATL,JGARCIA-L,120,-103,9.5,10
705,BAL,JAQUINO-L,125,121,10,10.5
705,MIL,MGARZA-R,-145,-136,10,10.5
706,MIA,TKOEHLER-R,151,170,9.5,9.5
706,STL,MWACHA-R,-171,-190,9.5,9.5
706,CIN,SROMANO-R,156,143,12.5,13
706,COL,TCHATWOOD-R,-176,-158,12.5,13
706,PIT,CKUHL-R,-122,-109,9,9
706,PHI,,102,-101,9,9
706,ATL,MFOLTYNEWICZ-R,171,158,9,9
706,WAS,GGONZALEZ-L,-191,-178,9,9
706,ARI,RRAY-L,146,125,7.5,8
706,LOS,RHILL-L,-166,-140,7.5,8
706,HOU,LMCCULLERS-R,-157,-149,9,9
706,TOR,,137,134,9,9
706,BOS,CSALE-L,-149,-201,7.5,7
706,TAM,JFARIA-R,129,171,7.5,7
706,BAL,DBUNDY-R,136,132,9.5,9.5
706,MIN,JBERRIOS-R,-156,-147,9.5,9.5
706,OAK,PBLACKBURN-R,124,125,9,10
706,SEA,SGAVIGLIO-R,-144,-140,9,10
706,SFO,CSTRATTON-R,-109,129,9.5,10.5
706,DET,ASANCHEZ-R,-111,-144,9.5,10.5
706,SDG,DLAMET-R,164,179,9.5,9.5
706,CLE,JTOMLIN-R,-184,-199,9.5,9.5
706,MIL,ZDAVIES-R,141,150,9,10
706,CUB,MMONTGOMERY-L,-161,-170,9,10
707,PIT,TWILLIAMS-R,130,134,9,9
707,CUB,EBUTLER-R,-150,-149,9,9
707,SDG,CRICHARD-L,120,104,9,9
707,PHI,NPIVETTA-R,-140,-114,9,9
707,ATL,RDICKEY-R,235,209,8,8
707,WAS,MSCHERZER-R,-275,-249,8,8
707,NYM,JDEGROM-R,-103,-101,8.5,8
707,STL,CMARTINEZ-R,-117,-109,8.5,8
707,CIN,TADLEMAN-R,170,179,9,9
707,ARI,ZGREINKE-R,-190,-209,9,9
707,MIA,DSTRAILY-R,-107,-111,8,8.5
707,SFO,MMOORE-L,-113,101,8,8.5
707,HOU,CMORTON-R,-114,101,9.5,10
707,TOR,ASANCHEZ-R,-106,-111,9.5,10
707,DET,JZIMMERMANN-R,170,200,9,9.5
707,CLE,CCARRASCO-R,-200,-240,9,9.5
707,BOS,DPOMERANZ-L,-121,-133,9,8.5
707,TAM,JODORIZZI-R,101,118,9,8.5
707,LAA,RNOLASCO-R,136,127,9.5,10
707,TEX,CHAMELS-L,-156,-142,9.5,10
707,BAL,KGAUSMAN-R,-115,-121,10.5,10
707,MIN,FJORGE-R,-105,111,10.5,10
707,OAK,SMANAEA-L,135,151,8.5,8.5
707,SEA,JPAXTON-L,-155,-171,8.5,8.5
707,MIL,JGUERRA-R,170,200,10.5,10.5
707,NYY,JMONTGOMERY-L,-190,-230,10.5,10.5
707,CWS,DHOLLAND-L,136,160,12.5,11
707,COL,GMARQUEZ-R,-156,-180,12.5,11
707,KAN,JHAMMEL-R,170,170,8.5,8.5
707,LOS,KMAEDA-R,-200,-200,8.5,8.5
708,ATL,JTEHERAN-R,174,202,8.5,9
708,WAS,SSTRASBURG-R,-204,-242,8.5,9
708,SDG,JCHACIN-R,111,143,8,8
708,PHI,ANOLA-R,-131,-158,8,8
708,NYM,ZWHEELER-R,125,114,9.5,9.5
708,STL,AWAINWRIGHT-R,-145,-124,9.5,9.5
708,PIT,INOVA-R,160,178,8,8.5
708,CUB,JARRIETA-R,-180,-198,8,8.5
708,MIA,CO'GRADY-L,135,142,8.5,8
708,SFO,JSAMARDZIJA-R,-155,-157,8.5,8
708,CIN,LCASTILLO-R,155,105,10,9.5
708,ARI,TWALKER-R,-175,-115,10,9.5
708,HOU,MFIERS-R,-114,132,9.5,9
708,TOR,MSTROMAN-R,-106,-147,9.5,9
708,BAL,WMILEY-L,120,-104,11,11
708,MIN,AMEJIA-L,-140,-106,11,11
708,BOS,RPORCELLO-R,-103,-118,9,9
708,TAM,ACOBB-R,-117,108,9,9
708,DET,JVERLANDER-R,137,134,9.5,9.5
708,CLE,MCLEVINGER-R,-157,-149,9.5,9.5
708,LAA,JCHAVEZ-R,126,135,10.5,10.5
708,TEX,TROSS-R,-146,-150,10.5,10.5
708,OAK,CSMITH-R,151,151,9.5,9.5
708,SEA,AMOORE-R,-171,-171,9.5,9.5
708,MIL,BSUTER-L,171,175,9.5,10
708,NYY,LSEVERINO-R,-201,-195,9.5,10
708,KAN,IKENNEDY-R,162,155,8.5,9
708,LOS,BMCCARTHY-R,-182,-175,8.5,9
708,CWS,JQUINTANA-L,124,125,11,10.5
708,COL,JHOFFMAN-R,-144,-140,11,10.5
709,PIT,CKUHL-R,156,183,9,9.5
709,CUB,JLESTER-L,-176,-213,9,9.5
709,ATL,SNEWCOMB-L,155,122,9.5,9.5
709,WAS,JROSS-R,-175,-137,9.5,9.5
709,SDG,TCAHILL-R,-108,-114,9,8
709,PHI,JEICKHOFF-R,-112,104,9,8
709,NYM,SMATZ-L,-108,119,9,9
709,STL,LLYNN-R,-112,-129,9,9
709,MIA,JURENA-R,-127,105,9,8.5
709,SFO,JCUETO-R,107,-115,9,8.5
709,CIN,HBAILEY-R,141,140,10.5,10
709,ARI,PCORBIN-L,-161,-155,10.5,10
709,HOU,BPEACOCK-R,108,-116,10,9.5
709,TOR,JHAPP-L,-128,106,10,9.5
709,BOS,DPRICE-L,-109,-105,8,7.5
709,TAM,CARCHER-R,-111,-105,8,7.5
709,BAL,UJIMENEZ-R,-101,109,10.5,10.5
709,MIN,KGIBSON-R,-119,-119,10.5,10.5
709,LAA,JRAMIREZ-R,162,185,9.5,9
709,TEX,YDARVISH-R,-182,-215,9.5,9
709,OAK,DGOSSETT-R,143,153,9.5,10
709,SEA,FHERNANDEZ-R,-163,-168,9.5,10
709,DET,MFULMER-R,192,193,8,8
709,CLE,CKLUBER-R,-222,-223,8,8
709,MIL,JNELSON-R,126,147,9.5,9
709,NYY,MTANAKA-R,-146,-162,9.5,9
709,CWS,CRODON-L,124,103,12,12.5
709,COL,KFREELAND-L,-144,-113,12,12.5
709,KAN,DDUFFY-L,251,255,7.5,7.5
709,LOS,CKERSHAW-L,-301,-305,7.5,7.5
714,STL,MLEAKE-R,103,118,8,8.5
714,PIT,GCOLE-R,-123,-133,8,8.5
714,WAS,GGONZALEZ-L,-127,-117,10,10
714,CIN,TADLEMAN-R,107,107,10,10
714,LOS,BMCCARTHY-R,-128,-115,8.5,8.5
714,MIA,DSTRAILY-R,108,105,8.5,8.5
714,COL,JGRAY-R,129,155,8,7.5
714,NYM,JDEGROM-R,-149,-175,8,7.5
714,ARI,TWALKER-R,-113,-102,9.5,9.5
714,ATL,RDICKEY-R,-107,-108,9.5,9.5
714,PHI,NPIVETTA-R,144,153,9.5,9.5
714,MIL,ZDAVIES-R,-164,-168,9.5,9.5
714,SFO,JCUETO-R,-125,-115,8,8
714,SDG,CRICHARD-L,105,105,8,8
714,NYY,JMONTGOMERY-L,112,123,9.5,8.5
714,BOS,DPOMERANZ-L,-132,-138,9.5,8.5
714,TOR,ASANCHEZ-R,103,109,9,9.5
714,DET,JVERLANDER-R,-123,-119,9,9.5
714,MIN,JBERRIOS-R,146,151,9,9
714,HOU,CMORTON-R,-166,-166,9,9
714,SEA,JPAXTON-L,-163,-200,9.5,9.5
714,CWS,JSHIELDS-R,143,170,9.5,9.5
714,TEX,MPEREZ-L,106,113,9.5,9.5
714,KAN,JHAMMEL-R,-126,-123,9.5,9.5
714,CLE,CCARRASCO-R,-152,-141,8,7.5
714,OAK,,132,126,8,7.5
714,TAM,JFARIA-R,-110,116,8.5,9
714,LAA,RNOLASCO-R,-110,-126,8.5,9
714,CUB,MMONTGOMERY-L,-105,101,10,10
714,BAL,KGAUSMAN-R,-105,-111,10,10
715,STL,LLYNN-R,103,114,8.5,8
715,PIT,JTAILLON-R,-123,-124,8.5,8
715,PHI,ANOLA-R,123,142,8.5,8.5
715,MIL,JNELSON-R,-143,-157,8.5,8.5
715,WAS,MSCHERZER-R,-175,-144,9.5,8.5
715,CIN,LCASTILLO-R,155,129,9.5,8.5
715,LOS,AWOOD-L,-155,-205,8.5,8.5
715,MIA,JURENA-R,135,175,8.5,8.5
715,ARI,PCORBIN-L,-108,-138,9.5,9
715,ATL,MFOLTYNEWICZ-R,-112,123,9.5,9
715,COL,TCHATWOOD-R,-107,106,9,9.5
715,NYM,SLUGO-R,-113,-116,9,9.5
715,SFO,MBUMGARNER-L,-152,-138,7.5,7.5
715,SDG,JCHACIN-R,132,123,7.5,7.5
715,NYY,LSEVERINO-R,155,154,8.5,7.5
715,BOS,CSALE-L,-175,-174,8.5,7.5
715,TOR,,120,131,9.5,9.5
715,DET,MFULMER-R,-140,-146,9.5,9.5
715,MIN,ESANTANA-R,135,153,9.5,9.5
715,HOU,JMUSGROVE-R,-155,-168,9.5,9.5
715,SEA,FHERNANDEZ-R,-145,-131,9.5,10
715,CWS,MPELFREY-R,125,116,9.5,10
715,TEX,CHAMELS-L,-108,117,9,9
715,KAN,DDUFFY-L,-112,-127,9,9
715,CLE,CKLUBER-R,-185,-245,8,7.5
715,OAK,PBLACKBURN-R,165,205,8,7.5
715,TAM,ACOBB-R,-113,115,8.5,9
715,LAA,JRAMIREZ-R,-107,-130,8.5,9
715,CUB,JARRIETA-R,-136,-128,9.5,10
715,BAL,WMILEY-L,116,118,9.5,10
716,WAS,TROARK-R,-117,103,10,10.5
716,CIN,HBAILEY-R,-103,-113,10,10.5
716,LOS,RHILL-L,-170,-171,9,8.5
716,MIA,CO'GRADY-L,150,151,9,8.5
716,COL,JHOFFMAN-R,114,111,8.5,9
716,NYM,SMATZ-L,-134,-121,8.5,9
716,ARI,ZGODLEY-R,-111,-115,9.5,9
716,ATL,JGARCIA-L,-109,105,9.5,9
716,STL,CMARTINEZ-R,-133,-116,8.5,8.5
716,PIT,TWILLIAMS-R,113,106,8.5,8.5
716,PHI,,144,139,9.5,9.5
716,MIL,MGARZA-R,-164,-154,9.5,9.5
716,SFO,JSAMARDZIJA-R,-117,-133,8,7.5
716,SDG,TCAHILL-R,-103,118,8,7.5
716,TOR,MESTRADA-R,-107,100,10,10
716,DET,ASANCHEZ-R,-113,-110,10,10
716,MIN,KGIBSON-R,165,170,9.5,10
716,HOU,MFIERS-R,-185,-200,9.5,10
716,SEA,AMOORE-R,-133,-136,9.5,10
716,CWS,DHOLLAND-L,113,121,9.5,10
716,TEX,YDARVISH-R,-115,-135,8.5,9
716,KAN,IKENNEDY-R,-105,120,8.5,9
716,TAM,CARCHER-R,-141,-133,9,9
716,LAA,PBRIDWELL-R,121,118,9,9
716,CLE,TBAUER-R,-112,-103,8.5,9
716,OAK,SMANAEA-L,-108,-107,8.5,9
716,NYY,MTANAKA-R,124,121,8,9
716,BOS,DPRICE-L,-144,-136,8,9
716,CUB,JQUINTANA-L,-144,-163,10.5,10.5
716,BAL,UJIMENEZ-R,124,148,10.5,10.5
716,NYY,CSABATHIA-L,130,125,9.5,9.5
716,BOS,RPORCELLO-R,-150,-140,9.5,9.5
717,WAS,SSTRASBURG-R,-142,-146,9,9.5
717,CIN,SFELDMAN-R,122,131,9,9.5
717,MIL,BSUTER-L,100,113,9,9.5
717,PIT,CKUHL-R,-120,-123,9,9.5
717,STL,AWAINWRIGHT-R,-102,102,9,9
717,NYM,ZWHEELER-R,-118,-112,9,9
717,PHI,JEICKHOFF-R,130,135,9,8.5
717,MIA,TKOEHLER-R,-150,-150,9,8.5
717,CUB,JLESTER-L,-147,-176,9,9.5
717,ATL,JTEHERAN-R,127,156,9,9.5
717,SDG,LPERDOMO-R,147,146,11.5,11
717,COL,GMARQUEZ-R,-167,-161,11.5,11
717,TEX,ACASHNER-R,-109,102,10.5,11
717,BAL,CTILLMAN-R,-111,-112,10.5,11
717,TOR,MSTROMAN-R,110,-105,9.5,9
717,BOS,ERODRIGUEZ-L,-130,-105,9.5,9
717,NYY,BMITCHELL-R,-117,104,10,10.5
717,MIN,AMEJIA-L,-103,-114,10,10.5
717,SEA,AMIRANDA-L,175,195,9,9
717,HOU,LMCCULLERS-R,-195,-225,9,9
717,DET,JZIMMERMANN-R,135,112,9.5,11
717,KAN,JVARGAS-L,-155,-122,9.5,11
717,TAM,JODORIZZI-R,-110,-109,8.5,9.5
717,OAK,DGOSSETT-R,-110,-101,8.5,9.5
717,CLE,JTOMLIN-R,-122,-131,8.5,8
717,SFO,MMOORE-L,102,116,8.5,8
718,MIL,JGUERRA-R,122,152,8.5,9.5
718,PIT,INOVA-R,-142,-167,8.5,9.5
718,STL,MWACHA-R,-117,-112,9.5,9
718,NYM,RMONTERO-R,-103,102,9.5,9
718,PHI,VVELASQUEZ-R,120,117,9,9
718,MIA,ACONLEY-L,-140,-132,9,9
718,ARI,RRAY-L,-128,-164,10,9.5
718,CIN,SROMANO-R,108,149,10,9.5
718,CUB,JLACKEY-R,-131,-135,9.5,9.5
718,ATL,SNEWCOMB-L,111,120,9.5,9.5
718,SDG,DLAMET-R,140,118,11.5,11
718,COL,ASENZATELA-R,-160,-133,11.5,11
718,TEX,TROSS-R,100,114,10.5,10.5
718,BAL,DBUNDY-R,-120,-124,10.5,10.5
718,TOR,JHAPP-L,105,-136,10,10
718,BOS,BJOHNSON-L,-125,121,10,10
718,NYY,LCESSA-R,-128,-121,10.5,10.5
718,MIN,BCOLON-R,108,111,10.5,10.5
718,SEA,SGAVIGLIO-R,171,158,9.5,10
718,HOU,BPEACOCK-R,-191,-178,9.5,10
718,DET,MBOYD-L,-104,-107,10.5,10.5
718,KAN,TWOOD-L,-116,-103,10.5,10.5
718,TAM,BSNELL-L,-116,-105,9,9
718,OAK,CSMITH-R,-104,-105,9,9
718,LOS,CKERSHAW-L,-301,-335,8.5,9
718,CWS,MGONZALEZ-R,251,285,8.5,9
718,WAS,EJACKSON-R,-112,127,9.5,10
718,LAA,JCHAVEZ-R,-108,-142,9.5,10
718,CLE,MCLEVINGER-R,-131,-141,8.5,7.5
718,SFO,TBLACH-L,111,126,8.5,7.5
719,PHI,NPIVETTA-R,170,170,8.5,8
719,MIA,DSTRAILY-R,-190,-190,8.5,8
719,CUB,MMONTGOMERY-L,-137,-129,9.5,10
719,ATL,RDICKEY-R,117,119,9.5,10
719,SDG,CRICHARD-L,146,170,12,11.5
719,COL,JGRAY-R,-166,-200,12,11.5
719,MIL,ZDAVIES-R,121,146,8.5,9
719,PIT,GCOLE-R,-141,-161,8.5,9
719,STL,MLEAKE-R,141,150,8,8
719,NYM,JDEGROM-R,-161,-170,8,8
719,ARI,ZGREINKE-R,-146,-162,9.5,9.5
719,CIN,TADLEMAN-R,126,147,9.5,9.5
719,NYY,JMONTGOMERY-L,-112,-105,10,9
719,MIN,JBERRIOS-R,-108,-105,10,9
719,SEA,JPAXTON-L,106,-109,9,8.5
719,HOU,CMORTON-R,-126,-101,9,8.5
719,TAM,JFARIA-R,102,103,8.5,8.5
719,OAK,,-122,-113,8.5,8.5
719,TEX,MPEREZ-L,118,130,10.5,10.5
719,BAL,KGAUSMAN-R,-138,-145,10.5,10.5
719,TOR,ASANCHEZ-R,110,119,9.5,9.5
719,BOS,DPOMERANZ-L,-130,-134,9.5,9.5
719,DET,JVERLANDER-R,-116,-104,9.5,9.5
719,KAN,JHAMMEL-R,-104,-106,9.5,9.5
719,CLE,CCARRASCO-R,-196,-230,8.5,7.5
719,SFO,MCAIN-R,176,200,8.5,7.5
719,LOS,KMAEDA-R,-170,-190,9.5,9.5
719,CWS,CRODON-L,150,170,9.5,9.5
719,WAS,GGONZALEZ-L,-122,109,9,8.5
719,LAA,AMEYER-R,102,-119,9,8.5
720,STL,LLYNN-R,-113,111,9,10
720,NYM,SLUGO-R,-107,-121,9,10
720,MIL,JNELSON-R,110,113,8.5,8
720,PIT,JTAILLON-R,-130,-123,8.5,8
720,ARI,PCORBIN-L,-127,120,10,9.5
720,CIN,LCASTILLO-R,107,-135,10,9.5
720,ATL,MFOLTYNEWICZ-R,190,190,8,8.5
720,LOS,BMCCARTHY-R,-220,-220,8,8.5
720,SDG,JCHACIN-R,175,183,7,7
720,SFO,MBUMGARNER-L,-205,-213,7,7
720,TOR,,107,-102,10,11
720,BOS,DFISTER-R,-127,-108,10,11
720,TEX,CHAMELS-L,-116,102,10,10.5
720,BAL,WMILEY-L,-104,-112,10,10.5
720,DET,MFULMER-R,-112,-106,9,9.5
720,KAN,DDUFFY-L,-108,-104,9,9.5
720,NYY,LSEVERINO-R,-112,-146,8,8
720,SEA,FHERNANDEZ-R,-108,131,8,8
721,STL,CMARTINEZ-R,129,135,8,8
721,CUB,JARRIETA-R,-149,-150,8,8
721,MIL,MGARZA-R,115,129,8.5,9
721,PHI,ANOLA-R,-135,-144,8.5,9
721,MIA,JURENA-R,-107,116,10,10.5
721,CIN,HBAILEY-R,-113,-131,10,10.5
721,PIT,TWILLIAMS-R,130,116,11.5,11.5
721,COL,JHOFFMAN-R,-150,-126,11.5,11.5
721,WAS,MSCHERZER-R,-141,-149,8.5,8.5
721,ARI,ZGODLEY-R,121,134,8.5,8.5
721,ATL,JGARCIA-L,245,240,7.5,8
721,LOS,AWOOD-L,-285,-280,7.5,8
721,SDG,TCAHILL-R,131,152,7.5,7
721,SFO,JSAMARDZIJA-R,-151,-167,7.5,7
721,HOU,MFIERS-R,-135,-132,11,11
721,BAL,UJIMENEZ-R,115,117,11,11
721,TEX,YDARVISH-R,-112,-128,8,8.5
721,TAM,ACOBB-R,-108,118,8,8.5
721,TOR,MESTRADA-R,114,126,9.5,9.5
721,CLE,TBAUER-R,-134,-141,9.5,9.5
721,DET,ASANCHEZ-R,108,118,9.5,9.5
721,MIN,ESANTANA-R,-128,-128,9.5,9.5
721,CWS,JSHIELDS-R,160,157,10,10.5
721,KAN,IKENNEDY-R,-180,-177,10,10.5
721,BOS,CSALE-L,-189,-212,7,7.5
721,LAA,RNOLASCO-R,169,182,7,7.5
721,NYY,CSABATHIA-L,-105,-115,9,9
721,SEA,AMOORE-R,-115,105,9,9
721,OAK,PBLACKBURN-R,147,143,9,9.5
721,NYM,SMATZ-L,-167,-158,9,9.5
722,STL,AWAINWRIGHT-R,145,140,8.5,8.5
722,CUB,JLESTER-L,-165,-155,8.5,8.5
722,SDG,LPERDOMO-R,123,103,8.5,9
722,SFO,MMOORE-L,-143,-113,8.5,9
722,MIL,BSUTER-L,-115,-126,9.5,9.5
722,PHI,,-105,116,9.5,9.5
722,MIA,CO'GRADY-L,-114,104,11,11.5
722,CIN,RSTEPHENSON-R,-106,-114,11,11.5
722,PIT,CKUHL-R,114,100,12,11.5
722,COL,GMARQUEZ-R,-134,-110,12,11.5
722,WAS,TROARK-R,-108,-118,10.5,10
722,ARI,ABANDA-L,-112,108,10.5,10
722,ATL,JTEHERAN-R,204,220,8,8.5
722,LOS,RHILL-L,-234,-260,8,8.5
722,HOU,CMCHUGH-R,-130,-119,10.5,11.5
722,BAL,CTILLMAN-R,110,109,10.5,11.5
722,TEX,ACASHNER-R,170,165,8.5,8.5
722,TAM,CARCHER-R,-200,-185,8.5,8.5
722,DET,JZIMMERMANN-R,-114,112,10.5,10.5
722,MIN,KGIBSON-R,-106,-122,10.5,10.5
722,TOR,MSTROMAN-R,125,107,8.5,9
722,CLE,DSALAZAR-R,-145,-117,8.5,9
722,CWS,MPELFREY-R,160,150,10,11
722,KAN,JVARGAS-L,-180,-170,10,11
722,BOS,DPRICE-L,-137,-126,8,8
722,LAA,JRAMIREZ-R,117,116,8,8
722,NYY,MTANAKA-R,-131,-134,8.5,8.5
722,SEA,AMIRANDA-L,111,119,8.5,8.5
722,OAK,SMANAEA-L,-113,106,8.5,9
722,NYM,ZWHEELER-R,-107,-116,8.5,9
723,MIA,TKOEHLER-R,-110,122,11,11
723,CIN,SROMANO-R,-110,-137,11,11
723,MIL,JGUERRA-R,-103,-101,9,10
723,PHI,JEICKHOFF-R,-117,-109,9,10
723,PIT,INOVA-R,-108,102,11.5,13
723,COL,KFREELAND-L,-112,-112,11.5,13
723,SDG,DLAMET-R,106,-105,8.5,8.5
723,SFO,TBLACH-L,-126,-105,8.5,8.5
723,ATL,SNEWCOMB-L,320,328,7.5,7.5
723,LOS,CKERSHAW-L,-380,-388,7.5,7.5
723,WAS,SSTRASBURG-R,-114,-116,8.5,8.5
723,ARI,RRAY-L,-106,106,8.5,8.5
723,STL,MWACHA-R,153,154,8,8
723,CUB,JQUINTANA-L,-173,-169,8,8
723,TEX,TROSS-R,133,113,9,9.5
723,TAM,JODORIZZI-R,-153,-123,9,9.5
723,TOR,JHAPP-L,175,171,8.5,8
723,CLE,CKLUBER-R,-205,-191,8.5,8
723,HOU,LMCCULLERS-R,-145,-129,10.5,10
723,BAL,DBUNDY-R,125,119,10.5,10
723,DET,MBOYD-L,-106,-101,10.5,10.5
723,MIN,AMEJIA-L,-114,-109,10.5,10.5
723,CWS,DHOLLAND-L,121,120,11,10.5
723,KAN,TWOOD-L,-141,-135,11,10.5
723,BOS,RPORCELLO-R,-124,-116,9.5,9
723,LAA,PBRIDWELL-R,104,106,9.5,9
723,NYY,CSMITH-L,-103,-113,9.5,9.5
723,SEA,YGALLARDO-R,-117,103,9.5,9.5
723,OAK,DGOSSETT-R,113,125,9.5,9.5
723,NYM,RMONTERO-R,-133,-140,9.5,9.5
724,COL,ASENZATELA-R,113,122,9,9
724,STL,MLEAKE-R,-133,-137,9,9
724,ATL,RDICKEY-R,163,185,9,9.5
724,ARI,ZGREINKE-R,-183,-215,9,9.5
724,NYM,JDEGROM-R,-160,-161,7.5,7.5
724,SDG,CRICHARD-L,140,146,7.5,7.5
724,PIT,GCOLE-R,-150,-150,8,8
724,SFO,MCAIN-R,130,135,8,8
724,OAK,CSMITH-R,130,147,9.5,9.5
724,TOR,,-150,-162,9.5,9.5
724,KAN,JHAMMEL-R,125,120,9.5,9
724,DET,JVERLANDER-R,-145,-135,9.5,9
724,BAL,KGAUSMAN-R,107,-103,9.5,9
724,TAM,BSNELL-L,-127,-107,9.5,9
724,BOS,ERODRIGUEZ-L,125,135,8.5,8
724,SEA,JPAXTON-L,-145,-150,8.5,8
724,CWS,MGONZALEZ-R,200,230,8,7.5
724,CUB,KHENDRICKS-R,-240,-270,8,7.5
724,HOU,BPEACOCK-R,-155,-154,9.5,9
724,PHI,VVELASQUEZ-R,135,139,9.5,9
724,MIA,ACONLEY-L,135,125,11,11.5
724,TEX,MPEREZ-L,-155,-140,11,11.5
724,MIN,BCOLON-R,205,230,9.5,9
724,LOS,HRYU-L,-235,-270,9.5,9
724,CIN,TADLEMAN-R,170,165,10,9.5
724,CLE,JTOMLIN-R,-190,-185,10,9.5
725,MIL,ZDAVIES-R,104,116,10,10
725,WAS,EJACKSON-R,-124,-131,10,10
725,COL,JGRAY-R,117,108,8.5,8.5
725,STL,LLYNN-R,-137,-118,8.5,8.5
725,ATL,MFOLTYNEWICZ-R,120,136,9.5,10.5
725,ARI,TWALKER-R,-140,-151,9.5,10.5
725,NYM,SLUGO-R,-115,-141,8.5,9.5
725,SDG,KLLOYD-R,-105,126,8.5,9.5
725,PIT,JTAILLON-R,105,-102,7,7.5
725,SFO,MBUMGARNER-L,-125,-108,7,7.5
725,OAK,,-119,101,9.5,9.5
725,TOR,CVALDEZ-R,-101,-111,9.5,9.5
725,LAA,JCHAVEZ-R,153,150,9.5,9
725,CLE,MCLEVINGER-R,-173,-170,9.5,9
725,KAN,DDUFFY-L,116,108,8.5,9
725,DET,MFULMER-R,-136,-118,8.5,9
725,BAL,WMILEY-L,121,111,9,8.5
725,TAM,JFARIA-R,-141,-121,9,8.5
725,BOS,DPOMERANZ-L,-119,-101,8.5,8
725,SEA,FHERNANDEZ-R,-101,-109,8.5,8
725,CWS,CRODON-L,175,176,8.5,9
725,CUB,JLACKEY-R,-205,-206,8.5,9
725,HOU,CMORTON-R,-161,-147,10,8.5
725,PHI,NPIVETTA-R,141,132,10,8.5
725,CIN,LCASTILLO-R,156,153,10,9
725,NYY,JMONTGOMERY-L,-176,-168,10,9
725,MIA,DSTRAILY-R,123,137,9.5,10.5
725,TEX,CHAMELS-L,-143,-152,9.5,10.5
725,MIN,JBERRIOS-R,174,173,8,8
725,LOS,KMAEDA-R,-194,-193,8,8
726,ATL,ABLAIR-R,163,180,10,10.5
726,ARI,PCORBIN-L,-183,-210,10,10.5
726,PIT,TWILLIAMS-R,107,133,8,8
726,SFO,JSAMARDZIJA-R,-127,-148,8,8
726,MIL,JNELSON-R,129,111,9,8.5
726,WAS,GGONZALEZ-L,-149,-121,9,8.5
726,COL,JHOFFMAN-R,133,165,8.5,8.5
726,STL,CMARTINEZ-R,-153,-185,8.5,8.5
726,NYM,SMATZ-L,-122,108,8,8.5
726,SDG,JCHACIN-R,102,-118,8,8.5
726,BAL,UJIMENEZ-R,111,136,9.5,9
726,TAM,ACOBB-R,-131,-151,9.5,9
726,BOS,CSALE-L,-209,-207,8,8
726,SEA,AMOORE-R,179,177,8,8
726,OAK,PBLACKBURN-R,143,140,9.5,10
726,TOR,MESTRADA-R,-163,-155,9.5,10
726,LAA,RNOLASCO-R,170,190,9,9
726,CLE,CCARRASCO-R,-200,-220,9,9
726,KAN,IKENNEDY-R,-107,101,10,9.5
726,DET,ASANCHEZ-R,-113,-111,10,9.5
726,CIN,HBAILEY-R,195,200,9,9
726,NYY,LSEVERINO-R,-225,-240,9,9
726,HOU,MFIERS-R,-129,101,9,8
726,PHI,ANOLA-R,109,-111,9,8
726,MIA,JURENA-R,153,205,10,10.5
726,TEX,YDARVISH-R,-173,-235,10,10.5
726,CUB,JARRIETA-R,-195,-267,9.5,10
726,CWS,JSHIELDS-R,175,227,9.5,10
726,MIN,ESANTANA-R,170,200,7.5,8.5
726,LOS,BSTEWART-R,-200,-230,7.5,8.5
727,MIL,MBLAZEK-R,195,255,8,9
727,WAS,MSCHERZER-R,-225,-295,8,9
727,CIN,RSTEPHENSON-R,123,122,9.5,10
727,MIA,CO'GRADY-L,-143,-137,9.5,10
727,ARI,ZGODLEY-R,-105,114,9,9
727,STL,LWEAVER-R,-115,-124,9,9
727,NYM,CFLEXEN-R,-111,103,8.5,9
727,SDG,LPERDOMO-R,-109,-113,8.5,9
727,LAA,JRAMIREZ-R,144,145,9,9.5
727,CLE,TBAUER-R,-164,-160,9,9.5
727,OAK,SMANAEA-L,135,172,8.5,8.5
727,TOR,MSTROMAN-R,-155,-192,8.5,8.5
727,TAM,CARCHER-R,-105,109,8.5,9
727,NYY,CSABATHIA-L,-105,-119,8.5,9
727,CUB,JLESTER-L,-220,-241,10,10
727,CWS,MPELFREY-R,190,201,10,10
728,ATL,JTEHERAN-R,-126,-148,9.5,9.5
728,PHI,JTHOMPSON-R,106,133,9.5,9.5
728,CIN,SROMANO-R,-119,109,9.5,9.5
728,MIA,VWORLEY-R,-101,-119,9.5,9.5
728,CUB,JQUINTANA-L,-136,-135,9,9
728,MIL,BSUTER-L,116,120,9,9
728,ARI,RRAY-L,-109,118,8,8
728,STL,MWACHA-R,-111,-128,8,8
728,SFO,MMOORE-L,250,260,8.5,8.5
728,LOS,AWOOD-L,-290,-310,8.5,8.5
728,PIT,CKUHL-R,-142,-168,8.5,9
728,SDG,TWOOD-L,122,153,8.5,9
728,TAM,APRUITT-R,158,170,9,9
728,NYY,MTANAKA-R,-178,-200,9,9
728,LAA,PBRIDWELL-R,143,137,9.5,9.5
728,TOR,JHAPP-L,-163,-152,9.5,9.5
728,KAN,JVARGAS-L,155,145,9,9.5
728,BOS,RPORCELLO-R,-175,-160,9,9.5
728,HOU,DKEUCHEL-L,-182,-157,10,9.5
728,DET,JZIMMERMANN-R,162,142,10,9.5
728,BAL,CTILLMAN-R,120,128,11,11.5
728,TEX,ACASHNER-R,-140,-143,11,11.5
728,CLE,DSALAZAR-R,-216,-263,9.5,9.5
728,CWS,DHOLLAND-L,186,223,9.5,9.5
728,MIN,,-113,-105,9,9
728,OAK,DGOSSETT-R,-107,-105,9,9
728,NYM,RMONTERO-R,136,146,10,9.5
728,SEA,AMIRANDA-L,-156,-161,10,9.5
729,SFO,TBLACH-L,230,260,8.5,9
729,LOS,RHILL-L,-270,-310,8.5,9
729,COL,GMARQUEZ-R,101,128,10,8.5
729,WAS,TROARK-R,-121,-143,10,8.5
729,ATL,SNEWCOMB-L,101,101,9,9
729,PHI,JEICKHOFF-R,-121,-111,9,9
729,CIN,TADLEMAN-R,131,125,9,9
729,MIA,ACONLEY-L,-151,-140,9,9
729,CUB,KHENDRICKS-R,-161,-178,9.5,10
729,MIL,JGUERRA-R,141,158,9.5,10
729,ARI,ZGREINKE-R,-127,-113,8,7.5
729,STL,MLEAKE-R,107,103,8,7.5
729,PIT,INOVA-R,-131,-114,8.5,8
729,SDG,DLAMET-R,111,104,8.5,8
729,TAM,BSNELL-L,101,150,9.5,9
729,NYY,CSMITH-L,-121,-165,9.5,9
729,LAA,YPETIT-R,120,111,9.5,9.5
729,TOR,,-140,-121,9.5,9.5
729,HOU,CMCHUGH-R,-131,-113,10.5,10.5
729,DET,MBOYD-L,111,103,10.5,10.5
729,CLE,CKLUBER-R,-271,-320,8,8.5
729,CWS,MGONZALEZ-R,231,270,8,8.5
729,KAN,TCAHILL-R,125,135,10,8.5
729,BOS,ERODRIGUEZ-L,-145,-150,10,8.5
729,BAL,KGAUSMAN-R,-111,-114,11.5,11
729,TEX,ABIBENS-DIRKX-R,-109,104,11.5,11
729,MIN,AMEJIA-L,-114,-109,9,9.5
729,OAK,CSMITH-R,-106,-101,9,9.5
729,NYM,JDEGROM-R,-155,-128,9,9
729,SEA,YGALLARDO-R,135,118,9,9
730,CIN,LCASTILLO-R,106,-116,9,8
730,MIA,DSTRAILY-R,-126,106,9,8
730,ATL,RDICKEY-R,-109,117,9,9
730,PHI,VVELASQUEZ-R,-111,-132,9,9
730,COL,KFREELAND-L,-111,116,10,9
730,WAS,EFEDDE-R,-109,-126,10,9
730,CUB,JLACKEY-R,-121,101,9.5,9.5
730,MIL,ZDAVIES-R,101,-111,9.5,9.5
730,ARI,TWALKER-R,101,111,8.5,8.5
730,STL,LLYNN-R,-121,-121,8.5,8.5
730,SFO,MBUMGARNER-L,230,139,9,8
730,LOS,HRYU-L,-270,-154,9,8
730,PIT,GCOLE-R,-170,-159,9,8.5
730,SDG,CRICHARD-L,150,144,9,8.5
730,KAN,JHAMMEL-R,125,157,9,9
730,BOS,DPOMERANZ-L,-145,-177,9,9
730,TAM,JFARIA-R,135,145,9,9
730,NYY,JMONTGOMERY-L,-155,-160,9,9
730,LAA,JCHAVEZ-R,120,101,10,10
730,TOR,CVALDEZ-R,-140,-111,10,10
730,HOU,LMCCULLERS-R,-131,-112,9.5,9
730,DET,JVERLANDER-R,111,102,9.5,9
730,CLE,JTOMLIN-R,-190,-152,9.5,9
730,CWS,CRODON-L,170,137,9.5,9
730,BAL,WMILEY-L,120,102,11.5,11.5
730,TEX,MPEREZ-L,-140,-112,11.5,11.5
730,MIN,BCOLON-R,170,120,9,10
730,OAK,JCOTTON-R,-200,-135,9,10
730,NYM,SLUGO-R,170,204,9,8.5
730,SEA,JPAXTON-L,-200,-234,9,8.5
730,COL,JGRAY-R,-115,-104,9.5,9
730,WAS,EJACKSON-R,-105,-106,9.5,9
731,ATL,MFOLTYNEWICZ-R,-111,-104,9,8.5
731,PHI,NPIVETTA-R,-109,-106,9,8.5
731,WAS,GGONZALEZ-L,-124,-127,9,9
731,MIA,JURENA-R,104,117,9,9
731,KAN,DDUFFY-L,-129,-109,10,9.5
731,BAL,UJIMENEZ-R,109,-101,10,9.5
731,DET,MFULMER-R,156,195,8.5,8
731,NYY,LSEVERINO-R,-176,-225,8.5,8
731,CLE,MCLEVINGER-R,-135,-127,10.5,10
731,BOS,DFISTER-R,115,117,10.5,10
731,SEA,FHERNANDEZ-R,120,-105,10,10.5
731,TEX,CHAMELS-L,-140,-105,10,10.5
731,TAM,ACOBB-R,135,128,9,9
731,HOU,CMORTON-R,-155,-143,9,9
731,TOR,MESTRADA-R,-160,-184,10.5,10.5
731,CWS,JSHIELDS-R,140,164,10.5,10.5
731,SFO,MCAIN-R,140,135,9,9.5
731,OAK,PBLACKBURN-R,-160,-150,9,9.5
801,CIN,HBAILEY-R,140,150,9,9
801,PIT,JTAILLON-R,-160,-170,9,9
801,WAS,MSCHERZER-R,-200,-215,8,8
801,MIA,CO'GRADY-L,170,185,8,8
801,LOS,KMAEDA-R,-194,-172,9.5,10
801,ATL,LSIMS-R,174,152,9.5,10
801,STL,CMARTINEZ-R,-109,106,8.5,8.5
801,MIL,JNELSON-R,-111,-116,8.5,8.5
801,ARI,PCORBIN-L,150,165,8.5,9
801,CUB,JLESTER-L,-170,-185,8.5,9
801,NYM,SMATZ-L,130,103,12.5,12.5
801,COL,JHOFFMAN-R,-150,-113,12.5,12.5
801,KAN,IKENNEDY-R,-105,112,9.5,9.5
801,BAL,DBUNDY-R,-105,-122,9.5,9.5
801,DET,ASANCHEZ-R,160,157,9.5,10
801,NYY,CSABATHIA-L,-180,-177,9.5,10
801,CLE,CCARRASCO-R,127,152,8,7
801,BOS,CSALE-L,-147,-167,8,7
801,SEA,ERAMIREZ-R,140,-105,10,11
801,TEX,NMARTINEZ-R,-160,-105,10,11
801,TOR,MSTROMAN-R,-200,-223,10,9.5
801,CWS,MPELFREY-R,170,193,10,9.5
801,TAM,CARCHER-R,109,-115,8.5,8.5
801,HOU,MFIERS-R,-129,105,8.5,8.5
801,SFO,JSAMARDZIJA-R,101,114,8.5,8
801,OAK,SMANAEA-L,-121,-124,8.5,8
801,PHI,ANOLA-R,-111,117,8.5,8
801,LAA,RNOLASCO-R,-109,-127,8.5,8
801,MIN,JBERRIOS-R,-106,-105,8,8
801,SDG,JCHACIN-R,-114,-105,8,8
802,CIN,RSTEPHENSON-R,135,153,9.5,9
802,PIT,TWILLIAMS-R,-155,-173,9.5,9
802,WAS,ACOLE-R,-125,-102,9.5,9.5
802,MIA,VWORLEY-R,105,-108,9.5,9.5
802,LOS,BSTEWART-R,-165,-169,9.5,9.5
802,ATL,JTEHERAN-R,145,154,9.5,9.5
802,ARI,ZGODLEY-R,155,132,8,8
802,CUB,JARRIETA-R,-175,-147,8,8
802,STL,LWEAVER-R,115,105,9,8.5
802,MIL,BSUTER-L,-135,-115,9,8.5
802,NYM,CFLEXEN-R,145,117,12.5,13
802,COL,TCHATWOOD-R,-165,-132,12.5,13
802,DET,JZIMMERMANN-R,180,230,9.5,9.5
802,NYY,MTANAKA-R,-210,-270,9.5,9.5
802,TOR,JHAPP-L,-200,-215,10,10.5
802,CWS,DHOLLAND-L,170,185,10,10.5
802,KAN,JVARGAS-L,-105,127,10,10
802,BAL,JHELLICKSON-R,-115,-142,10,10
802,SEA,AMIRANDA-L,-106,-101,11,10
802,TEX,ACASHNER-R,-114,-109,11,10
802,TAM,APRUITT-R,191,187,9,8
802,HOU,DKEUCHEL-L,-221,-217,9,8
802,MIN,ESANTANA-R,-115,103,8.5,8.5
802,SDG,LPERDOMO-R,-105,-113,8.5,8.5
802,PHI,JTHOMPSON-R,170,193,9,9
802,LAA,JRAMIREZ-R,-190,-223,9,9
802,OAK,DGOSSETT-R,109,141,8.5,8.5
802,SFO,MMOORE-L,-129,-156,8.5,8.5
803,STL,MWACHA-R,-121,-129,8.5,9
803,MIL,MGARZA-R,101,119,8.5,9
803,ARI,ZGREINKE-R,109,129,8,9
803,CUB,JQUINTANA-L,-129,-144,8,9
803,NYM,RMONTERO-R,141,163,12.5,11
803,COL,GMARQUEZ-R,-161,-183,12.5,11
803,CIN,SROMANO-R,150,129,9,9
803,PIT,CKUHL-R,-170,-144,9,9
803,LOS,AWOOD-L,-245,-232,9,8.5
803,ATL,SNEWCOMB-L,205,202,9,8.5
803,DET,MBOYD-L,118,130,10.5,10
803,BAL,CTILLMAN-R,-138,-145,10.5,10
803,CWS,MGONZALEZ-R,200,254,10,10
803,BOS,RPORCELLO-R,-240,-294,10,10
803,NYY,SGRAY-R,111,172,8.5,7.5
803,CLE,CKLUBER-R,-131,-192,8.5,7.5
803,TAM,BSNELL-L,141,120,9.5,9.5
803,HOU,CMCHUGH-R,-161,-135,9.5,9.5
803,TEX,AGRIFFIN-R,110,113,10.5,9.5
803,MIN,AMEJIA-L,-130,-123,10.5,9.5
803,SEA,YGALLARDO-R,101,123,9.5,9.5
803,KAN,TCAHILL-R,-121,-138,9.5,9.5
803,PHI,JEICKHOFF-R,125,163,8.5,9
803,LAA,PBRIDWELL-R,-145,-183,8.5,9
803,OAK,KGRAVEMAN-R,111,130,8.5,8.5
803,SFO,TBLACH-L,-131,-145,8.5,8.5
804,WAS,TROARK-R,130,154,9.5,9
804,CUB,KHENDRICKS-R,-150,-174,9.5,9
804,STL,MLEAKE-R,-131,109,9.5,9.5
804,CIN,WOJCIECHOWSKI-R,111,-119,9.5,9.5
804,SDG,TWOOD-L,140,172,8.5,9
804,PIT,INOVA-R,-160,-192,8.5,9
804,LOS,YDARVISH-R,-115,-112,7.5,7.5
804,NYM,JDEGROM-R,-105,102,7.5,7.5
804,MIA,ACONLEY-L,-105,119,9.5,9.5
804,ATL,RDICKEY-R,-105,-129,9.5,9.5
804,PHI,VVELASQUEZ-R,145,145,12,11.5
804,COL,KFREELAND-L,-165,-160,12,11.5
804,ARI,ABANDA-L,138,133,8,8
804,SFO,MBUMGARNER-L,-158,-148,8,8
804,DET,JVERLANDER-R,-111,140,9.5,8.5
804,BAL,KGAUSMAN-R,-109,-155,9.5,8.5
804,CWS,CRODON-L,180,184,9.5,9.5
804,BOS,ERODRIGUEZ-L,-210,-214,9.5,9.5
804,NYY,JGARCIA-L,135,105,9.5,9
804,CLE,TBAUER-R,-155,-115,9.5,9
804,TOR,CVALDEZ-R,170,144,9.5,9
804,HOU,BPEACOCK-R,-200,-159,9.5,9
804,TEX,MPEREZ-L,-120,-106,10.5,10.5
804,MIN,BCOLON-R,100,-104,10.5,10.5
804,SEA,JPAXTON-L,-131,-161,8.5,8
804,KAN,JHAMMEL-R,111,146,8.5,8
804,OAK,JCOTTON-R,111,122,9,9.5
804,LAA,TSCRIBNER-R,-131,-137,9,9.5
804,MIL,BWOODRUFF-R,125,141,9,9
804,TAM,JFARIA-R,-145,-156,9,9
805,WAS,EJACKSON-R,130,147,9.5,11
805,CUB,JLACKEY-R,-150,-162,9.5,11
805,LOS,RHILL-L,-185,-215,9,9.5
805,NYM,SLUGO-R,165,185,9,9.5
805,SDG,DLAMET-R,155,145,8.5,7.5
805,PIT,GCOLE-R,-175,-160,8.5,7.5
805,MIA,DSTRAILY-R,-105,119,9.5,9
805,ATL,MFOLTYNEWICZ-R,-105,-129,9.5,9
805,STL,LLYNN-R,-103,140,9,8.5
805,CIN,LCASTILLO-R,-117,-155,9,8.5
805,PHI,NPIVETTA-R,173,175,12,11
805,COL,JGRAY-R,-193,-205,12,11
805,ARI,TWALKER-R,-140,-153,8.5,8.5
805,SFO,CSTRATTON-R,120,138,8.5,8.5
805,DET,DVERHAGEN-R,133,151,11,11
805,BAL,WMILEY-L,-153,-166,11,11
805,CWS,JSHIELDS-R,250,290,10,9.5
805,BOS,DPOMERANZ-L,-290,-340,10,9.5
805,TOR,MESTRADA-R,125,154,9,9
805,HOU,CMORTON-R,-145,-174,9,9
805,NYY,JMONTGOMERY-L,131,117,9,8.5
805,CLE,DSALAZAR-R,-151,-127,9,8.5
805,TEX,CHAMELS-L,-140,-129,9.5,9.5
805,MIN,KGIBSON-R,120,119,9.5,9.5
805,OAK,PBLACKBURN-R,125,157,9,9
805,LAA,TSKAGGS-L,-145,-177,9,9
805,MIL,ZDAVIES-R,115,140,8.5,9
805,TAM,ACOBB-R,-135,-155,8.5,9
806,STL,AWAINWRIGHT-R,-126,104,9.5,9.5
806,CIN,HBAILEY-R,106,-114,9.5,9.5
806,LOS,HRYU-L,-170,-170,9.5,8.5
806,NYM,SMATZ-L,150,150,9.5,8.5
806,SDG,CRICHARD-L,155,170,9,8.5
806,PIT,JTAILLON-R,-175,-190,9,8.5
806,MIA,JURENA-R,-115,122,9.5,9.5
806,ATL,LSIMS-R,-105,-137,9.5,9.5
806,WAS,EFEDDE-R,170,170,10.5,9
806,CUB,JLESTER-L,-200,-200,10.5,9
806,PHI,ANOLA-R,111,101,11.5,11
806,COL,JHOFFMAN-R,-131,-111,11.5,11
806,ARI,PCORBIN-L,101,-111,8.5,8
806,SFO,JSAMARDZIJA-R,-121,101,8.5,8
806,NYY,LSEVERINO-R,-101,107,8.5,7.5
806,CLE,CCARRASCO-R,-119,-117,8.5,7.5
806,DET,ASANCHEZ-R,115,142,11,10
806,BAL,UJIMENEZ-R,-135,-157,11,10
806,CWS,MPELFREY-R,185,193,10.5,10.5
806,BOS,DFISTER-R,-215,-223,10.5,10.5
806,TOR,MSTROMAN-R,-109,-105,9.5,9
806,HOU,MFIERS-R,-111,-105,9.5,9
806,TEX,NMARTINEZ-R,115,125,9.5,10.5
806,MIN,JBERRIOS-R,-135,-140,9.5,10.5
806,SEA,MGONZALES-L,111,120,9.5,8.5
806,KAN,DDUFFY-L,-131,-135,9.5,8.5
806,OAK,SMANAEA-L,115,121,9.5,9
806,LAA,RNOLASCO-R,-135,-136,9.5,9
806,MIL,JNELSON-R,111,152,8,7.5
806,TAM,CARCHER-R,-131,-172,8,7.5
806,SEA,ERAMIREZ-R,-119,108,10,9
806,KAN,JJUNIS-R,-101,-118,10,9
807,MIA,CO'GRADY-L,255,249,8,8.5
807,WAS,MSCHERZER-R,-305,-289,8,8.5
807,SDG,JCHACIN-R,101,120,9.5,9.5
807,CIN,TADLEMAN-R,-121,-135,9.5,9.5
807,CUB,JARRIETA-R,-185,-180,8,8
807,SFO,MMOORE-L,165,160,8,8
807,BAL,DBUNDY-R,106,138,9,9
807,LAA,JRAMIREZ-R,-126,-153,9,9
807,DET,JZIMMERMANN-R,109,153,9,8.5
807,PIT,TWILLIAMS-R,-129,-173,9,8.5
807,MIL,BSUTER-L,101,-109,9,9
807,MIN,ESANTANA-R,-121,-101,9,9
807,STL,CMARTINEZ-R,-109,-124,8.5,8.5
807,KAN,IKENNEDY-R,-111,114,8.5,8.5
808,MIA,VWORLEY-R,124,125,10,9.5
808,WAS,ACOLE-R,-144,-140,10,9.5
808,SDG,LPERDOMO-R,126,116,9.5,9
808,CIN,SROMANO-R,-146,-131,9.5,9
808,PHI,ZEFLIN-R,140,155,9.5,9.5
808,ATL,JTEHERAN-R,-160,-175,9.5,9.5
808,LOS,KMAEDA-R,-121,-121,9.5,9.5
808,ARI,ZGODLEY-R,101,111,9.5,9.5
808,CUB,JQUINTANA-L,-175,-203,8,7.5
808,SFO,TBLACH-L,155,173,8,7.5
808,NYY,CSABATHIA-L,-111,128,9.5,9
808,TOR,JHAPP-L,-109,-143,9.5,9
808,BOS,CSALE-L,-200,-211,7.5,7
808,TAM,APRUITT-R,170,181,7.5,7
808,HOU,DKEUCHEL-L,-240,-255,9.5,9.5
808,CWS,DHOLLAND-L,200,215,9.5,9.5
808,SEA,AMIRANDA-L,-106,-119,9,9
808,OAK,KGRAVEMAN-R,-114,109,9,9
808,BAL,JHELLICKSON-R,101,113,9,9
808,LAA,PBRIDWELL-R,-121,-123,9,9
808,DET,MBOYD-L,135,154,9,8.5
808,PIT,CKUHL-R,-155,-174,9,8.5
808,TEX,AGRIFFIN-R,-113,-109,9,9.5
808,NYM,CFLEXEN-R,-107,-101,9,9.5
808,COL,GMARQUEZ-R,195,220,7.5,8
808,CLE,CKLUBER-R,-225,-260,7.5,8
808,MIL,MGARZA-R,-107,128,9.5,10
808,MIN,AMEJIA-L,-113,-143,9.5,10
808,STL,MWACHA-R,-113,-131,9,8.5
808,KAN,JVARGAS-L,-107,116,9,8.5
809,CUB,KHENDRICKS-R,-112,114,8,7
809,SFO,MBUMGARNER-L,-108,-124,8,7
809,MIA,ACONLEY-L,155,158,9.5,9
809,WAS,GGONZALEZ-L,-175,-178,9.5,9
809,SDG,TWOOD-L,125,113,10,9
809,CIN,WOJCIECHOWSKI-R,-145,-123,10,9
809,PHI,JEICKHOFF-R,125,140,9.5,9
809,ATL,SNEWCOMB-L,-145,-155,9.5,9
809,LOS,AWOOD-L,-129,-104,8.5,9
809,ARI,ZGREINKE-R,109,-106,8.5,9
809,SEA,YGALLARDO-R,-111,-101,9.5,9.5
809,OAK,JCOTTON-R,-109,-109,9.5,9.5
809,BAL,KGAUSMAN-R,-129,-130,9.5,9
809,LAA,TSCRIBNER-R,109,115,9.5,9
809,NYY,MTANAKA-R,-145,-195,9,9
809,TOR,NTEPESCH-R,125,175,9,9
809,BOS,RPORCELLO-R,-119,-111,9,8.5
809,TAM,JODORIZZI-R,-101,101,9,8.5
809,HOU,CMCHUGH-R,-210,-222,10,10
809,CWS,MGONZALEZ-R,180,192,10,10
809,TEX,MPEREZ-L,-104,104,9.5,9.5
809,NYM,RMONTERO-R,-116,-114,9.5,9.5
809,COL,ASENZATELA-R,145,167,9.5,9
809,CLE,TBAUER-R,-165,-187,9.5,9
809,PIT,INOVA-R,115,110,9,9
809,DET,JVERLANDER-R,-135,-120,9,9
809,MIN,BCOLON-R,135,145,10,9.5
809,MIL,BWOODRUFF-R,-155,-160,10,9.5
809,KAN,TCAHILL-R,120,126,8.5,8.5
809,STL,,-140,-141,8.5,8.5
810,SDG,DLAMET-R,115,138,8.5,8.5
810,CIN,LCASTILLO-R,-135,-153,8.5,8.5
810,MIA,DSTRAILY-R,150,139,9.5,9
810,WAS,TROARK-R,-170,-154,9.5,9
810,NYM,JDEGROM-R,-155,-157,8,8.5
810,PHI,VVELASQUEZ-R,135,142,8,8.5
810,LOS,YDARVISH-R,-160,-174,9.5,9
810,ARI,ABANDA-L,140,154,9.5,9
810,NYY,SGRAY-R,-140,-148,9,9
810,TOR,MESTRADA-R,120,133,9,9
810,CLE,DSALAZAR-R,-140,-131,8,8
810,TAM,BSNELL-L,120,116,8,8
810,HOU,BPEACOCK-R,-195,-164,9.5,9
810,CWS,CRODON-L,175,149,9.5,9
810,BAL,WMILEY-L,-109,-113,9.5,9.5
810,OAK,CSMITH-R,-111,103,9.5,9.5
810,LAA,TSKAGGS-L,180,172,7.5,8
810,SEA,JPAXTON-L,-210,-192,7.5,8
810,PIT,GCOLE-R,-150,-170,9.5,10
810,DET,DVERHAGEN-R,130,150,9.5,10
810,KAN,JHAMMEL-R,120,128,8.5,9
810,STL,LLYNN-R,-140,-143,8.5,9
810,MIN,DENNS-L,145,138,9,9.5
810,MIL,ZDAVIES-R,-165,-153,9,9.5
811,NYM,SLUGO-R,-110,-101,9.5,9.5
811,PHI,NPIVETTA-R,-110,-109,9.5,9.5
811,COL,JGRAY-R,-110,-112,9,8.5
811,MIA,JURENA-R,-110,102,9,8.5
811,CIN,HBAILEY-R,160,167,9,9
811,MIL,JNELSON-R,-180,-187,9,9
811,ATL,MFOLTYNEWICZ-R,145,145,9,8.5
811,STL,AWAINWRIGHT-R,-165,-160,9,8.5
811,CUB,JLACKEY-R,-109,106,9.5,10.5
811,ARI,TWALKER-R,-111,-116,9.5,10.5
811,SDG,CRICHARD-L,290,240,8.5,8.5
811,LOS,RHILL-L,-350,-280,8.5,8.5
811,BOS,ERODRIGUEZ-L,111,111,9.5,9
811,NYY,JGARCIA-L,-131,-121,9.5,9
811,MIN,KGIBSON-R,-101,-107,10.5,10.5
811,DET,ASANCHEZ-R,-119,-103,10.5,10.5
811,CLE,CCARRASCO-R,-131,-124,8,8
811,TAM,JFARIA-R,111,114,8,8
811,HOU,CMORTON-R,-110,-116,9.5,10.5
811,TEX,CHAMELS-L,-110,106,9.5,10.5
811,KAN,DDUFFY-L,-153,-127,9.5,9
811,CWS,RLOPEZ-R,133,117,9.5,9
811,BAL,UJIMENEZ-R,-109,-113,9.5,9.5
811,OAK,PBLACKBURN-R,-111,103,9.5,9.5
811,LAA,RNOLASCO-R,-108,125,9.5,10
811,SEA,MGONZALES-L,-112,-140,9.5,10
811,PIT,JTAILLON-R,143,120,9,8.5
811,TOR,MSTROMAN-R,-163,-135,9,8.5
812,SFO,JSAMARDZIJA-R,200,119,8,9.5
812,WAS,EJACKSON-R,-240,-129,8,9.5
812,NYM,SMATZ-L,120,135,8.5,8.5
812,PHI,ANOLA-R,-140,-150,8.5,8.5
812,CIN,SFELDMAN-R,120,141,9,9
812,MIL,BSUTER-L,-140,-156,9,9
812,COL,JHOFFMAN-R,-122,-109,9,9
812,MIA,JNICOLINO-L,102,-101,9,9
812,ATL,LSIMS-R,200,200,9,9
812,STL,CMARTINEZ-R,-230,-240,9,9
812,CUB,JLESTER-L,-140,104,9.5,9
812,ARI,PCORBIN-L,120,-114,9.5,9
812,SDG,JCHACIN-R,200,205,8,8.5
812,LOS,HRYU-L,-240,-245,8,8.5
812,BOS,DPOMERANZ-L,136,163,8.5,8
812,NYY,LSEVERINO-R,-156,-183,8.5,8
812,CLE,MCLEVINGER-R,120,140,8,8
812,TAM,CARCHER-R,-140,-155,8,8
812,MIN,JBERRIOS-R,-101,-116,9.5,9.5
812,DET,JZIMMERMANN-R,-119,106,9.5,9.5
812,KAN,IKENNEDY-R,-160,-153,10.5,10
812,CWS,JSHIELDS-R,140,138,10.5,10
812,HOU,MFIERS-R,-135,-119,11,11
812,TEX,TROSS-R,115,109,11,11
812,BAL,DBUNDY-R,-118,-107,9.5,8.5
812,OAK,SMANAEA-L,-102,-103,9.5,8.5
812,LAA,JRAMIREZ-R,-121,145,9.5,9.5
812,SEA,ERAMIREZ-R,101,-160,9.5,9.5
812,PIT,TWILLIAMS-R,-109,-121,9.5,10
812,TOR,CROWLEY-R,-111,111,9.5,10
813,COL,GMARQUEZ-R,-121,-112,8.5,8.5
813,MIA,VWORLEY-R,101,102,8.5,8.5
813,SFO,CSTRATTON-R,145,135,9.5,9
813,WAS,ACOLE-R,-165,-150,9.5,9
813,NYM,CFLEXEN-R,-105,-111,10,10
813,PHI,ZEFLIN-R,-115,101,10,10
813,CIN,SROMANO-R,120,107,10,10.5
813,MIL,MGARZA-R,-140,-117,10,10.5
813,ATL,RDICKEY-R,155,170,8.5,8.5
813,STL,MWACHA-R,-175,-190,8.5,8.5
813,CUB,JARRIETA-R,-105,-105,9,9
813,ARI,ZGODLEY-R,-105,-105,9,9
813,SDG,LPERDOMO-R,240,250,8.5,8.5
813,LOS,KMAEDA-R,-280,-290,8.5,8.5
813,BOS,CSALE-L,-175,-158,8,7.5
813,NYY,JMONTGOMERY-L,155,143,8,7.5
813,MIN,ESANTANA-R,-126,-131,10,9.5
813,DET,MBOYD-L,106,116,10,9.5
813,CLE,CKLUBER-R,-200,-166,7.5,7
813,TAM,APRUITT-R,170,151,7.5,7
813,KAN,JVARGAS-L,-140,-140,10,10
813,CWS,DHOLLAND-L,120,125,10,10
813,HOU,DKEUCHEL-L,-140,-135,10.5,10.5
813,TEX,ACASHNER-R,120,120,10.5,10.5
813,BAL,JHELLICKSON-R,-131,-109,9.5,9.5
813,OAK,KGRAVEMAN-R,111,-101,9.5,9.5
813,LAA,PBRIDWELL-R,-101,112,9,9.5
813,SEA,AMIRANDA-L,-119,-122,9,9.5
813,PIT,CKUHL-R,111,-101,9,9
813,TOR,JHAPP-L,-131,-109,9,9
813,SFO,MMOORE-L,205,240,8,7.5
813,WAS,MSCHERZER-R,-245,-280,8,7.5
814,SFO,TBLACH-L,111,145,8.5,9
814,MIA,ACONLEY-L,-131,-160,8.5,9
814,CIN,WOJCIECHOWSKI-R,170,188,9.5,9
814,CUB,JQUINTANA-L,-200,-218,9.5,9
814,ATL,JTEHERAN-R,129,109,12,11.5
814,COL,CBETTIS-R,-149,-119,12,11.5
814,PHI,JEICKHOFF-R,-111,109,8.5,8
814,SDG,TWOOD-L,-109,-119,8.5,8
814,TAM,JODORIZZI-R,-129,-109,9.5,10
814,TOR,NTEPESCH-R,109,-101,9.5,10
814,DET,MFULMER-R,-104,101,10.5,11
814,TEX,MPEREZ-L,-116,-111,10.5,11
814,KAN,JJUNIS-R,-109,-107,9,8.5
814,OAK,JCOTTON-R,-111,-103,9,8.5
814,BAL,KGAUSMAN-R,-109,-121,9.5,9
814,SEA,YGALLARDO-R,-111,111,9.5,9
814,NYM,RMONTERO-R,160,166,10,10
814,NYY,LCESSA-R,-180,-186,10,10
814,HOU,CMCHUGH-R,135,150,9,9.5
814,ARI,ZGREINKE-R,-155,-170,9,9.5
814,CLE,TBAUER-R,-105,-119,10,9.5
814,BOS,DFISTER-R,-105,109,10,9.5
815,SFO,MBUMGARNER-L,-135,-101,7.5,7.5
815,MIA,DSTRAILY-R,115,-109,7.5,7.5
815,PIT,INOVA-R,104,113,9,9
815,MIL,ZDAVIES-R,-124,-123,9,9
815,CIN,LCASTILLO-R,165,148,8.5,7.5
815,CUB,KHENDRICKS-R,-185,-163,8.5,7.5
815,ATL,SNEWCOMB-L,125,168,11.5,11
815,COL,KFREELAND-L,-145,-188,11.5,11
815,PHI,MLEITER-R,115,154,8,8
815,SDG,DLAMET-R,-135,-174,8,8
815,TAM,BSNELL-L,111,-102,9,9.5
815,TOR,MESTRADA-R,-131,-108,9,9.5
815,DET,JVERLANDER-R,-121,-105,10,10.5
815,TEX,AGRIFFIN-R,101,-105,10,10.5
815,CLE,DSALAZAR-R,-170,-157,9,9.5
815,MIN,BCOLON-R,150,142,9,9.5
815,KAN,JHAMMEL-R,-121,-124,9,9
815,OAK,CSMITH-R,101,114,9,9
815,BAL,WMILEY-L,-110,101,10,9
815,SEA,AALBERS-L,-110,-111,10,9
815,HOU,BPEACOCK-R,-121,-110,9.5,9.5
815,ARI,ABANDA-L,101,100,9.5,9.5
815,NYM,JDEGROM-R,125,128,8,8
815,NYY,SGRAY-R,-145,-143,8,8
815,LAA,TSKAGGS-L,120,100,8.5,8.5
815,WAS,GGONZALEZ-L,-140,-110,8.5,8.5
815,STL,,120,133,10,9.5
815,BOS,RPORCELLO-R,-140,-148,10,9.5
815,CWS,MGONZALEZ-R,290,315,8,8.5
815,LOS,AWOOD-L,-340,-375,8,8.5
816,SFO,MCAIN-R,150,172,9,9
816,MIA,JURENA-R,-170,-202,9,9
816,PIT,GCOLE-R,-110,119,8.5,8
816,MIL,JNELSON-R,-110,-129,8.5,8
816,PHI,NPIVETTA-R,102,139,9,8
816,SDG,CRICHARD-L,-122,-154,9,8
816,CIN,HBAILEY-R,170,205,9.5,10
816,CUB,JLACKEY-R,-200,-235,9.5,10
816,ATL,MFOLTYNEWICZ-R,135,176,11.5,10.5
816,COL,JGRAY-R,-155,-196,11.5,10.5
816,KAN,DDUFFY-L,-127,-131,9,9.5
816,OAK,PBLACKBURN-R,107,116,9,9.5
816,BAL,UJIMENEZ-R,-116,103,10,9.5
816,SEA,MGONZALES-L,-104,-113,10,9.5
816,TAM,JFARIA-R,125,116,8.5,8.5
816,TOR,MSTROMAN-R,-145,-131,8.5,8.5
816,DET,ASANCHEZ-R,165,165,10.5,11.5
816,TEX,CHAMELS-L,-185,-185,10.5,11.5
816,LAA,RNOLASCO-R,-101,116,9,9
816,WAS,TROARK-R,-119,-131,9,9
816,NYY,JGARCIA-L,-145,-172,9,8.5
816,NYM,RGSELLMAN-R,125,152,9,8.5
816,STL,LLYNN-R,115,150,10,9.5
816,BOS,ERODRIGUEZ-L,-135,-170,10,9.5
816,ARI,TWALKER-R,125,150,9,9
816,HOU,CMORTON-R,-145,-165,9,9
816,CWS,CRODON-L,290,265,8,7
816,LOS,YDARVISH-R,-350,-315,8,7
817,CIN,SFELDMAN-R,180,208,12.5,11.5
817,CUB,JLESTER-L,-210,-248,12.5,11.5
817,ATL,LSIMS-R,165,158,12,12
817,COL,JHOFFMAN-R,-185,-178,12,12
817,STL,AWAINWRIGHT-R,-111,125,8.5,9
817,PIT,JTAILLON-R,-109,-140,8.5,9
817,WAS,EJACKSON-R,-110,116,8.5,8
817,SDG,JCHACIN-R,-110,-126,8.5,8
817,PHI,ANOLA-R,-110,116,7.5,7
817,SFO,JSAMARDZIJA-R,-110,-126,7.5,7
817,CLE,CCARRASCO-R,-121,-182,9.5,9
817,MIN,KGIBSON-R,101,162,9.5,9
817,TAM,CARCHER-R,-160,-171,9.5,8.5
817,TOR,CROWLEY-R,140,151,9.5,8.5
817,CWS,RLOPEZ-R,138,165,11,11
817,TEX,TROSS-R,-158,-185,11,11
817,ARI,PCORBIN-L,130,111,9.5,9.5
817,HOU,MFIERS-R,-150,-121,9.5,9.5
817,NYY,LSEVERINO-R,-190,-208,8,7
817,NYM,SMATZ-L,170,178,8,7
817,CLE,RMERRITT-L,-116,-110,9.5,9.5
817,MIN,ASLEGERS-R,-104,100,9.5,9.5
818,STL,CMARTINEZ-R,-119,-127,8,8.5
818,PIT,TWILLIAMS-R,-101,117,8,8.5
818,MIA,JNICOLINO-L,-106,-101,9,10
818,NYM,CFLEXEN-R,-114,-109,9,10
818,CIN,SROMANO-R,120,111,9.5,9.5
818,ATL,RDICKEY-R,-140,-121,9.5,9.5
818,MIL,MGARZA-R,151,160,12,13
818,COL,GMARQUEZ-R,-171,-180,12,13
818,WAS,MGRACE-L,-200,102,7,8
818,SDG,LPERDOMO-R,170,-112,7,8
818,PHI,ZEFLIN-R,106,165,8.5,8.5
818,SFO,MMOORE-L,-126,-185,8.5,8.5
818,LAA,AHEANEY-L,120,116,10,9.5
818,BAL,JHELLICKSON-R,-140,-126,10,9.5
818,SEA,ERAMIREZ-R,106,120,8.5,9
818,TAM,APRUITT-R,-126,-135,8.5,9
818,NYY,JMONTGOMERY-L,114,118,9,9
818,BOS,DPOMERANZ-L,-134,-133,9,9
818,CWS,JSHIELDS-R,170,223,11.5,11
818,TEX,ACASHNER-R,-200,-263,11.5,11
818,OAK,SMANAEA-L,190,186,9,9
818,HOU,DKEUCHEL-L,-220,-216,9,9
818,CLE,CKLUBER-R,-200,-200,8,8
818,KAN,IKENNEDY-R,170,170,8,8
818,TOR,JHAPP-L,165,155,9.5,9
818,CUB,JARRIETA-R,-185,-175,9.5,9
818,LOS,RHILL-L,-220,-226,9.5,10.5
818,DET,JZIMMERMANN-R,190,196,9.5,10.5
818,ARI,ZGODLEY-R,-121,-108,9,9
818,MIN,ESANTANA-R,101,-102,9,9
819,STL,MWACHA-R,-109,-105,8.5,9
819,PIT,CKUHL-R,-111,-105,8.5,9
819,MIA,VWORLEY-R,-115,106,9.5,10
819,NYM,RMONTERO-R,-105,-116,9.5,10
819,CIN,RSTEPHENSON-R,120,150,9.5,10
819,ATL,JTEHERAN-R,-140,-165,9.5,10
819,MIL,BWOODRUFF-R,155,115,12.5,12.5
819,COL,CBETTIS-R,-175,-125,12.5,12.5
819,WAS,SSTRASBURG-R,-195,-155,7.5,7.5
819,SDG,TWOOD-L,175,140,7.5,7.5
819,PHI,JEICKHOFF-R,111,123,8,8.5
819,SFO,TBLACH-L,-131,-138,8,8.5
819,SEA,AMIRANDA-L,111,104,9,9.5
819,TAM,JODORIZZI-R,-131,-114,9,9.5
819,LAA,JRAMIREZ-R,131,150,9,9.5
819,BAL,KGAUSMAN-R,-151,-165,9,9.5
819,OAK,KGRAVEMAN-R,160,145,9.5,9.5
819,HOU,CMCHUGH-R,-180,-160,9.5,9.5
819,NYY,CSABATHIA-L,200,240,7.5,8
819,BOS,CSALE-L,-240,-280,7.5,8
819,CLE,TBAUER-R,-126,-147,9,9.5
819,KAN,JVARGAS-L,106,132,9,9.5
819,CWS,DHOLLAND-L,170,200,12,11
819,TEX,MPEREZ-L,-200,-230,12,11
819,TOR,NTEPESCH-R,210,210,9,9.5
819,CUB,JQUINTANA-L,-250,-250,9,9.5
819,LOS,HRYU-L,-150,-143,9.5,10.5
819,DET,MFULMER-R,130,128,9.5,10.5
819,ARI,ZGREINKE-R,-142,-140,8.5,8.5
819,MIN,JBERRIOS-R,122,125,8.5,8.5
820,MIA,ACONLEY-L,140,168,8,8.5
820,NYM,JDEGROM-R,-160,-188,8,8.5
820,CIN,LCASTILLO-R,-115,-111,9.5,9.5
820,ATL,SNEWCOMB-L,-105,101,9.5,9.5
820,MIL,CANDERSON-R,109,109,12,13
820,COL,KFREELAND-L,-129,-119,12,13
820,PHI,BLIVELY-R,190,210,7.5,8
820,SFO,MBUMGARNER-L,-220,-250,7.5,8
820,WAS,GGONZALEZ-L,-135,114,7.5,7.5
820,SDG,DLAMET-R,115,-124,7.5,7.5
820,STL,,-105,-116,9.5,9.5
820,PIT,INOVA-R,-115,106,9.5,9.5
820,SEA,YGALLARDO-R,101,155,9,9.5
820,TAM,BSNELL-L,-121,-175,9,9.5
820,NYY,SGRAY-R,-107,-101,9.5,9.5
820,BOS,RPORCELLO-R,-113,-109,9.5,9.5
820,LAA,PBRIDWELL-R,-111,106,10,10.5
820,BAL,CTILLMAN-R,-109,-116,10,10.5
820,OAK,JCOTTON-R,180,210,10,9
820,HOU,BPEACOCK-R,-210,-250,10,9
820,CLE,DSALAZAR-R,-150,-175,9,9
820,KAN,JHAMMEL-R,130,155,9,9
820,CWS,MGONZALEZ-R,170,175,11.5,11.5
820,TEX,AGRIFFIN-R,-190,-195,11.5,11.5
820,LOS,KMAEDA-R,-155,-140,9.5,9
820,DET,JVERLANDER-R,135,125,9.5,9
820,ARI,TJMCFARLAND-L,-105,-107,10.5,10.5
820,MIN,BCOLON-R,-115,-103,10.5,10.5
820,TOR,MESTRADA-R,170,164,9,9
820,CUB,KHENDRICKS-R,-200,-184,9,9
821,LOS,AWOOD-L,-165,-138,8.5,8
821,PIT,GCOLE-R,145,123,8.5,8
821,ARI,TWALKER-R,-126,-137,9,9
821,NYM,RGSELLMAN-R,106,122,9,9
821,MIL,ZDAVIES-R,-115,-124,8,8.5
821,SFO,CSTRATTON-R,-105,114,8,8.5
821,MIN,TMELVILLE-R,125,113,9.5,9.5
821,CWS,CRODON-L,-145,-123,9.5,9.5
821,OAK,CSMITH-R,140,165,10.5,11
821,BAL,WMILEY-L,-160,-185,10.5,11
821,BOS,ERODRIGUEZ-L,115,104,9,8.5
821,CLE,MCLEVINGER-R,-135,-114,9,8.5
821,MIN,DGEE-R,-140,-150,10.5,10
821,CWS,CFULMER-R,120,135,10.5,10
821,TEX,CHAMELS-L,-105,141,8.5,8.5
821,LAA,TSKAGGS-L,-115,-156,8.5,8.5
821,SEA,AALBERS-L,-111,-107,9.5,9.5
821,ATL,MFOLTYNEWICZ-R,-109,-103,9.5,9.5
822,MIA,DSTRAILY-R,101,111,8.5,9
822,PHI,ANOLA-R,-121,-121,8.5,9
822,LOS,BSTEWART-R,-119,-118,9,9
822,PIT,JTAILLON-R,-101,108,9,9
822,MIA,JURENA-R,-131,-112,9,10
822,PHI,NPIVETTA-R,111,102,9,10
822,ARI,PCORBIN-L,-146,-166,9,9
822,NYM,TMILONE-L,126,151,9,9
822,CUB,JLACKEY-R,-161,-159,10,10.5
822,CIN,HBAILEY-R,141,144,10,10.5
822,SDG,CRICHARD-L,180,153,8.5,8.5
822,STL,LLYNN-R,-210,-173,8.5,8.5
822,MIL,JNELSON-R,-106,-122,8,7.5
822,SFO,JSAMARDZIJA-R,-114,112,8,7.5
822,OAK,PBLACKBURN-R,120,152,10.5,11
822,BAL,UJIMENEZ-R,-140,-167,10.5,11
822,BOS,DFISTER-R,170,157,9,8.5
822,CLE,CCARRASCO-R,-190,-177,9,8.5
822,NYY,MTANAKA-R,-175,-192,10,9.5
822,DET,MBOYD-L,155,172,10,9.5
822,TOR,CROWLEY-R,141,183,8.5,8
822,TAM,CARCHER-R,-161,-213,8.5,8
822,MIN,KGIBSON-R,-126,-135,10.5,10.5
822,CWS,LGIOLITO-R,106,120,10.5,10.5
822,TEX,TROSS-R,111,151,9.5,9.5
822,LAA,RNOLASCO-R,-131,-166,9.5,9.5
822,SEA,MGONZALES-L,-114,-123,10.5,10
822,ATL,LSIMS-R,-106,113,10.5,10
822,WAS,TROARK-R,136,150,9,9
822,HOU,CMORTON-R,-156,-170,9,9
822,COL,JGRAY-R,-104,109,9,8.5
822,KAN,DDUFFY-L,-116,-119,9,8.5
823,MIL,MGARZA-R,106,106,9,9
823,SFO,MMOORE-L,-126,-116,9,9
823,LOS,RHILL-L,-166,-147,9,8.5
823,PIT,TWILLIAMS-R,146,132,9,8.5
823,MIA,JNICOLINO-L,-128,-119,10,10
823,PHI,MLEITER-R,108,109,10,10
823,ARI,ZGODLEY-R,-152,-190,9,9
823,NYM,CFLEXEN-R,132,170,9,9
823,CUB,MMONTGOMERY-L,-157,-112,11,10
823,CIN,WOJCIECHOWSKI-R,137,102,11,10
823,SDG,JCHACIN-R,137,159,9,8
823,STL,LWEAVER-R,-157,-179,9,8
823,OAK,DGOSSETT-R,132,167,10,10
823,BAL,DBUNDY-R,-152,-187,10,10
823,TOR,MSTROMAN-R,-121,105,8.5,8
823,TAM,APRUITT-R,101,-115,8.5,8
823,NYY,LSEVERINO-R,-202,-265,9.5,9
823,DET,JZIMMERMANN-R,172,225,9.5,9
823,BOS,DPOMERANZ-L,171,137,8,7
823,CLE,CKLUBER-R,-191,-152,8,7
823,MIN,ESANTANA-R,-166,-175,10.5,9.5
823,CWS,JSHIELDS-R,146,155,10.5,9.5
823,TEX,ACASHNER-R,116,152,9.5,9
823,LAA,AHEANEY-L,-136,-172,9.5,9
823,SEA,ERAMIREZ-R,-121,109,10,9
823,ATL,RDICKEY-R,101,-119,10,9
823,WAS,EJACKSON-R,161,131,9.5,9.5
823,HOU,MFIERS-R,-181,-146,9.5,9.5
823,COL,ASENZATELA-R,-101,120,9.5,9
823,KAN,IKENNEDY-R,-119,-135,9.5,9
824,ARI,RRAY-L,-150,-142,8.5,8.5
824,NYM,RMONTERO-R,130,127,8.5,8.5
824,MIA,VWORLEY-R,-129,-145,10,10
824,PHI,JTHOMPSON-R,109,130,10,10
824,LOS,HRYU-L,-160,-133,8.5,8.5
824,PIT,CKUHL-R,140,118,8.5,8.5
824,CUB,JARRIETA-R,-175,-173,9.5,9.5
824,CIN,SROMANO-R,155,153,9.5,9.5
824,SDG,LPERDOMO-R,200,205,8.5,8
824,STL,CMARTINEZ-R,-230,-245,8.5,8
824,NYY,JGARCIA-L,-114,-102,9,9.5
824,DET,MFULMER-R,-106,-108,9,9.5
824,TOR,TKOEHLER-R,-105,145,8,9
824,TAM,ACOBB-R,-115,-160,8,9
824,BOS,CSALE-L,-180,-168,7,7
824,CLE,TBAUER-R,160,153,7,7
824,MIN,JBERRIOS-R,-175,-180,10,9
824,CWS,DHOLLAND-L,155,160,10,9
824,TEX,MPEREZ-L,109,141,9.5,10
824,LAA,TSCRIBNER-R,-129,-156,9.5,10
824,COL,GMARQUEZ-R,-101,-105,9,9
824,KAN,JJUNIS-R,-119,-105,9,9
824,WAS,SSTRASBURG-R,125,121,7.5,8
824,HOU,DKEUCHEL-L,-145,-136,7.5,8
825,NYM,JDEGROM-R,-127,-140,8,7
825,WAS,ACOLE-R,107,125,8,7
825,CUB,JQUINTANA-L,-180,-235,9,8.5
825,PHI,JEICKHOFF-R,160,205,9,8.5
825,PIT,INOVA-R,-105,-109,9.5,9.5
825,CIN,RSTEPHENSON-R,-115,-101,9.5,9.5
825,SDG,TWOOD-L,135,140,9,9
825,MIA,ACONLEY-L,-155,-155,9,9
825,COL,CBETTIS-R,-107,113,9,9
825,ATL,JTEHERAN-R,-113,-123,9,9
825,SFO,TBLACH-L,190,218,9,9.5
825,ARI,ZGREINKE-R,-220,-258,9,9.5
825,MIL,CANDERSON-R,165,157,8,7.5
825,LOS,KMAEDA-R,-185,-177,8,7.5
825,SEA,AMIRANDA-L,130,160,9.5,9.5
825,NYY,CSABATHIA-L,-150,-180,9.5,9.5
825,MIN,BCOLON-R,150,173,9.5,9
825,TOR,JHAPP-L,-170,-193,9.5,9
825,BAL,JHELLICKSON-R,130,148,10,10
825,BOS,RPORCELLO-R,-150,-163,10,10
825,KAN,JVARGAS-L,109,130,9.5,9
825,CLE,RMERRITT-L,-129,-145,9.5,9
825,DET,JVERLANDER-R,-150,-168,8.5,8.5
825,CWS,MGONZALEZ-R,130,153,8.5,8.5
825,TEX,NMARTINEZ-R,-111,134,9.5,9.5
825,OAK,KGRAVEMAN-R,-109,-149,9.5,9.5
825,HOU,CMCHUGH-R,-110,104,9,8.5
825,LAA,PBRIDWELL-R,-110,-114,9,8.5
825,TAM,JODORIZZI-R,135,167,9,8.5
825,STL,MWACHA-R,-155,-187,9,8.5
826,NYM,RGSELLMAN-R,175,175,8.5,8
826,WAS,GGONZALEZ-L,-205,-195,8.5,8
826,CUB,KHENDRICKS-R,-190,-200,8.5,8.5
826,PHI,BLIVELY-R,170,170,8.5,8.5
826,PIT,GCOLE-R,101,105,8.5,8.5
826,CIN,LCASTILLO-R,-121,-115,8.5,8.5
826,COL,KFREELAND-L,101,102,9,9.5
826,ATL,SNEWCOMB-L,-121,-112,9,9.5
826,SDG,DLAMET-R,-114,-109,9,8.5
826,MIA,ODESPAIGNE-R,-106,-101,9,8.5
826,SFO,MBUMGARNER-L,-112,114,8.5,9
826,ARI,TWALKER-R,-108,-124,8.5,9
826,MIL,ZDAVIES-R,130,157,8.5,8.5
826,LOS,RSTRIPLING-R,-150,-177,8.5,8.5
826,SEA,YGALLARDO-R,170,170,9.5,9
826,NYY,SGRAY-R,-190,-200,9.5,9
826,MIN,DGEE-R,120,105,9.5,9
826,TOR,MESTRADA-R,-140,-115,9.5,9
826,BAL,KGAUSMAN-R,135,125,9.5,9.5
826,BOS,ERODRIGUEZ-L,-155,-140,9.5,9.5
826,TEX,CHAMELS-L,-118,-109,9,9.5
826,OAK,SMANAEA-L,-102,-101,9,9.5
826,DET,BFARMER-R,120,-105,9,9
826,CWS,CRODON-L,-140,-105,9,9
826,KAN,JHAMMEL-R,125,135,9.5,9
826,CLE,MCLEVINGER-R,-145,-150,9.5,9
826,HOU,BPEACOCK-R,-113,-109,8.5,8.5
826,LAA,TSKAGGS-L,-107,-101,8.5,8.5
826,TAM,BSNELL-L,108,116,9,9
826,STL,,-128,-131,9,9
827,PIT,JTAILLON-R,-110,-101,9.5,9.5
827,CIN,TMAHLE-R,-110,-109,9.5,9.5
827,SDG,CRICHARD-L,150,144,9,8
827,MIA,DSTRAILY-R,-170,-159,9,8
827,COL,JGRAY-R,-119,-134,9.5,9
827,ATL,MFOLTYNEWICZ-R,-101,119,9.5,9
827,CUB,JLACKEY-R,-200,-175,9.5,9.5
827,PHI,NPIVETTA-R,170,155,9.5,9.5
827,NYM,TMILONE-L,125,150,9,9
827,WAS,EFEDDE-R,-145,-165,9,9
827,MIL,JNELSON-R,169,183,8.5,8
827,LOS,YDARVISH-R,-189,-213,8.5,8
827,SFO,CSTRATTON-R,154,172,9.5,9.5
827,ARI,PCORBIN-L,-174,-202,9.5,9.5
827,SEA,AALBERS-L,170,155,9.5,9
827,NYY,MTANAKA-R,-190,-175,9.5,9
827,MIN,KGIBSON-R,104,120,10,9.5
827,TOR,JBIAGINI-R,-124,-135,10,9.5
827,KAN,ESKOGLUND-L,140,190,8.5,9
827,CLE,CCARRASCO-R,-160,-220,8.5,9
827,BAL,WMILEY-L,115,140,10.5,10.5
827,BOS,DFISTER-R,-135,-155,10.5,10.5
827,DET,MBOYD-L,-109,-106,10.5,10
827,CWS,LGIOLITO-R,-111,-104,10.5,10
827,TEX,AGRIFFIN-R,-111,111,9.5,10.5
827,OAK,JCOTTON-R,-109,-121,9.5,10.5
827,HOU,CMORTON-R,-116,-135,9.5,9.5
827,LAA,RNOLASCO-R,-104,120,9.5,9.5
827,TAM,CARCHER-R,-104,-128,8.5,8
827,STL,LLYNN-R,-116,118,8.5,8
827,NYM,SLUGO-R,150,206,8.5,8.5
827,WAS,TROARK-R,-170,-236,8.5,8.5
828,ATL,LSIMS-R,127,135,8.5,8
828,PHI,ANOLA-R,-147,-150,8.5,8
828,MIA,JURENA-R,185,190,8,8
828,WAS,MSCHERZER-R,-215,-220,8,8
828,PIT,TWILLIAMS-R,150,166,8.5,9
828,CUB,MMONTGOMERY-L,-170,-186,8.5,9
828,SFO,JSAMARDZIJA-R,-105,-105,7.5,7.5
828,SDG,JCHACIN-R,-115,-105,7.5,7.5
828,CLE,CKLUBER-R,-106,-113,7.5,6.5
828,NYY,LSEVERINO-R,-114,103,7.5,6.5
828,SEA,MGONZALES-L,102,100,11,10.5
828,BAL,CTILLMAN-R,-122,-110,11,10.5
828,BOS,DPOMERANZ-L,-117,-101,8.5,8
828,TOR,MSTROMAN-R,-103,-109,8.5,8
828,TAM,APRUITT-R,111,-114,9.5,10
828,KAN,IKENNEDY-R,-131,104,9.5,10
828,OAK,DGOSSETT-R,150,120,9.5,9
828,LAA,AHEANEY-L,-170,-135,9.5,9
828,DET,JZIMMERMANN-R,145,192,12.5,13
828,COL,ASENZATELA-R,-165,-222,12.5,13
829,MIA,VWORLEY-R,124,125,9.5,9.5
829,WAS,EJACKSON-R,-144,-140,9.5,9.5
829,NYM,CFLEXEN-R,121,145,10,9.5
829,CIN,SROMANO-R,-141,-160,10,9.5
829,STL,LWEAVER-R,-110,-140,9.5,9
829,MIL,MGARZA-R,-110,125,9.5,9
829,PIT,CKUHL-R,185,200,8,8
829,CUB,JARRIETA-R,-215,-240,8,8
829,LOS,RHILL-L,-126,-111,9,9
829,ARI,ZGODLEY-R,106,101,9,9
829,SFO,MMOORE-L,-107,143,8,8.5
829,SDG,LPERDOMO-R,-113,-158,8,8.5
829,SEA,ERAMIREZ-R,126,129,9.5,9.5
829,BAL,DBUNDY-R,-146,-144,9.5,9.5
829,BOS,CSALE-L,-221,-241,8.5,8.5
829,TOR,BANDERSON-L,191,201,8.5,8.5
829,CWS,JSHIELDS-R,185,200,9.5,9
829,MIN,ESANTANA-R,-215,-230,9.5,9
829,TAM,ACOBB-R,-105,-113,9,9
829,KAN,JJUNIS-R,-115,103,9,9
829,OAK,CSMITH-R,150,137,9.5,9.5
829,LAA,TSCRIBNER-R,-170,-152,9.5,9.5
829,DET,MFULMER-R,111,175,11,11
829,COL,GMARQUEZ-R,-131,-205,11,11
829,TEX,MPEREZ-L,127,135,10,9.5
829,HOU,MFIERS-R,-147,-150,10,9.5
830,ATL,RDICKEY-R,-114,-109,8.5,8.5
830,PHI,JEICKHOFF-R,-106,-101,8.5,8.5
830,STL,CMARTINEZ-R,-123,-118,8.5,9
830,MIL,CANDERSON-R,103,108,8.5,9
830,MIA,ACONLEY-L,181,189,8.5,8.5
830,WAS,SSTRASBURG-R,-211,-219,8.5,8.5
830,NYM,RMONTERO-R,119,152,10,10
830,CIN,HBAILEY-R,-139,-167,10,10
830,PIT,INOVA-R,166,175,8.5,9
830,CUB,JQUINTANA-L,-186,-205,8.5,9
830,SFO,TBLACH-L,104,137,8.5,8.5
830,SDG,TWOOD-L,-124,-152,8.5,8.5
830,LOS,HRYU-L,-112,-126,9.5,9
830,ARI,RRAY-L,-108,116,9.5,9
830,CLE,TBAUER-R,105,119,9.5,8.5
830,NYY,JGARCIA-L,-125,-134,9.5,8.5
830,SEA,AMIRANDA-L,106,117,11,10.5
830,BAL,UJIMENEZ-R,-126,-132,11,10.5
830,BOS,RPORCELLO-R,-108,-138,9,8.5
830,TOR,JHAPP-L,-112,123,9,8.5
830,CWS,DHOLLAND-L,176,230,9.5,9.5
830,MIN,JBERRIOS-R,-206,-270,9.5,9.5
830,TEX,ACASHNER-R,168,195,8.5,9
830,HOU,DKEUCHEL-L,-188,-225,8.5,9
830,TAM,JODORIZZI-R,-102,118,9.5,9.5
830,KAN,JVARGAS-L,-118,-128,9.5,9.5
830,OAK,KGRAVEMAN-R,136,134,9,9
830,LAA,PBRIDWELL-R,-156,-149,9,9
830,DET,,106,137,11.5,11.5
830,COL,CBETTIS-R,-126,-152,11.5,11.5
830,CLE,RMERRITT-L,107,162,9.5,9
830,NYY,JMONTGOMERY-L,-127,-182,9.5,9
830,ATL,JTEHERAN-R,-112,-110,9,9
830,PHI,MLEITER-R,-108,100,9,9
831,NYM,JDEGROM-R,-131,-149,9,8.5
831,CIN,RSTEPHENSON-R,111,134,9,8.5
831,LOS,KMAEDA-R,-104,-109,9,8.5
831,ARI,ZGREINKE-R,-116,-101,9,8.5
831,PHI,BLIVELY-R,141,177,9.5,9
831,MIA,ODESPAIGNE-R,-161,-197,9.5,9
831,ATL,SNEWCOMB-L,191,205,8,7
831,CUB,KHENDRICKS-R,-221,-245,8,7
831,WAS,GGONZALEZ-L,-121,120,8.5,9
831,MIL,ZDAVIES-R,101,-135,8.5,9
831,STL,MWACHA-R,111,-170,7.5,8.5
831,SFO,MCAIN-R,-131,150,7.5,8.5
831,CWS,,135,146,10,9.5
831,MIN,BCOLON-R,-155,-161,10,9.5
831,BOS,ERODRIGUEZ-L,101,134,9,9
831,NYY,CSABATHIA-L,-121,-149,9,9
831,TOR,MESTRADA-R,111,153,10,10
831,BAL,JHELLICKSON-R,-131,-173,10,10
831,TEX,NMARTINEZ-R,111,155,8.5,9.5
831,HOU,CMCHUGH-R,-131,-175,8.5,9.5
901,ATL,MFOLTYNEWICZ-R,195,190,7.5,8.5
901,CUB,JLACKEY-R,-225,-220,7.5,8.5
901,CIN,LCASTILLO-R,120,109,8,7.5
901,PIT,GCOLE-R,-140,-119,8,7.5
901,PHI,NPIVETTA-R,145,158,9.5,9
901,MIA,DPETERS-L,-165,-178,9.5,9
901,WAS,TROARK-R,125,136,9,8.5
901,MIL,JNELSON-R,-145,-151,9,8.5
901,ARI,TWALKER-R,-110,102,12,12.5
901,COL,KFREELAND-L,-110,-112,12,12.5
901,LOS,CKERSHAW-L,-230,-275,7,7
901,SDG,DLAMET-R,200,235,7,7
901,STL,JFLAHERTY-R,-109,-116,8.5,9
901,SFO,JCUETO-R,-111,106,8.5,9
901,TOR,JBIAGINI-R,140,170,10,9
901,BAL,KGAUSMAN-R,-160,-200,10,9
901,BOS,DFISTER-R,140,165,9,8.5
901,NYY,SGRAY-R,-160,-185,9,8.5
901,CLE,MCLEVINGER-R,-150,-159,9.5,8.5
901,DET,BFARMER-R,130,144,9.5,8.5
901,LAA,TSKAGGS-L,-105,-148,10.5,10.5
901,TEX,CHAMELS-L,-115,133,10.5,10.5
901,KAN,JHAMMEL-R,113,-102,9.5,9.5
901,MIN,DGEE-R,-133,-108,9.5,9.5
901,TAM,BSNELL-L,-166,-204,9.5,9
901,CWS,RLOPEZ-R,146,174,9.5,9
901,OAK,SMANAEA-L,-105,135,9.5,9.5
901,SEA,MLEAKE-R,-115,-150,9.5,9.5
901,CLE,CCARRASCO-R,-230,-246,9,8.5
901,DET,MBOYD-L,200,206,9,8.5
902,ATL,LSIMS-R,200,215,8.5,8.5
902,CUB,JLESTER-L,-230,-255,8.5,8.5
902,LOS,BSTEWART-R,-155,-119,9,9
902,SDG,CRICHARD-L,135,109,9,9
902,STL,LLYNN-R,-135,-102,8.5,9.5
902,SFO,JSAMARDZIJA-R,115,-108,8.5,9.5
902,CIN,TMAHLE-R,111,120,8.5,8
902,PIT,JTAILLON-R,-131,-135,8.5,8
902,PHI,ANOLA-R,106,152,8,7.5
902,MIA,DSTRAILY-R,-126,-167,8,7.5
902,WAS,MSCHERZER-R,-175,-213,8.5,8
902,MIL,BWOODRUFF-R,155,183,8.5,8
902,ARI,PCORBIN-L,-111,118,11.5,11.5
902,COL,JGRAY-R,-109,-128,11.5,11.5
902,LOS,YDARVISH-R,-230,-350,8,8.5
902,SDG,JLYLES-R,200,290,8,8.5
902,BOS,DPOMERANZ-L,111,150,8.5,8
902,NYY,MTANAKA-R,-131,-165,8.5,8
902,CLE,CKLUBER-R,-260,-330,8.5,8
902,DET,JZIMMERMANN-R,220,280,8.5,8
902,TOR,MSTROMAN-R,104,101,9.5,8.5
902,BAL,WMILEY-L,-124,-111,9.5,8.5
902,TAM,CARCHER-R,-170,-207,8.5,8
902,CWS,CRODON-L,150,177,8.5,8
902,KAN,OGARCIA-L,133,119,10,10
902,MIN,KGIBSON-R,-153,-129,10,10
902,LAA,RNOLASCO-R,-105,-133,11,11
902,TEX,AGRIFFIN-R,-115,118,11,11
902,OAK,JCOTTON-R,104,112,9,9.5
902,SEA,YGALLARDO-R,-124,-122,9,9.5
902,NYM,SLUGO-R,185,238,9,8.5
902,HOU,BPEACOCK-R,-215,-278,9,8.5
902,NYM,MHARVEY-R,180,238,9,9
902,HOU,CMORTON-R,-210,-278,9,9
903,PHI,JTHOMPSON-R,170,175,9.5,9.5
903,MIA,JURENA-R,-200,-205,9.5,9.5
903,CIN,SROMANO-R,101,101,9,9
903,PIT,TWILLIAMS-R,-121,-111,9,9
903,WAS,EJACKSON-R,-101,119,9.5,9.5
903,MIL,BSUTER-L,-119,-134,9.5,9.5
903,ARI,ZGODLEY-R,-109,129,12.5,11
903,COL,GMARQUEZ-R,-111,-144,12.5,11
903,STL,LWEAVER-R,-113,-124,8,7.5
903,SFO,MBUMGARNER-L,-107,114,8,7.5
903,LOS,AWOOD-L,-205,-210,8,8
903,SDG,JCHACIN-R,175,180,8,8
903,ATL,MFRIED-L,220,210,9.5,9.5
903,CUB,MMONTGOMERY-L,-260,-250,9.5,9.5
903,BOS,CSALE-L,-126,-108,7,6.5
903,NYY,LSEVERINO-R,106,-102,7,6.5
903,CLE,JTOMLIN-R,-190,-202,9.5,10
903,DET,CBELL-L,170,172,9.5,10
903,TOR,BANDERSON-L,120,135,9.5,11
903,BAL,CTILLMAN-R,-140,-150,9.5,11
903,TAM,MANDRIESE-R,-150,-155,9.5,9.5
903,CWS,LGIOLITO-R,130,140,9.5,9.5
903,KAN,IKENNEDY-R,135,165,9.5,10
903,MIN,ESANTANA-R,-155,-185,9.5,10
903,LAA,AHEANEY-L,-114,-131,11.5,11
903,TEX,MPEREZ-L,-106,116,11.5,11
903,OAK,DGOSSETT-R,115,137,9.5,10
903,SEA,AALBERS-L,-135,-152,9.5,10
903,NYM,CFLEXEN-R,185,230,9.5,9.5
903,HOU,MFIERS-R,-215,-270,9.5,9.5
904,PHI,MLEITER-R,111,-102,8.5,8.5
904,NYM,RMONTERO-R,-131,-108,8.5,8.5
904,MIL,CANDERSON-R,-129,-140,9,10
904,CIN,HBAILEY-R,109,125,9,10
904,SFO,CSTRATTON-R,140,160,11.5,13
904,COL,CBETTIS-R,-160,-180,11.5,13
904,CUB,JARRIETA-R,-200,-178,8,8.5
904,PIT,CKUHL-R,170,158,8,8.5
904,STL,CMARTINEZ-R,-155,-143,8,8
904,SDG,LPERDOMO-R,135,128,8,8
904,WAS,ACOLE-R,-105,114,9,9
904,MIA,ACONLEY-L,-115,-124,9,9
904,ARI,RRAY-L,130,155,7.5,8
904,LOS,RHILL-L,-150,-175,7.5,8
904,KAN,JJUNIS-R,-131,-160,9.5,9.5
904,DET,ALEWICKI-R,111,145,9.5,9.5
904,NYY,JMONTGOMERY-L,111,125,9.5,9.5
904,BAL,DBUNDY-R,-131,-140,9.5,9.5
904,CLE,TBAUER-R,-230,-240,9.5,10
904,CWS,JSHIELDS-R,200,200,9.5,10
904,LAA,PBRIDWELL-R,-145,-154,9.5,10
904,OAK,CSMITH-R,125,139,9.5,10
904,HOU,DKEUCHEL-L,-160,-134,8.5,9
904,SEA,ERAMIREZ-R,140,119,8.5,9
904,TOR,JHAPP-L,145,157,10,9.5
904,BOS,RPORCELLO-R,-165,-177,10,9.5
904,MIN,JBERRIOS-R,109,119,8.5,8
904,TAM,ACOBB-R,-129,-129,8.5,8
904,TEX,ACASHNER-R,-106,109,9.5,9
904,ATL,RDICKEY-R,-114,-119,9.5,9
905,CUB,KHENDRICKS-R,-200,-168,8.5,8.5
905,PIT,SBRAULT-L,170,153,8.5,8.5
905,MIL,ZDAVIES-R,-135,-128,9.5,9.5
905,CIN,RSTEPHENSON-R,115,118,9.5,9.5
905,WAS,SSTRASBURG-R,-165,-175,8,8.5
905,MIA,ODESPAIGNE-R,145,155,8,8.5
905,PHI,BLIVELY-R,170,176,8,8
905,NYM,JDEGROM-R,-200,-196,8,8
905,SFO,TBLACH-L,155,175,12,12
905,COL,TCHATWOOD-R,-175,-195,12,12
905,ARI,ZGREINKE-R,-101,135,8,7.5
905,LOS,HRYU-L,-119,-150,8,7.5
905,STL,MWACHA-R,-150,-155,8.5,8
905,SDG,TWOOD-L,130,140,8.5,8
905,NYY,CSABATHIA-L,-115,-110,9.5,9.5
905,BAL,JHELLICKSON-R,-105,100,9.5,9.5
905,TOR,MESTRADA-R,145,175,9.5,10
905,BOS,ERODRIGUEZ-L,-165,-195,9.5,10
905,MIN,BCOLON-R,115,130,9,9
905,TAM,JODORIZZI-R,-135,-145,9,9
905,KAN,JVARGAS-L,-145,-117,9.5,9.5
905,DET,ASANCHEZ-R,125,107,9.5,9.5
905,CLE,DSALAZAR-R,-240,-270,9.5,9
905,CWS,DHOLMBERG-L,200,230,9.5,9
905,LAA,GRICHARDS-R,-145,-148,9,9.5
905,OAK,KGRAVEMAN-R,125,133,9,9.5
905,HOU,JVERLANDER-R,-165,-153,9,9.5
905,SEA,AMIRANDA-L,145,138,9,9.5
906,MIL,MGARZA-R,128,125,9.5,9.5
906,CIN,LCASTILLO-R,-148,-140,9.5,9.5
906,CUB,JQUINTANA-L,-134,-123,8,7.5
906,PIT,GCOLE-R,114,113,8,7.5
906,WAS,GGONZALEZ-L,-124,-117,8.5,8.5
906,MIA,DPETERS-L,104,107,8.5,8.5
906,PHI,NPIVETTA-R,101,-105,9,8
906,NYM,RGSELLMAN-R,-121,-105,9,8
906,SFO,JCUETO-R,123,170,12,11
906,COL,KFREELAND-L,-143,-200,12,11
906,ARI,TWALKER-R,133,170,8.5,8.5
906,LOS,KMAEDA-R,-153,-190,8.5,8.5
906,STL,JFLAHERTY-R,-115,125,8.5,8
906,SDG,DLAMET-R,-105,-140,8.5,8
906,MIN,ASLEGERS-R,134,170,9,8.5
906,TAM,BSNELL-L,-154,-190,9,8.5
906,LAA,TSKAGGS-L,-131,-128,9.5,10
906,OAK,SMANAEA-L,111,118,9.5,10
906,TOR,JBIAGINI-R,146,165,10,9.5
906,BOS,DFISTER-R,-166,-185,10,9.5
906,KAN,JHAMMEL-R,-150,-140,10,9
906,DET,MBOYD-L,130,125,10,9
906,CLE,CCARRASCO-R,-290,-265,9,8.5
906,CWS,RLOPEZ-R,250,225,9,8.5
906,HOU,LMCCULLERS-R,-140,-155,9.5,9
906,SEA,AMOORE-R,120,140,9.5,9
906,TEX,CHAMELS-L,-115,-113,9,9
906,ATL,JTEHERAN-R,-105,103,9,9
906,TEX,MGONZALEZ-R,-111,-111,9,9
906,ATL,LGOHARA-L,-109,101,9,9
907,PHI,ANOLA-R,145,128,8.5,8
907,WAS,TROARK-R,-165,-143,8.5,8
907,CUB,JLESTER-L,-140,-137,8.5,7.5
907,PIT,JTAILLON-R,120,122,8.5,7.5
907,CIN,TMAHLE-R,-115,-137,9,8.5
907,NYM,MHARVEY-R,-105,122,9,8.5
907,MIA,DSTRAILY-R,-115,-126,9.5,9.5
907,ATL,SNEWCOMB-L,-105,116,9.5,9.5
907,STL,LLYNN-R,-136,-112,8.5,8.5
907,SDG,CRICHARD-L,116,102,8.5,8.5
907,COL,JGRAY-R,250,255,6.5,6.5
907,LOS,CKERSHAW-L,-290,-305,6.5,6.5
907,CLE,CKLUBER-R,-260,-375,7.5,8
907,CWS,MPELFREY-R,220,315,7.5,8
907,MIN,KGIBSON-R,-112,-109,9.5,9.5
907,KAN,SGAVIGLIO-R,-108,-101,9.5,9.5
907,NYY,SGRAY-R,-108,101,8.5,9
907,BAL,KGAUSMAN-R,-112,-111,8.5,9
908,MIL,JNELSON-R,120,111,8,7.5
908,CUB,JLACKEY-R,-140,-121,8,7.5
908,PHI,JTHOMPSON-R,280,335,7.5,8
908,WAS,MSCHERZER-R,-330,-395,7.5,8
908,CIN,AGARRETT-L,-109,-111,9.5,8.5
908,NYM,SLUGO-R,-111,101,9.5,8.5
908,MIA,JURENA-R,-111,114,9.5,9
908,ATL,MFOLTYNEWICZ-R,-109,-124,9.5,9
908,PIT,TWILLIAMS-R,157,170,8.5,7.5
908,STL,LWEAVER-R,-177,-200,8.5,7.5
908,SDG,JLYLES-R,210,200,9.5,9.5
908,ARI,PCORBIN-L,-250,-230,9.5,9.5
908,COL,GMARQUEZ-R,170,185,8,7.5
908,LOS,YDARVISH-R,-190,-215,8,7.5
908,DET,BFARMER-R,175,190,9,8.5
908,TOR,MSTROMAN-R,-205,-220,9,8.5
908,TAM,CARCHER-R,109,107,8.5,8.5
908,BOS,DPOMERANZ-L,-129,-117,8.5,8.5
908,BAL,WMILEY-L,140,150,9.5,9
908,CLE,MCLEVINGER-R,-160,-170,9.5,9
908,NYY,MTANAKA-R,-150,-155,10,9.5
908,TEX,MPEREZ-L,130,140,10,9.5
908,MIN,ESANTANA-R,-126,-136,9.5,9
908,KAN,IKENNEDY-R,106,121,9.5,9
908,HOU,CMCHUGH-R,-170,-177,9,9.5
908,OAK,JCOTTON-R,150,157,9,9.5
908,LAA,RNOLASCO-R,-105,116,9.5,9
908,SEA,MLEAKE-R,-115,-126,9.5,9
908,SFO,MMOORE-L,-108,114,9,9
908,CWS,LGIOLITO-R,-112,-124,9,9
909,PIT,CKUHL-R,175,178,8,8
909,STL,CMARTINEZ-R,-205,-198,8,8
909,MIL,CANDERSON-R,125,145,8,8
909,CUB,MMONTGOMERY-L,-145,-160,8,8
909,PHI,MLEITER-R,160,155,9.5,9
909,WAS,EJACKSON-R,-180,-175,9.5,9
909,MIA,ACONLEY-L,-116,-113,9.5,9.5
909,ATL,MFRIED-L,-104,103,9.5,9.5
909,CIN,HBAILEY-R,-126,-105,9,8.5
909,NYM,RMONTERO-R,106,-105,9,8.5
909,SDG,JCHACIN-R,170,175,9.5,9.5
909,ARI,ZGODLEY-R,-190,-195,9.5,9.5
909,COL,CBETTIS-R,195,200,8,8.5
909,LOS,AWOOD-L,-225,-240,8,8.5
909,BAL,GYNOA-R,150,164,9.5,9.5
909,CLE,JTOMLIN-R,-170,-184,9.5,9.5
909,DET,CBELL-L,145,117,9.5,9.5
909,TOR,BANDERSON-L,-165,-132,9.5,9.5
909,HOU,CMORTON-R,-170,-150,9.5,9.5
909,OAK,DGOSSETT-R,150,135,9.5,9.5
909,HOU,BPEACOCK-R,-170,-220,9.5,9.5
909,OAK,DMENGDEN-R,150,190,9.5,9.5
909,TAM,MANDRIESE-R,199,256,8,8
909,BOS,CSALE-L,-229,-296,8,8
909,MIN,JBERRIOS-R,-121,-108,9,9
909,KAN,JJUNIS-R,101,-102,9,9
909,NYY,LSEVERINO-R,-160,-220,9.5,9
909,TEX,ACASHNER-R,140,190,9.5,9
909,LAA,AHEANEY-L,-104,-111,9.5,9
909,SEA,AALBERS-L,-116,101,9.5,9
909,SFO,JSAMARDZIJA-R,-165,-145,9,9
909,CWS,JSHIELDS-R,145,130,9,9
910,CIN,SROMANO-R,135,126,8.5,7.5
910,NYM,JDEGROM-R,-155,-141,8.5,7.5
910,PHI,BLIVELY-R,255,185,8,8
910,WAS,SSTRASBURG-R,-295,-215,8,8
910,MIA,ODESPAIGNE-R,-111,135,9.5,9
910,ATL,RDICKEY-R,-109,-150,9.5,9
910,PIT,INOVA-R,155,149,8.5,8
910,STL,MWACHA-R,-175,-164,8.5,8
910,MIL,ZDAVIES-R,140,135,8,7.5
910,CUB,KHENDRICKS-R,-160,-150,8,7.5
910,COL,TCHATWOOD-R,165,208,8.5,8.5
910,LOS,RHILL-L,-185,-238,8.5,8.5
910,SDG,LPERDOMO-R,200,210,9,9.5
910,ARI,RRAY-L,-240,-250,9,9.5
910,DET,ASANCHEZ-R,170,142,9.5,9
910,TOR,JHAPP-L,-200,-157,9.5,9
910,BAL,JHELLICKSON-R,150,180,9.5,9.5
910,CLE,TBAUER-R,-170,-210,9.5,9.5
910,TAM,ACOBB-R,125,126,9.5,9
910,BOS,RPORCELLO-R,-145,-141,9.5,9
910,MIN,BCOLON-R,101,120,10,10
910,KAN,JVARGAS-L,-121,-135,10,10
910,NYY,JMONTGOMERY-L,-140,-127,10.5,10.5
910,TEX,AGRIFFIN-R,120,117,10.5,10.5
910,HOU,DKEUCHEL-L,-190,-189,9,9.5
910,OAK,KGRAVEMAN-R,170,169,9,9.5
910,LAA,PBRIDWELL-R,-101,118,9.5,9
910,SEA,ERAMIREZ-R,-119,-133,9.5,9
910,SFO,MBUMGARNER-L,-190,-155,9,9
910,CWS,CFULMER-R,170,140,9,9
911,PIT,SBRAULT-L,140,128,9,9
911,MIL,BWOODRUFF-R,-160,-143,9,9
911,COL,KFREELAND-L,170,175,9,9
911,ARI,ZGREINKE-R,-190,-195,9,9
911,LOS,KMAEDA-R,-170,-210,8,8.5
911,SFO,CSTRATTON-R,150,180,8,8.5
911,BAL,UJIMENEZ-R,111,-121,10,9.5
911,TOR,MESTRADA-R,-131,111,10,9.5
911,NYY,CSABATHIA-L,-124,-142,8.5,8.5
911,TAM,JODORIZZI-R,104,127,8.5,8.5
911,DET,MJAYE-R,250,335,8.5,8.5
911,CLE,CCARRASCO-R,-300,-415,8.5,8.5
911,SEA,AMIRANDA-L,130,111,10,10.5
911,TEX,CHAMELS-L,-150,-121,10,10.5
911,CWS,RLOPEZ-R,155,150,9,9
911,KAN,JHAMMEL-R,-175,-170,9,9
912,ATL,JTEHERAN-R,156,157,8.5,8.5
912,WAS,GGONZALEZ-L,-176,-177,8.5,8.5
912,MIA,DPETERS-L,-122,-124,9,9.5
912,PHI,NPIVETTA-R,102,114,9,9.5
912,PIT,GCOLE-R,-105,-101,8.5,8.5
912,MIL,BSUTER-L,-115,-109,8.5,8.5
912,NYM,RGSELLMAN-R,191,295,8.5,8
912,CUB,JQUINTANA-L,-221,-345,8.5,8
912,CIN,RSTEPHENSON-R,165,143,8.5,8.5
912,STL,LLYNN-R,-185,-158,8.5,8.5
912,COL,JGRAY-R,114,113,9.5,9.5
912,ARI,TWALKER-R,-134,-123,9.5,9.5
912,LOS,CKERSHAW-L,-251,-300,6.5,7
912,SFO,JCUETO-R,211,250,6.5,7
912,BAL,DBUNDY-R,-127,-124,9.5,8.5
912,TOR,JBIAGINI-R,107,114,9.5,8.5
912,NYY,SGRAY-R,-146,-138,8,8
912,TAM,BSNELL-L,126,123,8,8
912,OAK,SMANAEA-L,151,162,9.5,10
912,BOS,ERODRIGUEZ-L,-171,-182,9.5,10
912,DET,MBOYD-L,331,373,8,8
912,CLE,CKLUBER-R,-391,-473,8,8
912,SEA,MGONZALES-L,111,-104,11,11
912,TEX,MGONZALEZ-R,-131,-106,11,11
912,CWS,DCOVEY-R,151,177,9.5,10.5
912,KAN,SGAVIGLIO-R,-171,-197,9.5,10.5
912,HOU,JVERLANDER-R,-132,-105,8,8
912,LAA,GRICHARDS-R,112,-105,8,8
912,SDG,TWOOD-L,155,154,9.5,10
912,MIN,KGIBSON-R,-175,-174,9.5,10
913,ATL,LGOHARA-L,295,275,8,8.5
913,WAS,MSCHERZER-R,-345,-325,8,8.5
913,MIA,DSTRAILY-R,-110,133,8.5,9
913,PHI,ANOLA-R,-110,-148,8.5,9
913,NYM,MHARVEY-R,250,250,8.5,9
913,CUB,JLESTER-L,-290,-300,8.5,9
913,PIT,TGLASNOW-R,147,136,8.5,9
913,MIL,CANDERSON-R,-167,-151,8.5,9
913,CIN,TMAHLE-R,145,133,9,9.5
913,STL,JFLAHERTY-R,-165,-148,9,9.5
913,COL,GMARQUEZ-R,135,124,9.5,9.5
913,ARI,PCORBIN-L,-155,-139,9.5,9.5
913,LOS,YDARVISH-R,-210,-240,7.5,8.5
913,SFO,MMOORE-L,180,200,7.5,8.5
913,DET,BFARMER-R,250,285,9.5,10
913,CLE,MCLEVINGER-R,-300,-335,9.5,10
913,CWS,LGIOLITO-R,130,131,9.5,10
913,KAN,ESKOGLUND-L,-150,-146,9.5,10
913,BAL,KGAUSMAN-R,-101,116,8.5,8.5
913,TOR,MSTROMAN-R,-119,-131,8.5,8.5
913,NYY,JGARCIA-L,-102,117,8,7.5
913,TAM,CARCHER-R,-118,-132,8,7.5
913,OAK,JCOTTON-R,170,171,9.5,11
913,BOS,DFISTER-R,-200,-191,9.5,11
913,SEA,MLEAKE-R,-107,101,11,11
913,TEX,MPEREZ-L,-113,-111,11,11
913,HOU,MFIERS-R,-121,116,8.5,9
913,LAA,TSKAGGS-L,101,-131,8.5,9
913,SDG,DLAMET-R,151,132,9,9
913,MIN,ESANTANA-R,-171,-147,9,9
914,CIN,AGARRETT-L,170,175,9,9
914,STL,LWEAVER-R,-200,-205,9,9
914,COL,CBETTIS-R,145,160,9.5,9.5
914,ARI,ZGODLEY-R,-165,-180,9.5,9.5
914,ATL,MFOLTYNEWICZ-R,160,118,8.5,8.5
914,WAS,TROARK-R,-180,-133,8.5,8.5
914,MIA,VWORLEY-R,-131,116,9.5,10.5
914,PHI,JTHOMPSON-R,111,-131,9.5,10.5
914,NYM,SLUGO-R,185,182,9.5,9
914,CUB,JTSENG-R,-215,-212,9.5,9
914,CWS,JSHIELDS-R,-102,-102,10,10
914,DET,CBELL-L,-118,-108,10,10
914,OAK,DGOSSETT-R,180,195,10,10.5
914,BOS,DPOMERANZ-L,-210,-225,10,10.5
914,BAL,WMILEY-L,170,180,9,10
914,NYY,MTANAKA-R,-200,-210,9,10
914,KAN,JJUNIS-R,200,156,9,9
914,CLE,JTOMLIN-R,-240,-176,9,9
914,SEA,FHERNANDEZ-R,-109,-114,10,12
914,TEX,ACASHNER-R,-111,104,10,12
914,TOR,BANDERSON-L,150,130,9.5,9
914,MIN,JBERRIOS-R,-170,-145,9.5,9
914,HOU,BPEACOCK-R,-136,-137,9,8.5
914,LAA,RNOLASCO-R,116,122,9,8.5
915,STL,CMARTINEZ-R,106,114,8.5,9
915,CUB,JLACKEY-R,-126,-124,8.5,9
915,LOS,AWOOD-L,-131,-151,9,9.5
915,WAS,EJACKSON-R,111,136,9,9.5
915,PIT,CKUHL-R,-104,119,9.5,9.5
915,CIN,HBAILEY-R,-116,-134,9.5,9.5
915,MIL,JJEFFRESS-R,-108,-131,9.5,10
915,MIA,JURENA-R,-112,116,9.5,10
915,NYM,RMONTERO-R,120,116,9.5,9
915,ATL,SNEWCOMB-L,-140,-126,9.5,9
915,SDG,CRICHARD-L,170,143,12,11.5
915,COL,TCHATWOOD-R,-190,-158,12,11.5
915,ARI,RRAY-L,-165,-155,7.5,7
915,SFO,JSAMARDZIJA-R,145,140,7.5,7
915,BAL,GYNOA-R,205,319,8.5,9
915,NYY,LSEVERINO-R,-245,-379,8.5,9
915,BOS,CSALE-L,-190,-228,7.5,7
915,TAM,MANDRIESE-R,170,198,7.5,7
915,CWS,CFULMER-R,-101,116,9.5,10.5
915,DET,ASANCHEZ-R,-119,-126,9.5,10.5
915,KAN,JVARGAS-L,200,195,9,8.5
915,CLE,TBAUER-R,-240,-225,9,8.5
915,SEA,JPAXTON-L,101,116,8.5,9
915,HOU,CMORTON-R,-121,-126,8.5,9
915,TOR,JHAPP-L,-109,-116,9.5,9.5
915,MIN,BCOLON-R,-111,106,9.5,9.5
915,TEX,NMARTINEZ-R,133,175,9.5,9
915,LAA,BNORRIS-R,-153,-205,9.5,9
915,OAK,DMENGDEN-R,101,116,9.5,10
915,PHI,MLEITER-R,-121,-126,9.5,10
916,LOS,RHILL-L,-140,-156,9,9.5
916,WAS,ACOLE-R,120,141,9,9.5
916,STL,MWACHA-R,125,134,9.5,10
916,CUB,KHENDRICKS-R,-145,-149,9.5,10
916,PIT,INOVA-R,106,142,9.5,10
916,CIN,SROMANO-R,-126,-157,9.5,10
916,MIL,ZDAVIES-R,-150,-138,9,10
916,MIA,ACONLEY-L,130,123,9,10
916,NYM,JDEGROM-R,-116,-114,8.5,8.5
916,ATL,RDICKEY-R,-104,104,8.5,8.5
916,SDG,JLYLES-R,170,185,12,11.5
916,COL,TANDERSON-L,-190,-215,12,11.5
916,ARI,ZGREINKE-R,-145,-150,7.5,7.5
916,SFO,MBUMGARNER-L,125,135,7.5,7.5
916,BAL,JHELLICKSON-R,160,165,9.5,10
916,NYY,JMONTGOMERY-L,-180,-185,9.5,10
916,KAN,JHAMMEL-R,225,179,8.5,8
916,CLE,CCARRASCO-R,-265,-209,8.5,8
916,BOS,RPORCELLO-R,-105,117,8.5,8
916,TAM,ACOBB-R,-105,-132,8.5,8
916,CWS,RLOPEZ-R,-111,-101,9.5,10.5
916,DET,MJAYE-R,-109,-109,9.5,10.5
916,TOR,MESTRADA-R,115,116,9.5,9.5
916,MIN,AMEJIA-L,-135,-126,9.5,9.5
916,SEA,ERAMIREZ-R,160,175,8.5,9
916,HOU,DKEUCHEL-L,-180,-205,8.5,9
916,TEX,CHAMELS-L,123,118,9,9
916,LAA,PBRIDWELL-R,-143,-128,9,9
916,OAK,KGRAVEMAN-R,101,-104,9.5,9.5
916,PHI,BLIVELY-R,-121,-106,9.5,9.5
917,MIL,BWOODRUFF-R,-135,-144,9,9
917,MIA,DPETERS-L,115,129,9,9
917,PIT,GCOLE-R,-111,-117,8.5,9.5
917,CIN,RSTEPHENSON-R,-109,107,8.5,9.5
917,LOS,HRYU-L,135,152,8,7.5
917,WAS,SSTRASBURG-R,-155,-172,8,7.5
917,NYM,RGSELLMAN-R,150,150,9,9
917,ATL,JTEHERAN-R,-170,-170,9,9
917,SDG,JCHACIN-R,175,190,11.5,11
917,COL,JGRAY-R,-205,-220,11.5,11
917,ARI,TWALKER-R,-155,-150,8.5,8.5
917,SFO,CSTRATTON-R,135,135,8.5,8.5
917,STL,LLYNN-R,120,160,8,9
917,CUB,JQUINTANA-L,-140,-180,8,9
917,BAL,UJIMENEZ-R,165,200,10.5,9.5
917,NYY,SGRAY-R,-185,-230,10.5,9.5
917,BOS,ERODRIGUEZ-L,-119,-129,8.5,8
917,TAM,JODORIZZI-R,-101,119,8.5,8
917,CWS,DCOVEY-R,120,117,10.5,10
917,DET,MBOYD-L,-140,-127,10.5,10
917,KAN,DDUFFY-L,240,220,7.5,7.5
917,CLE,CKLUBER-R,-280,-260,7.5,7.5
917,SEA,AMOORE-R,190,195,9,9
917,HOU,JVERLANDER-R,-220,-225,9,9
917,TOR,JBIAGINI-R,120,125,9.5,9
917,MIN,KGIBSON-R,-140,-140,9.5,9
917,TEX,MGONZALEZ-R,170,174,9,9
917,LAA,GRICHARDS-R,-190,-194,9,9
917,OAK,SMANAEA-L,-110,-124,9,9.5
917,PHI,HALVAREZ-R,-110,114,9,9.5
918,LOS,CKERSHAW-L,-340,-326,7.5,8
918,PHI,NPIVETTA-R,290,276,7.5,8
918,MIL,BSUTER-L,-115,-103,8.5,8.5
918,PIT,JTAILLON-R,-105,-107,8.5,8.5
918,NYM,MHARVEY-R,147,150,8.5,9
918,MIA,DSTRAILY-R,-167,-165,8.5,9
918,ARI,PCORBIN-L,-165,-145,8.5,8.5
918,SDG,LPERDOMO-R,145,130,8.5,8.5
918,BOS,DFISTER-R,-105,119,9.5,9
918,BAL,DBUNDY-R,-105,-129,9.5,9
918,MIN,ESANTANA-R,150,155,9,8.5
918,NYY,JGARCIA-L,-170,-175,9,8.5
918,OAK,RALCANTARA-R,-119,111,10,10
918,DET,BFARMER-R,-101,-121,10,10
919,LOS,YDARVISH-R,-155,-161,8.5,7.5
919,PHI,ANOLA-R,135,146,8.5,7.5
919,MIL,CANDERSON-R,-126,-101,8.5,8.5
919,PIT,TWILLIAMS-R,106,-109,8.5,8.5
919,NYM,SLUGO-R,135,119,9.5,9.5
919,MIA,ODESPAIGNE-R,-155,-129,9.5,9.5
919,STL,JFLAHERTY-R,-111,-110,9.5,10
919,CIN,JSTEPHENS-R,-109,100,9.5,10
919,WAS,MSCHERZER-R,-220,-205,8,8
919,ATL,LGOHARA-L,190,175,8,8
919,ARI,ZGODLEY-R,-175,-185,8.5,8.5
919,SDG,TWOOD-L,155,165,8.5,8.5
919,COL,GMARQUEZ-R,-109,-115,8,7.5
919,SFO,JCUETO-R,-111,105,8,7.5
919,MIN,JBERRIOS-R,120,143,9,8.5
919,NYY,CSABATHIA-L,-140,-158,9,8.5
919,BOS,DPOMERANZ-L,-110,-104,8.5,9
919,BAL,KGAUSMAN-R,-110,-106,8.5,9
919,KAN,IKENNEDY-R,150,157,9,9
919,TOR,MSTROMAN-R,-170,-177,9,9
919,OAK,DGOSSETT-R,-121,-129,10.5,10.5
919,DET,CBELL-L,101,119,10.5,10.5
919,CWS,LGIOLITO-R,175,230,9,9
919,HOU,CMCHUGH-R,-205,-270,9,9
919,CLE,MCLEVINGER-R,-127,-111,8.5,7.5
919,LAA,TSKAGGS-L,107,101,8.5,7.5
919,TEX,MPEREZ-L,143,140,9.5,9.5
919,SEA,MLEAKE-R,-163,-155,9.5,9.5
919,CUB,MMONTGOMERY-L,-105,145,8,8
919,TAM,CARCHER-R,-105,-160,8,8
920,NYM,RMONTERO-R,140,157,9,9
920,MIA,JURENA-R,-160,-177,9,9
920,COL,TCHATWOOD-R,-134,-129,8.5,8.5
920,SFO,MMOORE-L,114,119,8.5,8.5
920,LOS,AWOOD-L,-241,-285,8.5,9.5
920,PHI,JTHOMPSON-R,201,245,8.5,9.5
920,MIL,AWILKERSON-R,-112,-120,8.5,9
920,PIT,SBRAULT-L,-108,110,8.5,9
920,STL,LWEAVER-R,-159,-195,9.5,9.5
920,CIN,RDAVIS-R,139,175,9.5,9.5
920,WAS,GGONZALEZ-L,-158,-161,9.5,9.5
920,ATL,LSIMS-R,138,146,9.5,9.5
920,ARI,RRAY-L,-153,-175,7.5,7
920,SDG,DLAMET-R,133,155,7.5,7
920,MIN,BCOLON-R,245,265,8.5,8.5
920,NYY,LSEVERINO-R,-285,-315,8.5,8.5
920,OAK,DMENGDEN-R,-123,-123,10,10.5
920,DET,ASANCHEZ-R,103,113,10,10.5
920,BOS,CSALE-L,-205,-258,8.5,8.5
920,BAL,WMILEY-L,175,218,8.5,8.5
920,KAN,JJUNIS-R,106,111,9.5,9
920,TOR,BANDERSON-L,-126,-121,9.5,9
920,CWS,JSHIELDS-R,241,310,9.5,9
920,HOU,BPEACOCK-R,-281,-370,9.5,9
920,CLE,JTOMLIN-R,-128,-116,8.5,8.5
920,LAA,RNOLASCO-R,108,106,8.5,8.5
920,TEX,ACASHNER-R,134,135,9,9
920,SEA,FHERNANDEZ-R,-154,-150,9,9
920,CUB,JLESTER-L,-133,-113,8,8
920,TAM,BSNELL-L,113,103,8,8
921,LOS,KMAEDA-R,-215,-213,9.5,9
921,PHI,MLEITER-R,185,183,9.5,9
921,STL,CMARTINEZ-R,-140,-187,8.5,9.5
921,CIN,HBAILEY-R,120,167,8.5,9.5
921,WAS,TROARK-R,-135,-155,9,9
921,ATL,RDICKEY-R,115,140,9,9
921,CUB,JARRIETA-R,-131,-140,8.5,9
921,MIL,ZDAVIES-R,111,125,8.5,9
921,COL,TANDERSON-L,-126,-115,8.5,8
921,SDG,CRICHARD-L,106,105,8.5,8
921,TAM,MANDRIESE-R,103,-130,9.5,10.5
921,BAL,GYNOA-R,-123,115,9.5,10.5
921,KAN,JVARGAS-L,140,135,9,9
921,TOR,JHAPP-L,-160,-150,9,9
921,MIN,AMEJIA-L,-145,-135,10,10.5
921,DET,JZIMMERMANN-R,125,120,10,10.5
921,CWS,CFULMER-R,250,262,8.5,9
921,HOU,DKEUCHEL-L,-300,-312,8.5,9
921,CLE,DSALAZAR-R,-135,-105,8.5,8.5
921,LAA,PBRIDWELL-R,115,-105,8.5,8.5
921,TEX,CHAMELS-L,120,150,8.5,8
921,SEA,JPAXTON-L,-140,-170,8.5,8
922,STL,MWACHA-R,-155,-153,8.5,8.5
922,PIT,INOVA-R,135,138,8.5,8.5
922,WAS,EJACKSON-R,120,114,8.5,8
922,NYM,RGSELLMAN-R,-140,-124,8.5,8
922,PHI,BLIVELY-R,101,119,9.5,9.5
922,ATL,SNEWCOMB-L,-121,-129,9.5,9.5
922,CUB,JLACKEY-R,-121,-115,9,10
922,MIL,BWOODRUFF-R,101,105,9,10
922,MIA,ACONLEY-L,205,200,9,9.5
922,ARI,ZGREINKE-R,-245,-230,9,9.5
922,COL,JGRAY-R,-165,-141,8.5,8
922,SDG,JLYLES-R,145,126,8.5,8
922,SFO,JSAMARDZIJA-R,200,193,7.5,7.5
922,LOS,RHILL-L,-230,-223,7.5,7.5
922,TAM,ACOBB-R,-114,-140,9.5,9
922,BAL,UJIMENEZ-R,-106,125,9.5,9
922,NYY,MTANAKA-R,-155,-180,9,9
922,TOR,MESTRADA-R,135,160,9,9
922,MIN,KGIBSON-R,-158,-135,10,10
922,DET,DNORRIS-L,138,120,10,10
922,LAA,GRICHARDS-R,150,117,8,8
922,HOU,JVERLANDER-R,-170,-132,8,8
922,KAN,JHAMMEL-R,-126,-152,9.5,10
922,CWS,RLOPEZ-R,106,137,9.5,10
922,TEX,NMARTINEZ-R,109,117,9.5,9.5
922,OAK,KGRAVEMAN-R,-129,-132,9.5,9.5
922,CLE,TBAUER-R,-175,-143,8.5,8.5
922,SEA,ERAMIREZ-R,155,128,8.5,8.5
922,BOS,RPORCELLO-R,-145,-131,9.5,9.5
922,CIN,SROMANO-R,125,116,9.5,9.5
923,STL,LLYNN-R,-126,119,8,8
923,PIT,GCOLE-R,106,-129,8,8
923,PHI,HALVAREZ-R,155,130,9.5,9
923,ATL,JTEHERAN-R,-175,-145,9.5,9
923,WAS,SSTRASBURG-R,-211,-200,8.5,8
923,NYM,NSYNDERGAARD-R,181,170,8.5,8
923,CUB,KHENDRICKS-R,-140,-144,9,9
923,MIL,BSUTER-L,120,129,9,9
923,MIA,DPETERS-L,156,140,10,11
923,ARI,TWALKER-R,-176,-155,10,11
923,COL,CBETTIS-R,-115,-105,8,8.5
923,SDG,JCHACIN-R,-105,-105,8,8.5
923,SFO,MBUMGARNER-L,-111,127,7,7.5
923,LOS,HRYU-L,-109,-142,7,7.5
923,NYY,SGRAY-R,-175,-192,9,9
923,TOR,JBIAGINI-R,155,172,9,9
923,CLE,CCARRASCO-R,-200,-158,8.5,8
923,SEA,AMOORE-R,170,143,8.5,8
923,TAM,JODORIZZI-R,-105,-115,10,10.5
923,BAL,JHELLICKSON-R,-105,105,10,10.5
923,MIN,ESANTANA-R,-176,-155,9.5,9.5
923,DET,MBOYD-L,156,140,9.5,9.5
923,KAN,DDUFFY-L,-171,-155,9.5,9.5
923,CWS,DCOVEY-R,151,140,9.5,9.5
923,LAA,BNORRIS-R,145,111,9.5,8.5
923,HOU,CMORTON-R,-165,-121,9.5,8.5
923,TEX,MGONZALEZ-R,111,-131,9.5,10
923,OAK,RALCANTARA-R,-131,116,9.5,10
923,BOS,ERODRIGUEZ-L,-140,-135,9.5,9.5
923,CIN,RSTEPHENSON-R,120,120,9.5,9.5
924,WAS,MSCHERZER-R,-175,-144,7,7
924,NYM,JDEGROM-R,155,129,7,7
924,PHI,NPIVETTA-R,111,117,9.5,10
924,ATL,LGOHARA-L,-131,-127,9.5,10
924,STL,JGANT-R,-121,-122,9,9
924,PIT,JTAILLON-R,101,112,9,9
924,CUB,JQUINTANA-L,-126,-129,9,9
924,MIL,CANDERSON-R,106,119,9,9
924,SFO,CSTRATTON-R,250,300,7,7.5
924,LOS,CKERSHAW-L,-300,-360,7,7.5
924,MIA,DSTRAILY-R,165,165,11,10.5
924,ARI,PCORBIN-L,-185,-185,11,10.5
924,COL,GMARQUEZ-R,-135,-141,8.5,8.5
924,SDG,LPERDOMO-R,115,126,8.5,8.5
924,NYY,JGARCIA-L,130,105,8.5,8.5
924,TOR,MSTROMAN-R,-150,-115,8.5,8.5
924,MIN,JBERRIOS-R,-170,-195,10,10
924,DET,BFARMER-R,150,175,10,10
924,TAM,CARCHER-R,-113,-140,9,9.5
924,BAL,CTILLMAN-R,-107,125,9,9.5
924,LAA,TSKAGGS-L,140,170,9,9
924,HOU,LMCCULLERS-R,-160,-190,9,9
924,KAN,IKENNEDY-R,-111,-128,9.5,9.5
924,CWS,LGIOLITO-R,-109,118,9.5,9.5
924,TEX,MPEREZ-L,-104,103,9.5,10
924,OAK,JCOTTON-R,-116,-113,9.5,10
924,CLE,CKLUBER-R,-220,-210,7.5,7
924,SEA,MLEAKE-R,190,180,7.5,7
924,BOS,DFISTER-R,-140,-124,10,10
924,CIN,JSTEPHENS-R,120,114,10,10
925,ATL,LSIMS-R,-105,-140,9,9
925,NYM,CFLEXEN-R,-115,125,9,9
925,WAS,ACOLE-R,-105,177,8.5,8.5
925,PHI,ANOLA-R,-115,-197,8.5,8.5
925,ATL,MFRIED-L,111,117,9,8.5
925,NYM,SLUGO-R,-131,-132,9,8.5
925,CUB,JLESTER-L,106,130,8.5,8
925,STL,LWEAVER-R,-126,-145,8.5,8
925,MIA,ODESPAIGNE-R,145,152,12,12
925,COL,TCHATWOOD-R,-165,-172,12,12
925,SFO,JCUETO-R,-101,104,9.5,9
925,ARI,ZGODLEY-R,-119,-114,9.5,9
925,SDG,TWOOD-L,230,231,8,8.5
925,LOS,YDARVISH-R,-270,-271,8,8.5
925,KAN,JJUNIS-R,150,170,9,9
925,NYY,CSABATHIA-L,-170,-200,9,9
925,TOR,BANDERSON-L,180,160,9.5,9
925,BOS,DPOMERANZ-L,-210,-180,9.5,9
925,HOU,CMCHUGH-R,-129,-142,10,11.5
925,TEX,ACASHNER-R,109,127,10,11.5
925,LAA,RNOLASCO-R,-150,-230,10,10
925,CWS,JSHIELDS-R,130,200,10,10
925,SEA,FHERNANDEZ-R,-126,-105,9.5,9.5
925,OAK,DGOSSETT-R,106,-105,9.5,9.5
926,WAS,GGONZALEZ-L,-150,-190,9,9
926,PHI,JTHOMPSON-R,130,170,9,9
926,ATL,RDICKEY-R,-105,-121,8.5,8.5
926,NYM,RMONTERO-R,-105,111,8.5,8.5
926,CIN,DMCGUIRE-R,175,147,9,9.5
926,MIL,ZDAVIES-R,-195,-162,9,9.5
926,CUB,JARRIETA-R,-112,-116,8,8.5
926,STL,CMARTINEZ-R,-108,106,8,8.5
926,MIA,JURENA-R,135,151,11.5,11
926,COL,TANDERSON-L,-155,-166,11.5,11
926,SFO,MMOORE-L,190,208,9,9.5
926,ARI,RRAY-L,-220,-248,9,9.5
926,SDG,DLAMET-R,205,198,7.5,8
926,LOS,AWOOD-L,-235,-228,7.5,8
926,TAM,BSNELL-L,140,153,9,8.5
926,NYY,JMONTGOMERY-L,-160,-173,9,8.5
926,MIN,BCOLON-R,175,165,9.5,10
926,CLE,JTOMLIN-R,-205,-185,9.5,10
926,TOR,JHAPP-L,205,196,8,7.5
926,BOS,CSALE-L,-235,-226,8,7.5
926,HOU,DKEUCHEL-L,-134,-147,9.5,9.5
926,TEX,CHAMELS-L,114,132,9.5,9.5
926,LAA,PBRIDWELL-R,-165,-174,9.5,10.5
926,CWS,CVOLSTAD-R,145,154,9.5,10.5
926,DET,ASANCHEZ-R,160,150,10,9
926,KAN,JVARGAS-L,-180,-170,10,9
926,SEA,JPAXTON-L,-121,-112,8.5,9
926,OAK,DMENGDEN-R,101,102,8.5,9
926,BAL,KGAUSMAN-R,-123,-114,8.5,8
926,PIT,TWILLIAMS-R,103,104,8.5,8
927,MIA,ACONLEY-L,165,180,12,11
927,COL,JGRAY-R,-185,-210,12,11
927,SFO,JSAMARDZIJA-R,130,120,10,10
927,ARI,BSHIPLEY-R,-150,-135,10,10
927,WAS,TROARK-R,-165,-150,9,9.5
927,PHI,MLEITER-R,145,135,9,9.5
927,ATL,SNEWCOMB-L,-104,-123,9,8.5
927,NYM,RGSELLMAN-R,-116,113,9,8.5
927,CIN,HBAILEY-R,150,125,9.5,9.5
927,MIL,BWOODRUFF-R,-170,-140,9.5,9.5
927,CUB,JLACKEY-R,-105,103,9,8
927,STL,MWACHA-R,-105,-113,9,8
927,SDG,CRICHARD-L,175,215,7.5,7.5
927,LOS,RHILL-L,-205,-255,7.5,7.5
927,HOU,JVERLANDER-R,-190,-220,10,10
927,TEX,NMARTINEZ-R,170,190,10,10
927,SEA,ERAMIREZ-R,101,-107,9.5,10
927,OAK,KGRAVEMAN-R,-121,-103,9.5,10
927,TAM,MANDRIESE-R,230,190,8.5,8.5
927,NYY,LSEVERINO-R,-270,-220,8.5,8.5
927,MIN,AMEJIA-L,145,175,9.5,9
927,CLE,DSALAZAR-R,-165,-205,9.5,9
927,TOR,MESTRADA-R,155,118,9.5,10
927,BOS,RPORCELLO-R,-175,-133,9.5,10
927,LAA,GRICHARDS-R,-185,-233,9.5,9
927,CWS,RLOPEZ-R,165,203,9.5,9
927,DET,JZIMMERMANN-R,161,153,10,9
927,KAN,JHAMMEL-R,-181,-168,10,9
927,BAL,GYNOA-R,100,129,9,9
927,PIT,CKUHL-R,-120,-144,9,9
928,CIN,SROMANO-R,145,150,9,9.5
928,MIL,BSUTER-L,-165,-165,9,9.5
928,PIT,INOVA-R,130,109,9.5,9
928,WAS,EJACKSON-R,-150,-119,9.5,9
928,ATL,JTEHERAN-R,-115,116,9,8.5
928,MIA,DPETERS-L,-105,-131,9,8.5
928,CUB,KHENDRICKS-R,167,125,8,8
928,STL,LLYNN-R,-187,-140,8,8
928,MIN,ESANTANA-R,235,232,8.5,7.5
928,CLE,CCARRASCO-R,-275,-272,8.5,7.5
928,TAM,JFARIA-R,175,182,8.5,8.5
928,NYY,SGRAY-R,-195,-212,8.5,8.5
928,HOU,BPEACOCK-R,-107,-105,9.5,9
928,BOS,ERODRIGUEZ-L,-113,-105,9.5,9
928,OAK,SMANAEA-L,-115,-124,10.5,10.5
928,TEX,MGONZALEZ-R,-105,114,10.5,10.5
928,LAA,BNORRIS-R,-116,-115,10,9.5
928,CWS,DCOVEY-R,-104,105,10,9.5
928,DET,DNORRIS-L,175,175,9,8.5
928,KAN,DDUFFY-L,-195,-205,9,8.5
929,CIN,RSTEPHENSON-R,165,156,7,7
929,CUB,JQUINTANA-L,-185,-176,7,7
929,PIT,GCOLE-R,170,180,7.5,7.5
929,WAS,SSTRASBURG-R,-190,-210,7.5,7.5
929,NYM,MHARVEY-R,115,130,9.5,9
929,PHI,BLIVELY-R,-135,-145,9.5,9
929,ATL,LGOHARA-L,130,119,9,9
929,MIA,DSTRAILY-R,-150,-129,9,9
929,LOS,HRYU-L,-109,-150,12,11
929,COL,CBETTIS-R,-111,135,12,11
929,MIL,CANDERSON-R,-138,-111,8.5,9
929,STL,JGANT-R,118,101,8.5,9
929,SDG,JLYLES-R,115,114,8.5,8.5
929,SFO,CSTRATTON-R,-135,-124,8.5,8.5
929,TOR,JBIAGINI-R,205,207,9,9
929,NYY,MTANAKA-R,-235,-247,9,9
929,BAL,WMILEY-L,136,106,9,9
929,TAM,JODORIZZI-R,-156,-116,9,9
929,CWS,MPELFREY-R,250,250,9.5,9
929,CLE,TBAUER-R,-290,-300,9.5,9
929,HOU,CMORTON-R,-112,-113,10,9.5
929,BOS,DFISTER-R,-108,103,10,9.5
929,OAK,RALCANTARA-R,-105,119,10.5,10.5
929,TEX,MPEREZ-L,-115,-129,10.5,10.5
929,DET,MBOYD-L,155,158,9.5,8
929,MIN,KGIBSON-R,-175,-178,9.5,8
929,SEA,MGONZALES-L,145,119,9,9
929,LAA,TSKAGGS-L,-165,-134,9,9
929,ARI,ZGREINKE-R,-145,-155,9,9
929,KAN,IKENNEDY-R,125,140,9,9
930,CIN,JSTEPHENS-R,185,173,8.5,8.5
930,CUB,JLESTER-L,-215,-203,8.5,8.5
930,SDG,JCHACIN-R,-110,-110,8.5,8.5
930,SFO,MCAIN-R,-110,100,8.5,8.5
930,MIL,JGUERRA-R,130,121,8.5,8.5
930,STL,LWEAVER-R,-150,-136,8.5,8.5
930,PIT,JTAILLON-R,200,239,7.5,7
930,WAS,MSCHERZER-R,-240,-279,7.5,7
930,NYM,SLUGO-R,-145,114,8,8.5
930,PHI,HALVAREZ-R,125,-124,8,8.5
930,ATL,LSIMS-R,103,117,9,9.5
930,MIA,ODESPAIGNE-R,-123,-132,9,9.5
930,LOS,CKERSHAW-L,-185,-220,9.5,9
930,COL,GMARQUEZ-R,165,190,9.5,9
930,TOR,MSTROMAN-R,145,145,9,8.5
930,NYY,CSABATHIA-L,-165,-160,9,8.5
930,BAL,MCASTRO-R,155,175,8.5,8.5
930,TAM,CARCHER-R,-175,-205,8.5,8.5
930,HOU,LMCCULLERS-R,-105,-114,9.5,8.5
930,BOS,DPOMERANZ-L,-105,104,9.5,8.5
930,CWS,CFULMER-R,250,330,7.5,7
930,CLE,CKLUBER-R,-300,-390,7.5,7
930,DET,BFARMER-R,135,178,9,9.5
930,MIN,ASLEGERS-R,-155,-208,9,9.5
930,OAK,DGOSSETT-R,115,117,10.5,11
930,TEX,ACASHNER-R,-135,-132,10.5,11
930,SEA,AALBERS-L,115,105,9,9
930,LAA,RNOLASCO-R,-135,-115,9,9
930,ARI,TWALKER-R,-114,108,9,9
930,KAN,JJUNIS-R,-106,-118,9,9
1001,PIT,SBRAULT-L,145,175,8.5,8.5
1001,WAS,GGONZALEZ-L,-165,-195,8.5,8.5
1001,NYM,NSYNDERGAARD-R,-105,125,9,8.5
1001,PHI,NPIVETTA-R,-115,-140,9,8.5
1001,SDG,LPERDOMO-R,120,135,8,8
1001,SFO,JCUETO-R,-140,-150,8,8
1001,ATL,MFRIED-L,130,154,9,9
1001,MIA,JURENA-R,-150,-169,9,9
1001,LOS,RSTRIPLING-R,-135,-152,11.5,11
1001,COL,KFREELAND-L,115,137,11.5,11
1001,MIL,AWILKERSON-R,130,109,9,8.5
1001,STL,JFLAHERTY-R,-150,-119,9,8.5
1001,CIN,DMCGUIRE-R,160,160,9,9
1001,CUB,MMONTGOMERY-L,-180,-180,9,9
1001,HOU,CMCHUGH-R,-150,-135,9.5,9
1001,BOS,HVELAZQUEZ-R,130,120,9.5,9
1001,OAK,DMENGDEN-R,125,130,10,10
1001,TEX,CHAMELS-L,-145,-145,10,10
1001,TOR,BANDERSON-L,135,165,9,8.5
1001,NYY,JMONTGOMERY-L,-155,-185,9,8.5
1001,SEA,JPAXTON-L,-115,-131,8.5,8.5
1001,LAA,PBRIDWELL-R,-105,116,8.5,8.5
1001,DET,ASANCHEZ-R,130,154,9.5,9
1001,MIN,BCOLON-R,-150,-174,9.5,9
1001,BAL,KGAUSMAN-R,101,116,8.5,8
1001,TAM,BSNELL-L,-121,-131,8.5,8
1001,CWS,CVOLSTAD-R,175,220,9,9
1001,CLE,JTOMLIN-R,-195,-260,9,9
1001,ARI,RRAY-L,-135,-129,9,9
1001,KAN,JVARGAS-L,115,119,9,9
1003,MIN,ESANTANA-R,200,205,7.5,7.5
1003,NYY,LSEVERINO-R,-230,-245,7.5,7.5
1004,COL,JGRAY-R,145,140,8.5,8.5
1004,ARI,ZGREINKE-R,-165,-155,8.5,8.5
1005,BOS,CSALE-L,104,109,7,7
1005,HOU,JVERLANDER-R,-124,-119,7,7
1005,NYY,SGRAY-R,101,116,8.5,8
1005,CLE,TBAUER-R,-121,-131,8.5,8
1006,CUB,KHENDRICKS-R,145,135,7,8
1006,WAS,SSTRASBURG-R,-165,-150,7,8
1006,ARI,TWALKER-R,210,221,7.5,7.5
1006,LOS,CKERSHAW-L,-250,-261,7.5,7.5
1006,BOS,DPOMERANZ-L,130,156,8,8
1006,HOU,DKEUCHEL-L,-150,-176,8,8
1006,NYY,CSABATHIA-L,205,180,7.5,7
1006,CLE,CKLUBER-R,-235,-210,7.5,7
1007,CUB,JLESTER-L,-106,107,8,9
1007,WAS,GGONZALEZ-L,-114,-117,8,9
1007,ARI,RRAY-L,113,133,8,8
1007,LOS,RHILL-L,-133,-148,8,8
1008,HOU,BPEACOCK-R,-140,-129,9.5,9.5
1008,BOS,DFISTER-R,120,119,9.5,9.5
1008,CLE,CCARRASCO-R,-109,101,8,8.5
1008,NYY,MTANAKA-R,-111,-111,8,8.5
1009,WAS,MSCHERZER-R,-129,-117,7.5,7.5
1009,CUB,JQUINTANA-L,109,107,7.5,7.5
1009,LOS,YDARVISH-R,-118,-118,9,9
1009,ARI,ZGREINKE-R,-102,108,9,9
1009,HOU,CMORTON-R,-114,-122,10.5,10
1009,BOS,RPORCELLO-R,-106,112,10.5,10
1009,CLE,TBAUER-R,144,135,7.5,7.5
1009,NYY,LSEVERINO-R,-164,-150,7.5,7.5
1011,NYY,CSABATHIA-L,168,163,7.5,7
1011,CLE,CKLUBER-R,-188,-183,7.5,7
1011,WAS,SSTRASBURG-R,138,-107,7.5,7
1011,CUB,JARRIETA-R,-158,-103,7.5,7
1012,CUB,KHENDRICKS-R,-131,-116,7.5,7.5
1012,WAS,GGONZALEZ-L,111,106,7.5,7.5
1013,NYY,MTANAKA-R,165,150,8.5,8
1013,HOU,DKEUCHEL-L,-185,-170,8.5,8
1014,CUB,JQUINTANA-L,165,170,7,7
1014,LOS,CKERSHAW-L,-185,-190,7,7
1014,NYY,LSEVERINO-R,115,108,7.5,7.5
1014,HOU,JVERLANDER-R,-135,-118,7.5,7.5
1015,CUB,JLESTER-L,125,150,7.5,8
1015,LOS,RHILL-L,-145,-170,7.5,8
1016,HOU,CMORTON-R,106,116,8.5,9
1016,NYY,CSABATHIA-L,-126,-131,8.5,9
1017,LOS,YDARVISH-R,-195,100,8.5,8.5
1017,CUB,KHENDRICKS-R,175,-110,8.5,8.5
1017,HOU,LMCCULLERS-R,150,109,9,9
1017,NYY,SGRAY-R,-170,-119,9,9
1018,LOS,AWOOD-L,-111,-129,9.5,9.5
1018,CUB,JARRIETA-R,-109,119,9.5,9.5
1018,HOU,DKEUCHEL-L,-126,-108,8,8
1018,NYY,MTANAKA-R,106,-102,8,8
1019,LOS,CKERSHAW-L,-148,-144,7,7
1019,CUB,JQUINTANA-L,128,129,7,7
1020,NYY,LSEVERINO-R,106,134,7.5,7.5
1020,HOU,JVERLANDER-R,-126,-149,7.5,7.5
1021,NYY,CSABATHIA-L,105,127,8,8
1021,HOU,CMORTON-R,-125,-142,8,8
1024,HOU,DKEUCHEL-L,150,162,7,7
1024,LOS,CKERSHAW-L,-170,-182,7,7
1025,HOU,JVERLANDER-R,-107,-111,7.5,7.5
1025,LOS,RHILL-L,-113,101,7.5,7.5
1027,LOS,YDARVISH-R,-105,131,8.5,8
1027,HOU,LMCCULLERS-R,-115,-146,8.5,8
1028,LOS,AWOOD-L,-112,-105,8,8.5
1028,HOU,CMORTON-R,-108,-105,8,8.5
1029,LOS,CKERSHAW-L,-140,-116,7,7
1029,HOU,DKEUCHEL-L,120,106,7,7
1031,HOU,JVERLANDER-R,-105,115,7.5,7.5
1031,LOS,RHILL-L,-105,-130,7.5,7.5
