Date,Team,Pitcher,Open,Close,OpenOU,CloseOU
401,PIT,CKUHL,183,190,7,6.5
401,CUB,KHENDRICK,-205,-210,7,6.5
401,ATL,MFRIED-L,-105,117,7.5,7.5
401,PHI,ANOLA,-105,-127,7.5,7.5
401,ARI,MBUMGARNE-L,188,205,8,8.5
401,SDG,YDARVISH,-210,-230,8,8.5
401,LAD,CKERSHAW-L,-210,-215,11.5,10.5
401,COL,GMARQUEZ,188,195,11.5,10.5
401,STL,JFLAHERTY,105,112,7.5,7
401,CIN,LCASTILLO,-115,-122,7.5,7
401,TOR,HRYU-L,149,170,8,8
401,NYY,GCOLE,-165,-185,8,8
401,CLE,SBIEBER,-190,-180,7.5,7.5
401,DET,MBOYD-L,170,165,7.5,7.5
401,TEX,KGIBSON,149,140,9.5,8.5
401,KAN,BKELLER,-165,-150,9.5,8.5
401,CWS,LGIOLITO,-115,-118,8.5,8
401,LAA,DBUNDY,105,108,8.5,8
401,HOU,ZGREINKE,-105,-102,8.5,8
401,OAK,CBASSITT,-105,-108,8.5,8
401,MIN,KMAEDA,-105,-101,8,7.5
401,MIL,BWOODRUFF,-105,-109,8,7.5
401,TAM,TGLASNOW,-140,-150,8,7
401,MIA,SALCANTAR,126,140,8,7
401,SFO,KGAUSMAN,-105,-118,8.5,8
401,SEA,MGONZALES-L,-105,108,8.5,8
402,LAD,TBAUER,-275,-240,11,12
402,COL,ASENZATEL,243,210,11,12
402,ARI,MKELLY,213,190,8.5,8
402,SDG,BSNELL-L,-240,-210,8.5,8
402,CWS,DKEUCHEL-L,-119,109,8.5,8.5
402,LAA,AHEANEY-L,109,-119,8.5,8.5
402,HOU,CJAVIER,115,114,8.5,8.5
402,OAK,JLUZARDO-L,-135,-124,8.5,8.5
402,TAM,RYARBROUG-L,-140,-101,7.5,7.5
402,MIA,PLOPEZ,120,-109,7.5,7.5
402,SFO,JCUETO,-110,104,8.5,8.5
402,SEA,YKIKUCHI-L,-110,-114,8.5,8.5
402,BAL,JMEANS-L,144,161,9,9
402,BOS,NEOVALDI,-165,-172,9,9
403,PIT,TANDERSON-L,144,149,11,11
403,CUB,JARRIETA,-165,-159,11,11
403,ATL,CMORTON,100,-112,8.5,7.5
403,PHI,ZWHEELER,-120,102,8.5,7.5
403,STL,AWAINWRIG,-110,108,9,9
403,CIN,TMAHLE,-110,-118,9,9
403,LAD,WBUEHLER,-225,-220,11.5,11.5
403,COL,JGRAY,188,200,11.5,11.5
403,ARI,CSMITH-L,176,190,8.5,8.5
403,SDG,JMUSGROVE,-210,-210,8.5,8.5
403,TOR,RSTRIPLIN,163,152,9,9
403,NYY,CKLUBER,-190,-162,9,9
403,CLE,ZPLESAC,-175,-152,8.5,8
403,DET,JTEHERAN,151,142,8.5,8
403,BAL,MHARVEY,155,156,10.5,10
403,BOS,THOUCK,-180,-166,10.5,10
403,TEX,KARIHARA,144,152,9.5,9
403,KAN,MMINOR-L,-165,-162,9.5,9
403,HOU,LMCCULLER,-135,-128,9,9
403,OAK,CIRVIN-L,115,118,9,9
403,CWS,LLYNN,-130,-115,8.5,9
403,LAA,ACOBB,110,105,8.5,9
403,TAM,RHILL-L,-125,-106,8,7.5
403,MIA,EHERNANDE,105,-104,8,7.5
403,MIN,JBERRIOS,-105,120,8,7.5
403,MIL,CBURNES,-115,-130,8,7.5
403,SFO,LWEBB,-125,-115,9,9
403,SEA,CFLEXEN,105,105,9,9
404,ATL,IANDERSON,-140,-112,8.5,8.5
404,PHI,ZEFLIN,120,102,8.5,8.5
404,STL,CMARTINEZ,-110,-112,9.5,9.5
404,CIN,JHOFFMAN,-110,102,9.5,9.5
404,PIT,MKELLER,148,171,8.5,8.5
404,CUB,ZDAVIES,-170,-186,8.5,8.5
404,LAD,JURIAS-L,-250,-210,12,12
404,COL,AGOMBER-L,207,190,12,12
404,ARI,TWIDENER,1124,180,9.5,9
404,SDG,CPADDACK,-2300,-200,9.5,9
404,TOR,TZEUCH,140,164,9.5,9.5
404,NYY,DGERMAN,-160,-178,9.5,9.5
404,CLE,ACIVALE,-150,-130,8.5,8
404,DET,TSKUBAL-L,130,120,8.5,8
404,BAL,BZIMMERMA-L,144,160,10,9.5
404,BOS,GRICHARDS,-165,-170,10,9.5
404,TEX,JLYLES,151,150,9.5,10
404,KAN,BSINGER,-175,-160,9.5,10
404,HOU,JURQUIDY,-110,106,8.5,8.5
404,OAK,SMANAEA-L,-110,-116,8.5,8.5
404,CWS,DCEASE,100,114,9,9.5
404,LAA,SOHTANI--,-120,-124,9,9.5
404,MIN,MPINEDA,-120,-105,8.5,8
404,MIL,AHOUSER,100,-105,8.5,8
405,STL,DPONCEDE,-110,106,8,8
405,MIA,TROGERS-L,-110,-116,8,8
405,PIT,JBRUBAKER,120,141,9,9
405,CIN,JDELEON,-140,-151,9,9
405,NYM,JDEGROM,-220,-188,7.5,7.5
405,PHI,MMOORE-L,184,173,7.5,7.5
405,MIL,BANDERSON-L,100,100,9.5,9.5
405,CUB,TWILLIAMS,-120,-110,9.5,9.5
405,SFO,ADESCLAFA,155,132,8.5,8
405,SDG,AMOREJON-L,-180,-142,8.5,8
405,MIN,MSHOEMAKE,-130,-152,8.5,9
405,DET,JURENA,110,142,8.5,9
405,TOR,SMATZ-L,-160,-145,10,9.5
405,TEX,MFOLTYNEW,140,135,10,9.5
405,KAN,DDUFFY-L,-115,115,8,9
405,CLE,LALLEN-L,-105,-125,8,9
405,BAL,JLOPEZ,176,205,9.5,10
405,NYY,JMONTGOME-L,-210,-230,9.5,10
405,TAM,MWACHA,-110,-113,9.5,9.5
405,BOS,NPIVETTA,-110,103,9.5,9.5
405,HOU,LGARCIA,105,105,9,10
405,LAA,JQUINTANA-L,-125,-115,9,10
405,CWS,CRODON-L,-120,-123,9,8
405,SEA,JSHEFFIEL-L,100,113,9,8
405,LAD,DMAY,-155,-155,9,8.5
405,OAK,FMONTAS,135,145,9,8.5
406,ATL,DSMYLY-L,135,106,8,7.5
406,WAS,MSCHERZER,-155,-116,8,7.5
406,STL,JGANT,-105,117,8,7.5
406,MIA,SALCANTAR,-115,-127,8,7.5
406,PIT,TCAHILL,130,145,9,9
406,CIN,WMILEY-L,-150,-155,9,9
406,NYM,MSTROMAN,-140,-123,9,9
406,PHI,CANDERSON,120,113,9,9
406,MIL,FPERALTA,100,103,9.5,9
406,CUB,AALZOLAY,-120,-113,9.5,9
406,ARI,LWEAVER,120,113,11,10.5
406,COL,GMARQUEZ,-140,-123,11,10.5
406,SFO,ASANCHEZ,192,170,8,8
406,SDG,YDARVISH,-230,-185,8,8
406,MIN,JHAPP-L,-155,-140,9,9
406,DET,CMIZE,135,130,9,9
406,HOU,ZGREINKE,-110,-102,9,9
406,LAA,DBUNDY,-110,-108,9,9
406,BAL,DKREMER,245,245,8.5,8
406,NYY,GCOLE,-300,-280,8.5,8
406,TAM,TGLASNOW,-150,-155,9,9
406,BOS,MPEREZ-L,130,145,9,9
406,TOR,TROARK,-130,-137,9.5,9.5
406,TEX,DDUNNING,110,127,9.5,9.5
406,CWS,LGIOLITO,-145,-150,7.5,7
406,SEA,JPAXTON-L,125,140,7.5,7
406,LAD,CKERSHAW-L,-190,-168,8,8.5
406,OAK,CBASSITT,163,158,8,8.5
407,PIT,CKUHL,163,180,8.5,8
407,CIN,LCASTILLO,-190,-200,8.5,8
407,MIL,BWOODRUFF,-110,-108,9,9
407,CUB,KHENDRICK,-110,-102,9,9
407,ATL,MFRIED-L,-160,-170,6.5,6.5
407,WAS,EFEDDE,140,160,6.5,6.5
407,NYM,DPETERSON-L,110,154,8,8
407,PHI,ANOLA,-130,-164,8,8
407,STL,JFLAHERTY,100,-115,7.5,7
407,MIA,PLOPEZ,-120,105,7.5,7
407,SFO,KGAUSMAN,130,138,8,7.5
407,SDG,BSNELL-L,-150,-148,8,7.5
407,ARI,MBUMGARNE-L,100,-118,11.5,11.5
407,COL,ASENZATEL,-120,108,11.5,11.5
407,MIN,KMAEDA,-175,-170,8,8.5
407,DET,MBOYD-L,151,160,8,8.5
407,TAM,RYARBROUG-L,-120,102,9,8.5
407,BOS,NEOVALDI,100,-112,9,8.5
407,KAN,JJUNIS,160,170,8,8
407,CLE,SBIEBER,-185,-185,8,8
407,TOR,HRYU-L,-190,-185,9,8.5
407,TEX,KGIBSON,163,170,9,8.5
407,CWS,DKEUCHEL-L,-155,-142,8.5,8.5
407,SEA,JDUNN,135,132,8.5,8.5
407,BAL,JMEANS-L,170,175,9,9
407,NYY,JTALLION,-200,-190,9,9
407,LAD,TBAUER,-190,-165,8.5,8
407,OAK,JLUZARDO-L,163,155,8.5,8
407,ATL,HYNOA,130,122,6.5,6.5
407,WAS,SSTRASBUR,-150,-132,6.5,6.5
408,MIA,NNEIDERT,163,165,8.5,8.5
408,NYM,TWALKER,-190,-180,8.5,8.5
408,CUB,JARRIETA,-151,-150,8.5,8.5
408,PIT,TANDERSON-L,131,140,8.5,8.5
408,ARI,MKELLY,105,117,12,11
408,COL,JGRAY,-125,-127,12,11
408,MIL,CBURNES,-140,-140,8,7.5
408,STL,AWAINWRIG,120,130,8,7.5
408,BOS,ERODRIGUE-L,-180,-148,9.5,9
408,BAL,MHARVEY,155,138,9.5,9
408,SEA,MGONZALES-L,155,196,8,8
408,MIN,JBERRIOS,-180,-216,8,8
408,KAN,BKELLER,135,155,9,8
408,CWS,LLYNN,-155,-165,9,8
408,LAA,GCANNING,-110,-101,9.5,10
408,TOR,RSTRIPLIN,-110,-109,9.5,10
408,OAK,CIRVIN-L,144,156,9.5,10
408,HOU,CJAVIER,-165,-166,9.5,10
409,COL,AGOMBER-L,110,141,8.5,8.5
409,SFO,JCUETO,-130,-151,8.5,8.5
409,WAS,JROSS,215,245,8.5,8.5
409,LAD,WBUEHLER,-260,-280,8.5,8.5
409,PHI,ZWHEELER,-105,115,8.5,7.5
409,ATL,CMORTON,-115,-125,8.5,7.5
409,CIN,TMAHLE,-111,-143,9,9.5
409,ARI,TWIDENER,-109,133,9,9.5
409,NYY,CKLUBER,-145,-129,8.5,8
409,TAM,RHILL-L,125,119,8.5,8
409,LAA,AHEANEY-L,-117,-125,10.5,11
409,TOR,DPHELPS,-103,115,10.5,11
409,DET,DHOLLAND-L,155,170,8.5,9.5
409,CLE,ZPLESAC,-180,-185,8.5,9.5
409,OAK,SMANAEA-L,148,161,9,8.5
409,HOU,LMCCULLER,-170,-172,9,8.5
409,SDG,JMUSGROVE,-175,-187,9,9
409,TEX,KARIHARA,151,172,9,9
410,MIA,TROGERS-L,226,240,7,6.5
410,NYM,JDEGROM,-275,-270,7,6.5
410,MIL,AHOUSER,-120,102,8.5,8
410,STL,CMARTINEZ,100,-112,8.5,8
410,COL,CGONZALEZ,140,160,8.5,8.5
410,SFO,LWEBB,-160,-170,8.5,8.5
410,CUB,ZDAVIES,-165,-157,8,8.5
410,PIT,MKELLER,144,147,8,8.5
410,PHI,ZEFLIN,130,124,8,8
410,ATL,IANDERSON,-150,-134,8,8
410,CIN,JHOFFMAN,-135,-122,9.5,9.5
410,ARI,RSMITH,115,112,9.5,9.5
410,WAS,PCORBIN-L,176,157,7.5,7.5
410,LAD,JURIAS-L,-210,-167,7.5,7.5
410,NYY,DGERMAN,-135,-138,8.5,9.5
410,TAM,CARCHER,115,128,8.5,9.5
410,SEA,YKIKUCHI-L,163,170,8.5,8
410,MIN,MPINEDA,-190,-185,8.5,8
410,LAA,JQUINTANA-L,100,-101,11,10.5
410,TOR,SMATZ-L,-120,-109,11,10.5
410,OAK,FMONTAS,140,141,9,9
410,HOU,JURQUIDY,-160,-151,9,9
410,DET,TSKUBAL-L,155,150,9,8.5
410,CLE,ACIVALE,-180,-160,9,8.5
410,BOS,GRICHARDS,-135,-127,9.5,9.5
410,BAL,BZIMMERMA-L,115,117,9.5,9.5
410,SDG,CPADDACK,-170,-153,9,9
410,TEX,JLYLES,148,143,9,9
411,CUB,TWILLIAMS,-160,-132,8.5,8
411,PIT,JBRUBAKER,140,122,8.5,8
411,MIL,BANDERSON-L,110,120,8.5,8.5
411,STL,DPONCEDE,-130,-130,8.5,8.5
411,COL,GMARQUEZ,100,115,8,7.5
411,SFO,ADESCLAFA,-120,-125,8,7.5
411,WAS,MSCHERZER,163,140,7.5,7.5
411,LAD,CKERSHAW-L,-190,-150,7.5,7.5
411,CIN,JDELEON,-120,-108,9,9
411,ARI,LWEAVER,100,-102,9,9
411,PHI,MMOORE-L,120,153,8.5,9
411,ATL,DSMYLY-L,-140,-163,8.5,9
411,BOS,NPIVETTA,-140,-140,9.5,9.5
411,BAL,JLOPEZ,120,130,9.5,9.5
411,DET,JURENA,163,150,9,9.5
411,CLE,LALLEN-L,-190,-160,9,9.5
411,NYY,JMONTGOME-L,-154,-138,9,8.5
411,TAM,BHONEYWEL,134,128,9,8.5
411,SEA,CFLEXEN,160,165,8.5,8.5
411,MIN,MSHOEMAKE,-185,-180,8.5,8.5
411,KAN,MMINOR-L,120,102,9,8.5
411,CWS,DCEASE,-140,-112,9,8.5
411,SDG,AMOREJON-L,-170,-160,9,9
411,TEX,MFOLTYNEW,148,150,9,9
412,SDG,YDARVISH,-210,-196,8.5,7.5
412,PIT,TCAHILL,188,178,8.5,7.5
412,MIA,SALCANTAR,149,124,8.5,8.5
412,ATL,HYNOA,-165,-134,8.5,8.5
412,CUB,AALZOLAY,135,116,8.5,8.5
412,MIL,FPERALTA,-150,-126,8.5,8.5
412,WAS,EFEDDE,131,128,8.5,8.5
412,STL,JGANT,-145,-138,8.5,8.5
412,CIN,WMILEY-L,114,101,8.5,8.5
412,SFO,ASANCHEZ,-125,-111,8.5,8.5
412,NYY,GCOLE,-195,-192,9,9
412,TOR,RRAY-L,166,176,9,9
412,TEX,DDUNNING,183,185,7.5,7
412,TAM,TGLASNOW,-205,-205,7.5,7
412,CLE,TMCKENZIE,135,115,8.5,8.5
412,CWS,DKEUCHEL-L,-150,-125,8.5,8.5
412,LAA,ACOBB,-130,-111,9,9
412,KAN,BSINGER,118,101,9,9
412,DET,CMIZE,199,220,8.5,9
412,HOU,ZGREINKE,-240,-250,8.5,9
412,OAK,CBASSITT,-130,-125,9.5,9.5
412,ARI,MBUMGARNE-L,110,115,9.5,9.5
413,SDG,BSNELL-L,-215,-240,7.5,8
413,PIT,CKUHL,180,210,7.5,8
413,PHI,CANDERSON,-125,140,7.5,6.5
413,NYM,TWALKER,105,-150,7.5,6.5
413,MIA,PLOPEZ,163,148,8,7.5
413,ATL,MFRIED-L,-190,-158,8,7.5
413,CUB,AMILLS,125,133,7.5,7.5
413,MIL,BWOODRUFF,-145,-143,7.5,7.5
413,WAS,SSTRASBUR,-101,-106,7.5,7
413,STL,JFLAHERTY,-119,-104,7.5,7
413,CIN,LCASTILLO,-101,-101,7.5,7.5
413,SFO,KGAUSMAN,-119,-109,7.5,7.5
413,COL,ASENZATEL,274,280,8,8
413,LAD,TBAUER,-340,-320,8,8
413,BOS,MPEREZ-L,130,112,8.5,9
413,MIN,JHAPP-L,-150,-122,8.5,9
413,SEA,NMARGEVIC-L,120,120,9,7
413,BAL,DKREMER,-140,-130,9,7
413,NYY,JTALLION,105,103,9,9
413,TOR,HRYU-L,-125,-113,9,9
413,TEX,KGIBSON,155,153,8,8
413,TAM,RYARBROUG-L,-180,-163,8,8
413,LAA,DBUNDY,-125,-132,9,8.5
413,KAN,DDUFFY-L,105,122,9,8.5
413,CLE,SBIEBER,-110,103,7,6.5
413,CWS,LGIOLITO,-110,-113,7,6.5
413,DET,MBOYD-L,148,163,9,9.5
413,HOU,JODORIZZI,-170,-176,9,9.5
413,OAK,JLUZARDO-L,-112,-105,9,8.5
413,ARI,ZGALLEN,-108,-105,9,8.5
413,PHI,ANOLA,-125,-119,5.5,5.5
413,NYM,MSTROMAN,105,109,5.5,5.5
413,SEA,JSHEFFIEL-L,158,126,6,6
413,BAL,JMEANS-L,-183,-136,6,6
414,WAS,JROSS,105,106,8.5,8.5
414,STL,AWAINWRIG,-125,-116,8.5,8.5
414,CUB,JARRIETA,148,162,7.5,7.5
414,MIL,CBURNES,-170,-174,7.5,7.5
414,CIN,TMAHLE,-110,-118,7.5,8.5
414,SFO,JCUETO,-110,108,7.5,8.5
414,SDG,JMUSGROVE,-230,-192,8,7.5
414,PIT,TANDERSON-L,192,176,8,7.5
414,PHI,ZWHEELER,-130,-114,8,8
414,NYM,DPETERSON-L,110,104,8,8
414,MIA,NNEIDERT,170,220,8.5,8.5
414,ATL,CMORTON,-200,-250,8.5,8.5
414,COL,JGRAY,215,225,7.5,7.5
414,LAD,DMAY,-260,-255,7.5,7.5
414,NYY,CKLUBER,-120,-140,10.5,10.5
414,TOR,TZEUCH,100,130,10.5,10.5
414,LAA,GCANNING,-130,-126,9.5,8.5
414,KAN,BKELLER,110,116,9.5,8.5
414,BOS,NEOVALDI,125,120,6,6
414,MIN,KMAEDA,-145,-130,6,6
414,TEX,KARIHARA,155,174,8.5,8
414,TAM,JFLEMING-L,-180,-189,8.5,8
414,DET,MFULMER,192,168,9,8
414,HOU,LMCCULLER,-230,-183,9,8
414,CLE,ZPLESAC,-110,101,7.5,7.5
414,CWS,CRODON-L,-110,-111,7.5,7.5
414,BOS,ERODRIGUE-L,123,135,6,6
414,MIN,JBERRIOS,-143,-145,6,6
415,MIA,TROGERS-L,151,147,8,8
415,ATL,IANDERSON,-175,-157,8,8
415,SDG,CPADDACK,-180,-145,8,7.5
415,PIT,MKELLER,155,135,8,7.5
415,ARI,MKELLY,140,161,9,8.5
415,WAS,PCORBIN-L,-160,-172,9,8.5
415,COL,AGOMBER-L,245,240,7.5,7.5
415,LAD,JURIAS-L,-300,-270,7.5,7.5
415,BOS,GRICHARDS,140,125,8.5,8.5
415,MIN,MPINEDA,-160,-135,8.5,8.5
415,CLE,ACIVALE,110,145,7.5,7.5
415,CWS,LLYNN,-130,-155,7.5,7.5
415,TEX,JLYLES,148,165,8,8
415,TAM,RHILL-L,-170,-180,8,8
415,TOR,AKAY-L,100,105,9,9
415,KAN,JJUNIS,-120,-115,9,9
415,DET,TSKUBAL-L,140,163,8.5,8.5
415,OAK,SMANAEA-L,-160,-176,8.5,8.5
415,SEA,MGONZALES-L,-123,-108,7.5,7
415,BAL,MHARVEY,103,-102,7.5,7
415,SEA,JDUNN,113,125,7.5,7
415,BAL,BZIMMERMA-L,-133,-135,7.5,7
416,ATL,KWRIGHT,-115,100,7.5,8
416,CUB,ZDAVIES,-105,-110,7.5,8
416,ARI,TWIDENER,170,176,8,8.5
416,WAS,MSCHERZER,-200,-192,8,8.5
416,STL,CMARTINEZ,110,134,9,8
416,PHI,ZEFLIN,-130,-144,9,8
416,SFO,ADESCLAFA,-131,-130,8.5,8.5
416,MIA,DCASTANO-L,111,120,8.5,8.5
416,PIT,JBRUBAKER,144,131,8.5,8
416,MIL,AHOUSER,-165,-141,8.5,8
416,LAD,WBUEHLER,-165,-147,7.5,8
416,SDG,RWEATHERS,144,137,7.5,8
416,TAM,MWACHA,-110,149,4.5,9.5
416,NYY,NNELSON,-110,-159,4.5,9.5
416,BAL,JLOPEZ,105,109,9,8.5
416,TEX,MFOLTYNEW,-125,-119,9,8.5
416,MIN,LTHORPE-L,146,116,9,9
416,LAA,AHEANEY-L,-168,-126,9,9
416,DET,JURENA,144,170,8.5,8.5
416,OAK,FMONTAS,-165,-185,8.5,8.5
416,HOU,JURQUIDY,-120,-108,8,8
416,SEA,YKIKUCHI-L,100,-102,8,8
416,CLE,LALLEN-L,-110,107,9,9
416,CIN,JHOFFMAN,-110,-117,9,9
417,ARI,LWEAVER,-120,103,9,8.5
417,WAS,EFEDDE,100,-113,9,8.5
417,ATL,HYNOA,-135,-111,8.5,7.5
417,CUB,TWILLIAMS,115,101,8.5,7.5
417,STL,KKIM-L,-130,-102,8.5,8.5
417,PHI,MMOORE-L,110,-108,8.5,8.5
417,SFO,ASANCHEZ,100,120,7.5,7.5
417,MIA,SALCANTAR,-120,-130,7.5,7.5
417,PIT,TCAHILL,130,119,8.5,8
417,MIL,BANDERSON-L,-150,-129,8.5,8
417,NYM,JLUCCHESI-L,-120,-118,10.5,8
417,COL,GMARQUEZ,100,108,10.5,8
417,LAD,CKERSHAW-L,-145,-116,7.5,7
417,SDG,YDARVISH,125,106,7.5,7
417,TAM,TGLASNOW,-130,-105,8.5,7.5
417,NYY,JMONTGOME-L,110,-105,8.5,7.5
417,TOR,SMATZ-L,-130,-105,9,6.5
417,KAN,MMINOR-L,110,-105,9,6.5
417,CWS,DCEASE,102,117,9,9
417,BOS,NPIVETTA,-122,-127,9,9
417,DET,CMIZE,110,118,9,9
417,OAK,CIRVIN-L,-130,-128,9,9
417,BAL,DKREMER,113,125,8,8.5
417,TEX,DDUNNING,-133,-135,8,8.5
417,HOU,ZGREINKE,-145,-128,8,8.5
417,SEA,CFLEXEN,125,118,8,8.5
417,CLE,TMCKENZIE,120,127,8.5,8
417,CIN,SGRAY,-140,-137,8.5,8
417,NYM,JDEGROM,-275,-280,7,6.5
417,COL,CGONZALEZ,226,245,7,6.5
417,TOR,TMILONE-L,102,-115,7.5,7.5
417,KAN,ESANTANA,-112,105,7.5,7.5
418,STL,JGANT,152,163,8,8
418,PHI,ANOLA,-176,-176,8,8
418,ARI,MBUMGARNE-L,192,132,8.5,9.5
418,WAS,PESPINO,-231,-142,8.5,9.5
418,SFO,AWOOD-L,106,128,8,8
418,MIA,PLOPEZ,-126,-138,8,8
418,PIT,CKUHL,155,180,8.5,7.5
418,MIL,FPERALTA,-180,-200,8.5,7.5
418,NYM,MSTROMAN,-175,-180,10,11
418,COL,ASENZATEL,151,165,10,11
418,LAD,TBAUER,-140,-125,8,7.5
418,SDG,BSNELL-L,120,115,8,7.5
418,ATL,BWILSON,123,130,9,9
418,CUB,KHENDRICK,-143,-140,9,9
418,TAM,AKITTREDG,195,220,8,7.5
418,NYY,GCOLE,-235,-250,8,7.5
418,CWS,DKEUCHEL-L,-113,-102,7,7
418,BOS,THOUCK,-107,-108,7,7
418,TOR,RRAY-L,-135,102,9,8.5
418,KAN,BSINGER,115,-112,9,8.5
418,BAL,JMEANS-L,-110,-110,8.5,8
418,TEX,KGIBSON,-110,100,8.5,8
418,DET,MBOYD-L,110,140,8.5,8.5
418,OAK,CBASSITT,-130,-150,8.5,8.5
418,HOU,JODORIZZI,-110,-122,9,9
418,SEA,NMARGEVIC-L,-110,112,9,9
418,CLE,SBIEBER,-145,-155,7.5,7
418,CIN,WMILEY-L,125,145,7.5,7
418,CWS,MKOPECH,-110,-115,7,7
418,BOS,MPEREZ-L,-110,105,7,7
419,STL,JFLAHERTY,-110,-108,8,8
419,WAS,JROSS,-110,-102,8,8
419,SFO,KGAUSMAN,-110,-105,8.5,8.5
419,PHI,CANDERSON,-110,-105,8.5,8.5
419,MIL,BWOODRUFF,115,155,7,6.5
419,SDG,JMUSGROVE,-135,-165,7,6.5
419,CWS,LGIOLITO,-110,-115,8,7.5
419,BOS,NEOVALDI,-110,105,8,7.5
419,TAM,JFLEMING-L,100,-102,8.5,7.5
419,KAN,DDUFFY-L,-120,-108,8.5,7.5
419,TEX,KARIHARA,176,200,8,8.5
419,LAA,DBUNDY,-210,-220,8,8.5
419,LAD,DMAY,-205,-196,8.5,8.5
419,SEA,JSHEFFIEL-L,172,178,8.5,8.5
420,ARI,ZGALLEN,110,132,8,7.5
420,CIN,LCASTILLO,-130,-142,8,7.5
420,STL,AWAINWRIG,-110,101,9,9
420,WAS,PCORBIN-L,-110,-111,9,9
420,SFO,LWEBB,140,135,8.5,8.5
420,PHI,ZWHEELER,-160,-145,8.5,8.5
420,NYM,TWALKER,-140,-125,7.5,7.5
420,CUB,JARRIETA,120,115,7.5,7.5
420,MIL,CBURNES,105,-112,7,6.5
420,SDG,CPADDACK,-125,102,7,6.5
420,CWS,CRODON-L,-120,-108,8,7
420,CLE,ZPLESAC,100,-102,8,7
420,TOR,HRYU-L,-105,-107,8.5,8
420,BOS,ERODRIGUE-L,-115,-103,8.5,8
420,TAM,RHILL-L,-103,-105,8.5,8
420,KAN,BKELLER,-117,-105,8.5,8
420,TEX,JLYLES,176,169,8.5,8.5
420,LAA,SOHTANI--,-210,-184,8.5,8.5
420,MIN,JBERRIOS,-105,-116,6,5.5
420,OAK,JLUZARDO-L,-115,106,6,5.5
420,LAD,JURIAS-L,-210,-190,8.5,8
420,SEA,MGONZALES-L,176,175,8.5,8
420,ATL,CMORTON,100,108,9,8.5
420,NYY,JTAILLON,-120,-118,9,8.5
420,BAL,MHARVEY,125,108,8,8.5
420,MIA,NNEIDERT,-145,-118,8,8.5
420,HOU,LGARCIA,-123,-112,10.5,10
420,COL,JGRAY,103,102,10.5,10
420,MIN,MSHOEMAKE,113,105,6.5,6.5
420,OAK,SMANAEA-L,-133,-115,6.5,6.5
421,SFO,ADESCLAFA,100,110,8,8
421,PHI,ZEFLIN,-120,-120,8,8
421,STL,CMARTINEZ,160,149,8.5,7.5
421,WAS,MSCHERZER,-185,-159,8.5,7.5
421,MIL,AHOUSER,170,178,7.5,7.5
421,SDG,DLAMET,-200,-196,7.5,7.5
421,ARI,MKELLY,148,158,9,8
421,CIN,TMAHLE,-170,-168,9,8
421,NYM,DPETERSON-L,-135,-123,7.5,7.5
421,CUB,ZDAVIES,115,113,7.5,7.5
421,MIN,KMAEDA,-120,102,8,7.5
421,OAK,FMONTAS,100,-112,8,7.5
421,TEX,MFOLTYNEW,140,161,9,9
421,LAA,JQUINTANA-L,-160,-172,9,9
421,TOR,TTHORNTON,106,118,10,9.5
421,BOS,GRICHARDS,-126,-128,10,9.5
421,TAM,MWACHA,-110,-110,8.5,8
421,KAN,JJUNIS,-110,100,8.5,8
421,BAL,BZIMMERMA-L,115,145,8,7.5
421,MIA,TROGERS-L,-135,-155,8,7.5
421,HOU,JURQUIDY,-135,-140,10.5,10
421,COL,AGOMBER-L,115,130,10.5,10
421,ATL,IANDERSON,110,130,9,9
421,NYY,CKLUBER,-130,-140,9,9
421,PIT,TANDERSON-L,101,113,6,6
421,DET,MFULMER,-121,-123,6,6
421,PIT,MYAJURE,101,123,6,6.5
421,DET,STURNBULL,-121,-133,6,6.5
422,ARI,TWIDENER,135,132,8.5,8.5
422,CIN,JHOFFMAN,-150,-142,8.5,8.5
422,NYM,JLUCCHESI-L,-135,100,9.5,9.5
422,CUB,TWILLIAMS,122,-110,9.5,9.5
422,MIA,DCASTANO-L,131,130,8,8
422,SFO,ASANCHEZ,-145,-140,8,8
422,SDG,RWEATHERS,157,159,7.5,7.5
422,LAD,WBUEHLER,-175,-169,7.5,7.5
422,NYY,DGERMAN,-110,102,8.5,8
422,CLE,ACIVALE,-110,-112,8.5,8
422,SEA,JDUNN,153,154,9.5,9.5
422,BOS,NPIVETTA,-170,-164,9.5,9.5
422,LAA,ACOBB,114,114,9,9
422,HOU,CJAVIER,-125,-124,9,9
422,PIT,MKELLER,104,105,8.5,8.5
422,DET,JURENA,-124,-115,8.5,8.5
423,MIL,BANDERSON-L,122,148,10,9
423,CUB,KHENDRICK,-142,-158,10,9
423,WAS,EFEDDE,223,260,7,7
423,NYM,JDEGROM,-271,-300,7,7
423,ARI,LWEAVER,105,145,8.5,8.5
423,ATL,HYNOA,-125,-155,8.5,8.5
423,CIN,SGRAY,-125,-106,8,8
423,STL,KKIM-L,105,-104,8,8
423,PHI,VVELASQUE,120,113,10.5,10.5
423,COL,GMARQUEZ,-140,-123,10.5,10.5
423,MIA,SALCANTAR,105,124,7.5,7
423,SFO,AWOOD-L,-125,-134,7.5,7
423,SDG,YDARVISH,140,136,7,6.5
423,LAD,CKERSHAW-L,-160,-146,7,6.5
423,OAK,CIRVIN-L,-130,-127,9,9
423,BAL,JLOPEZ,110,117,9,9
423,SEA,YKIKUCHI-L,110,131,9,9
423,BOS,MPEREZ-L,-130,-141,9,9
423,NYY,JMONTGOME-L,-130,-154,8.5,8.5
423,CLE,LALLEN-L,110,144,8.5,8.5
423,KAN,MMINOR-L,-140,-110,8.5,8.5
423,DET,CMIZE,120,100,8.5,8.5
423,TOR,SMATZ-L,130,151,7,7
423,TAM,TGLASNOW,-150,-161,7,7
423,LAA,AHEANEY-L,110,150,8.5,8
423,HOU,ZGREINKE,-130,-160,8.5,8
423,TEX,DDUNNING,125,129,9,8
423,CWS,DCEASE,-145,-139,9,8
423,PIT,JBRUBAKER,125,143,8.5,8
423,MIN,JHAPP-L,-145,-153,8.5,8
424,CIN,WMILEY-L,-119,100,8.5,8.5
424,STL,JGANT,-101,-110,8.5,8.5
424,MIL,FPERALTA,-125,-105,8,7.5
424,CUB,AALZOLAY,105,-105,8,7.5
424,WAS,JROSS,163,171,8,8
424,NYM,MSTROMAN,-190,-186,8,8
424,PHI,ANOLA,-155,-174,10,10
424,COL,ASENZATEL,135,162,10,10
424,MIA,PLOPEZ,144,137,7,7
424,SFO,KGAUSMAN,-165,-147,7,7
424,SDG,BSNELL-L,140,136,7,7
424,LAD,TBAUER,-160,-146,7,7
424,SEA,CFLEXEN,163,177,9,9
424,BOS,NEOVALDI,-190,-194,9,9
424,KAN,BSINGER,-115,-114,7.5,8
424,DET,MBOYD-L,-105,104,7.5,8
424,LAA,GCANNING,125,137,9,8.5
424,HOU,JODORIZZI,-145,-147,9,8.5
424,NYY,GCOLE,-105,-120,6.5,6.5
424,CLE,SBIEBER,-115,110,6.5,6.5
424,TOR,RRAY-L,-105,127,8.5,8.5
424,TAM,BHONEYWEL,-115,-137,8.5,8.5
424,OAK,CBASSITT,-150,-158,10,9
424,BAL,WLEBLANC-L,130,148,10,9
424,TEX,KGIBSON,144,160,8,7.5
424,CWS,DKEUCHEL-L,-165,-170,8,7.5
424,PIT,TCAHILL,170,190,8,8
424,MIN,MPINEDA,-200,-210,8,8
425,WAS,PCORBIN-L,135,135,8.5,7.5
425,NYM,TWALKER,-160,-145,8.5,7.5
425,CIN,LCASTILLO,100,115,8,7
425,STL,JFLAHERTY,-120,-125,8,7
425,MIL,BWOODRUFF,-140,-132,6.5,6.5
425,CUB,JARRIETA,120,122,6.5,6.5
425,PHI,CANDERSON,-105,100,10.5,11.5
425,COL,JGRAY,-115,-110,10.5,11.5
425,MIA,RDETWILER-L,130,146,8,8
425,SFO,LWEBB,-150,-156,8,8
425,SDG,JMUSGROVE,110,114,7.5,7
425,LAD,DMAY,-130,-124,7.5,7
425,OAK,JLUZARDO-L,-140,-123,8,8
425,BAL,JMEANS-L,120,113,8,8
425,SEA,NMARGEVIC-L,175,175,9,8.5
425,BOS,ERODRIGUE-L,-210,-190,9,8.5
425,NYY,JTAILLON,-125,-126,8.5,8
425,CLE,TMCKENZIE,105,116,8.5,8
425,KAN,DDUFFY-L,-135,-115,8,8.5
425,DET,MFULMER,115,105,8,8.5
425,TOR,HRYU-L,-130,-116,7.5,7.5
425,TAM,LPATINO,110,106,7.5,7.5
425,TEX,KARIHARA,175,165,7.5,7.5
425,CWS,MKOPECH,-210,-180,7.5,7.5
425,LAA,DBUNDY,115,128,8,8
425,HOU,LMCCULLER,-135,-138,8,8
425,PIT,WCROWE,175,170,8,8.5
425,MIN,MSHOEMAKE,-210,-185,8,8.5
425,ARI,ZGALLEN,115,119,7,6.5
425,ATL,BWILSON,-135,-129,7,6.5
425,ARI,MBUMGARNE-L,165,170,7,6.5
425,ATL,DSMYLY-L,-195,-185,7,6.5
426,CUB,ZDAVIES,140,179,8.5,8.5
426,ATL,CMORTON,-165,-198,8.5,8.5
426,MIA,TROGERS-L,150,153,6.5,6.5
426,MIL,CBURNES,-180,-163,6.5,6.5
426,PHI,ZWHEELER,-110,-107,8,8
426,STL,AWAINWRIG,-110,-103,8,8
426,COL,AGOMBER-L,140,155,7.5,7.5
426,SFO,ADESCLAFA,-165,-165,7.5,7.5
426,CIN,TMAHLE,145,170,7,7.5
426,LAD,JURIAS-L,-170,-185,7,7.5
426,KAN,BKELLER,-110,-105,7.5,8.5
426,DET,STURNBULL,-110,-105,7.5,8.5
426,MIN,JBERRIOS,-120,-119,8,7
426,CLE,ZPLESAC,100,109,8,7
426,NYY,DGARCIA,-180,-160,9,9
426,BAL,MHARVEY,150,150,9,9
426,OAK,SMANAEA-L,-120,-108,8.5,8.5
426,TAM,RHILL-L,100,-102,8.5,8.5
426,LAA,SOHTANI--,-170,-160,9,9
426,TEX,JLYLES,145,150,9,9
426,SEA,JSHEFFIEL-L,140,164,9,9
426,HOU,JURQUIDY,-165,-177,9,9
427,CUB,TWILLIAMS,145,150,8.5,8.5
427,ATL,IANDERSON,-170,-160,8.5,8.5
427,MIA,DCASTANO-L,140,135,8,8
427,MIL,AHOUSER,-165,-145,8,8
427,PHI,ZEFLIN,-110,-109,8.5,8
427,STL,CMARTINEZ,-110,-101,8.5,8
427,SDG,CPADDACK,-165,-148,9,9.5
427,ARI,MKELLY,140,138,9,9.5
427,COL,CGONZALEZ,145,155,8,7.5
427,SFO,ASANCHEZ,-170,-165,8,7.5
427,CIN,JHOFFMAN,185,230,7.5,7.5
427,LAD,WBUEHLER,-225,-260,7.5,7.5
427,MIN,KMAEDA,-110,-113,8.5,7.5
427,CLE,ACIVALE,-110,103,8.5,7.5
427,NYY,CKLUBER,-170,-176,10,9
427,BAL,BZIMMERMA-L,145,163,10,9
427,OAK,FMONTAS,-125,102,8.5,8.5
427,TAM,MWACHA,105,-112,8.5,8.5
427,LAA,JQUINTANA-L,-160,-152,9,9
427,TEX,MFOLTYNEW,135,142,9,9
427,DET,JURENA,190,215,8,7.5
427,CWS,LGIOLITO,-235,-245,8,7.5
427,SEA,MGONZALES-L,150,175,8.5,8.5
427,HOU,CJAVIER,-180,-190,8.5,8.5
427,KAN,JJUNIS,-115,103,8,8
427,PIT,TANDERSON-L,-105,-113,8,8
427,WAS,MSCHERZER,-150,-117,8.5,8.5
427,TOR,TTHORNTON,130,107,8.5,8.5
427,BOS,GRICHARDS,130,136,8.5,8.5
427,NYM,DPETERSON-L,-150,-146,8.5,8.5
428,MIA,SALCANTAR,-110,-113,7.5,8
428,MIL,ZGODLEY,-110,103,7.5,8
428,CIN,SGRAY,170,190,7.5,7.5
428,LAD,CKERSHAW-L,-200,-210,7.5,7.5
428,CUB,KHENDRICK,115,123,8.5,9
428,ATL,HYNOA,-135,-133,8.5,9
428,PHI,VVELASQUE,100,-105,8.5,8.5
428,STL,JOVIEDO,-120,-105,8.5,8.5
428,SDG,RWEATHERS-L,-160,-156,9,9
428,ARI,RSMITH,135,146,9,9
428,COL,GMARQUEZ,115,132,7,7
428,SFO,AWOOD-L,-135,-142,7,7
428,MIN,JHAPP-L,-125,-122,9.5,8.5
428,CLE,LALLEN-L,105,112,9.5,8.5
428,NYY,DGERMAN,-180,-147,9.5,10
428,BAL,DKREMER,150,137,9.5,10
428,OAK,CIRVIN-L,145,160,7.5,7.5
428,TAM,TGLASNOW,-170,-170,7.5,7.5
428,LAA,ACOBB,-130,-125,8.5,9
428,TEX,DDUNNING,110,115,8.5,9
428,SEA,JDUNN,180,190,8.5,8.5
428,HOU,ZGREINKE,-220,-210,8.5,8.5
428,KAN,MMINOR-L,-130,-125,8,8
428,PIT,MKELLER,110,115,8,8
428,BOS,NPIVETTA,200,240,7,7
428,NYM,JDEGROM,-250,-270,7,7
428,WAS,EFEDDE,140,163,9.5,9.5
428,TOR,SMATZ-L,-165,-176,9.5,9.5
429,PHI,ANOLA,-135,-117,7,7
429,STL,KKIM-L,115,107,7,7
429,CUB,AALZOLAY,125,120,9,9.5
429,ATL,BWILSON,-145,-130,9,9.5
429,LAD,TBAUER,-160,-200,7.5,7.5
429,MIL,ELAUER-L,135,180,7.5,7.5
429,COL,ASENZATEL,135,118,9,9
429,ARI,LWEAVER,-160,-128,9,9
429,NYY,JMONTGOME-L,-170,-180,9,9.5
429,BAL,JLOPEZ,145,165,9,9.5
429,OAK,CBASSITT,-110,102,8,7.5
429,TAM,SMCCLANAH-L,-110,-112,8,7.5
429,SEA,YKIKUCHI-L,135,150,9,9
429,HOU,LGARCIA,-160,-160,9,9
429,BOS,MPEREZ-L,-135,-109,9,8.5
429,TEX,KGIBSON,115,-101,9,8.5
429,DET,CMIZE,175,180,6,6
429,CWS,CRODON-L,-210,-200,6,6
429,DET,MBOYD-L,120,136,6,6
429,CWS,DCEASE,-140,-146,6,6
430,STL,JGANT,-120,106,7.5,8
430,PIT,JBRUBAKER,100,-116,7.5,8
430,NYM,MSTROMAN,-145,-160,8.5,8.5
430,PHI,CANDERSON,125,150,8.5,8.5
430,MIA,PLOPEZ,-110,-125,8,8.5
430,WAS,JLESTER-L,-110,115,8,8.5
430,CUB,JARRIETA,105,110,9,8.5
430,CIN,WMILEY-L,-125,-120,9,8.5
430,LAD,EUCETA,-130,-102,7.5,8
430,MIL,FPERALTA,110,-108,7.5,8
430,COL,JGRAY,105,115,8.5,8.5
430,ARI,MBUMGARNE-L,-125,-125,8.5,8.5
430,SFO,LWEBB,170,178,7.5,7.5
430,SDG,YDARVISH,-200,-196,7.5,7.5
430,DET,TSKUBAL-L,280,330,7.5,7.5
430,NYY,GCOLE,-350,-400,7.5,7.5
430,HOU,LMCCULLER,-125,-126,7.5,8
430,TAM,RYARBROUG-L,105,116,7.5,8
430,BOS,NEOVALDI,-170,-155,8.5,8.5
430,TEX,KARIHARA,145,145,8.5,8.5
430,KAN,BSINGER,115,130,7.5,8.5
430,MIN,MPINEDA,-135,-140,7.5,8.5
430,CLE,SBIEBER,-145,-138,6.5,7
430,CWS,DKEUCHEL-L,125,128,6.5,7
430,BAL,JMEANS-L,110,119,7.5,8
430,OAK,MFIERS,-130,-129,7.5,8
430,LAA,AHEANEY-L,-145,-148,8,8.5
430,SEA,CFLEXEN,125,138,8,8.5
430,ATL,DSMYLY-L,-105,110,10.5,9.5
430,TOR,RRAY-L,-115,-120,10.5,9.5
501,MIA,PCAMPBELL,105,137,8.5,7.5
501,WAS,PCORBIN-L,-125,-147,8.5,7.5
501,CUB,ZDAVIES,135,145,9,8.5
501,CIN,LCASTILLO,-160,-155,9,8.5
501,NYM,TWALKER,100,-103,7.5,8
501,PHI,ZWHEELER,-120,-107,7.5,8
501,STL,JFLAHERTY,-135,-150,7.5,7
501,PIT,TCAHILL,115,140,7.5,7
501,LAD,DMAY,-115,-125,7,7
501,MIL,BWOODRUFF,-105,115,7,7
501,COL,AGOMBER-L,150,161,8,8.5
501,ARI,ZGALLEN,-180,-172,8,8.5
501,SFO,ADESCLAFA,145,162,7,7
501,SDG,BSNELL-L,-170,-174,7,7
501,DET,STURNBULL,175,195,8,8.5
501,NYY,JTAILLON,-210,-215,8,8.5
501,KAN,DDUFFY-L,-105,134,9,8
501,MIN,MSHOEMAKE,-115,-144,9,8
501,CLE,TMCKENZIE,145,152,8.5,8
501,CWS,LLYNN,-170,-162,8.5,8
501,BAL,MHARVEY,145,170,8,8
501,OAK,JLUZARDO-L,-170,-185,8,8
501,HOU,JURQUIDY,-110,-109,8,7.5
501,TAM,JFLEMING-L,-110,-101,8,7.5
501,BOS,ERODRIGUE-L,-180,-174,8.5,8.5
501,TEX,JLYLES,150,162,8.5,8.5
501,LAA,GCANNING,-140,-136,8.5,8.5
501,SEA,LNEWSOME,120,126,8.5,8.5
501,ATL,CMORTON,-140,-138,10.5,10.5
501,TOR,TBERGEN-L,120,128,10.5,10.5
502,MIA,TROGERS-L,125,143,7,7
502,WAS,MSCHERZER,-145,-153,7,7
502,STL,CMARTINEZ,-140,-130,8.5,8
502,PIT,WCROWE,120,120,8.5,8
502,CUB,TWILLIAMS,135,152,8.5,9
502,CIN,TMAHLE,-160,-162,8.5,9
502,LAD,JURIAS-L,-190,-200,8.5,8
502,MIL,ABETTINGE,160,180,8.5,8
502,COL,CGONZALEZ,130,132,9,9
502,ARI,MKELLY,-150,-142,9,9
502,SFO,KGAUSMAN,145,165,6.5,7
502,SDG,JMUSGROVE,-170,-180,6.5,7
502,NYM,DPETERSON-L,-105,115,9,8
502,PHI,ZEFLIN,-115,-125,9,8
502,DET,JURENA,200,210,9,8
502,NYY,CKLUBER,-250,-240,9,8
502,HOU,CJAVIER,-135,-125,8,8
502,TAM,RHILL-L,115,115,8,8
502,CLE,ZPLESAC,140,148,8,7.5
502,CWS,LGIOLITO,-165,-158,8,7.5
502,KAN,BKELLER,150,190,8.5,8.5
502,MIN,JBERRIOS,-180,-210,8.5,8.5
502,BOS,GRICHARDS,-145,-120,9,9
502,TEX,MFOLTYNEW,125,110,9,9
502,BAL,BZIMMERMA-L,160,180,8.5,8.5
502,OAK,SMANAEA-L,-190,-200,8.5,8.5
502,LAA,DBUNDY,-140,-154,8,8.5
502,SEA,JSHEFFIEL-L,120,144,8,8.5
502,ATL,IANDERSON,-140,-125,10.5,10.5
502,TOR,RSTRIPLIN,120,115,10.5,10.5
503,MIL,AHOUSER,-110,-110,8.5,9
503,PHI,VVELASQUE,-110,100,8.5,9
503,NYM,JLUCCHESI-L,110,120,8.5,8.5
503,STL,AWAINWRIG,-130,-130,8.5,8.5
503,PIT,TANDERSON-L,155,164,8,9
503,SDG,MDIAZ,-185,-178,8,9
503,TEX,DDUNNING,155,163,8.5,8.5
503,MIN,KMAEDA,-185,-176,8.5,8.5
503,CLE,ACIVALE,-105,-112,8.5,8.5
503,KAN,DLYNCH-L,-115,102,8.5,8.5
503,TAM,TGLASNOW,-110,-148,8,7.5
503,LAA,JQUINTANA-L,-110,138,8,7.5
503,TOR,SMATZ-L,-110,110,8.5,8.5
503,OAK,FMONTAS,-110,-120,8.5,8.5
503,BAL,DKREMER,120,115,8.5,8.5
503,SEA,ESWANSON,-140,-125,8.5,8.5
504,ARI,RSMITH,120,135,7.5,8
504,MIA,SALCANTAR,-140,-145,7.5,8
504,ATL,HYNOA,-130,-124,9,9
504,WAS,JROSS,110,114,9,9
504,MIL,ELAUER-L,165,155,7.5,7.5
504,PHI,ANOLA,-195,-165,7.5,7.5
504,PIT,MKELLER,190,215,7.5,8
504,SDG,DLAMET,-235,-245,7.5,8
504,HOU,ZGREINKE,-110,105,8.5,8.5
504,NYY,DGERMAN,-110,-115,8.5,8.5
504,DET,MFULMER,160,160,8.5,9
504,BOS,NPIVETTA,-190,-170,8.5,9
504,TEX,KGIBSON,125,145,8.5,8.5
504,MIN,JHAPP-L,-145,-155,8.5,8.5
504,CLE,PMATON,105,127,9,9.5
504,KAN,MMINOR-L,-125,-137,9,9.5
504,TAM,SMCCLANAH-L,-105,103,8.5,8.5
504,LAA,ACOBB,-115,-113,8.5,8.5
504,TOR,AKAY-L,-105,110,8.5,8.5
504,OAK,CIRVIN-L,-115,-120,8.5,8.5
504,BAL,JLOPEZ,110,111,8.5,8.5
504,SEA,JDUNN,-130,-121,8.5,8.5
504,CWS,DCEASE,-125,101,9.5,9
504,CIN,JHOFFMAN,105,-111,9.5,9
504,SFO,ASANCHEZ,-110,115,7.5,7.5
504,COL,GMARQUEZ,-110,-125,7.5,7.5
504,LAD,CKERSHAW-L,-200,-170,5.5,5
504,CUB,KHENDRICK,170,160,5.5,5
504,LAD,TBAUER,-220,-230,6,5.5
504,CUB,KTHOMPSON,180,205,6,5.5
504,SFO,AWOOD-L,-135,-153,8,8
504,COL,RCASTELLA,115,143,8,8
505,SFO,LWEBB,-105,102,10.5,10
505,COL,JGRAY,-115,-112,10.5,10
505,ARI,LWEAVER,130,101,7.5,8
505,MIA,RDETWILER-L,-150,-111,7.5,8
505,ATL,MFRIED-L,-135,-131,8.5,9
505,WAS,EFEDDE,115,121,8.5,9
505,MIL,FPERALTA,-140,-132,8.5,7.5
505,PHI,CANDERSON,120,122,8.5,7.5
505,LAD,WBUEHLER,-185,-159,7.5,7.5
505,CUB,AALZOLAY,155,149,7.5,7.5
505,PIT,JBRUBAKER,210,202,6.5,6.5
505,SDG,YDARVISH,-260,-222,6.5,6.5
505,BAL,JMEANS-L,-110,102,7.5,7.5
505,SEA,YKIKUCHI-L,-110,-112,7.5,7.5
505,HOU,LGARCIA,115,121,9,9.5
505,NYY,JMONTGOME-L,-135,-131,9,9.5
505,DET,CMIZE,165,164,9,9
505,BOS,MPEREZ-L,-195,-178,9,9
505,TEX,HYANG-L,140,163,9,8.5
505,MIN,LTHORPE-L,-165,-176,9,8.5
505,CLE,SBIEBER,-180,-154,7,7
505,KAN,BSINGER,150,144,7,7
505,TAM,AKITTREDG,105,-104,8.5,8.5
505,LAA,SOHTANI--,-125,-106,8.5,8.5
505,TOR,RRAY-L,110,122,8.5,8
505,OAK,CBASSITT,-130,-132,8.5,8
505,CWS,DKEUCHEL-L,110,116,8.5,8
505,CIN,SGRAY,-130,-126,8.5,8
505,NYM,MSTROMAN,-110,-116,6,6
505,STL,KKIM-L,-110,106,6,6
505,NYM,MCASTRO,100,105,6.5,6.5
505,STL,JOVIEDO,-120,-115,6.5,6.5
506,MIL,BWOODRUFF,-120,-119,7,6.5
506,PHI,ZWHEELER,100,109,7,6.5
506,NYM,TWALKER,-115,-108,8,8
506,STL,JGANT,-105,-102,8,8
506,ATL,DSMYLY-L,105,-113,9.5,9
506,WAS,JLESTER-L,-125,103,9.5,9
506,ARI,MBUMGARNE-L,120,127,7.5,7.5
506,MIA,PLOPEZ,-140,-137,7.5,7.5
506,HOU,LMCCULLER,170,175,7.5,7.5
506,NYY,GCOLE,-200,-190,7.5,7.5
506,DET,STURNBULL,185,177,8.5,8
506,BOS,NEOVALDI,-225,-194,8.5,8
506,TEX,JLYLES,170,162,8.5,8.5
506,MIN,MPINEDA,-200,-174,8.5,8.5
506,CLE,TMCKENZIE,115,123,8.5,8
506,KAN,DDUFFY-L,-135,-133,8.5,8
506,TOR,HRYU-L,-150,-130,8,8.5
506,OAK,MFIERS,130,120,8,8.5
506,TAM,CMCHUGH,115,134,8.5,8
506,LAA,AHEANEY-L,-135,-144,8.5,8
507,PIT,TCAHILL,120,138,7.5,7.5
507,CUB,ZDAVIES,-140,-148,7.5,7.5
507,MIL,BSUTER-L,120,118,7,6.5
507,MIA,TROGERS-L,-140,-128,7,6.5
507,ARI,ZGALLEN,115,118,8,7
507,NYM,DPETERSON-L,-135,-128,8,7
507,PHI,ZEFLIN,130,132,8.5,8
507,ATL,CMORTON,-150,-142,8.5,8
507,COL,AGOMBER-L,175,190,7,7.5
507,STL,JFLAHERTY,-210,-210,7,7.5
507,SDG,BSNELL-L,-135,-142,7,7.5
507,SFO,ADESCLAFA,115,132,7,7.5
507,BOS,ERODRIGUE-L,-160,-152,9,8.5
507,BAL,MHARVEY,135,142,9,8.5
507,MIN,MSHOEMAKE,-145,-146,9,9
507,DET,TSKUBAL-L,125,136,9,9
507,SEA,CFLEXEN,-115,109,9,8.5
507,TEX,MFOLTYNEW,-105,-119,9,8.5
507,CWS,CRODON-L,-160,-144,8.5,8.5
507,KAN,BKELLER,135,134,8.5,8.5
507,TOR,RSTRIPLIN,110,131,9,9
507,HOU,JURQUIDY,-130,-141,9,9
507,TAM,RHILL-L,125,117,8,7.5
507,OAK,SMANAEA-L,-145,-127,8,7.5
507,WAS,PCORBIN-L,160,160,9.5,8.5
507,NYY,JTAILLON,-190,-170,9.5,8.5
507,CIN,WMILEY-L,110,129,8.5,8
507,CLE,ZPLESAC,-130,-139,8.5,8
507,LAD,JURIAS-L,-170,-166,8.5,8.5
507,LAA,GCANNING,145,156,8.5,8.5
508,COL,CGONZALEZ,150,170,8.5,7.5
508,STL,CMARTINEZ,-180,-185,8.5,7.5
508,PIT,WCROWE,150,175,8,8
508,CUB,TWILLIAMS,-180,-190,8,8
508,SDG,JMUSGROVE,-130,-133,7,7
508,SFO,KGAUSMAN,110,123,7,7
508,MIL,AHOUSER,-125,-115,8,8
508,MIA,DCASTANO-L,105,105,8,8
508,ARI,MKELLY,115,135,8,8
508,NYM,THUNTER,-135,-145,8,8
508,PHI,VVELASQUE,150,147,8.5,9
508,ATL,IANDERSON,-180,-157,8.5,9
508,TAM,TGLASNOW,-145,-125,7.5,7.5
508,OAK,FMONTAS,125,115,7.5,7.5
508,MIN,JBERRIOS,-180,-180,8,7.5
508,DET,JURENA,150,165,8,7.5
508,SEA,ESWANSON,-110,-102,9,9.5
508,TEX,KARIHARA,-110,-108,9,9.5
508,BOS,GRICHARDS,-145,-134,9,9
508,BAL,ZLOWTHER-L,125,124,9,9
508,TOR,SMATZ-L,125,130,9,9
508,HOU,CJAVIER,-145,-140,9,9
508,CWS,LLYNN,-185,-166,8.5,9
508,KAN,DLYNCH-L,155,156,8.5,9
508,WAS,MSCHERZER,105,102,8,8
508,NYY,CKLUBER,-125,-112,8,8
508,CIN,LCASTILLO,-105,101,8.5,8
508,CLE,ACIVALE,-115,-111,8.5,8
508,LAD,CKERSHAW-L,-160,-143,8.5,8
508,LAA,DBUNDY,135,133,8.5,8
509,MIL,BANDERSON-L,110,127,7.5,7
509,MIA,SALCANTAR,-130,-137,7.5,7
509,ARI,RSMITH,270,270,6.5,7
509,NYM,JDEGROM,-340,-310,6.5,7
509,COL,GMARQUEZ,120,136,7.5,7
509,STL,AWAINWRIG,-140,-146,7.5,7
509,PIT,TANDERSON-L,155,149,6,6
509,CUB,KHENDRICK,-185,-159,6,6
509,SDG,CPADDACK,-125,-130,7.5,8
509,SFO,JCUETO,105,120,7.5,8
509,PHI,ANOLA,-110,-105,8,7.5
509,ATL,HYNOA,-110,-105,8,7.5
509,BOS,NPIVETTA,-145,-130,9,9
509,BAL,DKREMER,125,120,9,9
509,CWS,LGIOLITO,-160,-142,8.5,7.5
509,KAN,MMINOR-L,135,132,8.5,7.5
509,TOR,NPEARSON,130,140,9,9
509,HOU,ZGREINKE,-150,-150,9,9
509,SEA,JSHEFFIEL-L,110,120,8.5,8
509,TEX,DDUNNING,-130,-130,8.5,8
509,TAM,SMCCLANAH-L,-105,110,8,7.5
509,OAK,CIRVIN-L,-115,-120,8,7.5
509,WAS,JROSS,130,140,9.5,9
509,NYY,DGERMAN,-150,-150,9.5,9
509,LAD,TBAUER,-185,-180,8.5,8.5
509,LAA,JQUINTANA-L,155,165,8.5,8.5
510,CIN,TMAHLE,-140,-155,8,7.5
510,PIT,MKELLER,120,145,8,7.5
510,MIA,JHOLLOWAY,110,108,8.5,9
510,ARI,LWEAVER,-130,-118,8.5,9
510,BOS,MPEREZ-L,-145,-132,9.5,9
510,BAL,JLOPEZ,125,122,9.5,9
510,LAA,JGUERRA,145,165,9.5,9.5
510,HOU,LGARCIA,-170,-180,9.5,9.5
510,TEX,KGIBSON,115,128,7,7
510,SFO,AWOOD-L,-135,-138,7,7
511,CIN,JHOFFMAN,-105,108,8,7.5
511,PIT,JBRUBAKER,-115,-118,8,7.5
511,PHI,CANDERSON,-105,110,9,9
511,WAS,EFEDDE,-115,-120,9,9
511,STL,KKIM-L,105,115,7.5,7
511,MIL,FPERALTA,-125,-125,7.5,7
511,SDG,DLAMET,-190,-163,9.5,9.5
511,COL,ASENZATEL,160,153,9.5,9.5
511,MIA,PLOPEZ,-110,101,8,8
511,ARI,MBUMGARNE-L,-110,-111,8,8
511,KAN,BSINGER,-130,-129,7.5,8
511,DET,MBOYD-L,110,119,7.5,8
511,OAK,CBASSITT,120,110,9,8.5
511,BOS,NEOVALDI,-140,-120,9,8.5
511,NYY,JMONTGOME-L,-125,-119,8,8
511,TAM,LPATINO,105,109,8,8
511,MIN,KMAEDA,100,102,8.5,7.5
511,CWS,DCEASE,-120,-112,8.5,7.5
511,LAA,SOHTANI--,115,138,8.5,8.5
511,HOU,LMCCULLER,-135,-148,8.5,8.5
511,TEX,JLYLES,130,135,8,8
511,SFO,LWEBB,-150,-145,8,8
511,CUB,AALZOLAY,150,170,7,7
511,CLE,SBIEBER,-180,-185,7,7
511,BAL,JMEANS-L,120,146,7,6.5
511,NYM,MSTROMAN,-140,-156,7,6.5
511,TOR,RRAY-L,130,-107,8.5,9.5
511,ATL,BWILSON,-150,-103,8.5,9.5
511,SEA,YKIKUCHI-L,215,210,7.5,7
511,LAD,WBUEHLER,-265,-240,7.5,7
512,CIN,SGRAY,-160,-167,7.5,7
512,PIT,TCAHILL,135,157,7.5,7
512,SDG,YDARVISH,-165,-148,7,6.5
512,COL,JGRAY,140,138,7,6.5
512,PHI,ZWHEELER,-135,-126,8.5,8.5
512,WAS,JLESTER-L,115,116,8.5,8.5
512,STL,JGANT,135,164,7,7.5
512,MIL,BWOODRUFF,-160,-177,7,7.5
512,MIA,CPOTEET,105,115,7.5,9
512,ARI,MPEACOCK,-125,-125,7.5,9
512,KAN,DDUFFY-L,-135,-150,8,8
512,DET,CMIZE,115,140,8,8
512,OAK,JKAPRIELI,135,136,9,9.5
512,BOS,ERODRIGUE-L,-160,-146,9,9.5
512,NYY,GCOLE,-210,-190,7.5,7
512,TAM,CMCHUGH,175,175,7.5,7
512,MIN,JHAPP-L,110,120,8.5,8
512,CWS,DKEUCHEL-L,-130,-130,8.5,8
512,LAA,AHEANEY-L,105,150,9,8.5
512,HOU,JURQUIDY,-125,-160,9,8.5
512,BAL,MHARVEY,155,161,8,7
512,NYM,TWALKER,-185,-172,8,7
512,CUB,ZDAVIES,-105,120,9,8.5
512,CLE,SHENTGES-L,-115,-130,9,8.5
512,TOR,HRYU-L,-120,100,8.5,7.5
512,ATL,MFRIED-L,100,-110,8.5,7.5
512,SEA,JDUNN,200,230,8,8
512,LAD,JURIAS-L,-250,-260,8,8
512,SDG,BSNELL-L,-170,-156,8,7.5
512,COL,AGOMBER-L,145,146,8,7.5
513,PHI,ZEFLIN,-120,100,8.5,8
513,WAS,PCORBIN-L,100,-110,8.5,8
513,STL,JFLAHERTY,110,125,7,6.5
513,MIL,CBURNES,-130,-135,7,6.5
513,SFO,ADESCLAFA,-160,-145,8,8
513,PIT,WCROWE,135,135,8,8
513,CIN,LCASTILLO,-130,-157,10,11.5
513,COL,CGONZALEZ,110,147,10,11.5
513,MIA,TROGERS-L,-120,-125,8,8.5
513,ARI,MKELLY,100,115,8,8.5
513,KAN,DLYNCH-L,100,-105,9,9
513,DET,STURNBULL,-120,-105,9,9
513,MIN,MPINEDA,115,116,7.5,7.5
513,CWS,LLYNN,-135,-126,7.5,7.5
513,OAK,SMANAEA-L,-105,-101,9,9
513,BOS,GRICHARDS,-115,-109,9,9
513,NYY,JTAILLON,-140,-116,8.5,8
513,TAM,RHILL-L,120,106,8.5,8
513,TEX,MFOLTYNEW,170,180,9,9
513,HOU,CJAVIER,-200,-200,9,9
513,CLE,ZPLESAC,-135,-120,8,7.5
513,SEA,LGILBERT,115,110,8,7.5
513,TOR,RSTRIPLIN,130,145,9,8.5
513,ATL,CMORTON,-150,-155,9,8.5
514,SFO,KGAUSMAN,-150,-184,7.5,7.5
514,PIT,MYAJURE,130,169,7.5,7.5
514,ATL,DSMYLY-L,105,124,8,7.5
514,MIL,AHOUSER,-125,-134,8,7.5
514,CIN,WMILEY-L,-110,-105,10,10.5
514,COL,GMARQUEZ,-110,-105,10,10.5
514,WAS,MSCHERZER,-200,-186,8.5,9
514,ARI,RSMITH,170,171,8.5,9
514,MIA,SALCANTAR,180,209,7,6.5
514,LAD,CKERSHAW-L,-220,-229,7,6.5
514,STL,JOVIEDO,130,158,7,7
514,SDG,JMUSGROVE,-150,-168,7,7
514,KAN,BKELLER,185,176,6,6
514,CWS,LGIOLITO,-225,-192,6,6
514,NYY,CKLUBER,-190,-168,9,8.5
514,BAL,DKREMER,160,158,9,8.5
514,LAA,GCANNING,105,101,9.5,9.5
514,BOS,NPIVETTA,-125,-111,9.5,9.5
514,TEX,WBENJAMIN-L,175,196,9,9
514,HOU,ZGREINKE,-210,-216,9,9
514,KAN,JJUNIS,160,156,6.5,6.5
514,CWS,MKOPECH,-190,-166,6.5,6.5
514,OAK,FMONTAS,-120,-112,9,8.5
514,MIN,MSHOEMAKE,100,102,9,8.5
514,CLE,ACIVALE,-135,-112,8,7.5
514,SEA,CFLEXEN,115,102,8,7.5
514,CUB,JARRIETA,-140,-146,8.5,9
514,DET,TSKUBAL-L,120,136,8.5,9
514,NYM,DPETERSON-L,135,147,7,6.5
514,TAM,TGLASNOW,-160,-157,7,6.5
514,PHI,VVELASQUE,120,134,10.5,11
514,TOR,SMATZ-L,-140,-144,10.5,11
515,SFO,JCUETO,-135,-120,7.5,7.5
515,PIT,TANDERSON-L,115,110,7.5,7.5
515,ATL,IANDERSON,-120,-110,7.5,8
515,MIL,BANDERSON-L,100,100,7.5,8
515,CIN,TMAHLE,-180,-169,11,11
515,COL,JCHACIN,150,159,11,11
515,WAS,JROSS,-120,-124,9,10
515,ARI,SFRANKOFF,100,114,9,10
515,STL,AWAINWRIG,115,107,7,7
515,SDG,CPADDACK,-135,-117,7,7
515,MIA,JHOLLOWAY,260,250,7.5,7.5
515,LAD,TBAUER,-320,-290,7.5,7.5
515,OAK,CIRVIN-L,120,125,8.5,8.5
515,MIN,JBERRIOS,-140,-135,8.5,8.5
515,LAA,DBUNDY,-110,-113,9.5,10
515,BOS,MPEREZ-L,-110,103,9.5,10
515,NYY,DGERMAN,-180,-154,9,8.5
515,BAL,JLOPEZ,150,144,9,8.5
515,KAN,MMINOR-L,160,174,8.5,8
515,CWS,CRODON-L,-190,-189,8.5,8
515,TEX,DDUNNING,155,145,9,8.5
515,HOU,LGARCIA,-185,-155,9,8.5
515,CLE,TMCKENZIE,-120,-109,8,8.5
515,SEA,JSHEFFIEL-L,100,-101,8,8.5
515,NYM,DSMITH,105,132,8,7.5
515,TAM,SMCCLANAH-L,-125,-142,8,7.5
515,CUB,TWILLIAMS,-125,-152,8.5,9
515,DET,JURENA,105,142,8.5,9
515,PHI,ANOLA,-150,-143,9.5,10
515,TOR,AKAY-L,130,133,9.5,10
516,SFO,AWOOD-L,-160,-170,8,7.5
516,PIT,MKELLER,135,160,8,7.5
516,ATL,HYNOA,-105,120,7,7
516,MIL,FPERALTA,-115,-130,7,7
516,CIN,JHOFFMAN,-125,-105,11.5,11
516,COL,ASENZATEL,105,-105,11.5,11
516,MIA,PLOPEZ,145,135,8,7.5
516,LAD,JNELSON,-170,-145,8,7.5
516,WAS,EFEDDE,-120,-105,9.5,9
516,ARI,LWEAVER,100,-105,9.5,9
516,STL,KKIM-L,125,100,7,7.5
516,SDG,RWEATHERS-L,-145,-110,7,7.5
516,NYY,JMONTGOME-L,-170,-160,9,9
516,BAL,APLUTKO,145,150,9,9
516,LAA,JQUINTANA-L,130,144,9.5,9.5
516,BOS,NEOVALDI,-150,-154,9.5,9.5
516,TEX,KGIBSON,155,155,8,7.5
516,HOU,LMCCULLER,-185,-165,8,7.5
516,OAK,CBASSITT,-110,102,8.5,8.5
516,MIN,KMAEDA,-110,-112,8.5,8.5
516,KAN,BSINGER,135,160,8.5,8.5
516,CWS,DCEASE,-160,-170,8.5,8.5
516,CLE,SBIEBER,-200,-200,7.5,7.5
516,SEA,RDUGGER,170,180,7.5,7.5
516,PHI,CANDERSON,130,176,10.5,10
516,TOR,RRAY-L,-150,-192,10.5,10
516,CUB,KHENDRICK,-140,-142,8,8
516,DET,MBOYD-L,120,132,8,8
516,NYM,MSTROMAN,-115,-105,7.5,7.5
516,TAM,JFLEMING-L,-105,-105,7.5,7.5
517,SFO,LWEBB,130,120,8,8
517,CIN,SGRAY,-150,-130,8,8
517,NYM,TWALKER,110,148,7.5,8
517,ATL,MFRIED-L,-130,-158,7.5,8
517,WAS,JLESTER-L,110,144,8,8
517,CUB,AALZOLAY,-130,-154,8,8
517,ARI,MBUMGARNE-L,165,187,7,7
517,LAD,WBUEHLER,-195,-207,7,7
517,COL,JGRAY,165,195,7,6.5
517,SDG,YDARVISH,-195,-215,7,6.5
517,CWS,DKEUCHEL-L,-115,100,8.5,9.5
517,MIN,JHAPP-L,-105,-110,8.5,9.5
517,NYY,GCOLE,-290,-260,8,8
517,TEX,JLYLES,235,230,8,8
517,CLE,SHENTGES-L,100,125,9,9.5
517,LAA,PSANDOVAL-L,-120,-135,9,9.5
517,DET,CMIZE,140,160,8,7.5
517,SEA,YKIKUCHI-L,-165,-170,8,7.5
518,SFO,ADESCLAFA,110,107,8.5,8
518,CIN,LCASTILLO,-130,-117,8.5,8
518,MIA,CPOTEET,155,162,7.5,7.5
518,PHI,ZWHEELER,-185,-174,7.5,7.5
518,NYM,MCASTRO,125,137,8.5,8.5
518,ATL,TDAVIDSON-L,-145,-147,8.5,8.5
518,WAS,PCORBIN-L,-115,-105,8.5,9
518,CUB,ZDAVIES,-105,-105,8.5,9
518,PIT,JBRUBAKER,130,110,7.5,7.5
518,STL,JGANT,-150,-120,7.5,7.5
518,ARI,CMARTIN,200,230,7.5,7.5
518,LAD,JURIAS-L,-250,-260,7.5,7.5
518,COL,AGOMBER-L,175,190,7,7
518,SDG,BSNELL-L,-210,-210,7,7
518,TAM,LPATINO,-150,-150,8.5,9
518,BAL,MHARVEY,130,140,8.5,9
518,BOS,ERODRIGUE-L,125,112,9.5,9
518,TOR,HRYU-L,-145,-122,9.5,9
518,CWS,LLYNN,-120,-145,8,8.5
518,MIN,BOBER,100,135,8,8.5
518,NYY,JTAILLON,-170,-143,9.5,8.5
518,TEX,MFOLTYNEW,145,133,9.5,8.5
518,CLE,ZPLESAC,115,100,8.5,7.5
518,LAA,AHEANEY-L,-135,-110,8.5,7.5
518,HOU,CJAVIER,-105,-116,8.5,8
518,OAK,SMANAEA-L,-115,106,8.5,8
518,DET,STURNBULL,105,103,8,8
518,SEA,JDUNN,-125,-113,8,8
518,MIL,BWOODRUFF,-195,-170,7.5,7.5
518,KAN,KBUBIC-L,165,160,7.5,7.5
519,COL,CGONZALEZ,205,260,7.5,8
519,SDG,JMUSGROVE,-255,-300,7.5,8
519,SFO,KGAUSMAN,-120,-118,8,8.5
519,CIN,WMILEY-L,100,108,8,8.5
519,MIA,TROGERS-L,110,109,7.5,7.5
519,PHI,ZEFLIN,-130,-119,7.5,7.5
519,NYM,DPETERSON-L,130,177,8,7.5
519,ATL,CMORTON,-150,-194,8,7.5
519,WAS,MSCHERZER,-140,-156,9.5,9
519,CUB,JARRIETA,120,146,9.5,9
519,PIT,TCAHILL,180,200,7,7
519,STL,JFLAHERTY,-220,-220,7,7
519,ARI,MPEACOCK,255,270,7.5,7.5
519,LAD,CKERSHAW-L,-315,-310,7.5,7.5
519,CWS,LGIOLITO,-145,-125,8.5,9
519,MIN,MSHOEMAKE,125,115,8.5,9
519,TAM,RYARBROUG-L,-110,-106,8,8
519,BAL,JMEANS-L,-110,-104,8,8
519,BOS,GRICHARDS,105,103,10.5,9.5
519,TOR,RSTRIPLIN,-125,-113,10.5,9.5
519,NYY,CKLUBER,-170,-168,9,9
519,TEX,HYANG-L,145,158,9,9
519,CLE,ACIVALE,110,106,7.5,8
519,LAA,SOHTANI--,-130,-116,7.5,8
519,HOU,ZGREINKE,-110,-121,8,8.5
519,OAK,FMONTAS,-110,111,8,8.5
519,DET,TSKUBAL-L,110,138,8.5,8
519,SEA,LGILBERT,-130,-148,8.5,8
519,MIL,CBURNES,-170,-196,7.5,7.5
519,KAN,BKELLER,145,178,7.5,7.5
520,SFO,JCUETO,120,135,8.5,8.5
520,CIN,TMAHLE,-140,-145,8.5,8.5
520,WAS,JROSS,110,-102,10.5,10.5
520,CUB,TWILLIAMS,-130,-108,10.5,10.5
520,MIA,SALCANTAR,105,-107,8,8.5
520,PHI,DHALE,-125,-103,8,8.5
520,PIT,WCROWE,165,189,8.5,9
520,ATL,DSMYLY-L,-195,-209,8.5,9
520,ARI,MKELLY,160,180,8.5,8.5
520,LAD,DPRICE-L,-190,-200,8.5,8.5
520,TAM,RHILL-L,-160,-150,9,9
520,BAL,DKREMER,135,140,9,9
520,NYY,DGERMAN,-135,-115,8.5,7.5
520,TEX,DDUNNING,115,105,8.5,7.5
520,HOU,LGARCIA,-115,-117,8.5,8.5
520,OAK,CIRVIN-L,-105,107,8.5,8.5
520,MIN,LTHORPE-L,-125,100,7,7
520,LAA,ACOBB,105,-110,7,7
520,MIN,JBERRIOS,-140,-119,6.5,6
520,LAA,GCANNING,120,109,6.5,6
520,BOS,NPIVETTA,115,109,10,10
520,TOR,SMATZ-L,-135,-119,10,10
521,NYM,MSTROMAN,110,-105,7.5,7
521,MIA,JCURTISS,-130,-105,7.5,7
521,MIL,AHOUSER,-115,-129,9,9.5
521,CIN,JHOFFMAN,-105,119,9,9.5
521,PIT,TANDERSON-L,160,175,8,8
521,ATL,IANDERSON,-190,-190,8,8
521,CUB,KHENDRICK,-110,-124,8,8.5
521,STL,CMARTINEZ,-110,114,8,8.5
521,ARI,SFRANKOFF,125,139,11,11.5
521,COL,GMARQUEZ,-145,-149,11,11.5
521,LAD,TBAUER,-160,-121,6.5,7
521,SFO,AWOOD-L,135,111,6.5,7
521,CWS,CRODON-L,-110,100,8.5,8
521,NYY,JMONTGOME-L,-110,-110,8.5,8
521,MIN,RDOBNAK,-110,119,8.5,9
521,CLE,TMCKENZIE,-110,-129,8.5,9
521,TAM,TGLASNOW,-145,-154,9,9
521,TOR,AKAY-L,125,144,9,9
521,HOU,TIVEY,-125,-124,8.5,9
521,TEX,KGIBSON,105,114,8.5,9
521,DET,JURENA,125,154,8.5,8.5
521,KAN,MMINOR-L,-145,-164,8.5,8.5
521,OAK,JKAPRIELI,-125,100,9,9
521,LAA,JQUINTANA-L,105,-110,9,9
521,BAL,JLOPEZ,175,176,8,8.5
521,WAS,SSTRASBUR,-210,-192,8,8.5
521,BOS,MPEREZ-L,145,136,8,8.5
521,PHI,ANOLA,-170,-146,8,8.5
521,SEA,CFLEXEN,175,195,7.5,7.5
521,SDG,CPADDACK,-210,-215,7.5,7.5
522,ARI,MBUMGARNE-L,-110,-112,10.5,11
522,COL,ASENZATEL,-110,102,10.5,11
522,MIL,BANDERSON-L,125,144,8.5,9
522,CIN,SGRAY,-145,-154,8.5,9
522,PIT,MKELLER,170,180,9.5,9.5
522,ATL,BWILSON,-200,-200,9.5,9.5
522,NYM,JLUCCHESI-L,155,141,7.5,7
522,MIA,PLOPEZ,-185,-151,7.5,7
522,LAD,WBUEHLER,-170,-151,7,7.5
522,SFO,SKAZMIR-L,145,141,7,7.5
522,CUB,AALZOLAY,-110,-121,8.5,8.5
522,STL,MMIKOLAS,-110,111,8.5,8.5
522,CWS,DCEASE,170,180,7,8
522,NYY,GCOLE,-200,-200,7,8
522,HOU,LMCCULLER,-185,-170,8.5,9
522,TEX,JLYLES,155,160,8.5,9
522,DET,MBOYD-L,125,135,8,8.5
522,KAN,BSINGER,-145,-145,8,8.5
522,MIN,KMAEDA,155,152,7,7.5
522,CLE,SBIEBER,-185,-162,7,7.5
522,TAM,SMCCLANAH-L,100,105,9.5,9.5
522,TOR,RRAY-L,-120,-115,9.5,9.5
522,OAK,CBASSITT,-150,-134,9,9
522,LAA,PSANDOVAL-L,130,124,9,9
522,BAL,BZIMMERMA-L,135,137,9.5,9
522,WAS,JLESTER-L,-160,-147,9.5,9
522,BOS,NEOVALDI,-140,-130,9,9
522,PHI,SHOWARD,120,120,9,9
522,SEA,JSHEFFIEL-L,180,177,8,7.5
522,SDG,RWEATHERS-L,-220,-194,8,7.5
523,NYM,JYAMAMOTO,125,136,7.5,7
523,MIA,CPOTEET,-145,-146,7.5,7
523,MIL,FPERALTA,-125,-115,8.5,8
523,CIN,LCASTILLO,105,105,8.5,8
523,PIT,JBRUBAKER,150,190,8.5,8
523,ATL,MFRIED-L,-180,-210,8.5,8
523,ARI,TWIDENER,130,120,11,12
523,COL,JGRAY,-150,-130,11,12
523,LAD,JURIAS-L,-130,-130,7.5,7.5
523,SFO,ADESCLAFA,110,120,7.5,7.5
523,CUB,ZDAVIES,110,119,8.5,9
523,STL,AWAINWRIG,-130,-129,8.5,9
523,CWS,DKEUCHEL-L,105,139,9,9.5
523,NYY,JTAILLON,-125,-149,9,9.5
523,TAM,MWACHA,160,156,9,9
523,TOR,HRYU-L,-190,-166,9,9
523,MIN,JHAPP-L,115,127,8.5,9
523,CLE,ZPLESAC,-135,-137,8.5,9
523,DET,CMIZE,135,132,8.5,9
523,KAN,KBUBIC-L,-160,-142,8.5,9
523,HOU,CJAVIER,-170,-142,9,9
523,TEX,MFOLTYNEW,145,132,9,9
523,OAK,SMANAEA-L,-115,-120,8.5,8.5
523,LAA,DBUNDY,-105,110,8.5,8.5
523,BOS,ERODRIGUE-L,105,115,8,7.5
523,PHI,ZWHEELER,-125,-125,8,7.5
523,BAL,MHARVEY,150,165,9,9.5
523,WAS,PCORBIN-L,-180,-180,9,9.5
523,SEA,JDUNN,190,245,7.5,7
523,SDG,YDARVISH,-235,-280,7.5,7
524,PHI,ZEFLIN,105,125,7,7
524,MIA,TROGERS-L,-125,-135,7,7
524,COL,AGOMBER-L,110,127,7.5,6.5
524,NYM,DPETERSON-L,-130,-137,7.5,6.5
524,SDG,BSNELL-L,-105,105,7,7
524,MIL,BWOODRUFF,-115,-115,7,7
524,TAM,RYARBROUG-L,-110,-108,10.5,10.5
524,TOR,TTHORNTON,-110,-102,10.5,10.5
524,CLE,SHENTGES-L,-105,116,9,9
524,DET,STURNBULL,-115,-126,9,9
524,BAL,JMEANS-L,-110,-106,8.5,9
524,MIN,MSHOEMAKE,-110,-104,8.5,9
524,SEA,YKIKUCHI-L,135,158,8,7.5
524,OAK,FMONTAS,-160,-168,8,7.5
524,STL,KKIM-L,135,165,8,8.5
524,CWS,LLYNN,-160,-180,8,8.5
525,CUB,JARRIETA,-150,-134,8.5,9
525,PIT,CPONCE,130,124,8.5,9
525,PHI,VVELASQUE,110,133,7,7
525,MIA,SALCANTAR,-130,-143,7,7
525,CIN,TMAHLE,145,185,7.5,7.5
525,WAS,MSCHERZER,-170,-205,7.5,7.5
525,COL,KFREELAND-L,210,210,6.5,6
525,NYM,JDEGROM,-260,-240,6.5,6
525,SDG,JMUSGROVE,105,115,7,7
525,MIL,CBURNES,-125,-125,7,7
525,SFO,KGAUSMAN,-180,-157,9,9
525,ARI,CMARTIN,150,147,9,9
525,TOR,SMATZ-L,140,153,9,9
525,NYY,CKLUBER,-165,-163,9,9
525,CLE,ACIVALE,-140,-142,9,9
525,DET,TSKUBAL-L,120,132,9,9
525,KAN,BKELLER,145,170,8.5,8.5
525,TAM,RHILL-L,-170,-185,8.5,8.5
525,BAL,DKREMER,175,171,9,9.5
525,MIN,JBERRIOS,-210,-186,9,9.5
525,TEX,HYANG-L,130,160,8.5,8.5
525,LAA,AHEANEY-L,-150,-170,8.5,8.5
525,SEA,LGILBERT,145,156,8.5,8.5
525,OAK,CIRVIN-L,-170,-166,8.5,8.5
525,ATL,CMORTON,-115,-108,9.5,10
525,BOS,GRICHARDS,-105,-102,9.5,10
525,LAD,CKERSHAW-L,-145,-114,8,8.5
525,HOU,ZGREINKE,125,104,8,8.5
525,STL,JFLAHERTY,120,118,8,8
525,CWS,LGIOLITO,-140,-128,8,8
526,CUB,TWILLIAMS,-150,-124,8.5,8.5
526,PIT,WCROWE,130,114,8.5,8.5
526,PHI,ANOLA,-170,-158,7,7
526,MIA,NNEIDERT,145,148,7,7
526,SDG,CPADDACK,-130,-117,8,8
526,MIL,ELAUER-L,110,107,8,8
526,SFO,JCUETO,-135,-114,8.5,9
526,ARI,MKELLY,115,104,8.5,9
526,BAL,JLOPEZ,170,175,9.5,8.5
526,MIN,MPINEDA,-200,-190,9.5,8.5
526,SEA,RDUGGER,150,162,9,8.5
526,OAK,JKAPRIELI,-180,-174,9,8.5
526,TEX,DDUNNING,110,-112,8.5,9
526,LAA,GCANNING,-130,102,8.5,9
526,CLE,TMCKENZIE,-125,-123,9,9.5
526,DET,JURENA,105,113,9,9.5
526,KAN,MMINOR-L,175,180,7.5,7
526,TAM,TGLASNOW,-210,-200,7.5,7
526,STL,JGANT,155,195,8.5,8.5
526,CWS,CRODON-L,-185,-215,8.5,8.5
526,ATL,DSMYLY-L,-105,127,9.5,11
526,BOS,NPIVETTA,-115,-137,9.5,11
526,LAD,TBAUER,-150,-156,8.5,8.5
526,HOU,LGARCIA,130,146,8.5,8.5
527,PHI,SHOWARD,120,130,7,7
527,MIA,PLOPEZ,-140,-140,7,7
527,CUB,KHENDRICK,-140,-142,8,7.5
527,PIT,TANDERSON-L,120,132,8,7.5
527,SDG,RWEATHERS-L,-140,-115,8,8
527,MIL,AHOUSER,120,105,8,8
527,STL,CMARTINEZ,-135,-115,9.5,9.5
527,ARI,JDUPLANTI,115,105,9.5,9.5
527,SFO,AWOOD-L,110,133,8,7.5
527,LAD,DPRICE-L,-130,-143,8,7.5
527,CLE,SBIEBER,-180,-160,7,7
527,DET,MBOYD-L,150,150,7,7
527,KAN,BSINGER,150,152,7.5,7.5
527,TAM,SMCCLANAH-L,-180,-162,7.5,7.5
527,BAL,BZIMMERMA-L,175,190,9,8.5
527,CWS,DCEASE,-210,-210,9,8.5
527,LAA,PSANDOVAL-L,120,179,8,8
527,OAK,CBASSITT,-140,-198,8,8
527,TEX,KALLARD-L,-105,-105,9,8.5
527,SEA,CFLEXEN,-115,-105,9,8.5
527,TOR,AMANOAH,130,110,7,7
527,NYY,DGERMAN,-150,-120,7,7
527,TOR,RRAY-L,105,114,7,7
527,NYY,JMONTGOME-L,-125,-124,7,7
527,COL,GMARQUEZ,120,115,5,5
527,NYM,MSTROMAN,-140,-125,5,5
527,COL,ASENZATEL,100,128,5.5,6
527,NYM,JLUCCHESI-L,-120,-138,5.5,6
527,CIN,SGRAY,130,116,6,6.5
527,WAS,SSTRASBUR,-150,-126,6,6.5
528,CIN,VGUTIERRE,125,165,6.5,6.5
528,CUB,AALZOLAY,-145,-180,6.5,6.5
528,STL,JOVIEDO,-110,117,9,9.5
528,ARI,MBUMGARNE-L,-110,-127,9,9.5
528,SFO,ADESCLAFA,155,189,7.5,7.5
528,LAD,WBUEHLER,-185,-209,7.5,7.5
528,TOR,HRYU-L,-145,-164,8.5,7.5
528,CLE,EMORGAN,125,154,8.5,7.5
528,NYY,GCOLE,-250,-280,7,7
528,DET,CMIZE,200,245,7,7
528,KAN,KBUBIC-L,120,148,8.5,9
528,MIN,RDOBNAK,-140,-158,8.5,9
528,LAA,SOHTANI--,125,135,8,7.5
528,OAK,SMANAEA-L,-145,-145,8,7.5
528,TEX,JLYLES,105,106,9,8.5
528,SEA,JSHEFFIEL-L,-125,-116,9,8.5
528,MIA,CPOTEET,125,148,9,8.5
528,BOS,MPEREZ-L,-145,-158,9,8.5
528,SDG,DLAMET,-125,106,8.5,8
528,HOU,FVALDEZ-L,105,-116,8.5,8
529,CIN,LCASTILLO,-105,-101,6.5,7
529,CUB,ZDAVIES,-115,-109,6.5,7
529,SFO,LWEBB,155,171,7.5,7.5
529,LAD,JURIAS-L,-185,-186,7.5,7.5
529,ATL,IANDERSON,-165,-145,6.5,6.5
529,NYM,TWALKER,140,135,6.5,6.5
529,STL,AWAINWRIG,-150,-143,10,10
529,ARI,SFRANKOFF,130,133,10,10
529,KAN,ESANTANA,150,143,9,9.5
529,MIN,JHAPP-L,-180,-153,9,9.5
529,LAA,ACOBB,135,120,8.5,8
529,OAK,FMONTAS,-160,-130,8.5,8
529,NYY,DGARCIA,-160,-125,8.5,8.5
529,DET,STURNBULL,135,115,8.5,8.5
529,TEX,MFOLTYNEW,100,-106,8.5,8.5
529,SEA,JDUNN,-120,-104,8.5,8.5
529,PHI,ZWHEELER,-120,106,7,7
529,TAM,RYARBROUG-L,100,-116,7,7
529,MIA,TROGERS-L,125,153,8.5,7.5
529,BOS,NEOVALDI,-145,-163,8.5,7.5
529,SDG,YDARVISH,-150,-148,8,8
529,HOU,JODORIZZI,130,138,8,8
529,MIL,FPERALTA,-105,-121,6,5.5
529,WAS,PCORBIN-L,-115,111,6,5.5
529,MIL,BANDERSON-L,105,110,6.5,6.5
529,WAS,JLESTER-L,-125,-120,6.5,6.5
529,COL,JGRAY,100,124,5,5
529,PIT,JBRUBAKER,-120,-134,5,5
529,COL,AGOMBER-L,-115,-110,6,5.5
529,PIT,MKELLER,-105,100,6,5.5
529,BAL,MHARVEY,195,190,6.5,6.5
529,CWS,DKEUCHEL-L,-245,-210,6.5,6.5
529,BAL,JMEANS-L,145,162,5.5,5.5
529,CWS,LLYNN,-170,-174,5.5,5.5
530,MIL,BWOODRUFF,105,102,6.5,6
530,WAS,MSCHERZER,-125,-112,6.5,6
530,COL,KFREELAND-L,-110,108,7.5,7.5
530,PIT,CDEJONG,-110,-118,7.5,7.5
530,CIN,TMAHLE,-125,103,8.5,8
530,CUB,JARRIETA,105,-113,8.5,8
530,SFO,KGAUSMAN,150,150,7.5,7
530,LAD,CKERSHAW-L,-180,-160,7.5,7
530,STL,KKIM-L,-120,102,10,9
530,ARI,MPEACOCK,100,-112,10,9
530,NYY,MKING,-160,-185,9,9
530,DET,TSKUBAL-L,135,170,9,9
530,KAN,BKELLER,120,118,9.5,9
530,MIN,MSHOEMAKE,-140,-128,9.5,9
530,BAL,KAKIN-L,220,185,9,8
530,CWS,LGIOLITO,-270,-205,9,8
530,LAA,JQUINTANA-L,130,126,9,9
530,OAK,CIRVIN-L,-150,-136,9,9
530,TEX,HYANG-L,140,130,8.5,8
530,SEA,YKIKUCHI-L,-165,-140,8.5,8
530,PHI,ZEFLIN,-115,130,8,7.5
530,TAM,CMCHUGH,-105,-140,8,7.5
530,SDG,BSNELL-L,-110,105,8.5,8.5
530,HOU,ZGREINKE,-110,-115,8.5,8.5
530,TOR,RSTRIPLIN,-110,-105,6.5,6.5
530,CLE,ACIVALE,-110,-105,6.5,6.5
530,TOR,SMATZ-L,-140,-158,7,7
530,CLE,SHENTGES-L,120,148,7,7
531,PHI,VVELASQUE,105,-102,8.5,8.5
531,CIN,WMILEY-L,-125,-108,8.5,8.5
531,SDG,CPADDACK,-165,-137,10,10
531,CUB,KSTEWART,140,127,10,10
531,WAS,JROSS,145,175,9,8.5
531,ATL,CMORTON,-170,-190,9,8.5
531,STL,JFLAHERTY,150,167,6.5,7
531,LAD,TBAUER,-180,-182,6.5,7
531,NYM,JDEGROM,-195,-165,7.5,7.5
531,ARI,MKELLY,165,155,7.5,7.5
531,MIN,JBERRIOS,-180,-154,9,8.5
531,BAL,JLOPEZ,150,144,9,8.5
531,TAM,RHILL-L,100,121,9,8.5
531,NYY,JTAILLON,-120,-131,9,8.5
531,CWS,CRODON-L,-180,-165,6,5.5
531,CLE,TMCKENZIE,150,155,6,5.5
531,OAK,JKAPRIELI,-135,-134,8.5,8.5
531,SEA,LGILBERT,115,124,8.5,8.5
531,BOS,ERODRIGUE-L,100,-108,8.5,9
531,HOU,JURQUIDY,-120,-102,8.5,9
531,CWS,JLAMBERT,-125,-110,7,7
531,CLE,CQUANTRIL,105,100,7,7
531,DET,TALEXANDE-L,190,250,7.5,7
531,MIL,CBURNES,-235,-290,7.5,7
531,LAA,DBUNDY,115,138,8.5,8
531,SFO,JCUETO,-135,-148,8.5,8
531,PIT,CKUHL,140,176,8.5,8
531,KAN,MMINOR-L,-165,-192,8.5,8
601,PHI,ANOLA,-110,101,7,7.5
601,CIN,SGRAY,-110,-111,7,7.5
601,WAS,SSTRASBUR,125,127,8,8.5
601,ATL,MFRIED-L,-145,-137,8,8.5
601,SDG,RWEATHERS-L,-115,113,8,8.5
601,CUB,KHENDRICK,-105,-123,8,8.5
601,NYM,MSTROMAN,-125,-114,9,9
601,ARI,CSMITH-L,105,104,9,9
601,STL,JGANT,150,176,8,8.5
601,LAD,DPRICE-L,-180,-192,8,8.5
601,CWS,DCEASE,135,143,7,7
601,CLE,SBIEBER,-160,-153,7,7
601,MIN,MPINEDA,-170,-166,9,9
601,BAL,BZIMMERMA-L,145,156,9,9
601,TAM,TGLASNOW,-130,-132,7.5,7.5
601,NYY,DGERMAN,110,122,7.5,7.5
601,BOS,GRICHARDS,105,150,9,8.5
601,HOU,LGARCIA,-125,-160,9,8.5
601,OAK,CBASSITT,-140,-148,8,7.5
601,SEA,MGONZALES-L,120,138,8,7.5
601,MIA,SALCANTAR,140,142,8.5,8.5
601,TOR,RRAY-L,-165,-152,8.5,8.5
601,DET,MBOYD-L,130,152,8,7.5
601,MIL,ELAUER-L,-150,-162,8,7.5
601,PIT,WCROWE,155,152,8,8.5
601,KAN,BSINGER,-185,-162,8,8.5
601,TEX,DDUNNING,110,-106,9.5,9.5
601,COL,GMARQUEZ,-130,-104,9.5,9.5
601,LAA,AHEANEY-L,130,140,7.5,7
601,SFO,AWOOD-L,-150,-150,7.5,7
602,SDG,DLAMET,-105,108,7.5,7
602,CUB,AALZOLAY,-115,-118,7.5,7
602,NYM,DPETERSON-L,-125,103,8.5,8.5
602,ARI,MBUMGARNE-L,105,-113,8.5,8.5
602,WAS,JLESTER-L,140,141,9.5,9.5
602,ATL,DSMYLY-L,-165,-151,9.5,9.5
602,STL,CMARTINEZ,190,205,8,8
602,LAD,WBUEHLER,-235,-230,8,8
602,MIN,RDOBNAK,-160,-131,9.5,9.5
602,BAL,MHARVEY,135,121,9.5,9.5
602,TAM,SMCCLANAH-L,105,120,8.5,8.5
602,NYY,JMONTGOME-L,-125,-130,8.5,8.5
602,BOS,NPIVETTA,120,122,9,9
602,HOU,FVALDEZ-L,-140,-132,9,9
602,OAK,SMANAEA-L,-145,-155,8,8
602,SEA,CFLEXEN,125,145,8,8
602,MIA,PLOPEZ,130,152,8.5,8
602,TOR,AMANOAH,-150,-162,8.5,8
602,TEX,JLYLES,105,-110,10.5,11
602,COL,ASENZATEL,-125,100,10.5,11
603,WAS,PCORBIN-L,130,120,9,10
603,ATL,TDAVIDSON-L,-150,-130,9,10
603,MIA,EHERNANDE,-120,-105,8,7.5
603,PIT,TANDERSON-L,100,-105,8,7.5
603,ARI,JDUPLANTI,150,161,8.5,9.5
603,MIL,BANDERSON-L,-180,-172,8.5,9.5
603,CIN,VGUTIERRE,105,131,8.5,8.5
603,STL,AWAINWRIG,-125,-141,8.5,8.5
603,CUB,ZDAVIES,110,112,8,8
603,SFO,ADESCLAFA,-130,-122,8,8
603,NYM,TWALKER,150,172,7,6.5
603,SDG,YDARVISH,-180,-187,7,6.5
603,TAM,RYARBROUG-L,185,178,7.5,7.5
603,NYY,GCOLE,-225,-196,7.5,7.5
603,BOS,MPEREZ-L,120,103,9,9
603,HOU,JODORIZZI,-140,-113,9,9
603,DET,CMIZE,175,186,8,8
603,CWS,LLYNN,-210,-206,8,8
603,MIN,JHAPP-L,110,108,9,9
603,KAN,KBUBIC-L,-130,-118,9,9
603,SEA,JSHEFFIEL-L,130,143,8.5,9
603,LAA,GCANNING,-150,-153,8.5,9
603,TEX,MFOLTYNEW,-115,120,10.5,10.5
603,COL,AGOMBER-L,-105,-130,10.5,10.5
604,WAS,MSCHERZER,-110,-107,6.5,7
604,PHI,ZWHEELER,-110,-103,6.5,7
604,MIA,CPOTEET,-120,-106,7.5,8
604,PIT,MKELLER,100,-104,7.5,8
604,LAD,JURIAS-L,-125,-136,9,8.5
604,ATL,IANDERSON,105,126,9,8.5
604,ARI,MPEACOCK,175,181,8,8
604,MIL,FPERALTA,-210,-201,8,8
604,CIN,LCASTILLO,110,118,8,8.5
604,STL,KKIM-L,-130,-128,8,8.5
604,CUB,JARRIETA,-105,-103,8,8.5
604,SFO,SKAZMIR-L,-115,-107,8,8.5
604,NYM,JLUCCHESI-L,155,165,7.5,7.5
604,SDG,BSNELL-L,-185,-180,7.5,7.5
604,BOS,NEOVALDI,-110,-107,10,9
604,NYY,MKING,-110,-103,10,9
604,CLE,JMEJIA,-120,-106,9,8.5
604,BAL,KAKIN-L,100,-104,9,8.5
604,HOU,ZGREINKE,110,122,8.5,8.5
604,TOR,HRYU-L,-130,-132,8.5,8.5
604,TAM,JFLEMING-L,-140,-124,8,8
604,TEX,KGIBSON,120,114,8,8
604,MIN,MSHOEMAKE,105,117,9.5,9.5
604,KAN,BKELLER,-125,-127,9.5,9.5
604,DET,STURNBULL,145,143,8.5,8.5
604,CWS,DKEUCHEL-L,-170,-153,8.5,8.5
604,SEA,RDUGGER,155,155,9,9
604,LAA,SOHTANI--,-185,-165,9,9
604,OAK,FMONTAS,-130,-139,10.5,11
604,COL,JGRAY,110,129,10.5,11
605,CIN,TMAHLE,-145,-114,9,9
605,STL,JOVIEDO,125,104,9,9
605,MIA,TROGERS-L,-145,-120,7,7.5
605,PIT,CDEJONG,125,110,7,7.5
605,WAS,JROSS,115,105,9,10
605,PHI,SHOWARD,-135,-115,9,10
605,ARI,MKELLY,190,205,7.5,7.5
605,MIL,BWOODRUFF,-235,-230,7.5,7.5
605,LAD,CKERSHAW-L,-150,-129,8.5,8
605,ATL,CMORTON,130,119,8.5,8
605,CUB,KSTEWART,150,148,7.5,7.5
605,SFO,KGAUSMAN,-180,-158,7.5,7.5
605,NYM,JDEGROM,-130,-119,6,5.5
605,SDG,JMUSGROVE,110,109,6,5.5
605,DET,TSKUBAL-L,190,205,8.5,8
605,CWS,LGIOLITO,-235,-230,8.5,8
605,HOU,JURQUIDY,-120,-107,9.5,10
605,TOR,RSTRIPLIN,100,-103,9.5,10
605,TAM,RHILL-L,-150,-145,8.5,8
605,TEX,KALLARD-L,130,135,8.5,8
605,CLE,ACIVALE,-110,115,8.5,8.5
605,BAL,JMEANS-L,-110,-125,8.5,8.5
605,MIN,JBERRIOS,-125,-101,8.5,8.5
605,KAN,MMINOR-L,105,-109,8.5,8.5
605,BOS,ERODRIGUE-L,105,126,9,9.5
605,NYY,JTAILLON,-125,-136,9,9.5
605,SEA,YKIKUCHI-L,110,140,8,8
605,LAA,ACOBB,-130,-150,8,8
605,OAK,CIRVIN-L,-130,-125,11.5,12
605,COL,KFREELAND-L,110,115,11.5,12
606,WAS,AVOTH,105,112,9.5,9.5
606,PHI,VVELASQUE,-125,-122,9.5,9.5
606,MIA,SALCANTAR,-140,-122,8,8
606,PIT,CKUHL,120,112,8,8
606,LAD,TBAUER,-140,-135,8,8.5
606,ATL,MFRIED-L,120,125,8,8.5
606,ARI,CSMITH-L,195,220,7.5,8
606,MIL,CBURNES,-245,-250,7.5,8
606,CIN,WMILEY-L,110,110,9,8.5
606,STL,JGANT,-130,-120,9,8.5
606,CUB,KHENDRICK,-115,-110,8.5,8
606,SFO,JCUETO,-105,100,8.5,8
606,NYM,MSTROMAN,120,138,8,7
606,SDG,CPADDACK,-140,-148,8,7
606,CLE,CQUANTRIL,-110,-112,10,9
606,BAL,JLOPEZ,-110,102,10,9
606,HOU,LGARCIA,100,-102,10,9.5
606,TOR,SMATZ-L,-120,-108,10,9.5
606,MIN,BOBER,110,125,9.5,9
606,KAN,BSINGER,-130,-135,9.5,9
606,DET,JURENA,185,185,8.5,9
606,CWS,DCEASE,-225,-205,8.5,9
606,TAM,MWACHA,-125,-127,8,8
606,TEX,DDUNNING,105,117,8,8
606,SEA,LGILBERT,130,140,8.5,9
606,LAA,PSANDOVAL-L,-150,-150,8.5,9
606,BOS,GRICHARDS,125,135,9,9.5
606,NYY,DGERMAN,-145,-145,9,9.5
606,OAK,JKAPRIELI,-120,-105,11.5,11
606,COL,GMARQUEZ,100,-105,11.5,11
607,CUB,AALZOLAY,105,105,7.5,8
607,SDG,RWEATHERS-L,-125,-115,7.5,8
607,KAN,JKOWAR,115,137,8.5,9
607,LAA,DBUNDY,-135,-147,8.5,9
607,MIA,ZTHOMPSON,140,170,8.5,10
607,BOS,NPIVETTA,-165,-185,8.5,10
608,LAD,WBUEHLER,-195,-187,7.5,8.5
608,PIT,JBRUBAKER,165,172,7.5,8.5
608,ATL,DSMYLY-L,135,146,8.5,9
608,PHI,ANOLA,-160,-156,8.5,9
608,MIL,AHOUSER,115,131,8.5,8.5
608,CIN,SGRAY,-135,-141,8.5,8.5
608,COL,ASENZATEL,140,170,7.5,7
608,MIA,PLOPEZ,-165,-185,7.5,7
608,CUB,ZDAVIES,145,168,7.5,8
608,SDG,DLAMET,-170,-183,7.5,8
608,SEA,MGONZALES-L,-105,120,8.5,8.5
608,DET,MBOYD-L,-115,-130,8.5,8.5
608,HOU,FVALDEZ-L,-115,-121,9.5,10
608,BOS,MPEREZ-L,-105,111,9.5,10
608,TOR,RRAY-L,120,133,8.5,8
608,CWS,CRODON-L,-140,-143,8.5,8
608,NYY,JMONTGOME-L,-110,-111,8.5,9.5
608,MIN,MPINEDA,-110,101,8.5,9.5
608,KAN,KBUBIC-L,125,149,9,8.5
608,LAA,AHEANEY-L,-145,-159,9,8.5
608,NYM,DPETERSON-L,-135,-112,9.5,9.5
608,BAL,BZIMMERMA-L,115,102,9.5,9.5
608,WAS,JLESTER-L,170,205,7.5,7.5
608,TAM,TGLASNOW,-200,-230,7.5,7.5
608,SFO,AWOOD-L,-145,-140,8.5,8.5
608,TEX,JLYLES,125,130,8.5,8.5
608,CLE,SBIEBER,-190,-160,7.5,7.5
608,STL,CMARTINEZ,160,150,7.5,7.5
608,ARI,JDUPLANTI,175,205,8.5,8
608,OAK,CBASSITT,-210,-230,8.5,8
609,CUB,JARRIETA,170,230,8,8
609,SDG,YDARVISH,-200,-260,8,8
609,ATL,TDAVIDSON-L,110,118,9,9
609,PHI,ZEFLIN,-130,-128,9,9
609,LAD,TGONSOLIN,-165,-178,9,9
609,PIT,TANDERSON-L,140,164,9,9
609,MIL,BANDERSON-L,-110,107,9.5,10
609,CIN,VGUTIERRE,-110,-117,9.5,10
609,COL,AGOMBER-L,-105,103,8,7.5
609,MIA,BGARRETT-L,-115,-113,8,7.5
609,HOU,JODORIZZI,110,121,10,10
609,BOS,NEOVALDI,-130,-131,10,10
609,SEA,CFLEXEN,110,115,8.5,9
609,DET,CMIZE,-130,-125,8.5,9
609,NYY,GCOLE,-180,-184,8,8.5
609,MIN,RDOBNAK,150,169,8,8.5
609,TOR,AMANOAH,125,139,8.5,8
609,CWS,LLYNN,-145,-149,8.5,8
609,KAN,BKELLER,110,139,9,9
609,LAA,GCANNING,-130,-149,9,9
609,SFO,ZLITTELL,-110,-102,8,7.5
609,TEX,KGIBSON,-110,-108,8,7.5
609,ARI,MPEACOCK,175,175,8.5,8.5
609,OAK,SMANAEA-L,-210,-190,8.5,8.5
609,NYM,TWALKER,-150,-127,9,9.5
609,BAL,MHARVEY,130,117,9,9.5
609,WAS,PCORBIN-L,130,157,8,7.5
609,TAM,SMCCLANAH-L,-150,-167,8,7.5
609,CLE,JMEJIA,100,120,8.5,8
609,STL,AWAINWRIG,-120,-130,8.5,8
610,LAD,JURIAS-L,-220,-230,9,8
610,PIT,MKELLER,180,205,9,8
610,MIL,FPERALTA,-120,-108,8.5,8
610,CIN,LCASTILLO,100,-102,8.5,8
610,ATL,IANDERSON,115,122,8,7.5
610,PHI,ZWHEELER,-135,-132,8,7.5
610,COL,CGONZALEZ,150,183,7.5,7.5
610,MIA,TROGERS-L,-180,-203,7.5,7.5
610,SEA,JSHEFFIEL-L,-110,107,9,9.5
610,DET,TALEXANDE-L,-110,-117,9,9.5
610,HOU,ZGREINKE,-105,-106,9,9
610,BOS,ERODRIGUE-L,-115,-104,9,9
610,TOR,HRYU-L,-120,-112,8,9
610,CWS,DKEUCHEL-L,100,102,8,9
610,NYY,MKING,-135,-138,10.5,10.5
610,MIN,JHAPP-L,115,128,10.5,10.5
610,KAN,MMINOR-L,120,132,8.5,8
610,OAK,FMONTAS,-140,-142,8.5,8
611,STL,JOVIEDO,115,137,9,9.5
611,CUB,KSTEWART,-135,-147,9,9.5
611,SFO,ADESCLAFA,150,158,7.5,7.5
611,WAS,MSCHERZER,-180,-168,7.5,7.5
611,ATL,CMORTON,-130,-116,7.5,7
611,MIA,SALCANTAR,110,106,7.5,7
611,SDG,BSNELL-L,145,155,5.5,6
611,NYM,JDEGROM,-170,-165,5.5,6
611,COL,KFREELAND-L,185,180,9.5,9
611,CIN,TMAHLE,-225,-200,9.5,9
611,PIT,CDEJONG,220,260,7.5,7.5
611,MIL,BWOODRUFF,-270,-300,7.5,7.5
611,BAL,KAKIN-L,135,164,8,8
611,TAM,RYARBROUG-L,-160,-178,8,8
611,CWS,LGIOLITO,-170,-146,8,8.5
611,DET,TSKUBAL-L,145,136,8,8.5
611,SEA,JDUNN,135,144,8.5,9
611,CLE,ACIVALE,-160,-154,8.5,9
611,TOR,RSTRIPLIN,110,100,9.5,9.5
611,BOS,GRICHARDS,-130,-110,9.5,9.5
611,HOU,JURQUIDY,-160,-137,10.5,10.5
611,MIN,BOBER,135,127,10.5,10.5
611,KAN,BSINGER,120,118,8.5,8.5
611,OAK,CIRVIN-L,-140,-128,8.5,8.5
611,LAA,SOHTANI--,-135,-139,9,9
611,ARI,MKELLY,115,129,9,9
611,TEX,MFOLTYNEW,220,270,8,8
611,LAD,CKERSHAW-L,-270,-310,8,8
612,COL,GMARQUEZ,120,140,9,9
612,CIN,WMILEY-L,-140,-150,9,9
612,PIT,CKUHL,240,250,7.5,7.5
612,MIL,CBURNES,-300,-290,7.5,7.5
612,ATL,MFRIED-L,-180,-155,7.5,7.5
612,MIA,ZTHOMPSON,150,145,7.5,7.5
612,SDG,JMUSGROVE,-120,-138,7.5,7
612,NYM,MSTROMAN,100,128,7.5,7
612,STL,JGANT,140,161,9,8.5
612,CUB,KHENDRICK,-165,-172,9,8.5
612,SFO,CMENEZ-L,-135,-115,6.5,7
612,WAS,JRODRIGUE,115,105,6.5,7
612,KAN,JKOWAR,125,140,8.5,9
612,OAK,JKAPRIELI,-145,-150,8.5,9
612,CWS,DCEASE,-170,-174,8.5,9
612,DET,JURENA,145,162,8.5,9
612,TOR,SMATZ-L,-105,108,10,9.5
612,BOS,NPIVETTA,-115,-118,10,9.5
612,SEA,YKIKUCHI-L,100,105,9,8
612,CLE,TMCKENZIE,-120,-115,9,8
612,BAL,JLOPEZ,190,190,7.5,8
612,TAM,RHILL-L,-235,-210,7.5,8
612,HOU,LGARCIA,-115,-109,9.5,9
612,MIN,JBERRIOS,-105,-101,9.5,9
612,NYY,JTAILLON,-120,-121,9.5,9
612,PHI,VVELASQUE,100,111,9.5,9
612,LAA,ACOBB,-135,-117,9,9
612,ARI,CSMITH-L,115,107,9,9
612,TEX,KALLARD-L,255,236,7.5,8
612,LAD,TBAUER,-315,-266,7.5,8
612,SFO,KGAUSMAN,-160,-162,6,6
612,WAS,EFEDDE,135,152,6,6
613,SFO,JCUETO,-130,-106,8.5,9
613,WAS,JROSS,110,-104,8.5,9
613,SDG,CPADDACK,-130,-126,8,8
613,NYM,JLUCCHESI-L,110,116,8,8
613,ATL,DSMYLY-L,110,116,7.5,7.5
613,MIA,PLOPEZ,-130,-126,7.5,7.5
613,COL,ASENZATEL,140,144,9.5,10
613,CIN,TSANTILLA,-165,-154,9.5,10
613,PIT,WCROWE,180,164,9,8.5
613,MIL,AHOUSER,-220,-178,9,8.5
613,STL,CMARTINEZ,125,114,9.5,9.5
613,CUB,ZDAVIES,-145,-124,9.5,9.5
613,SEA,LGILBERT,195,205,7.5,7.5
613,CLE,SBIEBER,-245,-230,7.5,7.5
613,TOR,RRAY-L,-110,-129,9.5,10.5
613,BOS,MPEREZ-L,-110,119,9.5,10.5
613,CWS,CRODON-L,-245,-220,9,9
613,DET,KFUNKHOUS,195,200,9,9
613,BAL,BZIMMERMA-L,155,164,8,8
613,TAM,MWACHA,-185,-178,8,8
613,HOU,FVALDEZ-L,-130,-145,9.5,9.5
613,MIN,MPINEDA,110,135,9.5,9.5
613,KAN,KBUBIC-L,165,176,8.5,8.5
613,OAK,CBASSITT,-195,-192,8.5,8.5
613,NYY,DGERMAN,115,116,8,8
613,PHI,ANOLA,-135,-126,8,8
613,TEX,DDUNNING,200,180,8,8
613,LAD,WBUEHLER,-250,-200,8,8
613,LAA,PSANDOVAL-L,-135,-129,9.5,9.5
613,ARI,JDUPLANTI,115,119,9.5,9.5
614,PIT,JBRUBAKER,105,115,8.5,8.5
614,WAS,JLESTER-L,-125,-125,8.5,8.5
614,CUB,JARRIETA,-110,120,9,9
614,NYM,DPETERSON-L,-110,-130,9,9
614,CIN,VGUTIERRE,120,125,9,9.5
614,MIL,ELAUER-L,-140,-135,9,9.5
614,MIA,BGARRETT-L,140,180,8.5,8.5
614,STL,AWAINWRIG,-165,-200,8.5,8.5
614,SDG,DLAMET,-160,-150,11.5,11.5
614,COL,AGOMBER-L,135,140,11.5,11.5
614,ARI,MPEACOCK,170,162,8,8
614,SFO,AWOOD-L,-200,-174,8,8
614,PHI,SHOWARD,165,158,9,9
614,LAD,TGONSOLIN,-195,-168,9,9
614,BAL,DKREMER,135,148,9,8.5
614,CLE,JMEJIA,-160,-158,9,8.5
614,TOR,AMANOAH,105,124,10,9.5
614,BOS,NEOVALDI,-125,-134,10,9.5
614,TAM,TGLASNOW,100,-122,7.5,7
614,CWS,LLYNN,-120,112,7.5,7
614,DET,MBOYD-L,125,134,9,9.5
614,KAN,BKELLER,-145,-144,9,9.5
614,LAA,DBUNDY,130,130,8.5,8
614,OAK,SMANAEA-L,-150,-140,8.5,8
614,MIN,KMAEDA,-145,-140,8.5,8
614,SEA,MGONZALES-L,125,130,8.5,8
615,PIT,TANDERSON-L,135,150,8,8.5
615,WAS,PCORBIN-L,-160,-160,8,8.5
615,CUB,AMILLS,130,122,8.5,8.5
615,NYM,TWALKER,-150,-132,8.5,8.5
615,CIN,LCASTILLO,-105,-103,9,9
615,MIL,BANDERSON-L,-115,-107,9,9
615,MIA,TROGERS-L,-105,115,7.5,7.5
615,STL,KKIM-L,-115,-125,7.5,7.5
615,SDG,YDARVISH,-235,-240,10.5,11.5
615,COL,CGONZALEZ,190,210,10.5,11.5
615,ARI,AYOUNG-L,170,163,8,7.5
615,SFO,ZLITTELL,-200,-176,8,7.5
615,PHI,ZEFLIN,155,143,9,8.5
615,LAD,JURIAS-L,-185,-153,9,8.5
615,NYY,JMONTGOME-L,105,112,8.5,9.5
615,TOR,HRYU-L,-125,-122,8.5,9.5
615,BAL,MHARVEY,145,155,9.5,8.5
615,CLE,CQUANTRIL,-170,-165,9.5,8.5
615,DET,CMIZE,130,120,9,8.5
615,KAN,MMINOR-L,-150,-130,9,8.5
615,TEX,KGIBSON,160,170,8.5,8.5
615,HOU,LMCCULLER,-190,-185,8.5,8.5
615,TAM,SMCCLANAH-L,100,104,8.5,8
615,CWS,DKEUCHEL-L,-120,-114,8.5,8
615,LAA,AHEANEY-L,110,118,8.5,8
615,OAK,FMONTAS,-130,-128,8.5,8
615,MIN,JHAPP-L,-115,-130,8.5,8.5
615,SEA,CFLEXEN,-105,120,8.5,8.5
615,BOS,ERODRIGUE-L,-125,105,9,9.5
615,ATL,TDAVIDSON-L,105,-115,9,9.5
616,MIA,SALCANTAR,-115,103,8,7.5
616,STL,JOVIEDO,-105,-113,8,7.5
616,CIN,TMAHLE,120,126,8,7.5
616,MIL,FPERALTA,-140,-136,8,7.5
616,SDG,BSNELL-L,-180,-200,12,12
616,COL,KFREELAND-L,150,180,12,12
616,PIT,CDEJONG,145,152,9,9
616,WAS,PESPINO,-170,-162,9,9
616,CUB,RSTOCK,275,255,6.5,6.5
616,NYM,JDEGROM,-345,-295,6.5,6.5
616,ARI,MKELLY,155,160,8,8
616,SFO,ADESCLAFA,-185,-170,8,8
616,PHI,ZWHEELER,135,137,7.5,7
616,LAD,CKERSHAW-L,-160,-147,7.5,7
616,TAM,RYARBROUG-L,110,115,8,7.5
616,CWS,LGIOLITO,-130,-125,8,7.5
616,DET,TSKUBAL-L,130,132,9,9
616,KAN,BSINGER,-150,-142,9,9
616,LAA,GCANNING,115,108,9,9.5
616,OAK,CIRVIN-L,-135,-118,9,9.5
616,NYY,GCOLE,-170,-158,8.5,8.5
616,TOR,RSTRIPLIN,145,148,8.5,8.5
616,BAL,KAKIN-L,145,148,8,8
616,CLE,ACIVALE,-170,-158,8,8
616,TEX,JLYLES,200,204,8.5,9
616,HOU,ZGREINKE,-250,-224,8.5,9
616,MIN,BOBER,-115,-132,8.5,8.5
616,SEA,JSHEFFIEL-L,-105,122,8.5,8.5
616,BOS,GRICHARDS,130,137,9,9.5
616,ATL,IANDERSON,-150,-147,9,9.5
617,ARI,ZGALLEN,185,190,7.5,7
617,SFO,KGAUSMAN,-225,-210,7.5,7
617,CUB,KHENDRICK,110,103,7.5,7.5
617,NYM,MSTROMAN,-130,-113,7.5,7.5
617,STL,JGANT,150,167,9,9.5
617,ATL,CMORTON,-180,-182,9,9.5
617,MIL,BWOODRUFF,-185,-154,10,10.5
617,COL,GMARQUEZ,155,144,10,10.5
617,CIN,WMILEY-L,145,163,7,7.5
617,SDG,JMUSGROVE,-170,-176,7,7.5
617,BAL,JLOPEZ,130,106,9,9.5
617,CLE,EMORGAN,-150,-116,9,9.5
617,NYY,MKING,-125,-106,10.5,10.5
617,TOR,TZEUCH,105,-104,10.5,10.5
617,CWS,DCEASE,115,120,9,9
617,HOU,JURQUIDY,-135,-130,9,9
617,DET,MMANNING,190,199,9,9
617,LAA,SOHTANI--,-235,-219,9,9
617,TAM,RHILL-L,-180,-170,8.5,8.5
617,SEA,JDUNN,150,160,8.5,8.5
618,NYM,JLUCCHESI-L,-110,119,8.5,9
618,WAS,EFEDDE,-110,-129,8.5,9
618,STL,CMARTINEZ,150,141,9.5,9.5
618,ATL,MFRIED-L,-180,-151,9.5,9.5
618,MIA,CPOTEET,145,149,9,8.5
618,CUB,ZDAVIES,-170,-159,9,8.5
618,MIL,CBURNES,-195,-181,10.5,10.5
618,COL,ASENZATEL,165,166,10.5,10.5
618,LAD,TBAUER,-235,-196,9,9.5
618,ARI,CSMITH-L,190,178,9,9.5
618,PHI,VVELASQUE,110,128,8.5,8.5
618,SFO,JCUETO,-130,-138,8.5,8.5
618,CIN,TSANTILLA,160,171,8,9
618,SDG,CPADDACK,-190,-186,8,9
618,OAK,JKAPRIELI,120,128,9.5,9.5
618,NYY,JTAILLON,-140,-138,9.5,9.5
618,TOR,RRAY-L,-165,-200,9,10.5
618,BAL,TESHELMAN,140,180,9,10.5
618,MIN,JBERRIOS,-160,-155,8.5,8.5
618,TEX,MFOLTYNEW,135,145,8.5,8.5
618,BOS,NPIVETTA,-160,-147,9.5,10.5
618,KAN,KZIMMER,135,137,9.5,10.5
618,CWS,CRODON-L,-110,-103,8.5,7.5
618,HOU,LGARCIA,-110,-107,8.5,7.5
618,DET,JURENA,170,185,9,9
618,LAA,ACOBB,-200,-205,9,9
618,TAM,MWACHA,-110,-101,7.5,7.5
618,SEA,YKIKUCHI-L,-110,-109,7.5,7.5
618,CLE,JMEJIA,-150,-129,8.5,9
618,PIT,CKUHL,130,119,8.5,9
619,NYM,DPETERSON-L,-105,115,7,6.5
619,WAS,JROSS,-115,-125,7,6.5
619,MIA,PLOPEZ,100,116,8.5,9
619,CUB,JARRIETA,-120,-126,8.5,9
619,PHI,ANOLA,-110,105,7.5,7.5
619,SFO,AWOOD-L,-110,-115,7.5,7.5
619,NYM,RGSELLMAN,-110,106,7,7
619,WAS,JLESTER-L,-110,-116,7,7
619,CIN,VGUTIERRE,160,139,8.5,9
619,SDG,MDIAZ,-190,-149,8.5,9
619,MIL,AHOUSER,-125,105,10.5,10.5
619,COL,AGOMBER-L,105,-115,10.5,10.5
619,LAD,WBUEHLER,-220,-230,9,9
619,ARI,MPEACOCK,180,205,9,9
619,OAK,CBASSITT,110,115,9,9.5
619,NYY,DGERMAN,-130,-125,9,9.5
619,MIN,RDOBNAK,110,-102,9,9
619,TEX,KALLARD-L,-130,-108,9,9
619,TOR,AMANOAH,-170,-155,10,10
619,BAL,DKREMER,145,145,10,10
619,BOS,MPEREZ-L,-130,-114,10.5,11
619,KAN,BKELLER,110,104,10.5,11
619,CWS,LLYNN,110,113,8,7.5
619,HOU,FVALDEZ-L,-130,-123,8,7.5
619,DET,WPERALTA,170,186,9.5,9.5
619,LAA,PSANDOVAL-L,-200,-206,9.5,9.5
619,TAM,JFLEMING-L,-130,-140,8,7.5
619,SEA,LGILBERT,110,130,8,7.5
619,CLE,CQUANTRIL,-140,-113,9,8.5
619,PIT,WCROWE,120,103,9,8.5
620,NYM,TWALKER,-125,104,8,8.5
620,WAS,PCORBIN-L,105,-114,8,8.5
620,MIA,ZTHOMPSON,115,133,9.5,9.5
620,CUB,AMILLS,-135,-143,9.5,9.5
620,MIL,ELAUER-L,-135,-132,11.5,12
620,COL,CGONZALEZ,115,122,11.5,12
620,PHI,ZEFLIN,135,112,8.5,8
620,SFO,SLONG-L,-160,-122,8.5,8
620,CIN,LCASTILLO,145,117,8.5,8
620,SDG,DLAMET,-170,-127,8.5,8
620,LAD,TGONSOLIN,-190,-172,9.5,9
620,ARI,AYOUNG-L,160,161,9.5,9
620,TOR,HRYU-L,-210,-176,9.5,10.5
620,BAL,MHARVEY,175,163,9.5,10.5
620,OAK,SMANAEA-L,115,129,9.5,10
620,NYY,JMONTGOME-L,-135,-139,9.5,10
620,BOS,NEOVALDI,-140,-132,10,9.5
620,KAN,MMINOR-L,120,122,10,9.5
620,CWS,DKEUCHEL-L,125,126,8.5,8.5
620,HOU,LMCCULLER,-145,-136,8.5,8.5
620,MIN,KMAEDA,-115,-122,8.5,8
620,TEX,DDUNNING,-105,112,8.5,8
620,DET,CMIZE,145,150,9,9.5
620,LAA,DBUNDY,-170,-160,9,9.5
620,TAM,SMCCLANAH-L,-145,-155,8.5,8.5
620,SEA,MGONZALES-L,125,145,8.5,8.5
620,CLE,SHENTGES-L,115,122,9,8
620,PIT,JBRUBAKER,-135,-132,9,8
620,STL,AWAINWRIG,-105,104,7.5,7.5
620,ATL,BWILSON,-115,-114,7.5,7.5
620,STL,KKIM-L,-105,120,7.5,7.5
620,ATL,DSMYLY-L,-115,-130,7.5,7.5
621,ATL,KMULLER-L,145,230,4.5,5
621,NYM,JDEGROM,-170,-260,4.5,5
621,ATL,IANDERSON,-150,-139,6,6.5
621,NYM,JEICKHOFF,130,129,6,6.5
621,MIL,BANDERSON-L,-125,-122,9.5,9.5
621,ARI,MKELLY,105,112,9.5,9.5
621,LAD,JURIAS-L,110,122,6.5,7
621,SDG,YDARVISH,-130,-132,6.5,7
621,HOU,JODORIZZI,-160,-163,10,10.5
621,BAL,KAKIN-L,135,153,10,10.5
621,OAK,FMONTAS,-130,-118,8.5,8
621,TEX,KGIBSON,110,108,8.5,8
621,CLE,ACIVALE,125,128,7,7
621,CUB,AALZOLAY,-145,-138,7,7
621,CIN,TMAHLE,-130,-112,9.5,9.5
621,MIN,JHAPP-L,110,102,9.5,9.5
622,WAS,MSCHERZER,105,-101,7,6.5
622,PHI,ZWHEELER,-125,-109,7,6.5
622,ATL,CMORTON,-110,-106,7,7
622,NYM,MSTROMAN,-110,-104,7,7
622,MIL,FPERALTA,-150,-139,8.5,8
622,ARI,ZGALLEN,130,129,8.5,8
622,LAD,CKERSHAW-L,-115,-124,7.5,7.5
622,SDG,BSNELL-L,-105,114,7.5,7.5
622,KAN,BSINGER,225,235,8,7.5
622,NYY,GCOLE,-275,-265,8,7.5
622,HOU,ZGREINKE,-185,-188,10.5,9
622,BAL,JLOPEZ,155,173,10.5,9
622,BOS,ERODRIGUE-L,-110,106,8,8
622,TAM,AKITTREDG,-110,-116,8,8
622,OAK,CIRVIN-L,-145,-128,9,9
622,TEX,THEARN-L,125,118,9,9
622,CIN,WMILEY-L,-115,112,9.5,9
622,MIN,BOBER,-105,-122,9.5,9
622,CWS,LGIOLITO,-170,-164,7.5,7.5
622,PIT,TANDERSON-L,145,154,7.5,7.5
622,TOR,RSTRIPLIN,-115,103,7.5,7.5
622,MIA,SALCANTAR,-105,-113,7.5,7.5
622,STL,JOVIEDO,-125,-115,9,8.5
622,DET,TSKUBAL-L,105,105,9,8.5
622,CLE,EMORGAN,170,180,9,8.5
622,CUB,KHENDRICK,-200,-200,9,8.5
622,SFO,ADESCLAFA,100,114,8.5,9
622,LAA,AHEANEY-L,-120,-124,8.5,9
622,COL,KFREELAND-L,125,148,8,8.5
622,SEA,CFLEXEN,-145,-158,8,8.5
623,WAS,EFEDDE,-115,-101,8.5,9
623,PHI,VVELASQUE,-105,-109,8.5,9
623,MIL,BWOODRUFF,-170,-215,8,7.5
623,ARI,CSMITH-L,145,195,8,7.5
623,ATL,KWRIGHT,-110,128,8.5,8.5
623,NYM,TMEGILL,-110,-138,8.5,8.5
623,LAD,TBAUER,-110,102,7.5,7.5
623,SDG,JMUSGROVE,-110,-112,7.5,7.5
623,HOU,JURQUIDY,-160,-205,10.5,9.5
623,BAL,TESHELMAN,135,185,10.5,9.5
623,KAN,DDUFFY-L,135,162,9.5,10
623,NYY,MKING,-160,-174,9.5,10
623,BOS,GRICHARDS,130,134,8.5,9
623,TAM,RHILL-L,-150,-144,8.5,9
623,OAK,JKAPRIELI,-160,-138,9,9
623,TEX,MFOLTYNEW,135,128,9,9
623,CWS,DCEASE,-170,-157,8.5,8.5
623,PIT,CDEJONG,145,147,8.5,8.5
623,STL,JGANT,-125,-115,9,9
623,DET,MMANNING,105,105,9,9
623,SFO,KGAUSMAN,-115,-118,8,8
623,LAA,SOHTANI--,-105,108,8,8
623,COL,GMARQUEZ,-120,-110,8.5,8.5
623,SEA,JSHEFFIEL-L,100,100,8.5,8.5
623,TOR,RRAY-L,-110,-117,7.5,7.5
623,MIA,TROGERS-L,-110,107,7.5,7.5
624,WAS,JROSS,-115,-119,8,8.5
624,MIA,CPOTEET,-105,109,8,8.5
624,ATL,JCHAVEZ,100,121,10.5,11
624,CIN,TSANTILLA,-120,-131,10.5,11
624,PIT,CKUHL,130,144,8.5,9
624,STL,CMARTINEZ,-150,-154,8.5,9
624,CUB,ZDAVIES,175,220,7.5,8.5
624,LAD,WBUEHLER,-210,-250,7.5,8.5
624,KAN,BKELLER,160,180,10,9
624,NYY,JTAILLON,-190,-200,10,9
624,OAK,CBASSITT,-165,-145,8.5,8
624,TEX,KALLARD-L,140,135,8.5,8
624,BAL,DKREMER,145,173,11,10.5
624,TOR,AKAY-L,-170,-188,11,10.5
624,HOU,LGARCIA,-200,-230,9.5,9.5
624,DET,JURENA,170,205,9.5,9.5
624,BOS,NPIVETTA,110,101,9,9
624,TAM,MWACHA,-130,-111,9,9
624,CLE,JMEJIA,145,168,9,9
624,MIN,JBERRIOS,-170,-183,9,9
625,COL,JGRAY,190,245,7.5,7.5
625,MIL,CBURNES,-235,-280,7.5,7.5
625,PHI,ANOLA,110,110,6,5.5
625,NYM,TWALKER,-130,-120,6,5.5
625,PHI,MMOORE-L,125,135,6.5,7
625,NYM,DPETERSON-L,-145,-145,6.5,7
625,WAS,JLESTER-L,115,130,7.5,7.5
625,MIA,PLOPEZ,-135,-140,7.5,7.5
625,ATL,DSMYLY-L,105,101,10,10.5
625,CIN,VGUTIERRE,-125,-111,10,10.5
625,PIT,WCROWE,145,158,8.5,9
625,STL,KKIM-L,-170,-168,8.5,9
625,ARI,CMARTIN,220,270,8.5,8.5
625,SDG,CPADDACK,-270,-310,8.5,8.5
625,CUB,JARRIETA,145,162,9,9
625,LAD,TGONSOLIN,-170,-174,9,9
625,BAL,MHARVEY,185,225,11,10.5
625,TOR,AMANOAH,-225,-255,11,10.5
625,LAA,GCANNING,135,152,8.5,8
625,TAM,AKITTREDG,-160,-162,8.5,8
625,NYY,DGERMAN,-125,-123,10.5,10.5
625,BOS,MPEREZ-L,105,113,10.5,10.5
625,KAN,MMINOR-L,-115,110,8,8
625,TEX,DDUNNING,-105,-120,8,8
625,CLE,CQUANTRIL,110,112,9.5,9.5
625,MIN,DCOULOMBE-L,-130,-122,9.5,9.5
625,SEA,YKIKUCHI-L,150,180,8,7.5
625,CWS,CRODON-L,-180,-200,8,7.5
625,OAK,SMANAEA-L,-115,-111,8.5,7.5
625,SFO,JCUETO,-105,101,8.5,7.5
626,PIT,JBRUBAKER,135,145,8.5,8
626,STL,AWAINWRIG,-160,-155,8.5,8
626,COL,ASENZATEL,175,161,8.5,8
626,MIL,AHOUSER,-210,-172,8.5,8
626,WAS,PCORBIN-L,-120,-103,8,7.5
626,MIA,ZTHOMPSON,100,-107,8,7.5
626,ATL,IANDERSON,100,110,9,9
626,CIN,LCASTILLO,-120,-120,9,9
626,PHI,ZEFLIN,210,225,6,6.5
626,NYM,JDEGROM,-260,-255,6,6.5
626,CUB,AMILLS,160,184,9,9
626,LAD,JURIAS-L,-190,-204,9,9
626,ARI,MKELLY,220,230,8,8
626,SDG,DLAMET,-270,-260,8,8
626,BAL,KAKIN-L,220,240,10,10
626,TOR,HRYU-L,-270,-270,10,10
626,KAN,KZIMMER,135,139,8,8
626,TEX,KGIBSON,-160,-149,8,8
626,LAA,ACOBB,145,143,8.5,7.5
626,TAM,SMCCLANAH-L,-170,-153,8.5,7.5
626,NYY,JMONTGOME-L,100,109,10,10
626,BOS,NEOVALDI,-120,-119,10,10
626,OAK,FMONTAS,105,108,8,8
626,SFO,AWOOD-L,-125,-118,8,8
626,HOU,FVALDEZ-L,-265,-205,7.5,7
626,DET,CMIZE,215,185,7.5,7
626,HOU,LMCCULLER,-305,-230,8,7.5
626,DET,WPERALTA,245,205,8,7.5
627,ATL,KMULLER-L,135,130,9.5,9.5
627,CIN,TMAHLE,-160,-140,9.5,9.5
627,PHI,ZWHEELER,110,108,7.5,7
627,NYM,MSTROMAN,-130,-118,7.5,7
627,WAS,MSCHERZER,-135,-124,6.5,6.5
627,MIA,SALCANTAR,115,114,6.5,6.5
627,COL,CGONZALEZ,160,165,9,9
627,MIL,ELAUER-L,-190,-180,9,9
627,PIT,MKRANICK,130,130,9,9
627,STL,JOVIEDO,-150,-140,9,9
627,ARI,ZGALLEN,235,240,7.5,7.5
627,SDG,YDARVISH,-290,-270,7.5,7.5
627,CUB,AALZOLAY,160,180,8,8
627,LAD,CKERSHAW-L,-190,-200,8,8
627,BAL,JLOPEZ,195,220,11,10
627,TOR,RSTRIPLIN,-245,-250,11,10
627,HOU,JODORIZZI,-195,-165,10,9
627,DET,TSKUBAL-L,165,155,10,9
627,LAA,PSANDOVAL-L,130,137,8,8
627,TAM,RYARBROUG-L,-150,-147,8,8
627,NYY,GCOLE,-165,-150,8.5,9.5
627,BOS,ERODRIGUE-L,140,140,8.5,9.5
627,CLE,SHENTGES-L,125,120,10,9.5
627,MIN,JHAPP-L,-145,-130,10,9.5
627,KAN,BSINGER,-110,-103,9,9
627,TEX,JLYLES,-110,-107,9,9
627,OAK,CIRVIN-L,115,150,8.5,8.5
627,SFO,SLONG-L,-135,-160,8.5,8.5
627,SEA,RDUGGER,166,156,7,7
627,CWS,RBURR,-185,-166,7,7
628,PIT,TANDERSON-L,110,103,11,11.5
628,COL,KFREELAND-L,-130,-113,11,11.5
628,PHI,SHOWARD,130,145,9.5,9.5
628,CIN,WMILEY-L,-150,-155,9.5,9.5
628,NYM,JEICKHOFF,100,120,9,9.5
628,WAS,PESPINO,-120,-130,9,9.5
628,CUB,KHENDRICK,125,135,7,7.5
628,MIL,FPERALTA,-145,-145,7,7.5
628,ARI,JFA,135,155,9.5,8.5
628,STL,WLEBLANC-L,-160,-165,9.5,8.5
628,SFO,ADESCLAFA,165,159,7.5,8.5
628,LAD,TBAUER,-195,-169,7.5,8.5
628,LAA,DBUNDY,125,144,9.5,10.5
628,NYY,MKING,-145,-154,9.5,10.5
628,DET,MMANNING,120,148,9.5,9.5
628,CLE,EMORGAN,-140,-158,9.5,9.5
628,KAN,DDUFFY-L,130,140,10,11
628,BOS,GRICHARDS,-150,-150,10,11
628,BAL,TESHELMAN,260,300,9.5,9.5
628,HOU,ZGREINKE,-320,-350,9.5,9.5
629,MIA,TROGERS-L,-120,-105,7.5,9
629,PHI,VVELASQUE,100,-105,7.5,9
629,SDG,CSTAMMEN,-160,-134,9.5,10.5
629,CIN,TSANTILLA,135,124,9.5,10.5
629,NYM,TMEGILL,140,147,8.5,9
629,ATL,CMORTON,-165,-157,8.5,9
629,CUB,ZDAVIES,170,215,7,7.5
629,MIL,BWOODRUFF,-200,-245,7,7.5
629,ARI,CSMITH-L,135,145,8.5,9
629,STL,CMARTINEZ,-160,-155,8.5,9
629,PIT,CDEJONG,145,161,10.5,10.5
629,COL,GMARQUEZ,-170,-172,10.5,10.5
629,SFO,KGAUSMAN,130,140,7,7.5
629,LAD,WBUEHLER,-150,-150,7,7.5
629,LAA,AHEANEY-L,135,141,10,10
629,NYY,JTAILLON,-160,-151,10,10
629,SEA,CFLEXEN,155,200,10,9.5
629,TOR,RRAY-L,-185,-220,10,9.5
629,KAN,BKELLER,150,200,10.5,10.5
629,BOS,NPIVETTA,-180,-220,10.5,10.5
629,MIN,KMAEDA,120,118,9,8.5
629,CWS,LGIOLITO,-140,-128,9,8.5
629,BAL,TLAKINS,275,260,10,9
629,HOU,JURQUIDY,-345,-300,10,9
629,TEX,MFOLTYNEW,155,175,8,8.5
629,OAK,JKAPRIELI,-185,-190,8,8.5
629,TAM,RHILL-L,-120,-101,9,9.5
629,WAS,JROSS,100,-109,9,9.5
630,ARI,RSMITH,160,190,9,8.5
630,STL,KKIM-L,-190,-210,9,8.5
630,CUB,JARRIETA,125,140,8.5,8.5
630,MIL,AASHBY-L,-145,-150,8.5,8.5
630,PIT,CKUHL,135,150,11.5,11
630,COL,JGRAY,-160,-160,11.5,11
630,MIA,JHOLLOWAY,165,200,8.5,8.5
630,PHI,ANOLA,-195,-220,8.5,8.5
630,SDG,JMUSGROVE,-160,-186,10,10
630,CIN,VGUTIERRE,135,171,10,10
630,NYM,DPETERSON-L,130,138,8.5,9
630,ATL,MFRIED-L,-150,-148,8.5,9
630,LAA,SOHTANI--,105,106,9.5,10
630,NYY,DGERMAN,-125,-116,9.5,10
630,SEA,JSHEFFIEL-L,155,215,10.5,10.5
630,TOR,SMATZ-L,-185,-245,10.5,10.5
630,KAN,MMINOR-L,145,134,10.5,11
630,BOS,MPEREZ-L,-170,-144,10.5,11
630,MIN,BOBER,125,110,9,9
630,CWS,DCEASE,-145,-120,9,9
630,BAL,MHARVEY,260,250,10,9
630,HOU,LGARCIA,-320,-290,10,9
630,TEX,KALLARD-L,170,175,8,8
630,OAK,CBASSITT,-200,-190,8,8
630,TAM,DRASMUSSE,-110,-123,10,9.5
630,WAS,JLESTER-L,-110,113,10,9.5
630,DET,JURENA,160,165,8,7.5
630,CLE,CQUANTRIL,-190,-180,8,7.5
630,DET,WPERALTA,155,129,8,8
630,CLE,LALLEN-L,-185,-139,8,8
701,LAD,VGONZALEZ-L,-140,-139,9.5,9.5
701,WAS,PCORBIN-L,120,129,9.5,9.5
701,MIL,CBURNES,-235,-240,8,8
701,PIT,WCROWE,190,210,8,8
701,SDG,RWEATHERS-L,-120,115,10,9.5
701,CIN,LCASTILLO,100,-125,10,9.5
701,NYM,JDEGROM,-170,-163,6,7
701,ATL,IANDERSON,145,153,6,7
701,STL,AWAINWRIG,-140,-130,11.5,11
701,COL,ASENZATEL,120,120,11.5,11
701,SFO,JCUETO,-130,-147,9,9
701,ARI,MKELLY,110,137,9,9
701,SEA,YKIKUCHI-L,175,170,9.5,10
701,TOR,HRYU-L,-210,-185,9.5,10
701,KAN,KBUBIC-L,200,210,10.5,10
701,BOS,NEOVALDI,-250,-240,10.5,10
701,MIN,JBERRIOS,120,133,8,8.5
701,CWS,CRODON-L,-140,-143,8,8.5
701,TEX,DDUNNING,145,165,8,8
701,OAK,SMANAEA-L,-170,-180,8,8
701,HOU,FVALDEZ-L,-170,-170,9,8.5
701,CLE,JMEJIA,145,160,9,8.5
702,SDG,CPADDACK,105,106,8,8.5
702,PHI,ZWHEELER,-125,-116,8,8.5
702,MIL,AHOUSER,-165,-116,8.5,7.5
702,PIT,JBRUBAKER,140,106,8.5,7.5
702,LAD,JURIAS-L,100,-118,7.5,8
702,WAS,MSCHERZER,-120,108,7.5,8
702,CUB,AMILLS,135,136,9.5,9.5
702,CIN,SGRAY,-160,-146,9.5,9.5
702,MIA,PLOPEZ,140,-102,9,9
702,ATL,DSMYLY-L,-165,-108,9,9
702,STL,JOVIEDO,-115,-109,12,13
702,COL,CGONZALEZ,-105,-101,12,13
702,SFO,AWOOD-L,-135,-146,8.5,8.5
702,ARI,ZGALLEN,115,136,8.5,8.5
702,TAM,LPATINO,-105,109,9.5,10
702,TOR,AMANOAH,-115,-119,9.5,10
702,HOU,LMCCULLER,-185,-158,9.5,9
702,CLE,SHENTGES-L,155,148,9.5,9
702,CWS,LLYNN,-165,-144,8,8.5
702,DET,CMIZE,140,134,8,8.5
702,MIN,JHAPP-L,-110,-104,10.5,10
702,KAN,BSINGER,-110,-106,10.5,10
702,BAL,KAKIN-L,155,162,9.5,10
702,LAA,GCANNING,-185,-174,9.5,10
702,BOS,ERODRIGUE-L,105,-112,8.5,8.5
702,OAK,FMONTAS,-125,102,8.5,8.5
702,TEX,KGIBSON,-115,106,8,8
702,SEA,LGILBERT,-105,-116,8,8
703,SDG,YDARVISH,-160,-153,8,8
703,PHI,ZEFLIN,135,143,8,8
703,MIL,ELAUER-L,-170,-150,9,9.5
703,PIT,CPONCE,145,140,9,9.5
703,CUB,AALZOLAY,115,115,9.5,9.5
703,CIN,TMAHLE,-135,-125,9.5,9.5
703,MIA,SALCANTAR,110,108,9,9
703,ATL,KMULLER-L,-130,-118,9,9
703,LAD,CKERSHAW-L,-180,-232,8.5,8.5
703,WAS,PESPINO,150,207,8.5,8.5
703,STL,WLEBLANC-L,-105,101,12,12
703,COL,KFREELAND-L,-115,-111,12,12
703,SFO,SLONG-L,-180,-153,9.5,9.5
703,ARI,JFA,150,143,9.5,9.5
703,TAM,SMCCLANAH-L,-105,110,10.5,10
703,TOR,RSTRIPLIN,-115,-120,10.5,10
703,MIN,GJAX,125,106,10,10
703,KAN,DDUFFY-L,-145,-116,10,10
703,CWS,DKEUCHEL-L,-140,-106,9,9
703,DET,TSKUBAL-L,120,-104,9,9
703,HOU,JODORIZZI,-170,-138,9.5,9.5
703,CLE,EMORGAN,145,128,9.5,9.5
703,BOS,GRICHARDS,100,129,9,9.5
703,OAK,CIRVIN-L,-120,-139,9,9.5
703,BAL,JLOPEZ,165,180,10,9.5
703,LAA,ACOBB,-195,-200,10,9.5
703,TEX,JLYLES,115,147,8.5,9
703,SEA,MGONZALES-L,-135,-157,8.5,9
703,NYM,TWALKER,160,135,8,8.5
703,NYY,JMONTGOME-L,-190,-145,8,8.5
704,LAD,GCLEAVING-L,-150,-135,9.5,9
704,WAS,JROSS,130,125,9.5,9
704,MIL,FPERALTA,-195,-183,8,7.5
704,PIT,TANDERSON-L,165,168,8,7.5
704,SDG,BSNELL-L,-130,-130,9,9
704,PHI,VVELASQUE,110,120,9,9
704,CUB,KHENDRICK,105,105,9.5,9.5
704,CIN,WMILEY-L,-125,-115,9.5,9.5
704,MIA,ZTHOMPSON,155,160,9,8.5
704,ATL,CMORTON,-185,-170,9,8.5
704,STL,CMARTINEZ,125,143,11,11
704,COL,GMARQUEZ,-145,-153,11,11
704,SFO,ADESCLAFA,-160,-190,9,9
704,ARI,CSMITH-L,135,175,9,9
704,TAM,RYARBROUG-L,135,158,9.5,10
704,TOR,RRAY-L,-160,-168,9.5,10
704,HOU,ZGREINKE,-180,-140,9,9
704,CLE,CQUANTRIL,150,130,9,9
704,CWS,LGIOLITO,-180,-175,9,9.5
704,DET,MMANNING,150,163,9,9.5
704,MIN,KMAEDA,-135,-135,10,10
704,KAN,BKELLER,115,125,10,10
704,BOS,NPIVETTA,-110,102,9,9
704,OAK,JKAPRIELI,-110,-112,9,9
704,BAL,TESHELMAN,180,210,10,10.5
704,LAA,PSANDOVAL-L,-220,-240,10,10.5
704,TEX,MFOLTYNEW,120,128,9,9
704,SEA,CFLEXEN,-140,-138,9,9
704,NYM,COSWALT,130,133,7,7
704,NYY,NCORTES-L,-150,-143,7,7
704,NYM,MSTROMAN,160,160,6,6
704,NYY,GCOLE,-190,-170,6,6
705,STL,KKIM-L,160,190,7,7.5
705,SFO,KGAUSMAN,-190,-210,7,7.5
705,LAD,WBUEHLER,-170,-122,7,6.5
705,MIA,TROGERS-L,145,112,7,6.5
705,ATL,MFRIED-L,-180,-190,8.5,9
705,PIT,CDEJONG,150,175,8.5,9
705,MIL,BWOODRUFF,-180,-125,7.5,7.5
705,NYM,TMEGILL,150,115,7.5,7.5
705,PHI,MMOORE-L,120,140,10.5,11
705,CUB,ZDAVIES,-140,-150,10.5,11
705,WAS,JLESTER-L,185,220,8,8.5
705,SDG,JMUSGROVE,-225,-250,8,8.5
705,CWS,DCEASE,-115,-125,9.5,10
705,MIN,BOBER,-105,115,9.5,10
705,CLE,LALLEN-L,170,176,8.5,8.5
705,TAM,RHILL-L,-200,-192,8.5,8.5
705,DET,WPERALTA,130,150,9,9
705,TEX,KALLARD-L,-150,-160,9,9
705,BOS,MPEREZ-L,-105,-124,10,10
705,LAA,JSUAREZ-L,-115,114,10,10
705,CIN,VGUTIERRE,100,120,10,10.5
705,KAN,MMINOR-L,-120,-130,10,10.5
706,ATL,IANDERSON,-180,-184,8.5,9
706,PIT,CKUHL,150,169,8.5,9
706,LAD,TGONSOLIN,-125,-134,7.5,8
706,MIA,PLOPEZ,105,124,7.5,8
706,PHI,ANOLA,-130,-136,9.5,10
706,CUB,JARRIETA,110,126,9.5,10
706,COL,JGRAY,105,116,8.5,8.5
706,ARI,MKELLY,-125,-126,8.5,8.5
706,STL,AWAINWRIG,115,120,8,8
706,SFO,JCUETO,-135,-130,8,8
706,WAS,EFEDDE,160,152,9,9
706,SDG,RWEATHERS-L,-190,-162,9,9
706,TOR,SMATZ-L,-195,-185,11,11
706,BAL,SWATKINS,165,170,11,11
706,DET,JURENA,145,157,9,9
706,TEX,DDUNNING,-170,-167,9,9
706,CWS,CRODON-L,-115,-118,9,8
706,MIN,JBERRIOS,-105,108,9,8
706,OAK,CBASSITT,135,146,8.5,8.5
706,HOU,FVALDEZ-L,-160,-156,8.5,8.5
706,BOS,NEOVALDI,-110,-113,9.5,8.5
706,LAA,SOHTANI--,-110,103,9.5,8.5
706,NYY,JTAILLON,-145,-163,9,9.5
706,SEA,JSHEFFIEL-L,125,153,9,9.5
706,CIN,LCASTILLO,-165,-153,9.5,9.5
706,KAN,KBUBIC-L,140,143,9.5,9.5
707,ATL,DSMYLY-L,-165,-151,9,9.5
707,PIT,WCROWE,140,141,9,9.5
707,LAD,JREED,-170,-160,9,9
707,MIA,RDETWILER-L,145,150,9,9
707,PHI,ZWHEELER,-140,-138,7.5,7.5
707,CUB,AMILLS,120,128,7.5,7.5
707,COL,ASENZATEL,100,-106,9.5,9.5
707,ARI,HCASTELLA,-120,-104,9.5,9.5
707,STL,JOVIEDO,155,158,8.5,9
707,SFO,AWOOD-L,-185,-168,8.5,9
707,WAS,PCORBIN-L,150,160,8.5,8
707,SDG,CPADDACK,-180,-170,8.5,8
707,CLE,JMEJIA,155,140,7,7
707,TAM,MWACHA,-185,-150,7,7
707,CWS,LLYNN,-125,102,8.5,8.5
707,MIN,MPINEDA,105,-112,8.5,8.5
707,DET,CMIZE,130,132,8,8
707,TEX,KGIBSON,-150,-142,8,8
707,BOS,ERODRIGUE-L,-115,-129,9,9.5
707,LAA,AHEANEY-L,-105,119,9,9.5
707,TOR,HRYU-L,-235,-184,10.5,11
707,BAL,MHARVEY,190,169,10.5,11
707,OAK,SMANAEA-L,125,144,8.5,8.5
707,HOU,LGARCIA,-145,-154,8.5,8.5
707,NYY,NNELSON,-130,108,8.5,8.5
707,SEA,YKIKUCHI-L,110,-118,8.5,8.5
707,CIN,SGRAY,-145,-126,9.5,9.5
707,KAN,BSINGER,125,116,9.5,9.5
707,CLE,SHENTGES-L,170,180,7,6.5
707,TAM,CMCHUGH,-200,-200,7,6.5
707,MIL,CBURNES,150,160,4.5,4.5
707,NYM,JDEGROM,-180,-170,4.5,4.5
707,MIL,BANDERSON-L,105,107,7,7
707,NYM,RSTOCK,-125,-117,7,7
708,LAD,JURIAS-L,-165,-156,7.5,7
708,MIA,SALCANTAR,140,146,7.5,7
708,COL,CGONZALEZ,105,105,9,9.5
708,ARI,JFA,-125,-115,9,9.5
708,PHI,ZEFLIN,-105,-104,8,7.5
708,CUB,AALZOLAY,-115,-106,8,7.5
708,CIN,TMAHLE,-105,101,8.5,8.5
708,MIL,AHOUSER,-115,-111,8.5,8.5
708,WAS,MSCHERZER,120,138,6.5,7
708,SDG,YDARVISH,-140,-148,6.5,7
708,OAK,FMONTAS,140,161,9,9
708,HOU,LMCCULLER,-165,-172,9,9
708,NYY,JMONTGOME-L,-140,-134,9,8.5
708,SEA,LGILBERT,120,124,9,8.5
708,KAN,DDUFFY-L,130,127,8.5,9.5
708,CLE,ZPLESAC,-150,-137,8.5,9.5
708,DET,TSKUBAL-L,120,124,10,9.5
708,MIN,JHAPP-L,-140,-134,10,9.5
709,STL,WLEBLANC-L,150,138,8,7.5
709,CUB,KHENDRICK,-180,-148,8,7.5
709,ATL,CMORTON,-145,-152,7.5,8
709,MIA,ABASS,125,142,7.5,8
709,PIT,JBRUBAKER,165,180,7.5,7.5
709,NYM,TWALKER,-195,-200,7.5,7.5
709,CIN,WMILEY-L,-110,107,8.5,9
709,MIL,ELAUER-L,-110,-117,8.5,9
709,WAS,PESPINO,145,133,9,8.5
709,SFO,LWEBB,-170,-143,9,8.5
709,ARI,TWIDENER,185,240,8.5,8.5
709,LAD,DPRICE-L,-225,-270,8.5,8.5
709,COL,KFREELAND-L,195,176,8.5,9
709,SDG,RKNEHR,-245,-192,8.5,9
709,CWS,DKEUCHEL-L,-145,-132,10.5,10
709,BAL,JLOPEZ,125,122,10.5,10
709,TOR,AMANOAH,115,112,9,8.5
709,TAM,SMCCLANAH-L,-135,-122,9,8.5
709,KAN,BKELLER,120,130,9.5,9.5
709,CLE,TMCKENZIE,-140,-140,9.5,9.5
709,OAK,CIRVIN-L,-135,-126,9,9
709,TEX,JLYLES,115,116,9,9
709,NYY,NCORTES-L,120,122,9.5,9
709,HOU,JODORIZZI,-140,-132,9.5,9
709,DET,MMANNING,160,205,9.5,9.5
709,MIN,KMAEDA,-190,-230,9.5,9.5
709,LAA,ACOBB,-140,-118,9,9
709,SEA,MGONZALES-L,120,108,9,9
709,PHI,VVELASQUE,115,118,10.5,11.5
709,BOS,GRICHARDS,-135,-128,10.5,11.5
710,WAS,JLESTER-L,165,170,9,8.5
710,SFO,ADESCLAFA,-195,-185,9,8.5
710,PIT,TANDERSON-L,165,170,5.5,6
710,NYM,MSTROMAN,-195,-185,5.5,6
710,ATL,MFRIED-L,-120,100,7,7
710,MIA,TROGERS-L,100,-110,7,7
710,STL,KKIM-L,100,101,7,8
710,CUB,ZDAVIES,-120,-111,7,8
710,CIN,VGUTIERRE,170,185,8,8.5
710,MIL,FPERALTA,-200,-205,8,8.5
710,ARI,CSMITH-L,225,256,7.5,8
710,LAD,WBUEHLER,-275,-296,7.5,8
710,COL,GMARQUEZ,145,188,7.5,7.5
710,SDG,JMUSGROVE,-170,-208,7.5,7.5
710,TOR,RSTRIPLIN,100,102,8,9
710,TAM,RYARBROUG-L,-120,-112,8,9
710,DET,KFUNKHOUS,145,165,9.5,9.5
710,MIN,BOBER,-170,-180,9.5,9.5
710,OAK,JKAPRIELI,-145,-126,9,9
710,TEX,MFOLTYNEW,125,116,9,9
710,CWS,LGIOLITO,-210,-200,10,10.5
710,BAL,TESHELMAN,175,180,10,10.5
710,KAN,MMINOR-L,100,117,9,9
710,CLE,CQUANTRIL,-120,-127,9,9
710,NYY,GCOLE,-110,-106,8.5,8
710,HOU,ZGREINKE,-110,-104,8.5,8
710,LAA,PSANDOVAL-L,-115,-103,8.5,8
710,SEA,CFLEXEN,-105,-107,8.5,8
710,PHI,MMOORE-L,110,145,11,11
710,BOS,MPEREZ-L,-130,-155,11,11
710,PIT,MKRANICK,150,199,7,6.5
710,NYM,TMEGILL,-180,-219,7,6.5
711,ATL,IANDERSON,-115,118,7,6.5
711,MIA,PLOPEZ,-105,-128,7,6.5
711,PIT,CDEJONG,160,200,8.5,9
711,NYM,ALOUP-L,-190,-220,8.5,9
711,CIN,LCASTILLO,125,159,7,7.5
711,MIL,BWOODRUFF,-145,-169,7,7.5
711,WAS,EFEDDE,180,175,8,8
711,SFO,KGAUSMAN,-220,-190,8,8
711,ARI,MKELLY,190,260,8.5,9
711,LAD,TGONSOLIN,-235,-300,8.5,9
711,COL,JGRAY,150,171,9,8.5
711,SDG,RWEATHERS-L,-180,-186,9,8.5
711,CWS,DCEASE,-170,-172,11,10
711,BAL,SWATKINS,145,161,11,10
711,TOR,RRAY-L,-115,-119,8.5,8.5
711,TAM,RHILL-L,-105,109,8.5,8.5
711,DET,WPERALTA,185,200,9,9
711,MIN,JBERRIOS,-225,-220,9,9
711,NYY,JTAILLON,135,120,9,8.5
711,HOU,FVALDEZ-L,-160,-130,9,8.5
711,OAK,CBASSITT,-150,-135,8.5,8
711,TEX,KALLARD-L,130,125,8.5,8
711,LAA,JSUAREZ-L,-115,-101,9,9
711,SEA,HSANTIAGO-L,-105,-109,9,9
711,PHI,BKINTZLER,105,180,10.5,10.5
711,BOS,NPIVETTA,-125,-200,10.5,10.5
716,MIA,SALCANTAR,-125,-128,6.5,7
716,PHI,MMOORE-L,105,118,6.5,7
716,NYM,MSTROMAN,-165,-158,7.5,8.5
716,PIT,CKUHL,140,148,7.5,8.5
716,SDG,CPADDACK,-140,-148,9.5,9.5
716,WAS,EFEDDE,120,138,9.5,9.5
716,MIL,AHOUSER,-110,117,8,9
716,CIN,TMAHLE,-110,-127,8,9
716,MIA,RDETWILER-L,125,152,6,6.5
716,PHI,ZEFLIN,-145,-162,6,6.5
716,SFO,LWEBB,-165,102,7.5,8
716,STL,AWAINWRIG,140,-112,7.5,8
716,LAD,JURIAS-L,-210,-247,11,12
716,COL,CGONZALEZ,175,217,11,12
716,CUB,KHENDRICK,-150,-152,9.5,9
716,ARI,MBUMGARNE-L,130,142,9.5,9
716,BOS,ERODRIGUE-L,-105,-111,10,9.5
716,NYY,JMONTGOME-L,-115,101,10,9.5
716,TEX,JLYLES,190,240,10,9.5
716,TOR,RRAY-L,-235,-270,10,9.5
716,BAL,KAKIN-L,135,139,9.5,9.5
716,KAN,DDUFFY-L,-160,-149,9.5,9.5
716,HOU,LMCCULLER,-145,-124,9,9
716,CWS,DCEASE,125,114,9,9
716,SEA,CFLEXEN,145,133,9,8.5
716,LAA,AHEANEY-L,-170,-143,9,8.5
716,CLE,EMORGAN,180,173,8.5,8.5
716,OAK,SMANAEA-L,-220,-188,8.5,8.5
716,TAM,MWACHA,115,116,9,8.5
716,ATL,CMORTON,-135,-126,9,8.5
717,MIA,ZTHOMPSON,100,111,9,9.5
717,PHI,VVELASQUE,-120,-121,9,9.5
717,SDG,BSNELL-L,-125,-130,9,9.5
717,WAS,PCORBIN-L,105,120,9,9.5
717,NYM,TMEGILL,-180,-163,8.5,9
717,PIT,WCROWE,150,153,8.5,9
717,MIL,BWOODRUFF,-115,-136,7.5,8
717,CIN,LCASTILLO,-105,126,7.5,8
717,SFO,ADESCLAFA,-120,-110,7.5,8
717,STL,KKIM-L,100,100,7.5,8
717,CUB,AALZOLAY,-120,-121,9,9
717,ARI,ZGALLEN,100,111,9,9
717,LAD,WBUEHLER,-270,-240,11.5,11.5
717,COL,KFREELAND-L,220,210,11.5,11.5
717,CLE,CQUANTRIL,145,158,9,8.5
717,OAK,FMONTAS,-170,-168,9,8.5
717,BAL,JLOPEZ,135,145,9.5,9.5
717,KAN,BSINGER,-160,-155,9.5,9.5
717,HOU,JODORIZZI,-105,-101,8.5,9
717,CWS,LGIOLITO,-115,-109,8.5,9
717,BOS,NEOVALDI,135,121,8,8
717,NYY,GCOLE,-160,-131,8,8
717,SEA,YKIKUCHI-L,105,120,9,8.5
717,LAA,ACOBB,-125,-130,9,8.5
717,TAM,JFLEMING-L,-105,105,8.5,8.5
717,ATL,MFRIED-L,-115,-115,8.5,8.5
717,MIN,CBARNES-L,-125,-124,7.5,8
717,DET,JURENA,105,114,7.5,8
717,MIN,KMAEDA,-180,-167,7,7
717,DET,TALEXANDE-L,150,157,7,7
718,NYM,TWALKER,-145,-137,8,8.5
718,PIT,JBRUBAKER,134,126,8,8.5
718,SDG,JMUSGROVE,-105,-102,8,8
718,WAS,MSCHERZER,-105,-106,8,8
718,MIA,BGARRETT-L,185,205,8,8
718,PHI,ZWHEELER,-225,-230,8,8
718,MIL,CBURNES,-125,-116,7.5,7.5
718,CIN,SGRAY,115,107,7.5,7.5
718,SFO,JCUETO,-120,-112,8.5,9
718,STL,WLEBLANC-L,110,104,8.5,9
718,LAD,DPRICE-L,-177,-153,11.5,11.5
718,COL,JGRAY,163,140,11.5,11.5
718,CUB,ZDAVIES,-105,-106,9,9
718,ARI,MKELLY,-105,-102,9,9
718,MIN,JHAPP-L,-125,-126,10,10.5
718,DET,WPERALTA,115,117,10,10.5
718,HOU,FVALDEZ-L,-105,128,8,8
718,CWS,CRODON-L,-105,-138,8,8
718,BAL,MHARVEY,120,135,10,10
718,KAN,CHERNANDE,-130,-147,10,10
718,SEA,LGILBERT,113,124,8.5,8.5
718,LAA,PSANDOVAL-L,-123,-134,8.5,8.5
718,CLE,ZPLESAC,150,155,8,8
718,OAK,CBASSITT,-163,-170,8,8
718,BOS,MPEREZ-L,-101,109,9.5,9.5
718,NYY,JTAILLON,-109,-118,9.5,9.5
718,TAM,RHILL-L,-105,101,9,9
718,ATL,DSMYLY-L,-105,-109,9,9
718,TEX,KALLARD-L,212,207,7.5,7.5
718,TOR,HRYU-L,-235,-229,7.5,7.5
718,TEX,MFOLTYNEW,163,187,8,8
718,TOR,SMATZ-L,-177,-206,8,8
719,MIA,RDETWILER-L,110,122,9.5,9.5
719,WAS,JLESTER-L,-120,-132,9.5,9.5
719,NYM,JEICKHOFF,124,-101,11,11
719,CIN,VGUTIERRE,-134,-108,11,11
719,CUB,AMILLS,105,-111,9,8.5
719,STL,JWOODFORD,-115,103,9,8.5
719,PIT,CDEJONG,118,108,9.5,9.5
719,ARI,CSMITH-L,-128,-117,9.5,9.5
719,SFO,KGAUSMAN,-105,115,8,7.5
719,LAD,TGONSOLIN,-105,-124,8,7.5
719,MIN,GJAX,179,199,7,7
719,CWS,LLYNN,-195,-220,7,7
719,BOS,NPIVETTA,115,115,10.5,10.5
719,TOR,RSTRIPLIN,-125,-124,10.5,10.5
719,BAL,SWATKINS,196,247,9,9
719,TAM,RYARBROUG-L,-215,-277,9,9
719,TEX,KGIBSON,100,-106,9,9
719,DET,CMIZE,-110,-102,9,9
719,CLE,JMEJIA,200,194,9,9
719,HOU,ZGREINKE,-220,-214,9,9
719,MIN,JBERRIOS,-130,-114,7,7
719,CWS,RLOPEZ,120,106,7,7
719,LAA,SOHTANI,-115,113,8,8
719,OAK,CIRVIN-L,105,-122,8,8
720,MIA,TROGERS-L,-125,-105,9,9
720,WAS,PESPINO,105,-105,9,9
720,NYM,RSTOCK,135,137,10.5,10.5
720,CIN,WMILEY-L,-160,-147,10.5,10.5
720,SDG,YDARVISH,-165,-166,9,9
720,ATL,TTOUSSAIN,140,156,9,9
720,CUB,TWILLIAMS,100,-101,9,9
720,STL,JOVIEDO,-120,-109,9,9
720,PIT,TANDERSON-L,-105,-107,9,9
720,ARI,TWIDENER,-115,-103,9,9
720,SFO,AWOOD-L,125,127,8.5,8.5
720,LAD,DNUNEZ-L,-145,-137,8.5,8.5
720,LAA,JSUAREZ-L,125,140,9,8.5
720,OAK,JKAPRIELI,-145,-150,9,8.5
720,BAL,JMEANS-L,165,180,8.5,7.5
720,TAM,SMCCLANAH-L,-195,-200,8.5,7.5
720,TEX,DDUNNING,-110,105,9,9
720,DET,TSKUBAL-L,-110,-115,9,9
720,CLE,TMCKENZIE,155,185,9.5,8.5
720,HOU,LGARCIA,-185,-205,9.5,8.5
720,MIN,BOBER,150,126,9,9.5
720,CWS,DKEUCHEL-L,-180,-136,9,9.5
720,PHI,ANOLA,-120,-128,9,9
720,NYY,DGERMAN,100,118,9,9
720,KAN,MMINOR-L,145,145,9,9.5
720,MIL,BANDERSON-L,-170,-155,9,9.5
720,SEA,MGONZALES-L,145,165,10.5,11
720,COL,GMARQUEZ,-170,-180,10.5,11
721,SDG,CPADDACK,-135,-118,7.5,7.5
721,ATL,KMULLER-L,115,108,7.5,7.5
721,NYM,MSTROMAN,-125,-133,10,10
721,CIN,JHOFFMAN,105,123,10,10
721,PIT,MKRANICK,120,118,9,9
721,ARI,MBUMGARNE-L,-140,-128,9,9
721,MIA,NNEIDERT,100,144,8,10
721,WAS,EFEDDE,-120,-154,8,10
721,CUB,KHENDRICK,-110,121,8,8
721,STL,AWAINWRIG,-110,-131,8,8
721,SFO,LWEBB,155,149,8.5,8.5
721,LAD,JURIAS-L,-185,-159,8.5,8.5
721,BAL,AWELLS-L,190,205,8.5,8.5
721,TAM,MWACHA,-235,-230,8.5,8.5
721,TEX,JLYLES,105,106,9.5,9.5
721,DET,MMANNING,-125,-116,9.5,9.5
721,CLE,EMORGAN,205,214,9,8.5
721,HOU,LMCCULLER,-255,-244,9,8.5
721,MIN,MPINEDA,110,144,9,9
721,CWS,DCEASE,-130,-154,9,9
721,KAN,BKELLER,145,163,9.5,9
721,MIL,ELAUER-L,-170,-176,9.5,9
721,SEA,KMIDDLETO,120,128,11.5,11
721,COL,AGOMBER-L,-140,-138,11.5,11
721,PHI,SHOWARD,-110,-108,10,10.5
721,NYY,AWOJCIECH,-110,-102,10,10.5
721,SDG,RKNEHR,-115,113,8,8
721,ATL,BWILSON,-105,-123,8,8
721,BOS,GRICHARDS,-104,180,10.5,10.5
721,TOR,RRAY-L,-115,-200,10.5,10.5
722,ATL,CMORTON,-135,-140,9,8.5
722,PHI,MMOORE-L,115,130,9,8.5
722,SDG,BSNELL-L,-150,-151,8,8.5
722,MIA,ABENDER,130,141,8,8.5
722,CUB,AALZOLAY,110,122,8.5,8.5
722,STL,KKIM-L,-130,-132,8.5,8.5
722,SFO,ADESCLAFA,145,173,8,8
722,LAD,WBUEHLER,-170,-188,8,8
722,TEX,MFOLTYNEW,100,128,9.5,9.5
722,DET,TALEXANDE-L,-120,-138,9.5,9.5
722,TAM,LPATINO,-130,-131,9,9.5
722,CLE,CQUANTRIL,110,121,9,9.5
722,NYY,JMONTGOME-L,105,138,10,9.5
722,BOS,THOUCK,-125,-148,10,9.5
722,LAA,AHEANEY-L,120,113,9.5,9
722,MIN,KMAEDA,-140,-123,9.5,9
722,OAK,SMANAEA-L,-135,-138,8,7.5
722,SEA,CFLEXEN,115,128,8,7.5
723,ARI,ZGALLEN,130,115,10.5,10
723,CUB,ZDAVIES,-150,-125,10.5,10
723,ATL,MFRIED-L,110,142,7.5,7.5
723,PHI,ZWHEELER,-130,-152,7.5,7.5
723,SDG,JMUSGROVE,-165,-138,8,8
723,MIA,ZTHOMPSON,140,128,8,8
723,STL,WLEBLANC-L,135,146,10,9.5
723,CIN,TMAHLE,-160,-156,10,9.5
723,PIT,CKUHL,155,170,8.5,8.5
723,SFO,JCUETO,-185,-185,8.5,8.5
723,COL,CGONZALEZ,220,240,9,9
723,LAD,DPRICE-L,-270,-270,9,9
723,NYY,GCOLE,-110,-101,8.5,8.5
723,BOS,ERODRIGUE-L,-110,-109,8.5,8.5
723,TAM,JFLEMING-L,-120,-125,9,9.5
723,CLE,ZPLESAC,100,115,9,9.5
723,LAA,ACOBB,-110,-105,10,9.5
723,MIN,JHAPP-L,-110,-105,10,9.5
723,TEX,KALLARD-L,200,186,9,8.5
723,HOU,JODORIZZI,-250,-206,9,8.5
723,DET,WPERALTA,105,104,10,10.5
723,KAN,KBUBIC-L,-125,-114,10,10.5
723,OAK,FMONTAS,-115,-120,7.5,7.5
723,SEA,YKIKUCHI-L,-105,110,7.5,7.5
723,WAS,PCORBIN-L,-130,-127,10,10.5
723,BAL,JLOPEZ,110,117,10,10.5
723,TOR,SMATZ-L,105,-103,9,9
723,NYM,TMEGILL,-125,-107,9,9
723,CWS,LGIOLITO,100,121,7.5,7.5
723,MIL,FPERALTA,-120,-131,7.5,7.5
724,ARI,MKELLY,125,158,11.5,11
724,CUB,AMILLS,-145,-168,11.5,11
724,ATL,DSMYLY-L,-105,112,9.5,10.5
724,PHI,VVELASQUE,-115,-122,9.5,10.5
724,SDG,RWEATHERS-L,-140,-152,8,9
724,MIA,BGARRETT-L,120,142,8,9
724,STL,JWOODFORD,160,163,9.5,9.5
724,CIN,LCASTILLO,-190,-176,9.5,9.5
724,PIT,WCROWE,210,234,8,8
724,SFO,KGAUSMAN,-260,-264,8,8
724,COL,KFREELAND-L,210,181,9,8.5
724,LAD,TGONSOLIN,-260,-201,9,8.5
724,NYY,JTAILLON,135,157,9,9
724,BOS,NEOVALDI,-160,-167,9,9
724,TEX,KGIBSON,170,190,8.5,8
724,HOU,FVALDEZ-L,-200,-210,8.5,8
724,TAM,DRASMUSSE,-540,-150,10,10.5
724,CLE,JMEJIA,135,140,10,10.5
724,LAA,PSANDOVAL-L,110,116,9,9
724,MIN,JBERRIOS,-130,-126,9,9
724,DET,CMIZE,-105,126,10,10
724,KAN,CHERNANDE,-115,-136,10,10
724,OAK,CBASSITT,-140,-113,7.5,7.5
724,SEA,LGILBERT,120,103,7.5,7.5
724,WAS,JLESTER-L,-190,-131,9.5,11
724,BAL,MHARVEY,160,121,9.5,11
724,CWS,CRODON-L,100,116,7.5,7
724,MIL,CBURNES,-120,-126,7.5,7
724,TOR,HRYU-L,-120,-116,8,8.5
724,NYM,TWALKER,100,106,8,8.5
725,ATL,TTOUSSAIN,145,152,9,9.5
725,PHI,ANOLA,-170,-162,9,9.5
725,SDG,YDARVISH,-180,-210,7.5,7.5
725,MIA,JCURTISS,150,190,7.5,7.5
725,STL,JOVIEDO,155,150,9,10
725,CIN,SGRAY,-185,-160,9,10
725,ARI,CSMITH-L,155,165,9,9
725,CUB,TWILLIAMS,-185,-180,9,9
725,PIT,JBRUBAKER,150,173,8.5,8
725,SFO,AWOOD-L,-180,-188,8.5,8
725,COL,JGRAY,160,157,8.5,8.5
725,LAD,JGRAY,-190,-167,8.5,8.5
725,NYY,DGERMAN,110,127,10.5,10.5
725,BOS,MPEREZ-L,-130,-137,10.5,10.5
725,TAM,RYARBROUG-L,-160,-168,10,9
725,CLE,TMCKENZIE,135,158,10,9
725,LAA,JBARRIA,-105,110,10,10
725,MIN,BOBER,-115,-120,10,10
725,DET,TSKUBAL-L,-110,-104,10.5,10
725,KAN,DLYNCH-L,-110,-106,10.5,10
725,TEX,THEARN-L,190,230,8.5,8.5
725,HOU,ZGREINKE,-235,-260,8.5,8.5
725,OAK,CIRVIN-L,-125,-131,8.5,9
725,SEA,MGONZALES-L,105,121,8.5,9
725,WAS,PESPINO,110,-114,9.5,10
725,BAL,JMEANS-L,-130,104,9.5,10
725,TOR,RSTRIPLIN,-110,-115,9,9.5
725,NYM,RHILL-L,-110,105,9,9.5
725,CWS,LLYNN,110,144,7,7.5
725,MIL,BWOODRUFF,-130,-154,7,7.5
726,ATL,KMULLER-L,135,135,7,6.5
726,NYM,MSTROMAN,-160,-145,7,6.5
726,WAS,JROSS,100,114,10,9.5
726,PHI,SHOWARD,-120,-124,10,9.5
726,CIN,WMILEY-L,110,122,8.5,8.5
726,CUB,KHENDRICK,-130,-132,8.5,8.5
726,ATL,BWILSON,120,157,7,7
726,NYM,ALOUP-L,-140,-167,7,7
726,TOR,THATCH,105,122,11,11.5
726,BOS,NPIVETTA,-125,-132,11,11.5
726,CWS,DKEUCHEL-L,-125,-119,10,9.5
726,KAN,MMINOR-L,105,109,10,9.5
726,DET,MMANNING,155,161,10,10
726,MIN,MPINEDA,-185,-172,10,10
726,HOU,LGARCIA,-170,-165,9,8.5
726,SEA,DMCCAUGHA,145,155,9,8.5
726,COL,GMARQUEZ,135,140,8,7.5
726,LAA,SOHTANI,-160,-150,8,7.5
727,MIL,BANDERSON-L,-140,-140,9,9
727,PIT,LOVIEDO,120,137,9,9
727,WAS,EFEDDE,100,112,9.5,10.5
727,PHI,MMOORE-L,-120,-122,9.5,10.5
727,ATL,CMORTON,-145,-140,8,9
727,NYM,JEICKHOFF,125,130,8,9
727,CIN,VGUTIERRE,135,150,9.5,10.5
727,CUB,AALZOLAY,-160,-160,9.5,10.5
727,LAD,JURIAS-L,-140,-117,8,8.5
727,SFO,LWEBB,120,107,8,8.5
727,NYY,JMONTGOME-L,140,126,8.5,7.5
727,TAM,SMCCLANAH-L,-165,-136,8.5,7.5
727,DET,TALEXANDE-L,190,170,9.5,9
727,MIN,KMAEDA,-235,-185,9.5,9
727,CWS,DCEASE,-140,-145,10,9.5
727,KAN,BKELLER,120,135,10,9.5
727,HOU,LMCCULLER,-130,-158,8.5,8
727,SEA,CFLEXEN,110,148,8.5,8
727,MIA,SALCANTAR,-130,-127,9.5,9
727,BAL,SWATKINS,110,117,9.5,9
727,STL,AWAINWRIG,-105,-117,9,9.5
727,CLE,CQUANTRIL,-115,107,9,9.5
727,ARI,TWIDENER,130,126,8.5,8.5
727,TEX,DDUNNING,-150,-136,8.5,8.5
727,COL,AGOMBER-L,115,124,9.5,9
727,LAA,JSUAREZ-L,-135,-134,9.5,9
727,OAK,JKAPRIELI,115,142,8.5,8.5
727,SDG,CPADDACK,-135,-152,8.5,8.5
728,MIL,AHOUSER,-160,-144,9,9
728,PIT,MKRANICK,135,134,9,9
728,ATL,MFRIED-L,110,109,8,7.5
728,NYM,TMEGILL,-130,-119,8,7.5
728,CIN,TMAHLE,-115,-110,9.5,10
728,CUB,ZDAVIES,-105,100,9.5,10
728,LAD,WBUEHLER,-135,-129,7.5,7.5
728,SFO,ADESCLAFA,115,119,7.5,7.5
728,DET,WPERALTA,130,128,10.5,10
728,MIN,JHAPP-L,-150,-138,10.5,10
728,HOU,JODORIZZI,-135,-110,8.5,8.5
728,SEA,YKIKUCHI-L,115,100,8.5,8.5
728,NYY,NCORTES-L,125,124,8.5,8.5
728,TAM,MWACHA,-145,-134,8.5,8.5
728,CWS,LGIOLITO,-185,-170,9.5,10
728,KAN,KBUBIC-L,155,160,9.5,10
728,STL,KKIM-L,-105,-111,9,8.5
728,CLE,ZPLESAC,-115,101,9,8.5
728,OAK,SMANAEA-L,130,117,8.5,8
728,SDG,BSNELL-L,-150,-127,8.5,8
728,MIA,JHOLLOWAY,100,119,9.5,10
728,BAL,JLOPEZ,-120,-129,9.5,10
728,ARI,MBUMGARNE-L,-105,107,9,9
728,TEX,JLYLES,-115,-117,9,9
728,COL,LGILBREAT-L,175,193,9,9
728,LAA,AHEANEY-L,-210,-213,9,9
728,TOR,RRAY-L,-140,-150,8.5,8.5
728,BOS,GRICHARDS,120,140,8.5,8.5
728,TOR,SMATZ-L,120,120,9,8
728,BOS,THOUCK,-140,-130,9,8
729,ATL,DSMYLY-L,120,118,8.5,8.5
729,NYM,TWALKER,-140,-128,8.5,8.5
729,CIN,LCASTILLO,-120,-130,7,7
729,CUB,AMILLS,100,120,7,7
729,LAD,DPRICE-L,-135,-121,8.5,8.5
729,SFO,JCUETO,115,111,8.5,8.5
729,MIL,FPERALTA,-190,-190,8,8
729,PIT,CKUHL,160,175,8,8
729,COL,KFREELAND-L,220,236,8,8
729,SDG,JMUSGROVE,-270,-266,8,8
729,NYY,GCOLE,-145,-122,8,7.5
729,TAM,LPATINO,125,112,8,7.5
729,CWS,CRODON-L,-185,-170,9.5,9
729,KAN,CHERNANDE,155,160,9.5,9
729,BAL,AWELLS-L,135,140,9.5,10
729,DET,CMIZE,-160,-150,9.5,10
729,TOR,HRYU-L,-105,107,10,10.5
729,BOS,ERODRIGUE-L,-115,-117,10,10.5
729,OAK,FMONTAS,-140,-149,9,9
729,LAA,DBUNDY,120,139,9,9
729,WAS,MSCHERZER,130,142,5.5,5
729,PHI,ZWHEELER,-150,-152,5.5,5
729,WAS,PCORBIN-L,125,132,7,7
729,PHI,CSANCHEZ-L,-145,-142,7,7
730,PHI,VVELASQUE,-135,-130,9,9
730,PIT,WCROWE,115,120,9,9
730,CUB,JARRIETA,-125,121,9,9
730,WAS,PESPINO,105,-131,9,9
730,CIN,SGRAY,-105,125,8.5,8
730,NYM,CCARRASCO,-115,-135,8.5,8
730,MIL,CBURNES,-135,-140,8.5,8.5
730,ATL,TTOUSSAIN,115,130,8.5,8.5
730,LAD,TGONSOLIN,-180,-194,9,9
730,ARI,ZGALLEN,150,177,9,9
730,COL,JGRAY,160,175,8.5,8.5
730,SDG,RWEATHERS-L,-190,-190,8.5,8.5
730,KAN,DLYNCH-L,170,205,10.5,10
730,TOR,RSTRIPLIN,-200,-230,10.5,10
730,BAL,MHARVEY,120,138,10,9
730,DET,TSKUBAL-L,-140,-148,10,9
730,BOS,MPEREZ-L,120,129,8.5,9
730,TAM,JFLEMING-L,-140,-139,8.5,9
730,SEA,LGILBERT,-150,-154,8,7.5
730,TEX,KALLARD-L,130,144,8,7.5
730,CLE,JMEJIA,175,204,8.5,8
730,CWS,LLYNN,-210,-224,8.5,8
730,OAK,CBASSITT,-130,-115,8.5,8.5
730,LAA,PSANDOVAL-L,110,105,8.5,8.5
730,NYY,JTAILLON,-160,-160,8,7.5
730,MIA,ZTHOMPSON,135,150,8,7.5
730,MIN,GJAX,-135,139,8.5,9
730,STL,WLEBLANC-L,115,-149,8.5,9
730,HOU,FVALDEZ-L,-110,113,7.5,8
730,SFO,KGAUSMAN,-110,-123,7.5,8
731,CUB,KHENDRICK,100,107,7.5,8
731,WAS,JROSS,-120,-117,7.5,8
731,PHI,ANOLA,-160,-182,8,7.5
731,PIT,JBRUBAKER,135,167,8,7.5
731,CIN,WMILEY-L,105,111,8,9
731,NYM,RHILL-L,-125,-121,8,9
731,MIL,BWOODRUFF,-160,-139,8.5,9
731,ATL,KMULLER-L,135,129,8.5,9
731,LAD,MWHITE,-170,-169,9.5,9.5
731,ARI,MKELLY,145,159,9.5,9.5
731,COL,GMARQUEZ,170,172,7,7
731,SDG,YDARVISH,-200,-187,7,7
731,KAN,MMINOR-L,175,210,10.5,9
731,TOR,AMANOAH,-210,-240,10.5,9
731,OAK,CIRVIN-L,-120,-145,9.5,10
731,LAA,JBARRIA,100,135,9.5,10
731,BOS,NEOVALDI,-115,103,8.5,8.5
731,TAM,RYARBROUG-L,-105,-113,8.5,8.5
731,BAL,JMEANS-L,-115,100,9,9.5
731,DET,MMANNING,-105,-110,9,9.5
731,SEA,TANDERSON-L,-180,-133,8,8.5
731,TEX,THEARN-L,150,123,8,8.5
731,CLE,TMCKENZIE,155,143,9,9
731,CWS,DKEUCHEL-L,-185,-153,9,9
731,HOU,ZGREINKE,-125,104,8,8.5
731,SFO,AWOOD-L,105,-114,8,8.5
731,NYY,DGERMAN,-200,-132,8,7.5
731,MIA,TROGERS-L,170,122,8,7.5
731,MIN,BOBER,125,116,9,8.5
731,STL,JWOODFORD,-145,-126,9,8.5
801,CUB,AALZOLAY,105,102,8,8.5
801,WAS,EFEDDE,-125,-112,8,8.5
801,PHI,KGIBSON,-160,-152,9,8.5
801,PIT,MKELLER,135,142,9,8.5
801,CIN,VGUTIERRE,140,170,9,8.5
801,NYM,MSTROMAN,-165,-185,9,8.5
801,MIL,BANDERSON-L,120,152,9,9
801,ATL,CMORTON,-140,-162,9,9
801,COL,AGOMBER-L,145,142,8.5,8.5
801,SDG,RKNEHR,-170,-152,8.5,8.5
801,LAD,JURIAS-L,-235,-246,9.5,9.5
801,ARI,CSMITH-L,190,216,9.5,9.5
801,KAN,BKELLER,225,220,9.5,8.5
801,TOR,JBERRIOS,-275,-250,9.5,8.5
801,BAL,SWATKINS,120,134,9.5,10
801,DET,TALEXANDE-L,-140,-144,9.5,10
801,CLE,CQUANTRIL,140,156,9,9.5
801,CWS,JLAMBERT,-165,-166,9,9.5
801,SEA,MGONZALES-L,-140,-142,9,9
801,TEX,MFOLTYNEW,120,132,9,9
801,OAK,DJEFFERIE,110,105,10,9.5
801,LAA,RDETMERS-L,-130,-115,10,9.5
801,BOS,NPIVETTA,110,146,8.5,9
801,TAM,SMCCLANAH-L,-130,-156,8.5,9
801,NYY,JMONTGOME-L,-160,-159,7,7
801,MIA,SALCANTAR,135,149,7,7
801,MIN,MPINEDA,120,146,8.5,8
801,STL,AWAINWRIG,-140,-156,8.5,8
801,HOU,LGARCIA,100,108,8.5,8.5
801,SFO,LWEBB,-120,-118,8.5,8.5
802,PHI,RSUAREZ-L,-115,-117,9,8.5
802,WAS,JGRAY,-105,107,9,8.5
802,NYM,TMEGILL,-150,-160,7.5,7.5
802,MIA,JLUZARDO-L,130,150,7.5,7.5
802,PIT,BWILSON,175,185,9,9
802,MIL,ELAUER-L,-210,-205,9,9
802,SFO,ADESCLAFA,-170,-205,9,9.5
802,ARI,TWIDENER,145,185,9,9.5
802,CLE,EMORGAN,230,220,9.5,9
802,TOR,RRAY-L,-280,-250,9.5,9
802,BAL,JLOPEZ,200,250,9.5,10
802,NYY,AHEANEY-L,-250,-290,9.5,10
802,SEA,CFLEXEN,145,175,8.5,9
802,TAM,MWACHA,-170,-190,8.5,9
802,LAA,CRODRIGUE,-110,-102,8.5,8.5
802,TEX,DDUNNING,-110,-108,8.5,8.5
803,PHI,ZWHEELER,-170,-168,8,8
803,WAS,PCORBIN-L,145,158,8,8
803,NYM,TWALKER,-170,-185,7.5,8.5
803,MIA,NNEIDERT,145,170,7.5,8.5
803,PIT,MKRANICK,180,205,9,9
803,MIL,AHOUSER,-220,-230,9,9
803,ATL,MFRIED-L,-130,-128,9,8.5
803,STL,JLESTER-L,110,118,9,8.5
803,CUB,ZDAVIES,130,128,11.5,11.5
803,COL,KFREELAND-L,-150,-138,11.5,11.5
803,SFO,JCUETO,-165,-174,9.5,9.5
803,ARI,MBUMGARNE-L,140,162,9.5,9.5
803,BAL,AWELLS-L,250,220,8.5,10.5
803,NYY,LGIL,-310,-250,8.5,10.5
803,CLE,ZPLESAC,175,180,8.5,9
803,TOR,HRYU-L,-210,-200,8.5,9
803,SEA,YKIKUCHI-L,145,143,8.5,8
803,TAM,LPATINO,-170,-153,8.5,8
803,BOS,GRICHARDS,-140,-141,10,10
803,DET,WPERALTA,120,131,10,10
803,LAA,JSUAREZ-L,-110,-128,8.5,8.5
803,TEX,JLYLES,-110,118,8.5,8.5
803,KAN,KBUBIC-L,165,220,9.5,9
803,CWS,DCEASE,-195,-250,9.5,9
803,MIN,KMAEDA,120,125,9,9
803,CIN,TMAHLE,-140,-135,9,9
803,SDG,BSNELL-L,120,153,9,8.5
803,OAK,SMANAEA-L,-140,-163,9,8.5
803,HOU,LMCCULLER,135,163,8,8.5
803,LAD,WBUEHLER,-160,-176,8,8.5
804,PIT,SBRAULT-L,235,225,8.5,8
804,MIL,FPERALTA,-290,-255,8.5,8
804,PHI,CANDERSON,-105,104,9,9.5
804,WAS,PESPINO,-115,-114,9,9.5
804,NYM,CCARRASCO,-160,-149,7.5,7.5
804,MIA,ZTHOMPSON,135,139,7.5,7.5
804,ATL,DSMYLY-L,-115,-108,9,9
804,STL,JHAPP-L,-105,-102,9,9
804,CUB,AMILLS,145,161,11,11
804,COL,JGRAY,-170,-172,11,11
804,SFO,KGAUSMAN,-185,-178,8.5,9
804,ARI,ZGALLEN,155,164,8.5,9
804,SEA,LGILBERT,145,144,8,8
804,TAM,JFLEMING-L,-170,-154,8,8
804,BAL,MHARVEY,230,224,9.5,9
804,NYY,JTAILLON,-280,-254,9.5,9
804,CLE,JMEJIA,180,185,10,9.5
804,TOR,SMATZ-L,-220,-205,10,9.5
804,BOS,ERODRIGUE-L,-165,-145,9,9
804,DET,CMIZE,140,135,9,9
804,LAA,SOHTANI,-165,-172,8,8
804,TEX,KALLARD-L,140,161,8,8
804,KAN,CHERNANDE,210,230,8.5,8.5
804,CWS,LGIOLITO,-260,-260,8.5,8.5
804,MIN,CBARNES-L,170,210,9,9.5
804,CIN,LCASTILLO,-200,-240,9,9.5
804,SDG,JMUSGROVE,-110,110,8,8
804,OAK,FMONTAS,-110,-120,8,8
804,HOU,JODORIZZI,175,205,8.5,9
804,LAD,MSCHERZER,-210,-230,8.5,9
805,NYM,RHILL-L,-160,-129,8,8
805,MIA,BGARRETT-L,135,119,8,8
805,CUB,JARRIETA,135,141,11.5,11.5
805,COL,ASENZATEL,-160,-151,11.5,11.5
805,SFO,AWOOD-L,-180,-157,9.5,9
805,ARI,MKELLY,150,147,9.5,9
805,PHI,ANOLA,-165,-146,8.5,8.5
805,WAS,JROSS,140,136,8.5,8.5
805,PIT,WCROWE,190,216,9,9.5
805,CIN,SGRAY,-235,-246,9,9.5
805,ATL,TTOUSSAIN,-105,-119,9,9
805,STL,WLEBLANC-L,-115,109,9,9
805,BOS,MPEREZ-L,-125,-124,10,10
805,DET,TSKUBAL-L,105,114,10,10
805,LAA,DBUNDY,-120,-107,9.5,9
805,TEX,SHOWARD,100,-103,9.5,9
805,SEA,TANDERSON-L,195,178,9.5,9.5
805,NYY,NCORTES-L,-245,-196,9.5,9.5
805,CLE,TMCKENZIE,175,180,9.5,9
805,TOR,RSTRIPLIN,-210,-200,9.5,9
805,KAN,DLYNCH-L,180,173,9.5,9.5
805,CWS,DKEUCHEL-L,-220,-188,9.5,9.5
805,MIN,GJAX,225,210,9,9
805,HOU,FVALDEZ-L,-275,-240,9,9
806,NYM,MSTROMAN,-105,102,8.5,9.5
806,PHI,KGIBSON,-115,-112,8.5,9.5
806,PIT,JBRUBAKER,190,170,9,9.5
806,CIN,WMILEY-L,-235,-185,9,9.5
806,WAS,EFEDDE,170,176,9.5,9
806,ATL,KMULLER-L,-200,-192,9.5,9
806,SFO,LWEBB,145,133,8,8
806,MIL,CBURNES,-170,-143,8,8
806,MIA,SALCANTAR,130,149,10,9.5
806,COL,GMARQUEZ,-150,-159,10,9.5
806,ARI,CSMITH-L,180,190,8.5,8.5
806,SDG,RWEATHERS-L,-220,-210,8.5,8.5
806,TAM,RYARBROUG-L,-150,-143,9,10
806,BAL,JMEANS-L,130,133,9,10
806,SEA,MGONZALES-L,145,158,10,10.5
806,NYY,WPERALTA-L,-170,-168,10,10.5
806,BOS,NEOVALDI,125,133,9,9
806,TOR,AMANOAH,-145,-143,9,9
806,DET,MMANNING,135,124,9.5,9.5
806,CLE,CQUANTRIL,-160,-134,9.5,9.5
806,MIN,BOBER,205,178,9,9
806,HOU,ZGREINKE,-255,-196,9,9
806,TEX,MFOLTYNEW,185,260,8,8
806,OAK,CBASSITT,-225,-300,8,8
806,CWS,LLYNN,-150,-200,9,8.5
806,CUB,KHENDRICK,130,180,9,8.5
806,KAN,MMINOR-L,140,167,8.5,8
806,STL,AWAINWRIG,-165,-182,8.5,8
806,LAA,PSANDOVAL-L,165,192,9,8
806,LAD,DPRICE-L,-195,-212,9,8
807,NYM,TMEGILL,-115,102,9.5,9.5
807,PHI,RSUAREZ-L,-105,-112,9.5,9.5
807,SFO,ASANCHEZ,150,171,8,8.5
807,MIL,BWOODRUFF,-180,-186,8,8.5
807,PIT,MKELLER,175,175,10,10.5
807,CIN,VGUTIERRE,-210,-190,10,10.5
807,WAS,JGRAY,180,230,8.5,8.5
807,ATL,CMORTON,-220,-260,8.5,8.5
807,MIA,JLUZARDO-L,130,148,10.5,10.5
807,COL,AGOMBER-L,-150,-158,10.5,10.5
807,ARI,TWIDENER,225,260,7.5,8
807,SDG,YDARVISH,-275,-300,7.5,8
807,SEA,CFLEXEN,160,179,10,10.5
807,NYY,AHEANEY-L,-190,-198,10,10.5
807,BOS,NPIVETTA,145,170,7,7
807,TOR,RRAY-L,-170,-185,7,7
807,TEX,DANDERSON,210,210,8.5,8.5
807,OAK,CIRVIN-L,-260,-240,8.5,8.5
807,TAM,SMCCLANAH-L,-210,-230,10,10
807,BAL,SWATKINS,175,205,10,10
807,BOS,THOUCK,135,149,7,7
807,TOR,JBERRIOS,-160,-159,7,7
807,DET,TALEXANDE-L,110,133,10,9.5
807,CLE,EMORGAN,-130,-143,10,9.5
807,MIN,MPINEDA,165,205,9,8.5
807,HOU,LGARCIA,-195,-230,9,8.5
807,CWS,CRODON-L,-220,-192,9,8.5
807,CUB,AALZOLAY,180,176,9,8.5
807,KAN,BKELLER,155,141,8.5,8.5
807,STL,KKIM-L,-185,-151,8.5,8.5
807,LAA,JBARRIA,200,310,8.5,8.5
807,LAD,JURIAS-L,-250,-360,8.5,8.5
808,NYM,TWALKER,145,165,8,8
808,PHI,ZWHEELER,-170,-180,8,8
808,PIT,BWILSON,205,230,10,10.5
808,CIN,TMAHLE,-255,-260,10,10.5
808,WAS,PCORBIN-L,180,190,9,8.5
808,ATL,MFRIED-L,-220,-210,9,8.5
808,SFO,JCUETO,115,-102,9,9.5
808,MIL,BANDERSON-L,-135,-108,9,9.5
808,MIA,DHESS,165,153,11.5,11
808,COL,KFREELAND-L,-195,-163,11.5,11
808,ARI,MBUMGARNE-L,185,190,8.5,8.5
808,SDG,BSNELL-L,-225,-210,8.5,8.5
808,TAM,MWACHA,-195,-176,10.5,10
808,BAL,JLOPEZ,165,163,10.5,10
808,SEA,YKIKUCHI-L,145,126,10,9
808,NYY,LGIL,-170,-136,10,9
808,BOS,GRICHARDS,180,165,9,9
808,TOR,HRYU-L,-220,-180,9,9
808,DET,WPERALTA,150,144,9.5,9.5
808,CLE,ZPLESAC,-180,-154,9.5,9.5
808,MIN,KMAEDA,175,164,9,8
808,HOU,LMCCULLER,-210,-178,9,8
808,TEX,JLYLES,225,230,9,8.5
808,OAK,JKAPRIELI,-275,-260,9,8.5
808,KAN,KBUBIC-L,135,120,9.5,10
808,STL,JLESTER-L,-160,-130,9.5,10
808,LAA,RDETMERS-L,255,300,8.5,8.5
808,LAD,WBUEHLER,-315,-350,8.5,8.5
808,CWS,DCEASE,-190,-174,10.5,10
808,CUB,ZDAVIES,160,162,10.5,10
809,MIA,ZTHOMPSON,200,220,7.5,7.5
809,SDG,JMUSGROVE,-250,-250,7.5,7.5
809,CWS,LGIOLITO,-200,-208,9.5,10
809,MIN,BBURROWS,170,188,9.5,10
809,NYY,JTAILLON,-180,-165,9.5,10
809,KAN,CHERNANDE,150,155,9.5,10
809,CIN,LCASTILLO,-170,-174,9.5,9.5
809,CLE,SHENTGES-L,145,162,9.5,9.5
810,STL,JHAPP-L,-135,-131,9.5,9.5
810,PIT,SBRAULT-L,115,121,9.5,9.5
810,LAD,MSCHERZER,-160,-145,8.5,8.5
810,PHI,ANOLA,135,135,8.5,8.5
810,CIN,SGRAY,-110,110,9.5,9.5
810,ATL,DSMYLY-L,-110,-120,9.5,9.5
810,MIL,AASHBY-L,-140,-148,8.5,8
810,CUB,AMILLS,120,138,8.5,8
810,ARI,ZGALLEN,180,200,8,8
810,SFO,AWOOD-L,-220,-220,8,8
810,MIA,BGARRETT-L,165,210,8.5,7.5
810,SDG,CSTAMMEN,-195,-240,8.5,7.5
810,LAA,CRODRIGUE,145,153,8,7.5
810,TOR,SMATZ-L,-170,-163,8,7.5
810,DET,CMIZE,-115,-125,10.5,10
810,BAL,KAKIN-L,-105,115,10.5,10
810,TAM,LPATINO,115,112,9.5,9.5
810,BOS,ERODRIGUE-L,-135,-122,9.5,9.5
810,OAK,SMANAEA-L,-165,-142,9.5,9.5
810,CLE,TMCKENZIE,140,132,9.5,9.5
810,CWS,DKEUCHEL-L,-150,-150,10.5,10.5
810,MIN,GJAX,130,140,10.5,10.5
810,NYY,NCORTES-L,-160,-147,10.5,10
810,KAN,DLYNCH-L,135,137,10.5,10
810,TOR,RSTRIPLIN,-145,-170,7.5,7.5
810,LAA,JSUAREZ-L,125,160,7.5,7.5
810,TEX,KALLARD-L,170,190,8.5,8
810,SEA,LGILBERT,-200,-210,8.5,8
810,COL,JGRAY,150,167,9,9
810,HOU,JODORIZZI,-180,-182,9,9
810,MIL,FPERALTA,-225,-188,7.5,7
810,CUB,JSTEELE-L,185,173,7.5,7
811,MIA,SALCANTAR,160,145,8.5,8
811,SDG,RWEATHERS-L,-190,-155,8.5,8
811,STL,AWAINWRIG,-170,-163,9,9
811,PIT,WCROWE,145,153,9,9
811,LAD,DPRICE-L,-135,-152,9.5,10.5
811,PHI,CBROGDON,115,142,9.5,10.5
811,CIN,WMILEY-L,-110,112,9.5,9.5
811,ATL,TTOUSSAIN,-110,-122,9.5,9.5
811,MIL,CBURNES,-270,-260,10,10
811,CUB,JARRIETA,220,230,10,10
811,ARI,MKELLY,220,239,7.5,7.5
811,SFO,KGAUSMAN,-270,-269,7.5,7.5
811,CWS,RLOPEZ,-180,-145,9.5,9.5
811,MIN,BOBER,150,135,9.5,9.5
811,NYY,LLUETGE-L,-125,-134,10.5,10
811,KAN,BSINGER,105,124,10.5,10
811,DET,TSKUBAL-L,-110,-110,10,10
811,BAL,MHARVEY,-110,100,10,10
811,OAK,FMONTAS,-130,-147,9,9.5
811,CLE,CQUANTRIL,110,137,9,9.5
811,TAM,JFLEMING-L,100,103,10,10.5
811,BOS,NEOVALDI,-120,-113,10,10.5
811,TOR,AMANOAH,-180,-182,9.5,9.5
811,LAA,DBUNDY,150,167,9.5,9.5
811,TEX,SHOWARD,170,180,8,8
811,SEA,TANDERSON-L,-200,-200,8,8
811,COL,ASENZATEL,210,220,9,9
811,HOU,FVALDEZ-L,-260,-250,9,9
812,STL,WLEBLANC-L,-130,-129,9.5,8.5
812,PIT,JBRUBAKER,110,119,9.5,8.5
812,LAD,MWHITE,-140,-130,11,10
812,PHI,RSUAREZ-L,120,120,11,10
812,MIL,BWOODRUFF,-235,-215,9,8.5
812,CUB,KHENDRICK,190,195,9,8.5
812,CIN,VGUTIERRE,120,146,10.5,10
812,ATL,KMULLER-L,-140,-156,10.5,10
812,SDG,YDARVISH,-210,-240,9,9
812,ARI,MPEACOCK,175,210,9,9
812,COL,GMARQUEZ,140,175,7.5,7.5
812,SFO,LWEBB,-165,-190,7.5,7.5
812,OAK,CBASSITT,-170,-168,10,9.5
812,CLE,EMORGAN,145,158,10,9.5
812,DET,MMANNING,115,134,10.5,10.5
812,BAL,JMEANS-L,-135,-144,10.5,10.5
812,TEX,MFOLTYNEW,170,195,8.5,8.5
812,SEA,MGONZALES-L,-200,-215,8.5,8.5
812,TAM,DRASMUSSE,115,108,10.5,11
812,BOS,THOUCK,-135,-118,10.5,11
812,NYY,AHEANEY-L,135,162,9.5,9.5
812,CWS,LLYNN,-160,-174,9.5,9.5
812,TOR,JBERRIOS,-135,-133,8.5,8.5
812,LAA,SOHTANI,115,123,8.5,8.5
812,WAS,SNOLIN-L,175,200,6.5,6.5
812,NYM,MSTROMAN,-210,-220,6.5,6.5
812,WAS,EFEDDE,155,146,7,7
812,NYM,TWILLIAMS,-185,-156,7,7
813,CIN,TMAHLE,145,149,8.5,8.5
813,PHI,ZWHEELER,-170,-159,8.5,8.5
813,ATL,CMORTON,-170,-164,9,9
813,WAS,JGRAY,145,154,9,9
813,CUB,AALZOLAY,105,104,8,7.5
813,MIA,JLUZARDO-L,-125,-114,8,7.5
813,LAD,JURIAS-L,-150,-164,9,8
813,NYM,TMEGILL,130,154,9,8
813,SDG,BSNELL-L,-180,-174,9,8.5
813,ARI,MBUMGARNE-L,150,162,9,8.5
813,COL,AGOMBER-L,180,198,8,7.5
813,SFO,ADESCLAFA,-220,-218,8,7.5
813,CLE,ZPLESAC,-120,-115,9.5,9.5
813,DET,TALEXANDE-L,100,105,9.5,9.5
813,BAL,SWATKINS,210,215,11,11
813,BOS,NPIVETTA,-260,-245,11,11
813,OAK,CIRVIN-L,-180,-157,8.5,8.5
813,TEX,DDUNNING,150,147,8.5,8.5
813,TAM,SMCCLANAH-L,-170,-164,9.5,9.5
813,MIN,MPINEDA,145,154,9.5,9.5
813,HOU,ZGREINKE,-160,-136,8.5,9
813,LAA,PSANDOVAL-L,135,126,8.5,9
813,TOR,RRAY-L,-180,-158,8.5,8.5
813,SEA,CFLEXEN,150,148,8.5,8.5
813,STL,JFLAHERTY,-135,-137,9,8.5
813,KAN,MMINOR-L,115,127,9,8.5
814,CIN,LCASTILLO,-150,-126,10,9.5
814,PHI,MMOORE-L,130,116,10,9.5
814,ATL,MFRIED-L,-185,-164,9,9
814,WAS,PCORBIN-L,155,154,9,9
814,CUB,ZDAVIES,150,145,7.5,7.5
814,MIA,ZTHOMPSON,-180,-155,7.5,7.5
814,LAD,WBUEHLER,-180,-189,8.5,8.5
814,NYM,TWALKER,150,174,8.5,8.5
814,SDG,JMUSGROVE,-235,-215,9,9
814,ARI,TGILBERT-L,190,195,9,9
814,COL,KFREELAND-L,180,190,8,8.5
814,SFO,SLONG-L,-220,-210,8,8.5
814,BAL,JLOPEZ,230,280,10,10
814,BOS,CSALE-L,-280,-320,10,10
814,CLE,SHENTGES-L,110,117,10.5,10
814,DET,WPERALTA,-130,-127,10.5,10
814,OAK,JKAPRIELI,-190,-220,9,9
814,TEX,JLYLES,160,200,9,9
814,TAM,MWACHA,-110,-105,9.5,9.5
814,MIN,KMAEDA,-110,-105,9.5,9.5
814,NYY,JTAILLON,120,125,9,8.5
814,CWS,DCEASE,-140,-135,9,8.5
814,HOU,LGARCIA,-160,-201,9.5,9.5
814,LAA,JBARRIA,135,181,9.5,9.5
814,TOR,HRYU-L,-170,-138,8.5,9
814,SEA,YKIKUCHI-L,145,128,8.5,9
814,STL,JLESTER-L,-120,105,10,10
814,KAN,BKELLER,100,-115,10,10
814,MIL,BANDERSON-L,-235,-194,7,7
814,PIT,BWILSON,190,177,7,7
814,MIL,AASHBY-L,-200,-192,7.5,7.5
814,PIT,MKELLER,170,176,7.5,7.5
815,CIN,SGRAY,120,125,9,8
815,PHI,ANOLA,-140,-135,9,8
815,ATL,DSMYLY-L,-170,-147,9.5,9.5
815,WAS,PESPINO,145,137,9.5,9.5
815,MIL,ELAUER-L,-200,-196,8.5,9
815,PIT,DPETERS-L,170,178,8.5,9
815,CUB,AMILLS,135,133,7.5,7
815,MIA,EHERNANDE,-160,-143,7.5,7
815,COL,JGRAY,175,171,8.5,8
815,SFO,AWOOD-L,-210,-186,8.5,8
815,SDG,CSTAMMEN,-170,-165,9,9
815,ARI,ZGALLEN,145,155,9,9
815,LAD,MSCHERZER,-185,-184,8,8
815,NYM,CCARRASCO,155,169,8,8
815,BAL,KAKIN-L,235,250,10.5,10.5
815,BOS,ERODRIGUE-L,-290,-290,10.5,10.5
815,CLE,TMCKENZIE,-125,-133,9,9.5
815,DET,DHUTCHISO,105,123,9,9.5
815,TAM,LPATINO,-180,-151,10.5,10.5
815,MIN,CBARNES-L,150,141,10.5,10.5
815,NYY,NCORTES-L,145,163,9,8.5
815,CWS,LGIOLITO,-170,-176,9,8.5
815,OAK,SMANAEA-L,-210,-225,9,8.5
815,TEX,KALLARD-L,175,205,9,8.5
815,HOU,LMCCULLER,-220,-184,9.5,9
815,LAA,RDETMERS-L,180,169,9.5,9
815,TOR,SMATZ-L,-130,-107,9,8.5
815,SEA,LGILBERT,110,-103,9,8.5
815,STL,JHAPP-L,-115,-115,10,10
815,KAN,KBUBIC-L,-105,105,10,10
816,ATL,TTOUSSAIN,-145,-155,8.5,8.5
816,MIA,BGARRETT-L,125,145,8.5,8.5
816,CUB,JSTEELE-L,200,181,9,9.5
816,CIN,WMILEY-L,-250,-201,9,9.5
816,SDG,RWEATHERS-L,-140,-125,12,13
816,COL,ASENZATEL,120,115,12,13
816,NYM,RHILL-L,155,203,8,9
816,SFO,KGAUSMAN,-185,-223,8,9
816,PIT,SBRAULT-L,240,230,9,9
816,LAD,JBRUIHL-L,-300,-260,9,9
816,LAA,JSUAREZ-L,200,244,9,8.5
816,NYY,GCOLE,-250,-274,9,8.5
816,BAL,MHARVEY,215,225,8.5,8.5
816,TAM,CMCHUGH,-265,-255,8.5,8.5
816,HOU,JODORIZZI,-170,-150,10.5,10
816,KAN,CHERNANDE,145,140,10.5,10
816,CLE,CQUANTRIL,115,113,10,9.5
816,MIN,GJAX,-135,-123,10,9.5
816,OAK,FMONTAS,-115,-118,9.5,9
816,CWS,DKEUCHEL-L,-105,108,9.5,9
817,CUB,KHENDRICK,125,165,9.5,9.5
817,CIN,VGUTIERRE,-145,-180,9.5,9.5
817,ATL,HYNOA,-110,-135,8,7.5
817,MIA,SALCANTAR,-110,125,8,7.5
817,MIL,CBURNES,-140,-158,7.5,7
817,STL,AWAINWRIG,120,148,7.5,7
817,SDG,MSTRAHM-L,105,-110,12.5,12.5
817,COL,GMARQUEZ,-125,100,12.5,12.5
817,PHI,KGIBSON,-130,-146,9,9.5
817,ARI,TWIDENER,110,136,9,9.5
817,NYM,MSTROMAN,135,137,8,8
817,SFO,LWEBB,-160,-147,8,8
817,PIT,WCROWE,245,280,9,9
817,LAD,DPRICE-L,-305,-320,9,9
817,BOS,THOUCK,115,102,7,7
817,NYY,JMONTGOME-L,-135,-112,7,7
817,BOS,NEOVALDI,-105,-107,7.5,7
817,NYY,LGIL,-115,-103,7.5,7
817,LAA,DBUNDY,105,130,9.5,9
817,DET,CMIZE,-125,-140,9.5,9
817,BAL,JMEANS-L,160,220,8.5,8.5
817,TAM,DRASMUSSE,-190,-250,8.5,8.5
817,SEA,TANDERSON-L,-160,-130,8.5,8.5
817,TEX,THEARN-L,135,120,8.5,8.5
817,OAK,CBASSITT,-120,-110,9,8.5
817,CWS,RLOPEZ,100,100,9,8.5
817,CLE,EMORGAN,120,160,9.5,9.5
817,MIN,BOBER,-140,-170,9.5,9.5
817,HOU,FVALDEZ-L,-195,-170,10,9.5
817,KAN,DLYNCH-L,165,160,10,9.5
817,TOR,AMANOAH,-185,-196,9,9
817,WAS,EFEDDE,155,178,9,9
818,CUB,ASAMPSON,305,280,9.5,9.5
818,CIN,TMAHLE,-390,-320,9.5,9.5
818,SDG,JARRIETA,100,-147,13,14
818,COL,CGONZALEZ,-120,137,13,14
818,NYM,TMEGILL,150,128,8.5,9
818,SFO,ADESCLAFA,-180,-138,8.5,9
818,ATL,CMORTON,-200,-220,8,7.5
818,MIA,JLUZARDO-L,170,200,8,7.5
818,MIL,FPERALTA,-115,-121,7,7
818,STL,JFLAHERTY,-105,111,7,7
818,PHI,RSUAREZ-L,-165,-169,9.5,9.5
818,ARI,HCASTELLA,140,159,9.5,9.5
818,PIT,JBRUBAKER,250,262,8.5,8.5
818,LAD,JBRUIHL-L,-310,-302,8.5,8.5
818,CLE,ZPLESAC,-110,102,9.5,9.5
818,MIN,LTHORPE-L,-110,-112,9.5,9.5
818,BOS,NPIVETTA,-110,104,10,10
818,NYY,AHEANEY-L,-110,-114,10,10
818,BAL,SWATKINS,270,280,9,9
818,TAM,LHEAD,-340,-320,9,9
818,LAA,SOHTANI,-160,-125,8.5,8.5
818,DET,TSKUBAL-L,135,115,8.5,8.5
818,SEA,MGONZALES-L,-170,-156,9,8.5
818,TEX,MFOLTYNEW,145,146,9,8.5
818,OAK,PBLACKBUR,155,179,9,9
818,CWS,LLYNN,-185,-198,9,9
818,HOU,ZGREINKE,-200,-174,10,9.5
818,KAN,BSINGER,170,162,10,9.5
818,TOR,JBERRIOS,-185,-160,9,9
818,WAS,JGRAY,155,150,9,9
819,PHI,ZWHEELER,-185,-196,8.5,8
819,ARI,MBUMGARNE-L,155,178,8.5,8
819,MIA,NNEIDERT,185,250,8.5,9
819,CIN,LCASTILLO,-225,-290,8.5,9
819,MIL,BWOODRUFF,-190,-190,7.5,8
819,STL,JLESTER-L,160,175,7.5,8
819,NYM,TWALKER,140,178,9,9
819,LAD,CKNEBEL,-165,-196,9,9
819,LAA,JQUINTANA-L,-125,-109,9.5,9.5
819,DET,MMANNING,105,-101,9.5,9.5
819,BAL,JLOPEZ,305,310,9,9
819,TAM,SMCCLANAH-L,-390,-360,9,9
819,SEA,CFLEXEN,-170,-134,8.5,8.5
819,TEX,SHOWARD,145,124,8.5,8.5
819,OAK,CIRVIN-L,120,140,9,9
819,CWS,DCEASE,-140,-150,9,9
819,HOU,LGARCIA,-190,-165,9.5,9
819,KAN,MMINOR-L,160,155,9.5,9
819,MIN,JGANT,225,210,10.5,10.5
819,NYY,JTAILLON,-275,-240,10.5,10.5
820,MIA,EHERNANDE,180,168,8,8.5
820,CIN,SGRAY,-220,-183,8,8.5
820,WAS,PCORBIN-L,190,173,9.5,9
820,MIL,BANDERSON-L,-235,-188,9.5,9
820,PIT,MKELLER,170,190,9,8.5
820,STL,MMIKOLAS,-200,-210,9,8.5
820,ARI,TGILBERT-L,145,176,11.5,11.5
820,COL,AGOMBER-L,-170,-192,11.5,11.5
820,NYM,CCARRASCO,200,210,8.5,8
820,LAD,WBUEHLER,-250,-240,8.5,8
820,PHI,MMOORE-L,175,182,8.5,9
820,SDG,BSNELL-L,-210,-202,8.5,9
820,MIN,CBARNES-L,185,205,10.5,10.5
820,NYY,NCORTES-L,-225,-230,10.5,10.5
820,DET,TALEXANDE-L,190,234,9.5,9.5
820,TOR,RRAY-L,-235,-264,9.5,9.5
820,LAA,JBARRIA,-105,111,9.5,9.5
820,CLE,SHENTGES-L,-115,-121,9.5,9.5
820,TEX,DDUNNING,270,260,9,9
820,BOS,CSALE-L,-340,-300,9,9
820,CWS,LGIOLITO,-115,-108,9,8.5
820,TAM,MWACHA,-105,-102,9,8.5
820,SEA,YKIKUCHI-L,175,164,9,8.5
820,HOU,LMCCULLER,-210,-178,9,8.5
820,KAN,BKELLER,-120,-102,9,8.5
820,CUB,ZDAVIES,100,-108,9,8.5
820,ATL,MFRIED-L,-250,-242,10.5,10
820,BAL,KAKIN-L,200,212,10.5,10
820,SFO,AWOOD-L,-105,-107,8.5,9
820,OAK,JKAPRIELI,-115,-103,8.5,9
821,NYM,RHILL-L,230,230,8.5,8.5
821,LAD,MSCHERZER,-280,-260,8.5,8.5
821,WAS,PESPINO,180,205,9,9
821,MIL,ELAUER-L,-220,-230,9,9
821,MIA,ZTHOMPSON,180,178,9,9
821,CIN,WMILEY-L,-220,-196,9,9
821,PIT,DPETERS-L,165,180,9,9
821,STL,JHAPP-L,-195,-200,9,9
821,ARI,ZGALLEN,145,136,11.5,11.5
821,COL,KFREELAND-L,-170,-146,11.5,11.5
821,PHI,ANOLA,165,141,8,7.5
821,SDG,JMUSGROVE,-195,-151,8,7.5
821,MIN,KMAEDA,190,210,9,8
821,NYY,GCOLE,-235,-240,9,8
821,CWS,DKEUCHEL-L,120,137,9,9
821,TAM,LPATINO,-140,-147,9,9
821,DET,WPERALTA,225,215,9.5,9.5
821,TOR,HRYU-L,-275,-245,9.5,9.5
821,LAA,RDETMERS-L,125,118,9.5,9
821,CLE,TMCKENZIE,-145,-128,9.5,9
821,SEA,LGILBERT,155,132,9,9
821,HOU,JODORIZZI,-185,-142,9,9
821,TEX,JLYLES,270,290,9.5,9.5
821,BOS,ERODRIGUE-L,-340,-340,9.5,9.5
821,KAN,KBUBIC-L,100,116,9.5,9.5
821,CUB,KTHOMPSON,-120,-126,9.5,9.5
821,SFO,KGAUSMAN,-135,-110,8.5,8
821,OAK,SMANAEA-L,115,100,8.5,8
821,ATL,DSMYLY-L,-220,-167,10.5,10.5
821,BAL,MHARVEY,180,157,10.5,10.5
822,MIA,SALCANTAR,145,120,9,8.5
822,CIN,VGUTIERRE,-170,-130,9,8.5
822,WAS,SNOLIN-L,185,200,9,9
822,MIL,AHOUSER,-225,-220,9,9
822,PIT,SBRAULT-L,185,210,8.5,8.5
822,STL,AWAINWRIG,-225,-240,8.5,8.5
822,ARI,TWIDENER,155,164,12,11.5
822,COL,JGRAY,-185,-178,12,11.5
822,PHI,KGIBSON,125,143,9,9
822,SDG,CSTAMMEN,-145,-153,9,9
822,NYM,MSTROMAN,185,162,9,8.5
822,LAD,DPRICE-L,-225,-174,9,8.5
822,DET,DHUTCHISO,185,240,10.5,10
822,TOR,SMATZ-L,-225,-270,10.5,10
822,CWS,RLOPEZ,110,110,9,9
822,TAM,CARCHER,-130,-120,9,9
822,SEA,TANDERSON-L,160,178,9,9
822,HOU,FVALDEZ-L,-190,-196,9,9
822,LAA,JSUAREZ-L,120,108,9,9
822,CLE,CQUANTRIL,-140,-118,9,9
822,ATL,TTOUSSAIN,-170,-160,10,9.5
822,BAL,JMEANS-L,145,150,10,9.5
822,KAN,CHERNANDE,-105,103,8.5,8
822,CUB,AMILLS,-115,-113,8.5,8
822,SFO,LWEBB,-110,-114,8.5,8
822,OAK,FMONTAS,-110,104,8.5,8
823,ARI,HMEJIA,115,106,9,9.5
823,PIT,WCROWE,-135,-116,9,9.5
823,COL,ASENZATEL,115,114,9,8.5
823,CUB,KHENDRICK,-135,-124,9,8.5
823,CWS,LLYNN,-115,104,9,8.5
823,TOR,AMANOAH,-105,-114,9,8.5
823,KAN,DLYNCH-L,190,220,9,9
823,HOU,ZGREINKE,-235,-250,9,9
823,SEA,MGONZALES-L,-105,124,8.5,8.5
823,OAK,PBLACKBUR,-115,-134,8.5,8.5
823,NYY,JMONTGOME-L,-105,-105,9,9
823,ATL,HYNOA,-115,-105,9,9
823,TEX,KALLARD-L,270,250,9.5,9.5
823,BOS,NEOVALDI,-340,-290,9.5,9.5
824,ARI,MBUMGARNE-L,-105,-114,8.5,9
824,PIT,JBRUBAKER,-115,104,8.5,9
824,SFO,SLONG-L,100,109,8.5,8.5
824,NYM,TMEGILL,-120,-119,8.5,8.5
824,WAS,EFEDDE,-120,101,8.5,8.5
824,MIA,JLUZARDO-L,100,-111,8.5,8.5
824,CIN,TMAHLE,140,179,7.5,7.5
824,MIL,CBURNES,-165,-198,7.5,7.5
824,LAD,JURIAS-L,-165,-139,8.5,8.5
824,SDG,PJOHNSON,140,129,8.5,8.5
824,SEA,CFLEXEN,125,142,8.5,9
824,OAK,CIRVIN-L,-145,-152,8.5,9
824,LAA,DBUNDY,-145,-126,10.5,10
824,BAL,SWATKINS,125,116,10.5,10
824,CWS,DCEASE,115,117,8.5,9
824,TOR,JBERRIOS,-135,-127,8.5,9
824,MIN,GJAX,195,196,9.5,10.5
824,BOS,THOUCK,-245,-216,9.5,10.5
824,TEX,THEARN-L,135,155,9,9
824,CLE,EMORGAN,-160,-165,9,9
824,KAN,BSINGER,205,218,9,8.5
824,HOU,LGARCIA,-255,-248,9,8.5
824,TAM,DRASMUSSE,-110,-113,9.5,9
824,PHI,RSUAREZ-L,-110,103,9.5,9
824,NYY,AHEANEY-L,115,125,9.5,9
824,ATL,CMORTON,-135,-135,9.5,9
824,DET,CMIZE,150,202,8.5,8
824,STL,JFLAHERTY,-180,-222,8.5,8
825,ARI,TGILBERT-L,-115,-113,9,9
825,PIT,BWILSON,-105,103,9,9
825,WAS,JGRAY,-120,-105,8,8
825,MIA,ECABRERA,100,-105,8,8
825,SFO,JCUETO,-105,-107,8.5,8.5
825,NYM,TWALKER,-115,-103,8.5,8.5
825,CIN,LCASTILLO,170,145,7.5,7.5
825,MIL,BWOODRUFF,-200,-155,7.5,7.5
825,LAD,WBUEHLER,-145,-136,8,8
825,SDG,BSNELL-L,125,126,8,8
825,KAN,MMINOR-L,190,230,9,8
825,HOU,LMCCULLER,-235,-260,9,8
825,LAA,SOHTANI,-250,-207,9.5,9
825,BAL,CELLIS,200,187,9.5,9
825,CWS,LGIOLITO,110,109,8.5,8.5
825,TOR,RRAY-L,-130,-119,8.5,8.5
825,MIN,BOBER,170,143,10.5,10.5
825,BOS,NPIVETTA,-200,-153,10.5,10.5
825,TEX,JLATZ-L,150,177,9,9
825,CLE,ZPLESAC,-180,-194,9,9
825,DET,TSKUBAL-L,130,110,9.5,9
825,STL,JLESTER-L,-150,-120,9.5,9
825,TAM,RYARBROUG-L,115,143,8.5,8
825,PHI,ZWHEELER,-135,-153,8.5,8
825,COL,AGOMBER-L,-140,-134,7,7
825,CUB,ZDAVIES,120,124,7,7
825,COL,GMARQUEZ,-120,-142,7,7
825,CUB,JSTEELE-L,100,132,7,7
826,CIN,SGRAY,100,-110,9,9
826,MIL,BANDERSON-L,-120,100,9,9
826,STL,MMIKOLAS,-165,-159,9,8.5
826,PIT,MKELLER,140,149,9,8.5
826,ARI,ZGALLEN,145,129,8.5,9
826,PHI,ZEFLIN,-170,-139,8.5,9
826,SFO,AWOOD-L,-120,-114,8.5,8.5
826,NYM,CCARRASCO,100,104,8.5,8.5
826,WAS,PCORBIN-L,-105,107,7.5,7.5
826,MIA,EHERNANDE,-115,-117,7.5,7.5
826,LAD,MSCHERZER,-150,-139,8,7.5
826,SDG,YDARVISH,130,129,8,7.5
826,LAA,JBARRIA,-160,-105,10.5,10.5
826,BAL,KAKIN-L,135,-105,10.5,10.5
826,CWS,CRODON-L,-110,-107,8.5,8.5
826,TOR,HRYU-L,-110,-103,8.5,8.5
826,TEX,JLYLES,155,142,9.5,9.5
826,CLE,SHENTGES-L,-185,-152,9.5,9.5
826,MIN,JGANT,260,224,10,10
826,BOS,CSALE-L,-320,-254,10,10
826,NYY,JTAILLON,-130,-116,8.5,8.5
826,OAK,JKAPRIELI,110,106,8.5,8.5
826,KAN,BKELLER,140,154,8.5,8
826,SEA,YKIKUCHI-L,-165,-164,8.5,8
827,ARI,TWIDENER,185,217,8.5,8.5
827,PHI,ANOLA,-225,-247,8.5,8.5
827,STL,JHAPP-L,-160,-164,9,8.5
827,PIT,DPETERS-L,135,154,9,8.5
827,WAS,PESPINO,175,171,9,8.5
827,NYM,RHILL-L,-210,-186,9,8.5
827,CIN,WMILEY-L,-150,-129,8,8
827,MIA,ZTHOMPSON,130,119,8,8
827,SFO,KGAUSMAN,100,114,8.5,8.5
827,ATL,MFRIED-L,-120,-124,8.5,8.5
827,COL,KFREELAND-L,215,233,9,9
827,LAD,BGRATEROL,-265,-263,9,9
827,TAM,SMCCLANAH-L,-225,-230,10.5,10
827,BAL,MHARVEY,185,205,10.5,10
827,BOS,ERODRIGUE-L,-185,-166,9.5,9.5
827,CLE,LALLEN-L,155,156,9.5,9.5
827,TOR,SMATZ-L,-150,-160,9.5,9.5
827,DET,MMANNING,130,150,9.5,9.5
827,HOU,JODORIZZI,-220,-186,9,9
827,TEX,GOTTO,180,171,9,9
827,NYY,GCOLE,-145,-164,8,8
827,OAK,SMANAEA-L,125,154,8,8
827,KAN,KBUBIC-L,145,162,8,8
827,SEA,LGILBERT,-170,-174,8,8
827,MIL,ELAUER-L,-140,-127,9.5,9.5
827,MIN,AALBERS-L,120,117,9.5,9.5
827,CUB,KTHOMPSON,185,191,9.5,9
827,CWS,DKEUCHEL-L,-225,-211,9.5,9
827,SDG,JMUSGROVE,-210,-201,9,9
827,LAA,CCRISWELL,175,181,9,9
828,ARI,HMEJIA,190,176,9,8.5
828,PHI,KGIBSON,-235,-192,9,8.5
828,CIN,VGUTIERRE,-125,-105,8,7.5
828,MIA,SALCANTAR,105,-105,8,7.5
828,STL,AWAINWRIG,-190,-185,8.5,8.5
828,PIT,SBRAULT-L,160,170,8.5,8.5
828,WAS,SNOLIN-L,185,194,8.5,8
828,NYM,MSTROMAN,-225,-214,8.5,8
828,SFO,LWEBB,105,-102,9,8.5
828,ATL,HYNOA,-125,-108,9,8.5
828,COL,JGRAY,220,211,8.5,9
828,LAD,CKNEBEL,-270,-241,8.5,9
828,BOS,NEOVALDI,-160,-136,9.5,9
828,CLE,CQUANTRIL,135,126,9.5,9
828,NYY,NCORTES-L,-130,113,9,9
828,OAK,FMONTAS,110,-123,9,9
828,KAN,DLYNCH-L,145,143,8.5,8.5
828,SEA,TANDERSON-L,-170,-153,8.5,8.5
828,TOR,AMANOAH,-195,-183,9.5,9.5
828,DET,JURENA,165,168,9.5,9.5
828,TAM,MWACHA,-210,-157,9.5,9.5
828,BAL,JMEANS-L,175,147,9.5,9.5
828,HOU,FVALDEZ-L,-250,-230,9,9
828,TEX,KALLARD-L,200,205,9,9
828,CUB,AMILLS,245,260,8.5,9
828,CWS,LLYNN,-305,-300,8.5,9
828,MIL,AHOUSER,-150,-142,9.5,10
828,MIN,CBARNES-L,130,132,9.5,10
828,SDG,RWEATHERS-L,-130,-125,10,10
828,LAA,JSUAREZ-L,110,115,10,10
829,ARI,MBUMGARNE-L,155,162,8.5,8.5
829,PHI,RSUAREZ-L,-185,-174,8.5,8.5
829,STL,KKIM-L,-170,-150,8.5,9
829,PIT,WCROWE,145,140,8.5,9
829,WAS,EFEDDE,155,171,8.5,8
829,NYM,TMEGILL,-185,-186,8.5,8
829,CIN,TMAHLE,-185,-185,8,8
829,MIA,JLUZARDO-L,155,170,8,8
829,SFO,ADESCLAFA,105,117,9,9
829,ATL,IANDERSON,-125,-127,9,9
829,COL,ASENZATEL,240,210,9,9
829,LAD,MWHITE,-300,-240,9,9
829,TAM,CARCHER,-220,-240,10.5,10
829,BAL,SWATKINS,180,210,10.5,10
829,BOS,THOUCK,-150,-149,9.5,10.5
829,CLE,EMORGAN,130,139,9.5,10.5
829,TOR,JBERRIOS,-160,-168,9.5,9
829,DET,MBOYD-L,135,158,9.5,9
829,HOU,ZGREINKE,-235,-200,9,8.5
829,TEX,THEARN-L,190,180,9,8.5
829,KAN,BSINGER,145,130,8.5,8.5
829,SEA,MGONZALES-L,-170,-140,8.5,8.5
829,NYY,JMONTGOME-L,-145,-147,9,9
829,OAK,PBLACKBUR,125,137,9,9
829,CUB,KHENDRICK,175,220,8.5,9
829,CWS,DCEASE,-210,-250,8.5,9
829,MIL,AASHBY-L,-140,-143,10,9.5
829,MIN,GJAX,120,133,10,9.5
830,STL,JLESTER-L,160,185,9,9.5
830,CIN,LCASTILLO,-190,-205,9,9.5
830,PHI,ZWHEELER,-190,-135,8,8
830,WAS,JGRAY,160,125,8,8
830,SDG,CPADDACK,-170,-170,9,9.5
830,ARI,TGILBERT-L,145,160,9,9.5
830,MIL,CBURNES,-140,-134,7.5,7.5
830,SFO,JALVAREZ-L,120,124,7.5,7.5
830,ATL,DSMYLY-L,165,180,9,8.5
830,LAD,JURIAS-L,-195,-200,9,8.5
830,MIN,BOBER,-120,-124,9,9
830,DET,CMIZE,100,114,9,9
830,BAL,CELLIS,240,290,9.5,9
830,TOR,RRAY-L,-300,-340,9.5,9
830,BOS,NPIVETTA,110,134,8.5,9
830,TAM,LPATINO,-130,-144,8.5,9
830,NYY,CKLUBER,-180,-190,9,9
830,LAA,MMAYERS,150,175,9,9
830,HOU,LGARCIA,-160,-149,8.5,8
830,SEA,CFLEXEN,135,139,8.5,8
830,COL,GMARQUEZ,-150,-145,8.5,8.5
830,TEX,AALEXY,130,135,8.5,8.5
831,PHI,MMOORE-L,-115,118,9,9
831,WAS,PCORBIN-L,-105,-128,9,9
831,MIA,ECABRERA,165,161,6.5,6.5
831,NYM,TWILLIAMS,-195,-172,6.5,6.5
831,SDG,BSNELL-L,-170,-154,9,8
831,ARI,ZGALLEN,145,144,9,8
831,MIL,BWOODRUFF,-125,-124,7.5,7.5
831,SFO,JCUETO,105,114,7.5,7.5
831,ATL,CMORTON,165,170,8,7.5
831,LAD,WBUEHLER,-195,-185,8,7.5
831,BAL,KAKIN-L,285,260,9.5,9.5
831,TOR,HRYU-L,-355,-300,9.5,9.5
831,OAK,CIRVIN-L,-130,-112,9,9
831,DET,TSKUBAL-L,110,102,9,9
831,BOS,BPEACOCK,130,145,8.5,9
831,TAM,RYARBROUG-L,-150,-155,8.5,9
831,CLE,ZPLESAC,100,106,9,8.5
831,KAN,JJUNIS,-120,-116,9,8.5
831,NYY,JTAILLON,-125,-186,8.5,9.5
831,LAA,JBARRIA,105,171,8.5,9.5
831,HOU,LMCCULLER,-165,-154,8.5,8
831,SEA,YKIKUCHI-L,140,144,8.5,8
831,COL,AGOMBER-L,-145,-128,9,8.5
831,TEX,JLYLES,125,118,9,8.5
831,PIT,BWILSON,220,290,9,8.5
831,CWS,LGIOLITO,-270,-340,9,8.5
831,CUB,ZDAVIES,125,139,9.5,9.5
831,MIN,JGANT,-145,-149,9.5,9.5
901,SDG,YDARVISH,-245,-200,8.5,8.5
901,ARI,LWEAVER,195,180,8.5,8.5
901,MIL,BANDERSON-L,130,164,7.5,8
901,SFO,KGAUSMAN,-150,-178,7.5,8
901,ATL,MFRIED-L,170,185,7.5,7.5
901,LAD,MSCHERZER,-200,-205,7.5,7.5
901,HOU,JODORIZZI,-130,-132,8.5,8.5
901,SEA,LGILBERT,110,122,8.5,8.5
901,NYY,GCOLE,-265,-270,8.5,8.5
901,LAA,PNAUGHTON-L,215,240,8.5,8.5
901,BAL,MHARVEY,220,210,10,9.5
901,TOR,SMATZ-L,-270,-240,10,9.5
901,OAK,JKAPRIELI,-160,-172,9.5,9.5
901,DET,WPERALTA,135,161,9.5,9.5
901,BOS,CSALE-L,-160,104,8,7.5
901,TAM,DRASMUSSE,135,-114,8,7.5
901,CLE,LALLEN-L,110,115,9,9
901,KAN,JKOWAR,-130,-125,9,9
901,COL,KFREELAND-L,-130,-140,9,8.5
901,TEX,KARIHARA,110,130,9,8.5
901,PIT,MKRANICK,270,300,9,8.5
901,CWS,CRODON-L,-340,-350,9,8.5
901,CUB,JSTEELE-L,125,162,9,9
901,MIN,JRYAN,-145,-174,9,9
901,STL,MMIKOLAS,120,112,7,7
901,CIN,WMILEY-L,-140,-122,7,7
901,STL,JHAPP-L,140,154,7,7
901,CIN,SGRAY,-165,-164,7,7
902,MIL,ELAUER-L,135,163,8,7.5
902,SFO,LWEBB,-160,-176,8,7.5
902,MIA,SALCANTAR,145,143,7.5,7
902,NYM,CCARRASCO,-170,-153,7.5,7
902,PIT,MKELLER,135,120,8.5,8.5
902,CUB,KTHOMPSON,-160,-130,8.5,8.5
902,ATL,TTOUSSAIN,-160,-147,12.5,12.5
902,COL,CGONZALEZ,135,137,12.5,12.5
902,OAK,FMONTAS,-170,-200,9,9
902,DET,MMANNING,145,180,9,9
902,BOS,ERODRIGUE-L,135,149,8,7.5
902,TAM,SMCCLANAH-L,-160,-159,8,7.5
902,CLE,TMCKENZIE,-120,102,8,8.5
902,KAN,MMINOR-L,100,-112,8,8.5
902,PHI,ANOLA,-170,-150,8.5,8
902,WAS,PESPINO,145,140,8.5,8
903,PIT,SBRAULT-L,115,134,9,8.5
903,CUB,AMILLS,-135,-144,9,8.5
903,NYM,RHILL-L,-150,-125,9,9
903,WAS,SNOLIN-L,130,115,9,9
903,PHI,KGIBSON,-160,-139,8,7.5
903,MIA,JLUZARDO-L,135,129,8,7.5
903,STL,AWAINWRIG,145,152,7.5,7.5
903,MIL,FPERALTA,-170,-162,7.5,7.5
903,ATL,HYNOA,-135,-131,12.5,11
903,COL,ASENZATEL,115,121,12.5,11
903,LAD,CKNEBEL,-130,-119,8.5,8.5
903,SFO,ADESCLAFA,110,109,8.5,8.5
903,BAL,JMEANS-L,185,205,9,9
903,NYY,NCORTES-L,-225,-230,9,9
903,OAK,SMANAEA-L,115,137,9,9
903,TOR,AMANOAH,-135,-147,9,9
903,MIN,RDOBNAK,160,173,9,9
903,TAM,MWACHA,-190,-188,9,9
903,CLE,CQUANTRIL,150,157,9,9
903,BOS,NEOVALDI,-180,-167,9,9
903,CWS,DKEUCHEL-L,-110,-120,9,9
903,KAN,CHERNANDE,-110,110,9,9
903,TEX,GOTTO,180,164,8.5,7.5
903,LAA,SOHTANI,-220,-178,8.5,7.5
903,DET,TALEXANDE-L,155,161,9.5,9.5
903,CIN,VGUTIERRE,-185,-172,9.5,9.5
903,SEA,TANDERSON-L,-120,-108,8.5,8.5
903,ARI,MBUMGARNE-L,100,-102,8.5,8.5
903,HOU,JURQUIDY,-150,-118,8.5,9
903,SDG,JARRIETA,130,108,8.5,9
904,NYM,MSTROMAN,-160,-150,6.5,6.5
904,WAS,EFEDDE,135,140,6.5,6.5
904,PIT,JBRUBAKER,145,138,8.5,8.5
904,CUB,KHENDRICK,-170,-148,8.5,8.5
904,NYM,TMEGILL,-150,-153,7,7
904,WAS,JROGERS-L,130,143,7,7
904,PHI,RSUAREZ-L,-125,-118,7.5,7.5
904,MIA,TROGERS-L,105,108,7.5,7.5
904,STL,KKIM-L,130,109,8.5,8.5
904,MIL,AHOUSER,-150,-119,8.5,8.5
904,ATL,IANDERSON,-125,-110,10.5,11
904,COL,GMARQUEZ,105,100,10.5,11
904,LAD,JURIAS-L,-170,-161,8.5,8.5
904,SFO,JJACKSON,145,151,8.5,8.5
904,BAL,CELLIS,245,300,10,9
904,NYY,JMONTGOME-L,-305,-350,10,9
904,OAK,PBLACKBUR,135,164,9,9
904,TOR,JBERRIOS,-160,-178,9,9
904,MIN,AALBERS-L,170,190,9,8.5
904,TAM,CARCHER,-200,-210,9,8.5
904,CLE,EMORGAN,165,175,10,9.5
904,BOS,THOUCK,-195,-190,10,9.5
904,CWS,RLOPEZ,-150,-148,9,8.5
904,KAN,DLYNCH-L,130,138,9,8.5
904,TEX,KALLARD-L,145,135,8,9
904,LAA,JSUAREZ-L,-170,-145,8,9
904,DET,MBOYD-L,175,173,9,9
904,CIN,TMAHLE,-210,-188,9,9
904,SEA,MGONZALES-L,-130,-127,9,9
904,ARI,HCASTELLA,110,117,9,9
904,HOU,FVALDEZ-L,100,101,8,7.5
904,SDG,JMUSGROVE,-120,-111,8,7.5
905,NYM,TWALKER,-145,-122,8.5,9
905,WAS,JGRAY,125,112,8.5,9
905,PHI,SCOONROD,105,-104,8,7.5
905,MIA,EHERNANDE,-125,-106,8,7.5
905,STL,JLESTER-L,195,190,8,7.5
905,MIL,CBURNES,-245,-210,8,7.5
905,PIT,WCROWE,130,130,9.5,9
905,CUB,ZDAVIES,-150,-140,9.5,9
905,ATL,CMORTON,-145,-200,11,11.5
905,COL,RFELTNER,125,180,11,11.5
905,LAD,WBUEHLER,-200,-185,7.5,8
905,SFO,DLEONE,170,170,7.5,8
905,BAL,KAKIN-L,240,285,9.5,9.5
905,NYY,CKLUBER,-300,-330,9.5,9.5
905,OAK,CIRVIN-L,165,190,9,9.5
905,TOR,RRAY-L,-195,-210,9,9.5
905,MIN,GJAX,175,190,9,9
905,TAM,LPATINO,-210,-210,9,9
905,CLE,ZPLESAC,140,124,9.5,9.5
905,BOS,KCRAWFORD,-165,-134,9.5,9.5
905,CWS,DCEASE,-180,-140,9,8.5
905,KAN,BSINGER,150,130,9,8.5
905,TEX,THEARN-L,110,114,9,9.5
905,LAA,JJUNK,-130,-124,9,9.5
905,DET,CMIZE,180,190,9,9
905,CIN,LCASTILLO,-220,-210,9,9
905,SEA,CFLEXEN,-145,-120,9,9
905,ARI,TGILBERT-L,125,110,9,9
905,HOU,LGARCIA,-120,-105,9,8.5
905,SDG,CPADDACK,100,-105,9,8.5
906,NYM,TWILLIAMS,-130,-122,9,9.5
906,WAS,PCORBIN-L,110,112,9,9.5
906,PHI,ZWHEELER,135,118,7.5,7
906,MIL,BWOODRUFF,-160,-128,7.5,7
906,CIN,SGRAY,-170,-150,8.5,8
906,CUB,JSTEELE-L,145,140,8.5,8
906,SFO,KGAUSMAN,-180,-144,11,10.5
906,COL,KFREELAND-L,150,134,11,10.5
906,LAD,MSCHERZER,-195,-210,8,7.5
906,STL,MMIKOLAS,165,190,8,7.5
906,KAN,KBUBIC-L,-110,-110,10,10
906,BAL,ZLOWTHER-L,-110,100,10,10
906,TOR,HRYU-L,120,128,9.5,10
906,NYY,JTAILLON,-140,-138,9.5,10
906,TAM,RYARBROUG-L,125,130,9,10
906,BOS,CSALE-L,-145,-140,9,10
906,MIN,BOBER,-110,-120,9,9.5
906,CLE,LALLEN-L,-110,110,9,9.5
906,SEA,YKIKUCHI-L,180,195,8.5,8.5
906,HOU,LMCCULLER,-220,-215,8.5,8.5
906,TEX,AALEXY,135,122,9,9
906,LAA,JBARRIA,-160,-132,9,9
906,DET,TSKUBAL-L,-130,-130,9,8.5
906,PIT,BWILSON,110,120,9,8.5
907,NYM,CCARRASCO,-160,-174,8,7.5
907,MIA,ECABRERA,135,162,8,7.5
907,WAS,PESPINO,185,230,9,9
907,ATL,MFRIED-L,-225,-260,9,9
907,PHI,ANOLA,-110,100,8,8.5
907,MIL,ELAUER-L,-110,-110,8,8.5
907,CIN,WMILEY-L,-170,-139,10.5,9.5
907,CUB,ASAMPSON,145,129,10.5,9.5
907,LAD,CKNEBEL,-210,-145,9,9
907,STL,JHAPP-L,175,135,9,9
907,SFO,LWEBB,-170,-220,11.5,12
907,COL,CGONZALEZ,145,200,11.5,12
907,MIN,JGANT,130,118,9.5,10
907,CLE,ACIVALE,-150,-128,9.5,10
907,KAN,JKOWAR,-110,-120,10,10
907,BAL,AWELLS-L,-110,110,10,10
907,TOR,SMATZ-L,165,200,8.5,8
907,NYY,GCOLE,-195,-220,8.5,8
907,TAM,DRASMUSSE,-110,102,9.5,9.5
907,BOS,ERODRIGUE-L,-110,-112,9.5,9.5
907,SEA,LGILBERT,150,153,9,8.5
907,HOU,JODORIZZI,-180,-163,9,8.5
907,CWS,JLAMBERT,120,117,9,9
907,OAK,JKAPRIELI,-140,-127,9,9
907,DET,WPERALTA,-110,100,9,9
907,PIT,DPETERS-L,-110,-110,9,9
907,TEX,SHOWARD,120,160,8.5,8.5
907,ARI,ZGALLEN,-140,-170,8.5,8.5
907,LAA,PNAUGHTON-L,320,270,7.5,7.5
907,SDG,BSNELL-L,-420,-310,7.5,7.5
908,SFO,ADESCLAFA,-160,-137,12,11.5
908,COL,JGRAY,135,127,12,11.5
908,NYM,RHILL-L,-135,-105,7.5,7
908,MIA,SALCANTAR,115,-105,7.5,7
908,WAS,SNOLIN-L,180,180,9.5,10
908,ATL,TTOUSSAIN,-220,-200,9.5,10
908,CIN,VGUTIERRE,-145,-110,9,9
908,CUB,AMILLS,125,100,9,9
908,PHI,KGIBSON,145,150,8,8
908,MIL,FPERALTA,-170,-160,8,8
908,LAD,MWHITE,-110,-127,8.5,8
908,STL,AWAINWRIG,-110,117,8.5,8
908,SEA,TANDERSON-L,175,150,9,8.5
908,HOU,JURQUIDY,-210,-160,9,8.5
908,MIN,JRYAN,120,114,9,9
908,CLE,TMCKENZIE,-140,-124,9,9
908,KAN,MMINOR-L,-130,-121,10,9.5
908,BAL,MHARVEY,110,111,10,9.5
908,TOR,AMANOAH,100,116,9.5,9.5
908,NYY,LGIL,-120,-126,9.5,9.5
908,TAM,SMCCLANAH-L,-110,-101,9.5,10
908,BOS,NEOVALDI,-110,-109,9.5,10
908,CWS,DKEUCHEL-L,140,139,9,8.5
908,OAK,FMONTAS,-165,-149,9,8.5
908,TEX,KARIHARA,135,143,8.5,9
908,ARI,LWEAVER,-160,-153,8.5,9
908,DET,MMANNING,-105,112,9,9
908,PIT,MKELLER,-115,-122,9,9
908,LAA,MMAYERS,230,240,7.5,8
908,SDG,YDARVISH,-280,-270,7.5,8
909,LAD,TGONSOLIN,-195,-155,8.5,9
909,STL,JWOODFORD,165,145,8.5,9
909,NYM,MSTROMAN,-165,-167,7.5,7.5
909,MIA,JLUZARDO-L,140,157,7.5,7.5
909,COL,ASENZATEL,160,162,8.5,8
909,PHI,RSUAREZ-L,-190,-174,8.5,8
909,WAS,EFEDDE,180,190,9.5,9
909,ATL,HYNOA,-220,-210,9.5,9
909,CWS,RLOPEZ,115,135,9,7.5
909,OAK,SMANAEA-L,-135,-145,9,7.5
909,MIN,AALBERS-L,120,148,9,9
909,CLE,CQUANTRIL,-140,-158,9,9
909,KAN,CHERNANDE,110,106,9.5,8.5
909,BAL,JMEANS-L,-130,-116,9.5,8.5
909,TOR,JBERRIOS,100,101,9.5,8.5
909,NYY,NCORTES-L,-120,-111,9.5,8.5
910,SFO,DLEONE,-135,-143,9,9.5
910,CUB,KHENDRICK,115,133,9,9.5
910,WAS,JROGERS-L,-105,113,8.5,9
910,PIT,SBRAULT-L,-115,-123,8.5,9
910,COL,GMARQUEZ,120,140,8.5,8.5
910,PHI,SCOONROD,-140,-150,8.5,8.5
910,MIA,TROGERS-L,170,167,8.5,8
910,ATL,IANDERSON,-200,-182,8.5,8
910,CIN,TMAHLE,-145,-118,8.5,8.5
910,STL,JLESTER-L,125,108,8.5,8.5
910,SDG,JMUSGROVE,145,146,8,7.5
910,LAD,JURIAS-L,-170,-156,8,7.5
910,TOR,RRAY-L,-290,-295,9.5,9
910,BAL,CELLIS,235,255,9.5,9
910,TAM,MWACHA,-170,-154,9.5,9
910,DET,TALEXANDE-L,145,144,9.5,9
910,KAN,DLYNCH-L,110,119,9.5,9.5
910,MIN,GJAX,-130,-129,9.5,9.5
910,LAA,SOHTANI,160,178,8,7.5
910,HOU,FVALDEZ-L,-190,-196,8,7.5
910,BOS,THOUCK,135,141,8.5,8.5
910,CWS,CRODON-L,-160,-151,8.5,8.5
910,TEX,GOTTO,155,160,8.5,8.5
910,OAK,PBLACKBUR,-185,-170,8.5,8.5
910,MIL,AHOUSER,-165,-134,9.5,9.5
910,CLE,EMORGAN,140,124,9.5,9.5
910,NYY,JMONTGOME-L,-120,-116,8.5,8
910,NYM,TMEGILL,100,106,8.5,8
910,ARI,MBUMGARNE-L,135,139,8,8
910,SEA,MGONZALES-L,-160,-149,8,8
911,SFO,KGAUSMAN,-195,-200,10.5,10.5
911,CUB,ZDAVIES,165,180,10.5,10.5
911,COL,KFREELAND-L,180,195,7.5,7.5
911,PHI,ZWHEELER,-220,-215,7.5,7.5
911,WAS,JGRAY,-135,-132,9,9
911,PIT,WCROWE,115,122,9,9
911,CIN,LCASTILLO,-130,-113,8.5,8
911,STL,MMIKOLAS,110,103,8.5,8
911,MIA,EHERNANDE,185,215,8.5,7.5
911,ATL,CMORTON,-225,-245,8.5,7.5
911,SDG,CPADDACK,170,190,8,8
911,LAD,WBUEHLER,-200,-210,8,8
911,TEX,WBENJAMIN-L,145,176,8.5,9
911,OAK,CIRVIN-L,-170,-192,8.5,9
911,TOR,HRYU-L,-270,-240,7.5,7.5
911,BAL,DKREMER,220,210,7.5,7.5
911,TAM,CARCHER,-150,-152,9,9.5
911,DET,CMIZE,130,142,9,9.5
911,LAA,JSUAREZ-L,190,210,9,8.5
911,HOU,LGARCIA,-235,-240,9,8.5
911,BOS,CSEABOLD,145,162,9,9.5
911,CWS,DCEASE,-170,-174,9,9.5
911,KAN,BSINGER,115,128,9.5,9
911,MIN,MPINEDA,-135,-138,9.5,9
911,TOR,THATCH,-210,-190,8,8
911,BAL,KAKIN-L,175,175,8,8
911,MIL,CBURNES,-170,-192,8.5,9
911,CLE,ZPLESAC,145,176,8.5,9
911,NYY,CKLUBER,-135,-111,8,8
911,NYM,TWALKER,115,101,8,8
911,ARI,HCASTELLA,155,160,8.5,8.5
911,SEA,CFLEXEN,-185,-170,8.5,8.5
912,WAS,PCORBIN-L,-125,-122,9,9
912,PIT,BWILSON,105,112,9,9
912,COL,RFELTNER,210,245,8.5,9
912,PHI,ANOLA,-260,-275,8.5,9
912,MIA,ECABRERA,210,245,8,8.5
912,ATL,MFRIED-L,-260,-280,8,8.5
912,CIN,SGRAY,-140,-115,8.5,9
912,STL,JHAPP-L,120,105,8.5,9
912,SFO,LWEBB,-220,-210,9.5,9
912,CUB,JSTEELE-L,180,190,9.5,9
912,SDG,BSNELL-L,170,152,7.5,7.5
912,LAD,MSCHERZER,-200,-162,7.5,7.5
912,TOR,SMATZ-L,-225,-200,10,11
912,BAL,ZLOWTHER-L,185,180,10,11
912,TAM,LPATINO,-150,-145,9,9
912,DET,TSKUBAL-L,130,135,9,9
912,BOS,NPIVETTA,140,150,9.5,9
912,CWS,LLYNN,-165,-160,9.5,9
912,KAN,KBUBIC-L,145,152,9,8.5
912,MIN,BOBER,-170,-162,9,8.5
912,LAA,JBARRIA,200,250,9,8.5
912,HOU,LMCCULLER,-250,-290,9,8.5
912,TEX,THEARN-L,165,165,8.5,8
912,OAK,JKAPRIELI,-195,-180,8.5,8
912,MIL,ELAUER-L,-190,-110,8.5,9.5
912,CLE,ACIVALE,160,100,8.5,9.5
912,ARI,TGILBERT-L,160,150,8.5,8
912,SEA,YKIKUCHI-L,-190,-160,8.5,8
912,NYY,CSCHMIDT,-105,105,8.5,8.5
912,NYM,CCARRASCO,-115,-115,8.5,8.5
913,MIA,SALCANTAR,110,-108,7.5,7.5
913,WAS,PESPINO,-130,-102,7.5,7.5
913,STL,AWAINWRIG,100,-103,8.5,8
913,NYM,RHILL-L,-120,-107,8.5,8
913,SDG,YDARVISH,100,-106,8,8
913,SFO,DLEONE,-120,-104,8,8
913,ARI,ZGALLEN,230,258,8,8
913,LAD,CKERSHAW-L,-280,-298,8,8
913,MIN,JGANT,170,156,10,10
913,NYY,LGIL,-200,-166,10,10
913,TAM,CMCHUGH,135,120,9.5,9
913,TOR,AMANOAH,-160,-130,9.5,9
913,HOU,JODORIZZI,-190,-178,9,9
913,TEX,SHOWARD,160,164,9,9
913,BOS,ERODRIGUE-L,-135,-120,8,8
913,SEA,LGILBERT,115,110,8,8
914,CIN,WMILEY-L,-170,-154,8.5,8.5
914,PIT,DPETERS-L,145,144,8.5,8.5
914,CUB,ASAMPSON,175,173,9,9.5
914,PHI,KGIBSON,-210,-188,9,9.5
914,MIA,JLUZARDO-L,115,134,8.5,8.5
914,WAS,EFEDDE,-135,-144,8.5,8.5
914,STL,JWOODFORD,135,160,8,8
914,NYM,MSTROMAN,-160,-170,8,8
914,COL,JGRAY,150,137,9,9
914,ATL,TTOUSSAIN,-180,-147,9,9
914,SDG,JARRIETA,140,175,8.5,9
914,SFO,ADESCLAFA,-165,-190,8.5,9
914,ARI,LWEAVER,210,220,8.5,9
914,LAD,TGONSOLIN,-260,-250,8.5,9
914,CLE,TMCKENZIE,115,110,6.5,6
914,MIN,JRYAN,-135,-120,6.5,6
914,NYY,GCOLE,-310,-340,9.5,9.5
914,BAL,AWELLS-L,250,290,9.5,9.5
914,TAM,DRASMUSSE,120,130,9,9
914,TOR,JBERRIOS,-140,-140,9,9
914,CLE,LALLEN-L,100,116,7.5,7.5
914,MIN,CBARNES-L,-120,-126,7.5,7.5
914,HOU,ZGREINKE,-210,-190,9,9
914,TEX,JLYLES,175,175,9,9
914,OAK,FMONTAS,-170,-158,9,9
914,KAN,JKOWAR,145,148,9,9
914,LAA,PNAUGHTON-L,225,230,9,9
914,CWS,LGIOLITO,-275,-260,9,9
914,BOS,NEOVALDI,-140,-136,8,8
914,SEA,TANDERSON-L,120,126,8,8
914,MIL,FPERALTA,-210,-210,9,9
914,DET,WPERALTA,175,190,9,9
915,MIA,TROGERS-L,-115,-120,8.5,9
915,WAS,JROGERS-L,-105,110,8.5,9
915,CIN,VGUTIERRE,-160,-129,9,9
915,PIT,MKELLER,135,119,9,9
915,CUB,AMILLS,165,178,9,9
915,PHI,RSUAREZ-L,-195,-196,9,9
915,STL,JLESTER-L,130,158,8,8.5
915,NYM,TMEGILL,-150,-168,8,8.5
915,COL,ASENZATEL,175,186,9,9
915,ATL,HYNOA,-210,-206,9,9
915,SDG,JMUSGROVE,-110,-102,8.5,8.5
915,SFO,DLEONE,-110,-108,8.5,8.5
915,ARI,MKELLY,285,320,8,8
915,LAD,JURIAS-L,-355,-380,8,8
915,TAM,MWACHA,145,162,9,9
915,TOR,RRAY-L,-170,-174,9,9
915,BOS,THOUCK,-125,-128,8.5,8.5
915,SEA,MGONZALES-L,105,118,8.5,8.5
915,NYY,NCORTES-L,-185,-159,10,10
915,BAL,JMEANS-L,155,149,10,10
915,CLE,CQUANTRIL,100,102,9,9
915,MIN,GJAX,-120,-112,9,9
915,HOU,JURQUIDY,-220,-184,9,9
915,TEX,KARIHARA,180,169,9,9
915,LAA,JJUNK,195,200,9.5,9.5
915,CWS,DKEUCHEL-L,-245,-220,9.5,9.5
915,OAK,SMANAEA-L,-150,-131,8.5,8.5
915,KAN,CHERNANDE,130,121,8.5,8.5
915,MIL,BWOODRUFF,-235,-240,9,8.5
915,DET,MMANNING,190,210,9,8.5
916,CIN,TMAHLE,-150,-157,8.5,8
916,PIT,COVERTON,130,147,8.5,8
916,SDG,PJOHNSON,115,165,8.5,8
916,SFO,KGAUSMAN,-135,-180,8.5,8
916,CUB,KHENDRICK,140,140,9,9
916,PHI,CBEDROSIA,-165,-150,9,9
916,OAK,PBLACKBUR,-125,-116,9.5,10.5
916,KAN,DLYNCH-L,105,106,9.5,10.5
916,LAA,ACOBB,160,160,8,8
916,CWS,RLOPEZ,-190,-170,8,8
916,NYY,JMONTGOME-L,-255,-230,10,10.5
916,BAL,CELLIS,205,205,10,10.5
916,DET,TALEXANDE-L,175,180,9,8.5
916,TAM,LHEAD,-210,-200,9,8.5
916,HOU,LGARCIA,-235,-161,9,8.5
916,TEX,GOTTO,190,151,9,8.5
917,COL,GMARQUEZ,-115,-116,8.5,8.5
917,WAS,JGRAY,-105,106,8.5,8.5
917,PHI,ZWHEELER,-130,-127,7.5,7.5
917,NYM,TWALKER,110,117,7.5,7.5
917,PIT,WCROWE,135,140,8,7.5
917,MIA,EHERNANDE,-160,-150,8,7.5
917,LAD,WBUEHLER,-170,-163,8.5,8.5
917,CIN,LCASTILLO,145,153,8.5,8.5
917,CUB,ZDAVIES,190,200,9,9
917,MIL,AHOUSER,-235,-220,9,9
917,SDG,VVELASQUE,125,105,9,9
917,STL,MMIKOLAS,-145,-115,9,9
917,ATL,IANDERSON,125,149,7.5,8
917,SFO,LWEBB,-145,-159,7.5,8
917,CLE,ZPLESAC,175,182,10,9
917,NYY,CKLUBER,-210,-202,10,9
917,MIN,MPINEDA,180,182,9,9.5
917,TOR,HRYU-L,-220,-202,9,9.5
917,DET,CMIZE,160,179,8.5,8.5
917,TAM,LPATINO,-190,-198,8.5,8.5
917,BAL,KAKIN-L,285,274,9.5,9.5
917,BOS,CSALE-L,-355,-314,9.5,9.5
917,CWS,DCEASE,-185,-179,9,8.5
917,TEX,THEARN-L,155,165,9,8.5
917,SEA,CFLEXEN,-125,-110,9.5,9
917,KAN,JHEASLEY,105,100,9.5,9
917,OAK,CIRVIN-L,-120,-134,9,9
917,LAA,JDIAZ-L,100,124,9,9
917,ARI,MBUMGARNE-L,190,196,9,9
917,HOU,BBIELAK,-235,-216,9,9
918,LAD,MSCHERZER,-195,-205,8,8
918,CIN,SGRAY,165,185,8,8
918,COL,KFREELAND-L,105,120,9,9
918,WAS,PCORBIN-L,-125,-130,9,9
918,PIT,BWILSON,115,119,8,8
918,MIA,ECABRERA,-135,-129,8,8
918,PHI,ANOLA,-125,-108,8,7.5
918,NYM,CCARRASCO,105,-102,8,7.5
918,CUB,JSTEELE-L,235,275,8,7.5
918,MIL,CBURNES,-290,-315,8,7.5
918,SDG,YDARVISH,100,108,8,7.5
918,STL,AWAINWRIG,-120,-118,8,7.5
918,ATL,CMORTON,115,-104,8,7.5
918,SFO,AWOOD-L,-135,-106,8,7.5
918,CLE,ACIVALE,165,175,9.5,9.5
918,NYY,LGIL,-195,-190,9.5,9.5
918,BAL,ZLOWTHER-L,220,245,10.5,10.5
918,BOS,NPIVETTA,-270,-280,10.5,10.5
918,MIN,BOBER,150,152,9.5,9.5
918,TOR,SMATZ-L,-180,-162,9.5,9.5
918,DET,TSKUBAL-L,165,164,8.5,8.5
918,TAM,RYARBROUG-L,-195,-178,8.5,8.5
918,CWS,LLYNN,-235,-224,9,8.5
918,TEX,SHOWARD,190,204,9,8.5
918,SEA,YKIKUCHI-L,-125,100,9,9
918,KAN,KBUBIC-L,105,-110,9,9
918,OAK,JKAPRIELI,-135,-114,9,9
918,LAA,JSUAREZ-L,115,104,9,9
918,ARI,HCASTELLA,230,245,9,8.5
918,HOU,LMCCULLER,-280,-280,9,8.5
919,COL,JGRAY,105,-104,9,8.5
919,WAS,PESPINO,-125,-106,9,8.5
919,LAD,CKERSHAW-L,-185,-190,8.5,9
919,CIN,WMILEY-L,155,175,8.5,9
919,PIT,MKRANICK,190,185,7,7
919,MIA,SALCANTAR,-235,-205,7,7
919,CUB,KTHOMPSON,175,200,9,9
919,MIL,ELAUER-L,-210,-220,9,9
919,SDG,JARRIETA,105,104,9,9
919,STL,JHAPP-L,-125,-114,9,9
919,ATL,MFRIED-L,100,116,8,8
919,SFO,ADESCLAFA,-120,-126,8,8
919,PHI,KGIBSON,100,118,8,8
919,NYM,RHILL-L,-120,-128,8,8
919,CLE,EMORGAN,250,285,9,8.5
919,NYY,GCOLE,-310,-330,9,8.5
919,MIN,LFARRELL-U,190,190,9,9
919,TOR,JBERRIOS,-235,-210,9,9
919,DET,WPERALTA,195,240,8.5,8.5
919,TAM,SMCCLANAH-L,-245,-270,8.5,8.5
919,BAL,AWELLS-L,265,285,10,9.5
919,BOS,NEOVALDI,-330,-330,10,9.5
919,SEA,LGILBERT,-130,-118,9,9.5
919,KAN,JKOWAR,110,108,9,9.5
919,CWS,LGIOLITO,-250,-200,9,8.5
919,TEX,JLYLES,200,180,9,8.5
919,OAK,FMONTAS,-110,-128,8.5,8
919,LAA,SOHTANI,-110,118,8.5,8
919,ARI,ZGALLEN,215,175,8.5,8.5
919,HOU,ZGREINKE,-265,-190,8.5,8.5
920,PIT,DPETERS-L,160,148,9,9.5
920,CIN,VGUTIERRE,-190,-158,9,9.5
920,WAS,EFEDDE,-115,-105,8.5,8
920,MIA,JLUZARDO-L,-105,-105,8.5,8
920,STL,JLESTER-L,165,167,8,8
920,MIL,FPERALTA,-195,-182,8,8
920,ATL,HYNOA,-180,-186,9,9.5
920,ARI,HMEJIA,150,171,9,9.5
920,KAN,BSINGER,130,146,7,7
920,CLE,TMCKENZIE,-150,-156,7,7
920,CWS,CRODON-L,-225,-230,9,8.5
920,DET,MMANNING,185,205,9,8.5
920,TEX,AALEXY,215,230,9.5,8.5
920,NYY,NCORTES-L,-265,-260,9.5,8.5
920,TOR,RRAY-L,-130,-125,8.5,8
920,TAM,SBAZ,110,115,8.5,8
920,KAN,JPAYAMPS,105,119,8,8
920,CLE,NWITTGREN,-125,-129,8,8
920,HOU,FVALDEZ-L,-225,-210,9,9
920,LAA,JBARRIA,185,190,9,9
920,SEA,TANDERSON-L,130,158,8.5,8
920,OAK,SMANAEA-L,-150,-168,8.5,8
920,BAL,JMEANS-L,165,180,8,7.5
920,PHI,RSUAREZ-L,-195,-200,8,7.5
921,PIT,MKELLER,170,190,9,9
921,CIN,TMAHLE,-200,-210,9,9
921,WAS,JROGERS-L,130,132,8,8
921,MIA,TROGERS-L,-150,-142,8,8
921,STL,JWOODFORD,185,179,7.5,7.5
921,MIL,BWOODRUFF,-225,-198,7.5,7.5
921,LAD,JURIAS-L,-210,-210,11,11
921,COL,ASENZATEL,175,190,11,11
921,ATL,JCHAVEZ,-170,-142,9.5,9.5
921,ARI,LWEAVER,145,132,9.5,9.5
921,SFO,KGAUSMAN,-105,100,7.5,7.5
921,SDG,JMUSGROVE,-115,-110,7.5,7.5
921,KAN,DLYNCH-L,115,148,9,9
921,CLE,CQUANTRIL,-135,-158,9,9
921,CWS,DKEUCHEL-L,-170,-156,9.5,9.5
921,DET,TALEXANDE-L,145,146,9.5,9.5
921,TEX,DDUNNING,225,230,9,8.5
921,NYY,JMONTGOME-L,-275,-260,9,8.5
921,TOR,AMANOAH,-105,-103,8,8.5
921,TAM,DRASMUSSE,-115,-107,8,8.5
921,HOU,JURQUIDY,-245,-188,9,9.5
921,LAA,PNAUGHTON-L,195,173,9,9.5
921,SEA,MGONZALES-L,115,120,8.5,8.5
921,OAK,PBLACKBUR,-135,-130,8.5,8.5
921,BAL,CGREENE,175,180,10.5,9.5
921,PHI,AMEDINA,-210,-200,10.5,9.5
921,NYM,MSTROMAN,140,121,9.5,9.5
921,BOS,ERODRIGUE-L,-165,-131,9.5,9.5
921,MIN,GJAX,100,108,8,8
921,CUB,AMILLS,-120,-118,8,8
922,WAS,JGRAY,110,122,8,8
922,MIA,EHERNANDE,-130,-132,8,8
922,STL,MMIKOLAS,100,119,9,9
922,MIL,BANDERSON-L,-120,-129,9,9
922,LAD,WBUEHLER,-195,-186,10.5,10.5
922,COL,GMARQUEZ,165,171,10.5,10.5
922,ATL,IANDERSON,-195,-164,9,9.5
922,ARI,MKELLY,165,154,9,9.5
922,SFO,SKAZMIR-L,-120,104,9,9.5
922,SDG,VVELASQUE,100,-114,9,9.5
922,TOR,JMERRYWEA,100,100,9,9
922,TAM,LPATINO,-120,-110,9,9
922,TEX,THEARN-L,220,230,8.5,9
922,NYY,CKLUBER,-270,-260,8.5,9
922,HOU,LGARCIA,-220,-200,9,9.5
922,LAA,JJUNK,180,180,9,9.5
922,SEA,CFLEXEN,115,136,8.5,8.5
922,OAK,CIRVIN-L,-135,-146,8.5,8.5
922,BAL,KAKIN-L,235,285,8.5,8
922,PHI,ZWHEELER,-290,-330,8.5,8
922,NYM,TWALKER,155,163,9,9.5
922,BOS,CSALE-L,-185,-176,9,9.5
922,MIN,JRYAN,-110,-111,7,6.5
922,CUB,KHENDRICK,-110,101,7,6.5
923,STL,AWAINWRIG,105,107,8,8
923,MIL,AHOUSER,-125,-117,8,8
923,LAD,MSCHERZER,-250,-250,10.5,10.5
923,COL,KFREELAND-L,200,220,10.5,10.5
923,ATL,CMORTON,-190,-194,8.5,8.5
923,ARI,MBUMGARNE-L,160,177,8.5,8.5
923,SFO,LWEBB,100,-109,8,7.5
923,SDG,YDARVISH,-120,-101,8,7.5
923,WAS,PCORBIN-L,170,171,8.5,9
923,CIN,LCASTILLO,-200,-186,8.5,9
923,PIT,COVERTON,205,240,8.5,8
923,PHI,ANOLA,-255,-270,8.5,8
923,CWS,RLOPEZ,-115,-135,7,7
923,CLE,ACIVALE,-105,125,7,7
923,SEA,YKIKUCHI-L,125,156,8.5,8.5
923,OAK,CBASSITT,-145,-166,8.5,8.5
923,CWS,MKOPECH,-125,-123,6.5,6
923,CLE,ZPLESAC,105,113,6.5,6
923,TEX,GOTTO,105,-126,9,9
923,BAL,ZLOWTHER-L,-125,116,9,9
923,TOR,SMATZ-L,-150,-136,9.5,9.5
923,MIN,MPINEDA,130,126,9.5,9.5
923,HOU,LMCCULLER,-195,-150,9,8.5
923,LAA,ACOBB,165,140,9,8.5
924,STL,JHAPP-L,-170,-138,9,8.5
924,CUB,JSTEELE-L,145,128,9,8.5
924,PIT,SHOWARD-L,170,200,8.5,8.5
924,PHI,KGIBSON,-200,-220,8.5,8.5
924,WAS,PESPINO,165,151,9,8.5
924,CIN,SGRAY,-195,-161,9,8.5
924,STL,JFLAHERTY,-190,-180,9,8.5
924,CUB,ZDAVIES,160,165,9,8.5
924,NYM,TMEGILL,135,124,8.5,8
924,MIL,ELAUER-L,-160,-134,8.5,8
924,SFO,AWOOD-L,-195,-190,12,12
924,COL,PLAMBERT,165,175,12,12
924,LAD,TGONSOLIN,-235,-230,9.5,10
924,ARI,HCASTELLA,190,205,9.5,10
924,ATL,MFRIED-L,-135,-127,8,8.5
924,SDG,RKNEHR,115,117,8,8.5
924,TEX,SHOWARD,-110,-103,9,9.5
924,BAL,AWELLS-L,-110,-107,9,9.5
924,NYY,GCOLE,-110,-115,9,9
924,BOS,NEOVALDI,-110,105,9,9
924,CWS,DCEASE,-135,-112,8.5,8
924,CLE,SBIEBER,115,102,8.5,8
924,KAN,CHERNANDE,-105,-107,9,8.5
924,DET,CMIZE,-115,-103,9,8.5
924,TOR,JBERRIOS,-145,-144,9,9
924,MIN,BOBER,125,134,9,9
924,SEA,LGILBERT,-120,-128,8.5,8.5
924,LAA,JSUAREZ-L,100,118,8.5,8.5
924,HOU,BBIELAK,105,119,7.5,8.5
924,OAK,FMONTAS,-125,-129,7.5,8.5
924,MIA,ECABRERA,240,217,9,8.5
924,TAM,DROBERTSO,-300,-247,9,8.5
925,STL,JLESTER-L,-170,-142,10.5,10
925,CUB,ASAMPSON,145,132,10.5,10
925,PIT,WCROWE,210,240,9,8.5
925,PHI,RSUAREZ-L,-260,-270,9,8.5
925,WAS,EFEDDE,145,107,9.5,10
925,CIN,VGUTIERRE,-170,-117,9.5,10
925,NYM,RHILL-L,180,185,7.5,7.5
925,MIL,CBURNES,-220,-205,7.5,7.5
925,ATL,HYNOA,-135,-115,9,8.5
925,SDG,VVELASQUE,115,105,9,8.5
925,SFO,ADESCLAFA,-160,-140,11.5,11.5
925,COL,JGRAY,135,130,11.5,11.5
925,LAD,CKERSHAW-L,-260,-245,9,9
925,ARI,ZGALLEN,210,215,9,9
925,HOU,FVALDEZ-L,-110,-107,8.5,8
925,OAK,SMANAEA-L,-110,-103,8.5,8
925,NYY,NCORTES-L,-105,100,10.5,10
925,BOS,NPIVETTA,-115,-110,10.5,10
925,KAN,JHEASLEY,115,120,9,9
925,DET,TSKUBAL-L,-135,-130,9,9
925,TEX,JLYLES,125,-102,8.5,9
925,BAL,CELLIS,-145,-108,8.5,9
925,TOR,RRAY-L,-190,-180,9,8.5
925,MIN,JGANT,160,165,9,8.5
925,CWS,LLYNN,-185,-190,8.5,8.5
925,CLE,EMORGAN,155,175,8.5,8.5
925,SEA,TANDERSON-L,-145,-138,8.5,8.5
925,LAA,JBARRIA,125,128,8.5,8.5
925,MIA,SALCANTAR,180,180,7.5,7
925,TAM,SMCCLANAH-L,-220,-200,7.5,7
926,PIT,MKRANICK,190,205,9,9
926,PHI,HCROUSE,-235,-230,9,9
926,WAS,JROGERS-L,150,165,9.5,9
926,CIN,TMAHLE,-180,-180,9.5,9
926,NYM,CCARRASCO,160,145,8,8
926,MIL,FPERALTA,-190,-155,8,8
926,STL,JWOODFORD,-180,-145,10.5,11
926,CUB,KTHOMPSON,150,135,10.5,11
926,SFO,KGAUSMAN,-185,-162,11.5,11.5
926,COL,ASENZATEL,155,152,11.5,11.5
926,LAD,JURIAS-L,-280,-270,9,9
926,ARI,HMEJIA,230,240,9,9
926,ATL,JCHAVEZ,135,115,8.5,8
926,SDG,JMUSGROVE,-160,-125,8.5,8
926,KAN,KBUBIC-L,-105,-108,9,9
926,DET,WPERALTA,-115,-102,9,9
926,TEX,DDUNNING,120,112,8.5,8.5
926,BAL,JMEANS-L,-140,-122,8.5,8.5
926,CWS,LGIOLITO,-170,-150,8,8.5
926,CLE,TMCKENZIE,145,140,8,8.5
926,TOR,AMANOAH,-195,-166,9,9.5
926,MIN,GJAX,165,156,9,9.5
926,SEA,MGONZALES-L,125,120,8.5,8.5
926,LAA,SOHTANI,-145,-130,8.5,8.5
926,HOU,JODORIZZI,-125,-112,9,9
926,OAK,PBLACKBUR,105,102,9,9
926,NYY,JMONTGOME-L,105,-103,10,9.5
926,BOS,ERODRIGUE-L,-125,-107,10,9.5
926,MIA,JLUZARDO-L,235,230,8,8
926,TAM,SBAZ,-290,-260,8,8
927,PIT,COVERTON,155,161,9.5,9.5
927,CIN,RSANMARTI-L,-185,-172,9.5,9.5
927,WAS,JGRAY,145,152,11.5,11.5
927,COL,GMARQUEZ,-170,-162,11.5,11.5
927,CWS,DKEUCHEL-L,-170,-145,9.5,9.5
927,DET,MMANNING,145,135,9.5,9.5
927,OAK,CIRVIN-L,100,112,8.5,8.5
927,SEA,CFLEXEN,-120,-122,8.5,8.5
927,KAN,JKOWAR,135,159,9,9.5
927,CLE,CQUANTRIL,-160,-169,9,9.5
928,MIA,ZTHOMPSON,150,180,6,5.5
928,NYM,MSTROMAN,-180,-200,6,5.5
928,CUB,AMILLS,100,-105,9,8.5
928,PIT,MKELLER,-120,-105,9,8.5
928,MIA,TROGERS-L,130,128,6,6
928,NYM,NSYNDERGA,-150,-138,6,6
928,PHI,ZWHEELER,110,111,8,7.5
928,ATL,CMORTON,-130,-121,8,7.5
928,MIL,BWOODRUFF,-115,-113,7,7
928,STL,AWAINWRIG,-105,103,7,7
928,WAS,PCORBIN-L,135,122,11.5,11.5
928,COL,KFREELAND-L,-160,-132,11.5,11.5
928,ARI,LWEAVER,235,225,8,7.5
928,SFO,LWEBB,-290,-255,8,7.5
928,SDG,YDARVISH,165,175,8,7.5
928,LAD,WBUEHLER,-195,-190,8,7.5
928,BOS,CSALE-L,-270,-260,9.5,9
928,BAL,BZIMMERMA-L,220,230,9.5,9
928,NYY,JTAILLON,110,110,9.5,9
928,TOR,HRYU-L,-130,-120,9.5,9
928,DET,TALEXANDE-L,115,130,9.5,9.5
928,MIN,CBARNES-L,-135,-140,9.5,9.5
928,LAA,PNAUGHTON-L,-105,-110,9,9
928,TEX,AALEXY,-115,100,9,9
928,CLE,ACIVALE,-115,110,9,9
928,KAN,BSINGER,-105,-120,9,9
928,TAM,MWACHA,130,120,9,9
928,HOU,JURQUIDY,-150,-130,9,9
928,OAK,CBASSITT,-130,-110,8,8
928,SEA,TANDERSON-L,110,100,8,8
928,CIN,RO''BRIEN,150,165,9.5,9
928,CWS,RLOPEZ,-180,-180,9.5,9
929,WAS,PESPINO,-115,108,12.5,11.5
929,COL,PLAMBERT,-105,-118,12.5,11.5
929,CUB,KHENDRICK,-110,-120,8.5,8.5
929,PIT,RCONTRERA,-110,110,8.5,8.5
929,MIA,EHERNANDE,140,161,7.5,7.5
929,NYM,TWALKER,-165,-172,7.5,7.5
929,PHI,ANOLA,115,136,8,8
929,ATL,MFRIED-L,-135,-146,8,8
929,MIL,AHOUSER,-110,103,8,7.5
929,STL,MMIKOLAS,-110,-113,8,7.5
929,ARI,MKELLY,225,230,8,8
929,SFO,AWOOD-L,-275,-260,8,8
929,SDG,RWEATHERS-L,240,270,8,8
929,LAD,MSCHERZER,-300,-310,8,8
929,BOS,NEOVALDI,-260,-254,9.5,9.5
929,BAL,ZLOWTHER-L,210,224,9.5,9.5
929,NYY,GCOLE,-115,-114,8.5,8
929,TOR,JBERRIOS,-105,104,8.5,8
929,DET,CMIZE,135,158,9,9
929,MIN,MPINEDA,-160,-168,9,9
929,LAA,JJUNK,-105,109,9,9
929,TEX,THEARN-L,-115,-119,9,9
929,CLE,ZPLESAC,-115,-109,9,9
929,KAN,DLYNCH-L,-105,-101,9,9
929,TAM,DRASMUSSE,115,125,9,9
929,HOU,LGARCIA,-135,-135,9,9
929,OAK,FMONTAS,-115,101,8,7.5
929,SEA,LGILBERT,-105,-111,8,7.5
929,CIN,SGRAY,140,167,8.5,7.5
929,CWS,CRODON-L,-165,-182,8.5,7.5
930,MIL,BANDERSON-L,-105,103,9,8.5
930,STL,JHAPP-L,-115,-113,9,8.5
930,CUB,JSTEELE-L,-110,-111,8.5,8.5
930,PIT,MYAJURE,-110,101,8.5,8.5
930,MIA,ECABRERA,155,190,8,7.5
930,NYM,RHILL-L,-185,-210,8,7.5
930,PHI,KGIBSON,135,139,8.5,8.5
930,ATL,IANDERSON,-160,-149,8.5,8.5
930,ARI,MBUMGARNE-L,160,196,8.5,8.5
930,SFO,SKAZMIR-L,-190,-216,8.5,8.5
930,SDG,VVELASQUE,200,205,9,9
930,LAD,TGONSOLIN,-250,-230,9,9
930,LAA,ACOBB,-130,-132,9,8
930,TEX,GOTTO,110,122,9,8
930,BOS,NPIVETTA,-245,-215,10.5,10
930,BAL,AWELLS-L,195,195,10.5,10
930,NYY,CKLUBER,130,135,8.5,8.5
930,TOR,RRAY-L,-150,-145,8.5,8.5
930,TAM,CMCHUGH,130,136,9,8.5
930,HOU,LMCCULLER,-150,-146,9,8.5
930,DET,TSKUBAL-L,155,164,9,8.5
930,MIN,JRYAN,-185,-178,9,8.5
930,CLE,SBIEBER,-160,-150,8.5,8.5
930,KAN,AZERPA-L,135,140,8.5,8.5
1001,CIN,LCASTILLO,-165,-193,8.5,8
1001,PIT,WCROWE,152,178,8.5,8
1001,PHI,RSUAREZ-L,-101,-113,6.5,6.5
1001,MIA,SALCANTAR,-109,105,6.5,6.5
1001,NYM,TMEGILL,111,106,8.5,8
1001,ATL,HYNOA,-121,-115,8.5,8
1001,CUB,CABBOTT,177,184,8,8
1001,STL,DHUDSON,-193,-204,8,8
1001,COL,JGRAY,-120,-113,9,9
1001,ARI,HCASTELLA,110,105,9,9
1001,SDG,PAVILA,166,180,9,9
1001,SFO,ADESCLAFA,-180,-200,9,9
1001,MIL,ELAUER-L,179,199,8,8
1001,LAD,CKERSHAW-L,-195,-224,8,8
1001,TAM,SMCCLANAH-L,121,118,8.5,8.5
1001,NYY,NCORTES-L,-131,-127,8.5,8.5
1001,BAL,TESHELMAN,292,319,10,9.5
1001,TOR,SMATZ-L,-330,-379,10,9.5
1001,CLE,EMORGAN,-111,-111,8.5,8.5
1001,TEX,SHOWARD,101,103,8.5,8.5
1001,MIN,JGANT,-105,-109,9.5,9.5
1001,KAN,JHEASLEY,-105,101,9.5,9.5
1001,DET,WPERALTA,217,236,8.5,8.5
1001,CWS,LLYNN,-242,-266,8.5,8.5
1001,OAK,SMANAEA-L,119,125,8.5,8
1001,HOU,FVALDEZ-L,-129,-135,8.5,8
1001,LAA,JSUAREZ-L,161,147,7.5,7.5
1001,SEA,MGONZALES-L,-175,-157,7.5,7.5
1001,BOS,ERODRIGUE-L,-191,-194,9.5,9
1001,WAS,JROGERS-L,175,179,9.5,9
1002,SDG,JMUSGROVE,150,140,7.5,8
1002,SFO,KGAUSMAN,-180,-150,7.5,8
1002,PHI,HCROUSE,-125,-122,8,8
1002,MIA,JLUZARDO-L,105,112,8,8
1002,CIN,TMAHLE,-190,-148,8.5,8.5
1002,PIT,MKRANICK,160,138,8.5,8.5
1002,CUB,ASAMPSON,155,161,9,9
1002,STL,JLESTER-L,-185,-172,9,9
1002,NYM,CCARRASCO,110,113,8.5,8.5
1002,ATL,JCHAVEZ,-130,-123,8.5,8.5
1002,COL,ASENZATEL,110,124,8.5,8.5
1002,ARI,ZGALLEN,-130,-134,8.5,8.5
1002,MIL,CBURNES,120,136,7.5,7
1002,LAD,JURIAS-L,-140,-146,7.5,7
1002,TAM,SBAZ,115,119,9,8.5
1002,NYY,JMONTGOME-L,-135,-129,9,8.5
1002,BAL,JMEANS-L,200,230,8.5,8.5
1002,TOR,AMANOAH,-250,-260,8.5,8.5
1002,CLE,TMCKENZIE,-145,-142,8.5,8.5
1002,TEX,JLYLES,125,132,8.5,8.5
1002,OAK,PBLACKBUR,135,152,9,9.5
1002,HOU,JODORIZZI,-160,-162,9,9.5
1002,DET,MMANNING,225,240,8.5,9
1002,CWS,LGIOLITO,-275,-270,8.5,9
1002,MIN,GJAX,-110,110,9.5,9
1002,KAN,KBUBIC-L,-110,-120,9.5,9
1002,LAA,JDIAZ-L,150,163,8,8
1002,SEA,CFLEXEN,-180,-176,8,8
1002,BOS,THOUCK,-150,-145,9.5,9.5
1002,WAS,JGRAY,130,135,9.5,9.5
1003,CIN,RSANMARTI-L,-160,-155,9.5,9
1003,PIT,MKELLER,135,145,9.5,9
1003,SDG,RKNEHR,150,200,9,8.5
1003,SFO,LWEBB,-180,-220,9,8.5
1003,PHI,BFALTER-L,-115,-110,8,7.5
1003,MIA,PLOPEZ,-105,100,8,7.5
1003,COL,AGOUDEAU,-125,100,9,9
1003,ARI,HMEJIA,105,-110,9,9
1003,MIL,BANDERSON-L,225,245,8.5,8.5
1003,LAD,WBUEHLER,-275,-280,8.5,8.5
1003,CUB,AMILLS,155,148,9,8.5
1003,STL,JWOODFORD,-185,-158,9,8.5
1003,NYM,NSYNDERGA,120,156,8.5,8.5
1003,ATL,CMORTON,-140,-166,8.5,8.5
1003,CLE,ACIVALE,-105,102,7.5,8
1003,TEX,DDUNNING,-115,-112,7.5,8
1003,TAM,MWACHA,135,114,9.5,9.5
1003,NYY,JTAILLON,-160,-124,9.5,9.5
1003,BAL,BZIMMERMA-L,290,300,10.5,10
1003,TOR,HRYU-L,-360,-350,10.5,10
1003,LAA,RDETMERS-L,150,154,7,7.5
1003,SEA,TANDERSON-L,-180,-164,7,7.5
1003,DET,TALEXANDE-L,250,220,8.5,8
1003,CWS,DCEASE,-310,-250,8.5,8
1003,MIN,CBARNES-L,-120,-111,10.5,10
1003,KAN,JKOWAR,100,101,10.5,10
1003,OAK,CIRVIN-L,165,151,9,9
1003,HOU,JURQUIDY,-195,-161,9,9
1003,BOS,CSALE-L,-220,-210,10,9.5
1003,WAS,JADON,180,190,10,9.5
1005,NYY,GCOLE,-120,-132,8.5,8
1005,BOS,NEOVALDI,100,122,8.5,8
1006,STL,AWAINWRIG,185,205,7.5,7.5
1006,LAD,MSCHERZER,-225,-230,7.5,7.5
1007,CWS,LLYNN,125,120,8,7.5
1007,HOU,LMCCULLER,-145,-130,8,7.5
1007,BOS,ERODRIGUE-L,145,149,8,8
1007,TAM,SMCCLANAH-L,-170,-159,8,8
1008,CWS,LGIOLITO,105,-104,8,8
1008,HOU,FVALDEZ-L,-125,-106,8,8
1008,BOS,CSALE-L,115,132,7.5,7.5
1008,TAM,SBAZ,-135,-142,7.5,7.5
1008,ATL,CMORTON,125,144,7,7
1008,MIL,CBURNES,-145,-154,7,7
1008,LAD,WBUEHLER,-140,-115,7,7
1008,SFO,LWEBB,120,105,7,7
1009,ATL,MFRIED-L,110,106,7.5,7
1009,MIL,BWOODRUFF,-130,-116,7.5,7
1009,LAD,JURIAS-L,-115,-119,7.5,7
1009,SFO,KGAUSMAN,-105,109,7.5,7
1010,TAM,DRASMUSSE,-115,108,8.5,8.5
1010,BOS,NEOVALDI,-105,-118,8.5,8.5
1010,HOU,LGARCIA,-110,106,8,8.5
1010,CWS,DCEASE,-110,-116,8,8.5
1011,MIL,FPERALTA,100,100,7.5,8
1011,ATL,IANDERSON,-120,-110,7.5,8
1011,TAM,CMCHUGH,-110,-102,9,9
1011,BOS,ERODRIGUE-L,-110,-108,9,9
1011,SFO,AWOOD-L,175,180,7.5,7.5
1011,LAD,MSCHERZER,-210,-200,7.5,7.5
1012,MIL,ELAUER-L,115,145,8.5,8
1012,ATL,CMORTON,-135,-155,8.5,8
1012,SFO,ADESCLAFA,135,175,7.5,8
1012,LAD,WBUEHLER,-160,-190,7.5,8
1012,HOU,LMCCULLER,100,-110,8.5,8.5
1012,CWS,CRODON-L,-120,100,8.5,8.5
1014,LAD,CKNEBEL,-110,100,7,7
1014,SFO,LWEBB,-110,-110,7,7
1015,BOS,CSALE-L,130,131,8.5,8.5
1015,HOU,FVALDEZ-L,-150,-141,8.5,8.5
1016,BOS,NEOVALDI,125,105,8.5,8.5
1016,HOU,LGARCIA,-145,-115,8.5,8.5
1016,LAD,CKNEBEL,-125,-104,8,8
1016,ATL,MFRIED-L,105,-106,8,8
1017,LAD,MSCHERZER,-185,-170,7.5,8
1017,ATL,IANDERSON,155,160,7.5,8
1018,HOU,JURQUIDY,-105,110,9,9.5
1018,BOS,ERODRIGUE-L,-115,-120,9,9.5
1019,HOU,ZGREINKE,110,118,10,10
1019,BOS,NPIVETTA,-130,-128,10,10
1019,ATL,CMORTON,165,163,7.5,7
1019,LAD,WBUEHLER,-195,-176,7.5,7
1020,HOU,FVALDEZ-L,105,111,9.5,9.5
1020,BOS,CSALE-L,-125,-121,9.5,9.5
1020,ATL,JCHAVEZ,185,200,8,8.5
1020,LAD,JURIAS-L,-225,-220,8,8.5
1021,ATL,MFRIED-L,125,122,8,7.5
1021,LAD,JKELLY,-145,-132,8,7.5
1022,BOS,NEOVALDI,105,101,8.5,9
1022,HOU,LGARCIA,-125,-111,8.5,9
1023,LAD,WBUEHLER,-180,-145,8,8
1023,ATL,IANDERSON,150,135,8,8
1026,ATL,CMORTON,120,112,8,8.5
1026,HOU,FVALDEZ-L,-140,-117,8,8.5
1027,ATL,MFRIED-L,-105,112,8.5,9
1027,HOU,JURQUIDY,-115,-117,8.5,9
1029,HOU,LGARCIA,-105,115,8.5,8.5
1029,ATL,IANDERSON,-115,-120,8.5,8.5
1030,HOU,ZGREINKE,-105,-104,8.5,9
1030,ATL,DLEE-L,-115,-101,8.5,9
1031,HOU,FVALDEZ-L,-115,-121,8.5,8.5
1031,ATL,TDAVIDSON-L,-105,116,8.5,8.5
1102,ATL,MFRIED-L,100,119,9,8.5
1102,HOU,LGARCIA,-120,-124,9,8.5
