Date,Team,Pitcher,Open,Close,OpenOU,CloseOU
331,ATL,DLOWE-R,-142,-139,8.5,8.5
331,WAS,LHERNADEZ-R,122,119,8.5,8.5
331,MIL,YGALLARDO-R,-107,-110,8,8
331,CIN,EVOLQUEZ-R,-113,-110,8,8
331,SDG,TSTAUFFER-R,175,158,7,7
331,STL,CARPENTER-R,-205,-178,7,7
331,SFO,TLINCECUM-R,-106,-106,6.5,6.5
331,LOS,CKERSHAW-L,-114,-114,6.5,6.5
331,DET,VERLANDER-R,127,132,8,8
331,NYY,CSABATHIA-L,-147,-152,8,8
331,LAA,JERWEAVER-R,-137,-145,8.5,8.5
331,KAN,LHOCHEVAR-R,117,125,8.5,8.5
401,HOU,BMYERS-R,210,230,7,7
401,PHI,RHALLADAY-R,-250,-270,7,7
401,PIT,KCORREIA-R,152,153,8.5,8.5
401,CUB,RDEMPSTER-R,-172,-173,8.5,8.5
401,ARI,IKENNEDY-R,170,190,8.5,8.5
401,COL,UJIMENEZ-R,-190,-220,8.5,8.5
401,NYM,MPELFREY-R,149,155,7,7
401,MIA,JJOHNSON-R,-169,-175,7,7
401,SFO,JSANCHEZ-L,-105,-103,7,7
401,LOS,BILLNGSLEY-R,-115,-117,7,7
401,CWS,MBUEHRLE-L,-114,-109,8,8
401,CLE,FCARMONA-R,-106,-111,8,8
401,BOS,JLESTER-L,-118,-114,8.5,8.5
401,TEX,CWILSON-L,-102,-106,8.5,8.5
401,MIN,CPAVANO-R,110,-102,8.5,8.5
401,TOR,RROMERO-L,-130,-118,8.5,8.5
401,BAL,JGUTHRIE-R,160,155,8.5,8.5
401,TAM,DPRICE-L,-180,-175,8.5,8.5
401,LAA,DHAREN-R,-142,-135,8.5,8
401,KAN,JFRANCIS-L,122,115,8.5,8
401,SEA,FHERNANDZ-R,-107,-112,6.5,6.5
401,OAK,TCAHILL-R,-113,-108,6.5,6.5
402,ATL,THANSON-R,-154,-133,8,7.5
402,WAS,JLANNAN-L,134,113,8,7.5
402,PIT,PMAHOLM-L,160,157,9,8.5
402,CUB,CZAMBRANO-R,-180,-177,9,8.5
402,SFO,MCAIN-R,-114,-112,7,7
402,LOS,TLILLY-L,-106,-108,7,7
402,SDG,CRICHARD-L,125,103,8,8
402,STL,WESTBROOK-R,-145,-123,8,8
402,HOU,WRODRIGEZ-L,215,200,7,7
402,PHI,CLEE-L,-255,-240,7,7
402,NYM,JNIESE-L,152,118,8,9
402,MIA,RNOLASCO-R,-172,-138,8,9
402,MIL,SMARCUM-R,-101,-109,8.5,8.5
402,CIN,TWOOD-L,-119,-111,8.5,8.5
402,ARI,DHUDSON-R,129,135,8.5,9
402,COL,DELAROSA-L,-149,-155,8.5,9
402,MIN,FLIRIANO-L,-130,-115,8.5,8.5
402,TOR,KDRABEK-R,110,-105,8.5,8.5
402,CWS,EJACKSON-R,-130,-124,8.5,8.5
402,CLE,CCARRASCO-R,110,104,8.5,8.5
402,LAA,ESANTANA-R,-145,-136,8.5,8.5
402,KAN,KDAVIES-R,125,116,8.5,8.5
402,SEA,JVARGAS-L,175,150,7,7
402,OAK,BANDERSON-L,-195,-170,7,7
402,DET,BPENNY-R,125,164,9.5,9.5
402,NYY,ABURNETT-R,-145,-184,9.5,9.5
402,BAL,CTILLMAN-R,128,162,9,9
402,TAM,JSHIELDS-R,-148,-182,9,9
402,BOS,JLACKEY-R,-101,-105,9.5,9.5
402,TEX,CLEWIS-R,-119,-105,9.5,9.5
403,NYM,RDICKEY-R,125,106,8,8.5
403,MIA,JVAZQUEZ-R,-145,-126,8,8.5
403,MIL,RWOLF-L,115,100,8.5,8.5
403,CIN,BARROYO-R,-135,-120,8.5,8.5
403,HOU,BNORRIS-R,200,170,8,8
403,PHI,ROSWALT-R,-230,-200,8,8
403,ATL,THUDSON-R,-160,-133,7.5,7.5
403,WAS,JZIMMERMN-R,140,113,7.5,7.5
403,SDG,DMOSELEY-R,165,136,8,9
403,STL,JGARCIA-L,-185,-156,8,9
403,PIT,ROHLENDOR-R,170,145,12.5,12.5
403,CUB,MGARZA-R,-200,-165,12.5,12.5
403,SFO,BZITO-L,120,118,7.5,7.5
403,LOS,HKURODA-R,-140,-138,7.5,7.5
403,DET,MSCHERZER-R,135,139,9,9.5
403,NYY,PHUGHES-R,-155,-159,9,9.5
403,CWS,JDANKS-L,-140,-123,9,9
403,CLE,MASTERSON-R,120,103,9,9
403,MIN,NBLACKBUR-R,115,102,9,9.5
403,TOR,BCECIL-L,-135,-122,9,9.5
403,BAL,ZBRITTON-L,150,-102,9.5,9
403,TAM,WDAVIS-R,-170,-118,9.5,9
403,LAA,SKAZMIR-L,-110,-105,9,10
403,KAN,BCHEN-L,-110,-105,9,10
403,BOS,CBUCHHOLZ-R,-140,-135,9.5,10
403,TEX,MHARRISON-L,120,115,9.5,10
403,SEA,DFISTER-R,165,144,7.5,7.5
403,OAK,GGONZALEZ-L,-185,-164,7.5,7.5
404,ATL,BBEACHY-R,-106,-113,8.5,8.5
404,MIL,CNARVESON-L,-114,-107,8.5,8.5
404,ARI,JSAUNDERS-L,125,140,9,9
404,CUB,RWELLS-R,-145,-160,9,9
404,PIT,CMORTON-R,139,126,9,9
404,STL,KLOHSE-R,-159,-146,9,9
404,DET,RPORCELLO-R,101,-102,9.5,10
404,BAL,JARRIETA-R,-121,-118,9.5,10
404,MIN,SBAKER-R,128,145,10,10
404,NYY,INOVA-R,-148,-165,10,10
404,SEA,EBEDARD-L,139,142,9,9
404,TEX,DHOLLAND-L,-159,-162,9,9
405,ARI,BENRIGHT-R,113,115,9.5,9.5
405,CUB,ACASHNER-R,-133,-135,9.5,9.5
405,SFO,MBUMGARNR-L,-117,-124,7.5,7
405,SDG,AHARANG-R,-103,104,7.5,7
405,NYM,CYOUNG-R,180,165,8.5,8
405,PHI,CHAMELS-L,-210,-185,8.5,8
405,HOU,JHAPP-L,140,134,8.5,8.5
405,CIN,MLEAKE-R,-160,-154,8.5,8.5
405,WAS,JMARQUIS-R,140,134,9,9
405,MIA,ASANCHEZ-R,-160,-154,9,9
405,ATL,DLOWE-R,100,100,8,8
405,MIL,YGALLARDO-R,-120,-120,8,8
405,PIT,JMCDONALD-R,137,123,8.5,8
405,STL,KMCCLELLA-R,-157,-143,8.5,8
405,LOS,CKERSHAW-L,-114,-107,8,8
405,COL,JCHACIN-R,-106,-113,8,8
405,LAA,JERWEAVER-R,-113,-110,8,7.5
405,TAM,JNIEMANN-R,-107,-110,8,7.5
405,MIN,BDUENSING-L,174,190,9,8.5
405,NYY,CSABATHIA-L,-204,-220,9,8.5
405,OAK,BMCCARTHY-R,-115,-105,9,9
405,TOR,JJREYES-L,-105,-105,9,9
405,BOS,JBECKETT-R,-145,-163,9,9
405,CLE,JTOMLIN-R,125,143,9,9
405,SEA,MPINEDA-R,147,138,9,8.5
405,TEX,AOGANDO-R,-167,-158,9,8.5
405,CWS,GFLOYD-R,-130,-115,9,9
405,KAN,LHOCHEVAR-R,110,-105,9,9
406,PIT,KCORREIA-R,178,165,7.5,7.5
406,STL,CARPENTER-R,-208,-185,7.5,7.5
406,ARI,AGALARRAG-R,153,140,8.5,8.5
406,CUB,RDEMPSTER-R,-173,-160,8.5,8.5
406,LOS,BILLNGSLEY-R,100,103,8.5,9
406,COL,JHAMMEL-R,-120,-123,8.5,9
406,SFO,TLINCECUM-R,-150,-145,6.5,6.5
406,SDG,TSTAUFFER-R,130,125,6.5,6.5
406,NYM,MPELFREY-R,138,121,9.5,9.5
406,PHI,JBLANTON-R,-158,-141,9.5,9.5
406,HOU,NFIGUEROA-R,175,161,8.5,8.5
406,CIN,EVOLQUEZ-R,-195,-181,8.5,8.5
406,WAS,LHERNADEZ-R,125,-103,9,9
406,MIA,CVOLSTAD-R,-145,-117,9,9
406,ATL,MMINOR-L,-114,-107,9,9
406,MIL,SMITRE-R,-106,-113,9,9
406,LAA,DHAREN-R,-115,-106,7.5,7.5
406,TAM,JHELLICKS-R,-105,-114,7.5,7.5
406,SEA,FHERNANDZ-R,115,-103,8,7.5
406,TEX,CWILSON-L,-135,-117,8,7.5
406,CWS,MBUEHRLE-L,-115,-113,9,8.5
406,KAN,JFRANCIS-L,-105,-107,9,8.5
406,DET,VERLANDER-R,-135,-137,8.5,8.5
406,BAL,BBERGESEN-R,115,117,8.5,8.5
406,BOS,DMATSUZAK-R,-148,-162,9,9.5
406,CLE,MTALBOT-R,128,142,9,9.5
406,OAK,DBRADEN-L,-105,-108,8.5,9
406,TOR,JLITSCH-R,-105,-112,8.5,9
407,HOU,BMYERS-R,113,116,8.5,8
407,CIN,SLECURE-R,-133,-136,8.5,8
407,COL,EROGERS-R,-113,-108,8.5,8
407,PIT,PMAHOLM-L,-107,-112,8.5,8
407,ATL,THANSON-R,-113,-112,8,7.5
407,MIL,SMARCUM-R,-107,-108,8,7.5
407,NYM,JNIESE-L,185,170,7.5,7.5
407,PHI,RHALLADAY-R,-215,-200,7.5,7.5
407,WAS,JLANNAN-L,171,165,7.5,7.5
407,MIA,JJOHNSON-R,-201,-185,7.5,7.5
407,BOS,JLESTER-L,-162,-179,8.5,8
407,CLE,FCARMONA-R,142,159,8.5,8
407,OAK,TCAHILL-R,102,-104,8,8
407,TOR,RROMERO-L,-122,-116,8,8
407,MIN,FLIRIANO-L,120,123,9.5,9.5
407,NYY,ABURNETT-R,-140,-143,9.5,9.5
407,TAM,DPRICE-L,-111,108,8.5,7.5
407,CWS,EJACKSON-R,-109,-128,8.5,7.5
407,DET,BPENNY-R,114,109,9.5,9
407,BAL,CTILLMAN-R,-134,-129,9.5,9
408,WAS,JZIMMERMN-R,120,132,8,7.5
408,NYM,RDICKEY-R,-140,-152,8,7.5
408,STL,WESTBROOK-R,136,144,7.5,7.5
408,SFO,JSANCHEZ-L,-156,-164,7.5,7.5
408,MIA,RNOLASCO-R,-123,-105,8,8
408,HOU,WRODRIGEZ-L,103,-105,8,8
408,COL,DELAROSA-L,-123,-143,8,8
408,PIT,ROHLENDOR-R,103,123,8,8
408,PHI,CLEE-L,-128,-110,7,7
408,ATL,THUDSON-R,108,-110,7,7
408,CUB,CZAMBRANO-R,-101,-108,8.5,8.5
408,MIL,RWOLF-L,-119,-112,8.5,8.5
408,CIN,TWOOD-L,-114,-124,9,9
408,ARI,IKENNEDY-R,-106,104,9,9
408,LOS,TLILLY-L,100,-104,7,7
408,SDG,CRICHARD-L,-120,-116,7,7
408,KAN,KDAVIES-R,137,156,9,9
408,DET,MSCHERZER-R,-157,-176,9,9
408,OAK,BANDERSON-L,-106,-111,8,8
408,MIN,CPAVANO-R,-114,-109,8,8
408,NYY,PHUGHES-R,-104,117,10,10
408,BOS,JLACKEY-R,-116,-137,10,10
408,TAM,JSHIELDS-R,130,125,8,7.5
408,CWS,JDANKS-L,-150,-145,8,7.5
408,TOR,KDRABEK-R,113,109,7.5,7.5
408,LAA,ESANTANA-R,-133,-129,7.5,7.5
408,CLE,CCARRASCO-R,100,118,8,7.5
408,SEA,JVARGAS-L,-120,-138,8,7.5
409,PHI,ROSWALT-R,-114,-110,7.5,7.5
409,ATL,BBEACHY-R,-106,-110,7.5,7.5
409,MIA,JVAZQUEZ-R,-118,-111,8.5,8.5
409,HOU,BNORRIS-R,-102,-109,8.5,8.5
409,COL,GREYNOLDS-R,-113,-112,9,8.5
409,PIT,CMORTON-R,-107,-108,9,8.5
409,CUB,MGARZA-R,-112,-110,8.5,8.5
409,MIL,CNARVESON-L,-108,-110,8.5,8.5
409,WAS,GORZELANNY-L,103,109,8.5,8
409,NYM,CCAPUANO-L,-123,-129,8.5,8
409,CIN,BARROYO-R,-114,-114,8.5,8.5
409,ARI,DHUDSON-R,-106,-106,8.5,8.5
409,STL,JGARCIA-L,138,125,6.5,6.5
409,SFO,MCAIN-R,-158,-145,6.5,6.5
409,LOS,HKURODA-R,-124,-122,7,7
409,SDG,DMOSELEY-R,104,102,7,7
409,KAN,BCHEN-L,128,142,9.5,9.5
409,DET,PCOKE-L,-148,-162,9.5,9.5
409,NYY,INOVA-R,128,128,10,10.5
409,BOS,CBUCHHOLZ-R,-148,-148,10,10.5
409,TAM,WDAVIS-R,110,-113,9,9
409,CWS,PHUMBER-R,-130,-107,9,9
409,TEX,MHARRISON-L,-114,-113,9,9
409,BAL,JARRIETA-R,-106,-107,9,9
409,OAK,GGONZALEZ-L,-111,-107,8,8
409,MIN,NBLACKBUR-R,-109,-113,8,8
409,TOR,BCECIL-L,-113,-105,9,9
409,LAA,MPALMER-R,-107,-105,9,9
409,CLE,MASTERSON-R,-103,-110,7.5,7.5
409,SEA,DFISTER-R,-117,-110,7.5,7.5
409,TEX,CLEWIS-R,-113,-113,9,8.5
409,BAL,ZBRITTON-L,-107,-107,9,8.5
410,WAS,JMARQUIS-R,113,126,8,7.5
410,NYM,CYOUNG-R,-133,-146,8,7.5
410,PHI,CHAMELS-L,-107,-107,7.5,8
410,ATL,DLOWE-R,-113,-113,7.5,8
410,COL,JCHACIN-R,-113,-125,7.5,7.5
410,PIT,JMCDONALD-R,-107,105,7.5,7.5
410,MIA,ASANCHEZ-R,-114,-110,8.5,8.5
410,HOU,JHAPP-L,-106,-110,8.5,8.5
410,CUB,CCOLEMAN-R,-168,160,8.5,8.5
410,MIL,YGALLARDO-R,148,-180,8.5,8.5
410,LOS,JELY-R,105,112,7,7
410,SDG,AHARANG-R,-125,-132,7,7
410,STL,KLOHSE-R,126,102,8.5,8.5
410,SFO,BZITO-L,-146,-122,8.5,8.5
410,CIN,MLEAKE-R,-107,-116,10,10
410,ARI,JSAUNDERS-L,-113,-104,10,10
410,KAN,LHOCHEVAR-R,129,137,9.5,9
410,DET,RPORCELLO-R,-149,-157,9.5,9
410,TEX,DHOLLAND-L,-143,-105,9.5,9
410,BAL,JGUTHRIE-R,123,-105,9.5,9
410,OAK,BMCCARTHY-R,105,120,8.5,8.5
410,MIN,SBAKER-R,-125,-140,8.5,8.5
410,TAM,JNIEMANN-R,123,128,9,9
410,CWS,GFLOYD-R,-143,-148,9,9
410,TOR,JJREYES-L,148,169,8,8
410,LAA,JERWEAVER-R,-168,-189,8,8
410,CLE,JTOMLIN-R,104,108,7.5,7.5
410,SEA,EBEDARD-L,-124,-128,7.5,7.5
410,NYY,CSABATHIA-L,-116,-121,9.5,9.5
410,BOS,JBECKETT-R,-104,101,9.5,9.5
411,COL,JHAMMEL-R,-105,-107,8,8.5
411,NYM,MPELFREY-R,-105,-113,8,8.5
411,CUB,RDEMPSTER-R,-124,-129,8.5,8.5
411,HOU,NFIGUEROA-R,104,109,8.5,8.5
411,STL,KMCCLELLA-R,-110,-115,9.5,10
411,ARI,BENRIGHT-R,-110,-105,9.5,10
411,CIN,EVOLQUEZ-R,-107,102,6.5,6.5
411,SDG,MLATOS-R,-113,-122,6.5,6.5
411,LOS,CKERSHAW-L,-113,-113,6.5,6.5
411,SFO,MBUMGARNR-L,-107,-107,6.5,6.5
411,TEX,AOGANDO-R,120,117,8,8
411,DET,VERLANDER-R,-140,-137,8,8
411,TAM,JHELLICKS-R,130,135,9,9.5
411,BOS,DMATSUZAK-R,-150,-155,9,9.5
411,OAK,DBRADEN-L,100,102,9,9
411,CWS,MBUEHRLE-L,-120,-122,9,9
411,CLE,MTALBOT-R,160,106,8,8.5
411,LAA,TCHATWOOD-R,-180,-126,8,8.5
411,TOR,JLITSCH-R,148,152,6.5,6.5
411,SEA,FHERNANDZ-R,-168,-172,6.5,6.5
412,PHI,JBLANTON-R,-130,-132,8.5,8.5
412,WAS,LHERNADEZ-R,110,112,8.5,8.5
412,MIA,CVOLSTAD-R,145,148,8,8
412,ATL,THANSON-R,-165,-168,8,8
412,CUB,JRUSSELL-L,106,115,8,8
412,HOU,BMYERS-R,-126,-135,8,8
412,STL,CARPENTER-R,-145,-147,8.5,9
412,ARI,AGALARRAG-R,125,127,8.5,9
412,CIN,SLECURE-R,-103,-112,7,7
412,SDG,CRICHARD-L,-117,-108,7,7
412,LOS,BILLNGSLEY-R,145,147,6.5,6.5
412,SFO,TLINCECUM-R,-165,-167,6.5,6.5
412,TEX,CWILSON-L,-140,-142,9,9
412,DET,BPENNY-R,120,122,9,9
412,TAM,DPRICE-L,143,153,8,8
412,BOS,JLESTER-L,-163,-173,8,8
412,KAN,JFRANCIS-L,125,126,8,8
412,MIN,BDUENSING-L,-145,-146,8,8
412,OAK,TCAHILL-R,105,102,8,8
412,CWS,EJACKSON-R,-125,-122,8,8
412,CLE,FCARMONA-R,155,133,7,7
412,LAA,DHAREN-R,-175,-153,7,7
412,TOR,RROMERO-L,-115,-118,6.5,6.5
412,SEA,MPINEDA-R,-105,-102,6.5,6.5
413,CIN,TWOOD-L,-108,-113,7,7
413,SDG,TSTAUFFER-R,-112,-107,7,7
413,MIL,SMARCUM-R,-115,-120,8,7.5
413,PIT,KCORREIA-R,-105,100,8,7.5
413,PHI,RHALLADAY-R,-182,-189,7,7
413,WAS,JLANNAN-L,162,169,7,7
413,MIA,JJOHNSON-R,105,100,7,6.5
413,ATL,THUDSON-R,-125,-120,7,6.5
413,COL,EROGERS-R,-111,-108,7.5,7.5
413,NYM,JNIESE-L,-109,-112,7.5,7.5
413,CUB,CZAMBRANO-R,-116,-113,7.5,7.5
413,HOU,WRODRIGEZ-L,-104,-107,7.5,7.5
413,STL,WESTBROOK-R,100,104,10,10
413,ARI,IKENNEDY-R,-120,-124,10,10
413,LOS,TLILLY-L,116,122,7,7
413,SFO,JSANCHEZ-L,-136,-142,7,7
413,TEX,DBUSH-R,104,112,9.5,9
413,DET,MSCHERZER-R,-124,-132,9.5,9
413,KAN,KDAVIES-R,154,155,8.5,8.5
413,MIN,FLIRIANO-L,-174,-175,8.5,8.5
413,OAK,BANDERSON-L,-111,-106,7.5,7.5
413,CWS,JDANKS-L,-109,-114,7.5,7.5
413,TOR,KDRABEK-R,-109,-124,7,7
413,SEA,JVARGAS-L,-111,104,7,7
413,BAL,CTILLMAN-R,165,155,10.5,9.5
413,NYY,ABURNETT-R,-185,-175,10.5,9.5
413,CLE,CCARRASCO-R,135,128,8,8
413,LAA,ESANTANA-R,-155,-148,8,8
414,COL,GREYNOLDS-R,110,107,8,7.5
414,NYM,RDICKEY-R,-130,-127,8,7.5
414,MIL,RWOLF-L,-113,-112,8.5,8.5
414,PIT,PMAHOLM-L,-107,-108,8.5,8.5
414,PHI,CLEE-L,-161,-155,7.5,7
414,WAS,JZIMMERMN-R,141,135,7.5,7
414,MIA,RNOLASCO-R,100,114,8,8
414,ATL,BBEACHY-R,-120,-134,8,8
414,SDG,DMOSELEY-R,-103,-111,8.5,8.5
414,HOU,BNORRIS-R,-117,-109,8.5,8.5
414,STL,JGARCIA-L,110,-105,6.5,6.5
414,LOS,HKURODA-R,-130,-105,6.5,6.5
414,BAL,JARRIETA-R,156,162,10.5,10.5
414,NYY,PHUGHES-R,-176,-182,10.5,10.5
414,MIN,CPAVANO-R,111,109,8.5,8.5
414,TAM,JSHIELDS-R,-131,-129,8.5,8.5
414,SEA,DFISTER-R,100,110,8.5,9
414,KAN,BCHEN-L,-120,-130,8.5,9
414,DET,PCOKE-L,125,136,7.5,7.5
414,OAK,GGONZALEZ-L,-145,-156,7.5,7.5
414,COL,DELAROSA-L,-110,-111,8,7.5
414,NYM,CCAPUANO-L,-110,-109,8,7.5
415,MIA,JVAZQUEZ-R,170,160,8.5,8
415,PHI,ROSWALT-R,-200,-180,8.5,8
415,MIL,CNARVESON-L,-135,-122,8.5,8
415,WAS,GORZELANNY-L,115,102,8.5,8
415,PIT,CMORTON-R,155,162,9,8.5
415,CIN,BARROYO-R,-175,-182,9,8.5
415,SDG,AHARANG-R,-110,-105,8,8.5
415,HOU,JHAPP-L,-110,-105,8,8.5
415,CUB,MGARZA-R,140,130,8.5,8.5
415,COL,JCHACIN-R,-160,-150,8.5,8.5
415,SFO,MCAIN-R,-130,-106,9,8.5
415,ARI,DHUDSON-R,110,-114,9,8.5
415,STL,KLOHSE-R,105,-112,7.5,8.5
415,LOS,JGARLAND-R,-125,-108,7.5,8.5
415,TEX,MHARRISON-L,120,114,10,9.5
415,NYY,INOVA-R,-140,-134,10,9.5
415,BAL,ZBRITTON-L,100,-105,8.5,7.5
415,CLE,MASTERSON-R,-120,-105,8.5,7.5
415,TOR,BCECIL-L,155,157,10,9.5
415,BOS,CBUCHHOLZ-R,-175,-177,10,9.5
415,MIN,NBLACKBUR-R,100,108,8.5,8.5
415,TAM,WDAVIS-R,-120,-128,8.5,8.5
415,SEA,EBEDARD-L,115,106,9,8.5
415,KAN,LHOCHEVAR-R,-135,-126,9,8.5
415,LAA,JERWEAVER-R,-130,-129,8,7.5
415,CWS,PHUMBER-R,110,109,8,7.5
415,DET,RPORCELLO-R,125,116,8,8
415,OAK,BMCCARTHY-R,-145,-136,8,8
416,PIT,JMCDONALD-R,155,122,8.5,9
416,CIN,MLEAKE-R,-175,-142,8.5,9
416,NYM,DCARRASCO-R,150,165,8.5,8
416,ATL,DLOWE-R,-170,-185,8.5,8
416,SDG,MLATOS-R,-134,-148,8,7.5
416,HOU,NFIGUEROA-R,114,128,8,7.5
416,SFO,BZITO-L,-120,-110,10.5,10.5
416,ARI,JSAUNDERS-L,100,-110,10.5,10.5
416,CUB,CCOLEMAN-R,150,146,10,10
416,COL,JHAMMEL-R,-170,-166,10,10
416,STL,KMCCLELLA-R,130,132,6.5,6.5
416,LOS,CKERSHAW-L,-150,-152,6.5,6.5
416,BAL,JGUTHRIE-R,-106,-105,8,8.5
416,CLE,JTOMLIN-R,-114,-105,8,8.5
416,TEX,DHOLLAND-L,116,103,10,9.5
416,NYY,FGARCIA-R,-136,-123,10,9.5
416,SEA,FHERNANDZ-R,-138,-154,7.5,7.5
416,KAN,O'SULLIVAN-R,118,134,7.5,7.5
416,DET,VERLANDER-R,-124,-122,6.5,6.5
416,OAK,DBRADEN-L,104,102,6.5,6.5
416,MIN,SBAKER-R,100,110,8.5,8.5
416,TAM,JNIEMANN-R,-120,-130,8.5,8.5
416,LAA,TCHATWOOD-R,150,147,9,9
416,CWS,GFLOYD-R,-170,-167,9,9
416,TOR,JJREYES-L,184,180,9,9
416,BOS,JBECKETT-R,-214,-210,9,9
416,NYM,MPELFREY-R,147,150,8.5,8.5
416,ATL,JJURRJENS-R,-167,-170,8.5,8.5
417,PIT,JKARSTENS-R,165,148,9,9
417,CIN,EVOLQUEZ-R,-185,-168,9,9
417,MIL,YGALLARDO-R,-155,-136,8,8
417,WAS,JMARQUIS-R,135,116,8,8
417,MIA,ASANCHEZ-R,174,156,8,8.5
417,PHI,CHAMELS-L,-204,-176,8,8.5
417,NYM,DGEE-R,160,175,8,8
417,ATL,THANSON-R,-180,-195,8,8
417,SDG,CRICHARD-L,105,-104,7,7.5
417,HOU,BMYERS-R,-125,-116,7,7.5
417,CUB,RDEMPSTER-R,115,-108,9.5,9.5
417,COL,AJOHNSON-R,-135,-112,9.5,9.5
417,SFO,MBUMGARNR-L,-125,-108,10,10
417,ARI,BENRIGHT-R,105,-112,10,10
417,STL,CARPENTER-R,-130,-121,7.5,7.5
417,LOS,BILLNGSLEY-R,110,101,7.5,7.5
417,TOR,JLITSCH-R,200,200,8.5,9
417,BOS,JLESTER-L,-230,-230,8.5,9
417,BAL,BBERGESEN-R,120,113,8.5,8.5
417,CLE,FCARMONA-R,-140,-133,8.5,8.5
417,MIN,BDUENSING-L,108,129,8,8
417,TAM,JHELLICKS-R,-128,-149,8,8
417,LAA,DHAREN-R,-109,-108,8,8
417,CWS,MBUEHRLE-L,-111,-112,8,8
417,SEA,MPINEDA-R,115,103,8,7.5
417,KAN,JFRANCIS-L,-135,-123,8,7.5
417,DET,BPENNY-R,140,134,8,8
417,OAK,TCAHILL-R,-160,-154,8,8
417,TEX,AOGANDO-R,127,145,8,8.5
417,NYY,CSABATHIA-L,-147,-165,8,8.5
417,MIL,MESTRADA-R,100,-113,8.5,8.5
417,WAS,LHERNADEZ-R,-120,-107,8.5,8.5
418,MIL,SMARCUM-R,105,-105,9,9
418,PHI,JBLANTON-R,-125,-115,9,9
418,PIT,KCORREIA-R,139,150,8.5,8.5
418,CIN,TWOOD-L,-159,-170,8.5,8.5
418,SDG,TSTAUFFER-R,119,115,7,7
418,CUB,CZAMBRANO-R,-139,-135,7,7
418,SFO,TLINCECUM-R,-130,-124,8,8.5
418,COL,EROGERS-R,110,104,8,8.5
418,ATL,THUDSON-R,-130,-115,6.5,7
418,LOS,TLILLY-L,110,-105,6.5,7
418,TOR,RROMERO-L,107,101,9.5,9.5
418,BOS,DMATSUZAK-R,-127,-121,9.5,9.5
418,CWS,EJACKSON-R,100,-104,7.5,7.5
418,TAM,DPRICE-L,-120,-116,7.5,7.5
418,MIN,FLIRIANO-L,-107,-112,9,8.5
418,BAL,CTILLMAN-R,-113,-108,9,8.5
418,LAA,ESANTANA-R,113,118,9,9
418,TEX,CWILSON-L,-133,-138,9,9
418,CLE,CCARRASCO-R,-105,-115,9,9.5
418,KAN,KDAVIES-R,-105,-105,9,9.5
418,DET,MSCHERZER-R,-113,-121,7.5,7
418,SEA,JVARGAS-L,-107,101,7.5,7
419,MIL,RWOLF-L,190,180,7.5,7.5
419,PHI,RHALLADAY-R,-220,-210,7.5,7.5
419,ARI,AGALARRAG-R,150,132,9,9.5
419,CIN,SLECURE-R,-170,-152,9,9.5
419,PIT,PMAHOLM-L,170,170,7,7
419,MIA,JJOHNSON-R,-200,-200,7,7
419,HOU,WRODRIGEZ-L,100,118,7.5,7.5
419,NYM,JNIESE-L,-120,-138,7.5,7.5
419,SFO,JSANCHEZ-L,130,122,7.5,8.5
419,COL,UJIMENEZ-R,-150,-142,7.5,8.5
419,ATL,BBEACHY-R,105,-107,7,7
419,LOS,HKURODA-R,-125,-113,7,7
419,CWS,JDANKS-L,-115,-105,8,7.5
419,TAM,JSHIELDS-R,-105,-105,8,7.5
419,MIN,CPAVANO-R,-115,-108,8.5,8
419,BAL,JARRIETA-R,-105,-112,8.5,8
419,NYY,ABURNETT-R,-105,-113,8.5,9
419,TOR,KDRABEK-R,-115,-107,8.5,9
419,LAA,MPALMER-R,150,165,9.5,10
419,TEX,CLEWIS-R,-170,-185,9.5,10
419,CLE,JGOMEZ-R,115,-101,9,9
419,KAN,BCHEN-L,-135,-119,9,9
419,BOS,JLACKEY-R,115,-104,7.5,7.5
419,OAK,BANDERSON-L,-135,-116,7.5,7.5
419,DET,PCOKE-L,-120,-114,7.5,7
419,SEA,DFISTER-R,100,-106,7.5,7
420,MIL,CNARVESON-L,178,180,7.5,7.5
420,PHI,CLEE-L,-198,-210,7.5,7.5
420,SDG,DMOSELEY-R,120,132,8.5,7.5
420,CUB,MGARZA-R,-140,-152,8.5,7.5
420,SFO,MCAIN-R,-102,-108,8.5,8
420,COL,DELAROSA-L,-118,-112,8.5,8
420,ARI,IKENNEDY-R,125,130,9,9
420,CIN,BARROYO-R,-145,-150,9,9
420,PIT,CMORTON-R,132,126,8,8
420,MIA,RNOLASCO-R,-152,-146,8,8
420,HOU,BNORRIS-R,118,128,7.5,7.5
420,NYM,RDICKEY-R,-138,-148,7.5,7.5
420,WAS,JZIMMERMN-R,144,142,7.5,7.5
420,STL,JGARCIA-L,-164,-162,7.5,7.5
420,ATL,DLOWE-R,-140,-130,7.5,7
420,LOS,JGARLAND-R,120,110,7.5,7
420,BOS,CBUCHHOLZ-R,-103,-105,7.5,7.5
420,OAK,GGONZALEZ-L,-117,-105,7.5,7.5
420,DET,RPORCELLO-R,-108,-105,7.5,7.5
420,SEA,EBEDARD-L,-112,-105,7.5,7.5
420,CWS,PHUMBER-R,102,111,8.5,8.5
420,TAM,WDAVIS-R,-122,-131,8.5,8.5
420,NYY,BCOLON-R,-116,-120,9.5,9.5
420,TOR,BCECIL-L,-104,100,9.5,9.5
420,MIN,NBLACKBUR-R,-102,122,8.5,8.5
420,BAL,ZBRITTON-L,-118,-142,8.5,8.5
420,LAA,JERWEAVER-R,-110,-114,8,8
420,TEX,MHARRISON-L,-110,-106,8,8
420,CLE,MASTERSON-R,-114,-106,8.5,8.5
420,KAN,LHOCHEVAR-R,-106,-114,8.5,8.5
420,SDG,AHARANG-R,-110,-118,8.5,8.5
420,CUB,JRUSSELL-L,-110,-102,8.5,8.5
420,WAS,JLANNAN-L,125,126,8.5,8.5
420,STL,WESTBROOK-R,-145,-146,8.5,8.5
421,ARI,DHUDSON-R,110,105,8.5,8.5
421,CIN,MLEAKE-R,-130,-125,8.5,8.5
421,WAS,GORZELANNY-L,145,140,8.5,8
421,STL,KLOHSE-R,-165,-160,8.5,8
421,ATL,JJURRJENS-R,115,123,6.5,6.5
421,LOS,CKERSHAW-L,-135,-143,6.5,6.5
421,HOU,JHAPP-L,100,115,8,7.5
421,NYM,CCAPUANO-L,-120,-135,8,7.5
421,PIT,JMCDONALD-R,125,121,9,8.5
421,MIA,CVOLSTAD-R,-145,-141,9,8.5
421,PHI,ROSWALT-R,-130,-113,6.5,6
421,SDG,MLATOS-R,110,-107,6.5,6
421,CWS,GFLOYD-R,-120,-105,8,8
421,TAM,JNIEMANN-R,100,-105,8,8
421,MIN,SBAKER-R,125,116,8,8
421,BAL,JGUTHRIE-R,-145,-136,8,8
421,CLE,JTOMLIN-R,-125,-118,9,9
421,KAN,O'SULLIVAN-R,105,-102,9,9
421,BOS,JBECKETT-R,-150,-152,8,8
421,LAA,TCHATWOOD-R,130,132,8,8
421,OAK,BMCCARTHY-R,135,126,6.5,6.5
421,SEA,FHERNANDZ-R,-155,-146,6.5,6.5
422,LOS,BILLNGSLEY-R,-120,-110,8,8
422,CUB,CCOLEMAN-R,100,-110,8,8
422,COL,JCHACIN-R,-120,-110,8.5,8.5
422,MIA,ASANCHEZ-R,100,-110,8.5,8.5
422,ARI,JSAUNDERS-L,100,102,8.5,8.5
422,NYM,MPELFREY-R,-120,-122,8.5,8.5
422,HOU,NFIGUEROA-R,180,170,8,8.5
422,MIL,YGALLARDO-R,-210,-200,8,8.5
422,CIN,MMALONEY-L,120,-108,8.5,8.5
422,STL,MBATISTA-R,-140,-112,8.5,8.5
422,PHI,CHAMELS-L,-130,-135,6.5,6.5
422,SDG,CRICHARD-L,110,115,6.5,6.5
422,ATL,THANSON-R,-110,-105,7.5,7.5
422,SFO,MBUMGARNR-L,-110,-105,7.5,7.5
422,CWS,MBUEHRLE-L,130,143,8,7.5
422,DET,VERLANDER-R,-150,-163,8,7.5
422,TAM,JHELLICKS-R,-120,-109,8.5,9
422,TOR,JJREYES-L,100,-111,8.5,9
422,KAN,JFRANCIS-L,140,152,9,9
422,TEX,DHOLLAND-L,-160,-172,9,9
422,BOS,JLESTER-L,-110,-114,7,7
422,LAA,DHAREN-R,-110,-106,7,7
422,OAK,TROSS-R,110,110,6.5,7
422,SEA,MPINEDA-R,-130,-130,6.5,7
423,LOS,TLILLY-L,-106,102,9.5,9.5
423,CUB,RDEMPSTER-R,-114,-122,9.5,9.5
423,ARI,BENRIGHT-R,103,108,8,8.5
423,NYM,DGEE-R,-123,-128,8,8.5
423,CIN,TWOOD-L,130,140,7.5,7.5
423,STL,CARPENTER-R,-150,-160,7.5,7.5
423,ATL,THUDSON-R,120,140,6.5,6
423,SFO,TLINCECUM-R,-140,-160,6.5,6
423,WAS,LHERNADEZ-R,112,-106,8,8.5
423,PIT,JKARSTENS-R,-132,-114,8,8.5
423,HOU,BMYERS-R,140,146,7.5,7.5
423,MIL,SMARCUM-R,-160,-166,7.5,7.5
423,COL,JHAMMEL-R,-112,-108,9,8.5
423,MIA,JVAZQUEZ-R,-108,-112,9,8.5
423,PHI,JBLANTON-R,-113,-109,7,7
423,SDG,TSTAUFFER-R,-107,-111,7,7
423,TAM,DPRICE-L,-126,-130,7.5,7.5
423,TOR,BMORROW-R,106,110,7.5,7.5
423,CLE,FCARMONA-R,107,100,8,8
423,MIN,BDUENSING-L,-127,-120,8,8
423,CWS,EJACKSON-R,-121,-116,9,9
423,DET,BPENNY-R,101,-104,9,9
423,NYY,CSABATHIA-L,-127,-180,9.5,9
423,BAL,BBERGESEN-R,107,160,9.5,9
423,KAN,KDAVIES-R,180,180,9,9.5
423,TEX,AOGANDO-R,-210,-210,9,9.5
423,BOS,DMATSUZAK-R,-106,-110,8.5,9
423,LAA,ESANTANA-R,-114,-110,8.5,9
423,OAK,TCAHILL-R,-122,-125,6.5,6.5
423,SEA,JVARGAS-L,102,105,6.5,6.5
424,COL,UJIMENEZ-R,125,124,7,6.5
424,MIA,JJOHNSON-R,-145,-144,7,6.5
424,ARI,AGALARRAG-R,100,115,8.5,8.5
424,NYM,JNIESE-L,-120,-135,8.5,8.5
424,WAS,JMARQUIS-R,125,107,8,8
424,PIT,KCORREIA-R,-145,-127,8,8
424,HOU,WRODRIGEZ-L,125,137,8,8.5
424,MIL,RWOLF-L,-145,-157,8,8.5
424,LOS,HKURODA-R,101,-107,7,7
424,CUB,CZAMBRANO-R,-121,-113,7,7
424,PHI,RHALLADAY-R,-210,-178,6.5,6.5
424,SDG,WLEBLANC-L,180,158,6.5,6.5
424,ATL,BBEACHY-R,110,109,7.5,7.5
424,SFO,JSANCHEZ-L,-130,-129,7.5,7.5
424,CIN,UNDECIDED,-102,-106,9,8.5
424,STL,WESTBROOK-R,-118,-114,9,8.5
424,CWS,JDANKS-L,-102,-101,8,8
424,DET,MSCHERZER-R,-118,-119,8,8
424,TAM,JSHIELDS-R,110,117,8,8
424,TOR,RROMERO-L,-130,-137,8,8
424,NYY,FGARCIA-R,-135,-130,9.5,9.5
424,BAL,JARRIETA-R,115,110,9.5,9.5
424,CLE,CCARRASCO-R,105,108,8.5,8.5
424,MIN,CPAVANO-R,-125,-128,8.5,8.5
424,KAN,BCHEN-L,170,170,9.5,9
424,TEX,CWILSON-L,-200,-200,9.5,9
424,BOS,JLACKEY-R,-130,-130,9,9
424,LAA,MPALMER-R,110,110,9,9
424,OAK,BANDERSON-L,-135,-135,6.5,6.5
424,SEA,DFISTER-R,115,115,6.5,6.5
425,LOS,JGARLAND-R,120,123,8,7.5
425,MIA,RNOLASCO-R,-140,-143,8,7.5
425,COL,EROGERS-R,101,109,7,7
425,CUB,MGARZA-R,-121,-129,7,7
425,CIN,BARROYO-R,105,109,8.5,8.5
425,MIL,CNARVESON-L,-125,-129,8.5,8.5
425,PHI,CLEE-L,-147,-140,8,8.5
425,ARI,IKENNEDY-R,127,120,8,8.5
425,ATL,DLOWE-R,-117,-132,6.5,7
425,SDG,DMOSELEY-R,-103,112,6.5,7
425,CWS,PHUMBER-R,158,175,9.5,10
425,NYY,ABURNETT-R,-178,-195,9.5,10
425,TOR,KDRABEK-R,122,127,9,9.5
425,TEX,CLEWIS-R,-142,-147,9,9.5
425,OAK,GGONZALEZ-L,140,129,6.5,6.5
425,LAA,JERWEAVER-R,-160,-149,6.5,6.5
425,WAS,JLANNAN-L,-102,104,8,8
425,PIT,PMAHOLM-L,-118,-124,8,8
426,NYM,CYOUNG-R,-102,-109,7.5,7.5
426,WAS,JZIMMERMN-R,-118,-111,7.5,7.5
426,SFO,MCAIN-R,-136,-125,7.5,7.5
426,PIT,CMORTON-R,116,105,7.5,7.5
426,LOS,CKERSHAW-L,-138,-132,7.5,7.5
426,MIA,CVOLSTAD-R,118,112,7.5,7.5
426,COL,DELAROSA-L,-135,-132,11,12.5
426,CUB,JRUSSELL-L,115,112,11,12.5
426,STL,JGARCIA-L,-130,-126,7,7.5
426,HOU,BNORRIS-R,110,106,7,7.5
426,CIN,MLEAKE-R,-112,-106,8.5,8.5
426,MIL,MESTRADA-R,-108,-114,8.5,8.5
426,PHI,ROSWALT-R,-133,-116,8,8
426,ARI,DHUDSON-R,113,-104,8,8
426,ATL,JJURRJENS-R,-125,-115,6.5,6.5
426,SDG,AHARANG-R,105,-105,6.5,6.5
426,SEA,FHERNANDZ-R,-120,-113,7.5,7
426,DET,PCOKE-L,100,-107,7.5,7
426,KAN,LHOCHEVAR-R,145,133,8,8.5
426,CLE,MASTERSON-R,-165,-153,8,8.5
426,CWS,GFLOYD-R,130,113,9.5,10
426,NYY,INOVA-R,-150,-133,9.5,10
426,BOS,CBUCHHOLZ-R,-130,-128,9,9
426,BAL,ZBRITTON-L,110,108,9,9
426,TOR,JLITSCH-R,155,155,9.5,9.5
426,TEX,MHARRISON-L,-175,-175,9.5,9.5
426,OAK,BMCCARTHY-R,-110,-114,7.5,7.5
426,LAA,TCHATWOOD-R,-110,-106,7.5,7.5
427,LOS,BILLNGSLEY-R,-102,-103,7.5,7.5
427,MIA,ASANCHEZ-R,-118,-117,7.5,7.5
427,CIN,SLECURE-R,115,122,8,8
427,MIL,YGALLARDO-R,-135,-142,8,8
427,ATL,THANSON-R,-108,-112,6.5,6
427,SDG,MLATOS-R,-112,-108,6.5,6
427,PHI,CHAMELS-L,-150,-142,8.5,9
427,ARI,JSAUNDERS-L,130,122,8.5,9
427,NYM,RDICKEY-R,-106,-107,8,8.5
427,WAS,GORZELANNY-L,-114,-113,8,8.5
427,SFO,MBUMGARNR-L,-120,-113,8.5,8.5
427,PIT,JMCDONALD-R,100,-107,8.5,8.5
427,STL,KLOHSE-R,-118,-137,8,8.5
427,HOU,JHAPP-L,-102,117,8,8.5
427,SEA,EBEDARD-L,180,180,7.5,7.5
427,DET,VERLANDER-R,-210,-210,7.5,7.5
427,OAK,TROSS-R,150,145,7.5,7.5
427,LAA,DHAREN-R,-170,-165,7.5,7.5
427,KAN,JFRANCIS-L,115,115,8.5,8.5
427,CLE,JTOMLIN-R,-135,-135,8.5,8.5
427,CWS,MBUEHRLE-L,130,147,9.5,9.5
427,NYY,BCOLON-R,-150,-167,9.5,9.5
427,BOS,JBECKETT-R,-150,-135,8,8
427,BAL,JGUTHRIE-R,130,115,8,8
427,TOR,JJREYES-L,150,150,9.5,9.5
427,TEX,DHOLLAND-L,-170,-170,9.5,9.5
427,TAM,WDAVIS-R,108,109,7.5,7.5
427,MIN,FLIRIANO-L,-128,-129,7.5,7.5
428,SFO,VOGELSONG-R,-113,-108,8.5,8.5
428,PIT,JKARSTENS-R,-107,-112,8.5,8.5
428,NYM,CCAPUANO-L,100,-108,8,8
428,WAS,LHERNADEZ-R,-120,-112,8,8
428,STL,KMCCLELLA-R,-140,-152,8.5,9
428,HOU,NFIGUEROA-R,120,132,8.5,9
428,CUB,RDEMPSTER-R,-114,-105,9.5,10
428,ARI,BENRIGHT-R,-106,-105,9.5,10
428,SEA,MPINEDA-R,-110,-101,8,8
428,DET,BPENNY-R,-110,-119,8,8
428,CWS,EJACKSON-R,171,170,9,8.5
428,NYY,CSABATHIA-L,-191,-200,9,8.5
428,TAM,JHELLICKS-R,-107,-109,8.5,8
428,MIN,NBLACKBUR-R,-113,-111,8.5,8
428,TOR,BMORROW-R,142,123,9,8.5
428,TEX,AOGANDO-R,-162,-143,9,8.5
428,BOS,JLESTER-L,-176,-183,8.5,8.5
428,BAL,BBERGESEN-R,156,163,8.5,8.5
428,KAN,KDAVIES-R,140,134,8.5,9
428,CLE,FCARMONA-R,-160,-154,8.5,9
428,TAM,JNIEMANN-R,-105,-108,8,9
428,MIN,ASWARZAK-R,-115,-112,8,9
429,NYM,MPELFREY-R,132,122,9.5,9
429,PHI,VWORLEY-R,-152,-142,9.5,9
429,SFO,TLINCECUM-R,-175,-156,6.5,6.5
429,WAS,JMARQUIS-R,155,136,6.5,6.5
429,MIA,JVAZQUEZ-R,135,122,9,8.5
429,CIN,TWOOD-L,-155,-142,9,8.5
429,STL,CARPENTER-R,100,-112,7,7
429,ATL,THUDSON-R,-120,-108,7,7
429,MIL,SMARCUM-R,-130,-135,7.5,8.5
429,HOU,BMYERS-R,110,115,7.5,8.5
429,PIT,KCORREIA-R,170,170,8.5,8.5
429,COL,JCHACIN-R,-200,-200,8.5,8.5
429,CUB,CZAMBRANO-R,-125,-105,9.5,9.5
429,ARI,AGALARRAG-R,105,-105,9.5,9.5
429,SDG,CRICHARD-L,110,113,6.5,6.5
429,LOS,TLILLY-L,-130,-133,6.5,6.5
429,SEA,JVARGAS-L,170,164,9,9
429,BOS,DMATSUZAK-R,-190,-184,9,9
429,DET,MSCHERZER-R,-113,-110,9,8.5
429,CLE,JGOMEZ-R,-107,-110,9,8.5
429,TOR,RROMERO-L,125,117,9,9
429,NYY,FGARCIA-R,-145,-137,9,9
429,LAA,ESANTANA-R,110,140,7.5,7.5
429,TAM,DPRICE-L,-130,-160,7.5,7.5
429,BAL,JARRIETA-R,145,122,8.5,8.5
429,CWS,JDANKS-L,-165,-142,8.5,8.5
429,MIN,SBAKER-R,-106,-105,8.5,8.5
429,KAN,BCHEN-L,-114,-105,8.5,8.5
429,TEX,CWILSON-L,-112,-114,7,6.5
429,OAK,TCAHILL-R,-108,-106,7,6.5
430,STL,WESTBROOK-R,114,133,8.5,8.5
430,ATL,BBEACHY-R,-134,-153,8.5,8.5
430,NYM,JNIESE-L,189,180,7.5,7
430,PHI,RHALLADAY-R,-219,-210,7.5,7
430,SFO,JSANCHEZ-L,-138,-127,7.5,7.5
430,WAS,JLANNAN-L,118,107,7.5,7.5
430,MIL,RWOLF-L,-118,-116,8,8.5
430,HOU,WRODRIGEZ-L,-102,-104,8,8.5
430,MIA,JJOHNSON-R,-130,-119,7.5,7
430,CIN,EVOLQUEZ-R,110,-101,7.5,7
430,CUB,MGARZA-R,103,-104,9,8.5
430,ARI,IKENNEDY-R,-123,-116,9,8.5
430,PIT,PMAHOLM-L,152,150,9,9
430,COL,JHAMMEL-R,-172,-170,9,9
430,SDG,TSTAUFFER-R,125,122,6.5,6.5
430,LOS,HKURODA-R,-145,-142,6.5,6.5
430,LAA,JPINEIRO-R,125,145,8,7.5
430,TAM,JSHIELDS-R,-145,-165,8,7.5
430,TEX,CLEWIS-R,116,120,7,7.5
430,OAK,BANDERSON-L,-136,-140,7,7.5
430,TOR,KDRABEK-R,125,133,9.5,9.5
430,NYY,ABURNETT-R,-145,-153,9.5,9.5
430,DET,RPORCELLO-R,-105,100,9.5,9
430,CLE,AWHITE-R,-115,-120,9.5,9
430,SEA,DFISTER-R,175,162,9,9
430,BOS,JLACKEY-R,-195,-182,9,9
430,BAL,CTILLMAN-R,125,108,9,9.5
430,CWS,PHUMBER-R,-145,-128,9,9.5
430,MIN,BDUENSING-L,-106,-110,9,9
430,KAN,O'SULLIVAN-R,-114,-110,9,9
501,STL,JGARCIA-L,-112,-110,7.5,7.5
501,ATL,DLOWE-R,-108,-110,7.5,7.5
501,SFO,MCAIN-R,-130,-120,7.5,6.5
501,WAS,JZIMMERMN-R,110,100,7.5,6.5
501,MIL,CNARVESON-L,-125,-114,8.5,9
501,HOU,BNORRIS-R,105,-106,8.5,9
501,PIT,CMORTON-R,170,165,8,8.5
501,COL,UJIMENEZ-R,-200,-185,8,8.5
501,CUB,CCOLEMAN-R,145,150,9.5,9.5
501,ARI,DHUDSON-R,-165,-170,9.5,9.5
501,SDG,DMOSELEY-R,120,112,7.5,7.5
501,LOS,JGARLAND-R,-140,-132,7.5,7.5
501,MIA,RNOLASCO-R,-110,-101,8.5,8
501,CIN,BARROYO-R,-110,-119,8.5,8
501,NYM,CYOUNG-R,157,175,7,7
501,PHI,CLEE-L,-177,-195,7,7
501,SEA,FHERNANDZ-R,105,-113,7.5,8
501,BOS,WAKEFIELD-R,-125,-107,7.5,8
501,TOR,JLITSCH-R,120,152,10,10
501,NYY,INOVA-R,-140,-172,10,10
501,DET,PCOKE-L,125,122,9,8.5
501,CLE,MASTERSON-R,-145,-142,9,8.5
501,LAA,JERWEAVER-R,-135,117,7.5,8.5
501,TAM,ACOBB-R,115,-137,7.5,8.5
501,MIN,CPAVANO-R,-105,-107,8.5,8.5
501,KAN,LHOCHEVAR-R,-115,-113,8.5,8.5
501,BAL,ZBRITTON-L,100,103,8.5,8.5
501,CWS,GFLOYD-R,-120,-123,8.5,8.5
501,TEX,MHARRISON-L,100,109,7,7.5
501,OAK,GGONZALEZ-L,-120,-129,7,7.5
502,SFO,MBUMGARNR-L,-113,-108,7.5,7.5
502,WAS,GORZELANNY-L,-107,-112,7.5,7.5
502,MIL,YGALLARDO-R,112,115,7.5,7.5
502,ATL,JJURRJENS-R,-132,-135,7.5,7.5
502,MIA,CVOLSTAD-R,132,134,8.5,8
502,STL,KLOHSE-R,-152,-154,8.5,8
502,PIT,JMCDONALD-R,130,125,7,7
502,SDG,AHARANG-R,-150,-145,7,7
502,CUB,JRUSSELL-L,175,190,7.5,7.5
502,LOS,CKERSHAW-L,-195,-220,7.5,7.5
502,TEX,DHOLLAND-L,-111,-110,7.5,8
502,OAK,BMCCARTHY-R,-109,-110,7.5,8
502,LAA,JERWEAVER-R,-107,-107,8,8
502,BOS,CBUCHHOLZ-R,-113,-113,8,8
502,NYY,BCOLON-R,-101,114,8.5,8
502,DET,VERLANDER-R,-119,-134,8.5,8
502,BAL,JGUTHRIE-R,-107,-114,8.5,8.5
502,CWS,MBUEHRLE-L,-113,-106,8.5,8.5
503,WAS,LHERNADEZ-R,190,180,8,8
503,PHI,CHAMELS-L,-220,-210,8,8
503,HOU,JHAPP-L,155,157,8.5,8.5
503,CIN,MLEAKE-R,-175,-177,8.5,8.5
503,SFO,VOGELSONG-R,101,114,7.5,7.5
503,NYM,RDICKEY-R,-121,-134,7.5,7.5
503,MIA,ASANCHEZ-R,115,106,8,8
503,STL,KMCCLELLA-R,-135,-126,8,8
503,COL,DELAROSA-L,-132,-126,9.5,9.5
503,ARI,JSAUNDERS-L,112,106,9.5,9.5
503,PIT,JKARSTENS-R,121,138,6.5,6.5
503,SDG,MLATOS-R,-141,-158,6.5,6.5
503,CUB,RDEMPSTER-R,135,130,7.5,7.5
503,LOS,BILLNGSLEY-R,-155,-150,7.5,7.5
503,TOR,JJREYES-L,145,154,9,8.5
503,TAM,WDAVIS-R,-165,-174,9,8.5
503,NYY,CSABATHIA-L,-156,-159,9,8.5
503,DET,BPENNY-R,136,139,9,8.5
503,LAA,DHAREN-R,125,138,7.5,7
503,BOS,JLESTER-L,-145,-158,7.5,7
503,MIN,FLIRIANO-L,110,116,9,9
503,CWS,EJACKSON-R,-130,-136,9,9
503,BAL,BBERGESEN-R,105,-104,9,9
503,KAN,JFRANCIS-L,-125,-116,9,9
503,CLE,FCARMONA-R,-114,104,7.5,7.5
503,OAK,TROSS-R,-106,-124,7.5,7.5
503,TEX,AOGANDO-R,-135,-120,7,7
503,SEA,EBEDARD-L,115,100,7,7
504,HOU,ARODRIGUE-R,180,165,9,8.5
504,CIN,TWOOD-L,-210,-185,9,8.5
504,CUB,CZAMBRANO-R,105,-104,7.5,7.5
504,LOS,TLILLY-L,-125,-116,7.5,7.5
504,PIT,KCORREIA-R,120,112,6.5,6.5
504,SDG,CRICHARD-L,-140,-132,6.5,6.5
504,WAS,JMARQUIS-R,145,128,9,8.5
504,PHI,VWORLEY-R,-165,-148,9,8.5
504,MIL,ZGREINKE-R,115,118,7,7.5
504,ATL,THUDSON-R,-135,-138,7,7.5
504,SFO,TLINCECUM-R,-150,-139,6.5,6.5
504,NYM,CCAPUANO-L,130,119,6.5,6.5
504,MIA,JVAZQUEZ-R,170,160,7.5,7.5
504,STL,CARPENTER-R,-200,-180,7.5,7.5
504,COL,JCHACIN-R,-135,-140,9.5,9.5
504,ARI,BENRIGHT-R,115,120,9.5,9.5
504,MIN,NBLACKBUR-R,140,145,9,8.5
504,CWS,JDANKS-L,-160,-165,9,8.5
504,TOR,BMORROW-R,-105,102,8.5,7.5
504,TAM,JNIEMANN-R,-115,-122,8.5,7.5
504,NYY,FGARCIA-R,-105,-112,9,9
504,DET,MSCHERZER-R,-115,-108,9,9
504,LAA,ESANTANA-R,150,150,8.5,8.5
504,BOS,JBECKETT-R,-170,-170,8.5,8.5
504,BAL,JARRIETA-R,-110,-109,9,9
504,KAN,KDAVIES-R,-110,-111,9,9
504,CLE,JTOMLIN-R,130,117,7,7.5
504,OAK,TCAHILL-R,-150,-137,7,7.5
504,TEX,CWILSON-L,-110,-104,6.5,6.5
504,SEA,MPINEDA-R,-110,-116,6.5,6.5
504,MIL,MESTRADA-R,140,153,7.5,8
504,ATL,THANSON-R,-160,-173,7.5,8
505,SFO,JSANCHEZ-L,-117,-110,7.5,7
505,NYM,MPELFREY-R,-103,-110,7.5,7
505,MIA,JJOHNSON-R,-133,-134,7,7
505,STL,WESTBROOK-R,113,114,7,7
505,WAS,JLANNAN-L,205,200,7,7
505,PHI,RHALLADAY-R,-245,-240,7,7
505,MIL,SMARCUM-R,-102,111,7.5,7
505,ATL,BBEACHY-R,-118,-131,7.5,7
505,COL,JHAMMEL-R,-105,-110,9,9
505,ARI,IKENNEDY-R,-105,-110,9,9
505,NYY,ABURNETT-R,-111,-110,9,9
505,DET,RPORCELLO-R,-109,-110,9,9
505,TOR,KDRABEK-R,115,157,7.5,7
505,TAM,DPRICE-L,-135,-177,7.5,7
505,LAA,JPINEIRO-R,135,141,9,8.5
505,BOS,JLACKEY-R,-155,-161,9,8.5
505,BAL,CTILLMAN-R,-110,-111,9,9
505,KAN,BCHEN-L,-110,-109,9,9
505,CLE,JGOMEZ-R,150,153,7.5,7.5
505,OAK,BANDERSON-L,-170,-173,7.5,7.5
505,TEX,CLEWIS-R,-115,-113,7,7
505,SEA,JVARGAS-L,-105,-107,7,7
505,HOU,BMYERS-R,110,137,8.5,7.5
505,CIN,HBAILEY-R,-130,-157,8.5,7.5
506,CIN,EVOLQUEZ-R,110,102,8.5,9
506,CUB,MGARZA-R,-130,-122,8.5,9
506,ATL,DLOWE-R,140,125,7.5,7.5
506,PHI,CLEE-L,-160,-145,7.5,7.5
506,HOU,WRODRIGEZ-L,100,-105,7.5,7.5
506,PIT,PMAHOLM-L,-120,-105,7.5,7.5
506,WAS,JZIMMERMN-R,130,135,7.5,7
506,MIA,RNOLASCO-R,-150,-155,7.5,7
506,LOS,HKURODA-R,-103,105,7.5,7.5
506,NYM,JNIESE-L,-117,-125,7.5,7.5
506,MIL,RWOLF-L,120,128,7.5,8
506,STL,JGARCIA-L,-140,-148,7.5,8
506,ARI,AGALARRAG-R,120,122,7,7
506,SDG,TSTAUFFER-R,-140,-142,7,7
506,COL,UJIMENEZ-R,-107,-111,6.5,6.5
506,SFO,MCAIN-R,-113,-109,6.5,6.5
506,MIN,SBAKER-R,127,140,9.5,9
506,BOS,WAKEFIELD-R,-147,-160,9.5,9
506,DET,PCOKE-L,-114,-109,9,8.5
506,TOR,JLITSCH-R,-106,-111,9,8.5
506,TAM,JSHIELDS-R,-113,-111,8,8
506,BAL,ZBRITTON-L,-107,-109,8,8
506,NYY,INOVA-R,-110,-112,10.5,10.5
506,TEX,MHARRISON-L,-110,-108,10.5,10.5
506,OAK,GGONZALEZ-L,-123,-124,8,8.5
506,KAN,O'SULLIVAN-R,103,104,8,8.5
506,CLE,MASTERSON-R,-110,-120,8.5,8
506,LAA,TCHATWOOD-R,-110,100,8.5,8
506,CWS,PHUMBER-R,150,157,6.5,6.5
506,SEA,FHERNANDZ-R,-170,-177,6.5,6.5
507,LOS,JGARLAND-R,110,113,7.5,7.5
507,NYM,DGEE-R,-130,-133,7.5,7.5
507,CIN,BARROYO-R,-125,-138,8.5,8.5
507,CUB,CCOLEMAN-R,105,118,8.5,8.5
507,MIL,YGALLARDO-R,107,110,8.5,8.5
507,STL,KLOHSE-R,-127,-130,8.5,8.5
507,ATL,JTEHERAN-R,107,-113,9,9
507,PHI,KKENDRICK-R,-127,-107,9,9
507,HOU,BNORRIS-R,-105,-102,8,7.5
507,PIT,CMORTON-R,-115,-118,8,7.5
507,WAS,GORZELANNY-L,110,115,8.5,8.5
507,MIA,CVOLSTAD-R,-130,-135,8.5,8.5
507,ARI,DHUDSON-R,-114,-114,6.5,6.5
507,SDG,DMOSELEY-R,-106,-106,6.5,6.5
507,COL,CMORTENSE-R,-106,116,7.5,7.5
507,SFO,MBUMGARNR-L,-114,-136,7.5,7.5
507,TAM,JHELLICKS-R,-104,-107,8,8.5
507,BAL,JGUTHRIE-R,-116,-113,8,8.5
507,MIN,BDUENSING-L,137,147,9,9
507,BOS,CBUCHHOLZ-R,-157,-167,9,9
507,DET,VERLANDER-R,-125,-120,7.5,7.5
507,TOR,RROMERO-L,105,100,7.5,7.5
507,OAK,BMCCARTHY-R,-114,-114,8.5,8
507,KAN,LHOCHEVAR-R,-106,-106,8.5,8
507,NYY,BCOLON-R,-106,-108,10,9.5
507,TEX,DHOLLAND-L,-114,-112,10,9.5
507,CLE,AWHITE-R,156,166,7,7
507,LAA,JERWEAVER-R,-176,-186,7,7
507,CWS,GFLOYD-R,-110,-105,6.5,6.5
507,SEA,DFISTER-R,-110,-105,6.5,6.5
508,WAS,LHERNADEZ-R,135,144,8,8
508,MIA,ASANCHEZ-R,-155,-164,8,8
508,LOS,CKERSHAW-L,-130,-125,7,7
508,NYM,RDICKEY-R,110,105,7,7
508,HOU,JHAPP-L,100,116,8.5,8
508,PIT,JMCDONALD-R,-120,-136,8.5,8
508,MIL,CNARVESON-L,110,109,8.5,8.5
508,STL,KMCCLELLA-R,-130,-129,8.5,8.5
508,CIN,JCUETO-R,-115,-114,7.5,7.5
508,CUB,RDEMPSTER-R,-105,-106,7.5,7.5
508,ARI,JSAUNDERS-L,120,104,7,6.5
508,SDG,AHARANG-R,-140,-124,7,6.5
508,COL,DELAROSA-L,-130,-139,7.5,7.5
508,SFO,VOGELSONG-R,110,119,7.5,7.5
508,ATL,JJURRJENS-R,130,120,7.5,7
508,PHI,CHAMELS-L,-150,-140,7.5,7
508,DET,BPENNY-R,-113,-105,9,9
508,TOR,JJREYES-L,-107,-105,9,9
508,TAM,WDAVIS-R,-130,-122,9,9
508,BAL,BBERGESEN-R,110,102,9,9
508,MIN,CPAVANO-R,150,167,9,9.5
508,BOS,DMATSUZAK-R,-170,-187,9,9.5
508,OAK,TROSS-R,-110,-114,8.5,9
508,KAN,JFRANCIS-L,-110,-106,8.5,9
508,NYY,CSABATHIA-L,-162,-162,9.5,9.5
508,TEX,DBUSH-R,142,142,9.5,9.5
508,CLE,FCARMONA-R,130,132,7.5,7
508,LAA,DHAREN-R,-150,-152,7.5,7
508,CWS,MBUEHRLE-L,-105,108,7.5,7
508,SEA,EBEDARD-L,-115,-128,7.5,7
509,LOS,BILLNGSLEY-R,-123,-122,7.5,7.5
509,PIT,JKARSTENS-R,103,102,7.5,7.5
509,PHI,JBLANTON-R,-108,-112,9,8.5
509,MIA,JVAZQUEZ-R,-112,-108,9,8.5
509,CIN,TWOOD-L,-125,-131,8.5,8.5
509,HOU,ARODRIGUE-R,105,111,8.5,8.5
509,SDG,MLATOS-R,122,117,7.5,7
509,MIL,ZGREINKE-R,-142,-137,7.5,7
509,NYM,CCAPUANO-L,152,147,8.5,9.5
509,COL,JCHACIN-R,-172,-167,8.5,9.5
509,DET,MSCHERZER-R,-105,-112,7.5,7
509,TOR,BMORROW-R,-115,-108,7.5,7
509,MIN,NBLACKBUR-R,190,210,8.5,8.5
509,BOS,JBECKETT-R,-220,-250,8.5,8.5
509,OAK,TCAHILL-R,105,-103,8.5,8.5
509,TEX,CWILSON-L,-125,-117,8.5,8.5
509,CWS,EJACKSON-R,125,122,7.5,7.5
509,LAA,ESANTANA-R,-145,-142,7.5,7.5
510,LOS,TLILLY-L,-107,-105,7.5,7.5
510,PIT,KCORREIA-R,-113,-115,7.5,7.5
510,WAS,JMARQUIS-R,173,180,7,7
510,ATL,THUDSON-R,-203,-210,7,7
510,PHI,RHALLADAY-R,-115,-112,6,6
510,MIA,JJOHNSON-R,-105,-108,6,6
510,STL,CARPENTER-R,-113,-116,7.5,7.5
510,CUB,CZAMBRANO-R,-107,-104,7.5,7.5
510,CIN,HBAILEY-R,-120,-140,7.5,8
510,HOU,BMYERS-R,100,120,7.5,8
510,SDG,CRICHARD-L,143,133,7.5,7.5
510,MIL,SMARCUM-R,-163,-153,7.5,7.5
510,NYM,MPELFREY-R,140,133,9,9
510,COL,JHAMMEL-R,-160,-153,9,9
510,ARI,IKENNEDY-R,170,151,6.5,6
510,SFO,TLINCECUM-R,-190,-171,6.5,6
510,KAN,KDAVIES-R,190,180,9.5,10
510,NYY,FGARCIA-R,-220,-210,9.5,10
510,TAM,SONNANSTIN-R,110,113,8.5,8.5
510,CLE,JTOMLIN-R,-130,-133,8.5,8.5
510,BOS,JLESTER-L,-150,-161,7.5,7.5
510,TOR,KDRABEK-R,130,141,7.5,7.5
510,SEA,MPINEDA-R,-106,-113,7.5,7.5
510,BAL,JARRIETA-R,-114,-107,7.5,7.5
510,OAK,BANDERSON-L,-111,-110,8,8
510,TEX,CLEWIS-R,-109,-110,8,8
510,DET,RPORCELLO-R,107,-108,8,8
510,MIN,FLIRIANO-L,-127,-112,8,8
510,CWS,JDANKS-L,114,-106,8,7.5
510,LAA,JPINEIRO-R,-134,-114,8,7.5
511,SDG,TSTAUFFER-R,125,102,7.5,7.5
511,MIL,RWOLF-L,-145,-122,7.5,7.5
511,CIN,EVOLQUEZ-R,-130,-111,7.5,7.5
511,HOU,WRODRIGEZ-L,110,-109,7.5,7.5
511,LOS,HKURODA-R,-105,-107,7.5,7.5
511,PIT,PMAHOLM-L,-115,-113,7.5,7.5
511,PHI,CLEE-L,-120,-111,7,7
511,MIA,RNOLASCO-R,100,-109,7,7
511,WAS,JLANNAN-L,190,180,7.5,7.5
511,ATL,THANSON-R,-220,-210,7.5,7.5
511,STL,WESTBROOK-R,-105,109,8.5,8.5
511,CUB,MGARZA-R,-115,-129,8.5,8.5
511,ARI,AGALARRAG-R,160,131,7.5,7.5
511,SFO,JSANCHEZ-L,-180,-151,7.5,7.5
511,DET,PCOKE-L,-105,100,8.5,8
511,MIN,SBAKER-R,-115,-120,8.5,8
511,KAN,VMAZZARO-R,170,185,9.5,9.5
511,NYY,ABURNETT-R,-200,-215,9.5,9.5
511,BOS,JLACKEY-R,-125,-130,9,9
511,TOR,JLITSCH-R,105,110,9,9
511,TAM,DPRICE-L,-130,-143,8,8
511,CLE,CCARRASCO-R,110,123,8,8
511,SEA,FHERNANDZ-R,-145,-134,7.5,7.5
511,BAL,CTILLMAN-R,125,114,7.5,7.5
511,CWS,JPEAVY-R,100,-110,8,8
511,LAA,TCHATWOOD-R,-120,-110,8,8
512,STL,JGARCIA-L,-141,-151,9,9
512,CUB,CCOLEMAN-R,121,131,9,9
512,ARI,DHUDSON-R,116,101,7,6.5
512,SFO,MCAIN-R,-136,-121,7,6.5
512,WAS,JZIMMERMN-R,159,152,7.5,7.5
512,ATL,DLOWE-R,-179,-172,7.5,7.5
512,TAM,JSHIELDS-R,-110,-110,7.5,7.5
512,CLE,MASTERSON-R,-110,-110,7.5,7.5
512,KAN,O'SULLIVAN-R,174,170,9.5,9.5
512,NYY,INOVA-R,-194,-200,9.5,9.5
512,SEA,JVARGAS-L,116,133,7.5,8
512,BAL,ZBRITTON-L,-136,-153,7.5,8
512,NYM,JNIESE-L,152,165,8,8
512,COL,UJIMENEZ-R,-172,-185,8,8
513,SFO,MBUMGARNR-L,-110,-113,7.5,7
513,CUB,RDEMPSTER-R,-110,-107,7.5,7
513,MIA,CVOLSTAD-R,110,-110,8,8
513,WAS,GORZELANNY-L,-130,-110,8,8
513,STL,KLOHSE-R,-101,-114,8.5,9
513,CIN,BARROYO-R,-119,-106,8.5,9
513,PHI,CHAMELS-L,-110,-105,7,7
513,ATL,BBEACHY-R,-110,-105,7,7
513,NYM,DGEE-R,-113,-111,7.5,7.5
513,HOU,BNORRIS-R,-107,-109,7.5,7.5
513,PIT,JMCDONALD-R,150,140,8.5,8
513,MIL,YGALLARDO-R,-170,-160,8.5,8
513,SDG,DMOSELEY-R,143,160,8,8.5
513,COL,DELAROSA-L,-163,-180,8,8.5
513,ARI,JSAUNDERS-L,160,165,7,6.5
513,LOS,CKERSHAW-L,-180,-185,7,6.5
513,SEA,DFISTER-R,160,142,7.5,8
513,CLE,FCARMONA-R,-180,-162,7.5,8
513,KAN,LHOCHEVAR-R,170,167,7.5,7.5
513,DET,VERLANDER-R,-200,-187,7.5,7.5
513,BOS,CBUCHHOLZ-R,115,-110,9.5,9.5
513,NYY,BCOLON-R,-135,-110,9.5,9.5
513,BAL,JGUTHRIE-R,140,129,8,8
513,TAM,JHELLICKS-R,-160,-149,8,8
513,LAA,JERWEAVER-R,-110,-108,7.5,7.5
513,TEX,AOGANDO-R,-110,-112,7.5,7.5
513,TOR,RROMERO-L,-125,-127,8,7.5
513,MIN,CPAVANO-R,105,107,8,7.5
513,CWS,PHUMBER-R,110,107,7,7.5
513,OAK,BMCCARTHY-R,-130,-127,7,7.5
514,MIA,ASANCHEZ-R,-127,-133,8,7.5
514,WAS,LHERNADEZ-R,107,113,8,7.5
514,PHI,JBLANTON-R,127,142,8,8
514,ATL,JJURRJENS-R,-147,-162,8,8
514,SDG,AHARANG-R,134,175,8.5,8.5
514,COL,JCHACIN-R,-154,-195,8.5,8.5
514,NYM,RDICKEY-R,-106,-111,8,8.5
514,HOU,JHAPP-L,-114,-109,8,8.5
514,PIT,JKARSTENS-R,132,136,8.5,8.5
514,MIL,CNARVESON-L,-152,-156,8.5,8.5
514,STL,KMCCLELLA-R,101,100,8.5,9
514,CIN,JCUETO-R,-121,-120,8.5,9
514,ARI,JCOLLMENT-R,119,117,7,6.5
514,LOS,BILLNGSLEY-R,-139,-137,7,6.5
514,SFO,VOGELSONG-R,-116,-116,8,8
514,CUB,DDAVIS-L,-104,-104,8,8
514,CWS,GFLOYD-R,-101,100,7.5,7
514,OAK,TROSS-R,-119,-120,7.5,7
514,KAN,JFRANCIS-L,110,143,8.5,9
514,DET,BPENNY-R,-130,-163,8.5,9
514,TOR,JJREYES-L,-113,-108,9,8
514,MIN,NBLACKBUR-R,-107,-112,9,8
514,LAA,DHAREN-R,-113,-120,8,7.5
514,TEX,DHOLLAND-L,-107,100,8,7.5
514,BAL,BBERGESEN-R,140,146,8.5,8.5
514,TAM,WDAVIS-R,-160,-166,8.5,8.5
514,BOS,JBECKETT-R,103,120,8.5,8
514,NYY,CSABATHIA-L,-123,-140,8.5,8
515,STL,CARPENTER-R,-113,-108,8.5,8
515,CIN,TWOOD-L,-107,-112,8.5,8
515,MIA,JVAZQUEZ-R,-110,114,8.5,8
515,WAS,JMARQUIS-R,-110,-134,8.5,8
515,PHI,RHALLADAY-R,-110,-118,6.5,6.5
515,ATL,THUDSON-R,-110,-102,6.5,6.5
515,NYM,CCAPUANO-L,-107,-120,8.5,8.5
515,HOU,ARODRIGUE-R,-113,100,8.5,8.5
515,PIT,KCORREIA-R,144,147,7.5,7.5
515,MIL,ZGREINKE-R,-164,-167,7.5,7.5
515,SDG,MLATOS-R,118,129,8.5,8.5
515,COL,JHAMMEL-R,-138,-149,8.5,8.5
515,ARI,IKENNEDY-R,-113,-115,7,7
515,LOS,TLILLY-L,-107,-105,7,7
515,BAL,JARRIETA-R,110,100,8.5,8.5
515,TAM,SONNANSTIN-R,-130,-120,8.5,8.5
515,TOR,BMORROW-R,-113,-134,7.5,7.5
515,MIN,BDUENSING-L,-107,114,7.5,7.5
515,LAA,ESANTANA-R,120,119,8.5,8
515,TEX,CWILSON-L,-140,-139,8.5,8
515,CWS,MBUEHRLE-L,140,136,7.5,7
515,OAK,TCAHILL-R,-160,-156,7.5,7
515,BOS,JLESTER-L,-122,-131,8.5,8.5
515,NYY,FGARCIA-R,102,111,8.5,8.5
516,PIT,PMAHOLM-L,-107,-110,8,8
516,WAS,JLANNAN-L,-113,-110,8,8
516,CUB,CZAMBRANO-R,116,138,8.5,7.5
516,CIN,HBAILEY-R,-136,-158,8.5,7.5
516,HOU,BMYERS-R,190,200,7.5,7
516,ATL,THANSON-R,-220,-230,7.5,7
516,MIA,JJOHNSON-R,-150,-155,6.5,6.5
516,NYM,MPELFREY-R,130,135,6.5,6.5
516,PHI,CLEE-L,-130,-145,7.5,7
516,STL,WESTBROOK-R,110,125,7.5,7
516,SFO,TLINCECUM-R,-133,-149,7.5,8
516,COL,CMORTENSE-R,113,129,7.5,8
516,SDG,CRICHARD-L,-110,-102,9,9.5
516,ARI,AGALARRAG-R,-110,-118,9,9.5
516,MIL,SMARCUM-R,-113,-122,7,7
516,LOS,JGARLAND-R,-107,102,7,7
516,NYY,ABURNETT-R,107,122,8,8
516,TAM,DPRICE-L,-127,-142,8,8
516,TOR,KDRABEK-R,122,138,8,8
516,DET,MSCHERZER-R,-142,-158,8,8
516,BAL,CTILLMAN-R,165,148,9.5,9.5
516,BOS,DMATSUZAK-R,-185,-168,9.5,9.5
516,CLE,JTOMLIN-R,-108,-108,9,8.5
516,KAN,KDAVIES-R,-112,-112,9,8.5
516,TEX,CLEWIS-R,100,110,8.5,8.5
516,CWS,EJACKSON-R,-120,-130,8.5,8.5
516,LAA,JPINEIRO-R,113,124,6.5,6.5
516,OAK,BANDERSON-L,-133,-144,6.5,6.5
516,MIN,SBAKER-R,165,142,6.5,6.5
516,SEA,MPINEDA-R,-185,-162,6.5,6.5
517,HOU,WRODRIGEZ-L,159,147,7,7
517,ATL,DLOWE-R,-179,-167,7,7
517,SFO,JSANCHEZ-L,112,130,8,8.5
517,COL,UJIMENEZ-R,-132,-150,8,8.5
517,CUB,MGARZA-R,110,106,8,7.5
517,CIN,EVOLQUEZ-R,-130,-126,8,7.5
517,PHI,ROSWALT-R,110,135,7,7
517,STL,JGARCIA-L,-130,-155,7,7
517,SDG,TSTAUFFER-R,110,129,8.5,8.5
517,ARI,DHUDSON-R,-130,-149,8.5,8.5
517,MIL,RWOLF-L,110,-106,7,7
517,LOS,HKURODA-R,-130,-114,7,7
517,NYY,INOVA-R,130,123,8.5,8.5
517,TAM,JSHIELDS-R,-150,-143,8.5,8.5
517,CLE,CCARRASCO-R,-115,-108,9.5,9
517,KAN,O'SULLIVAN-R,-105,-112,9.5,9
517,TEX,MHARRISON-L,103,120,9,9
517,CWS,JDANKS-L,-123,-140,9,9
517,LAA,TCHATWOOD-R,127,128,7,7
517,OAK,GGONZALEZ-L,-147,-148,7,7
517,MIN,FLIRIANO-L,160,160,6.5,6.5
517,SEA,FHERNANDZ-R,-180,-180,6.5,6.5
518,COL,DELAROSA-L,119,124,7.5,7
518,PHI,CHAMELS-L,-139,-144,7.5,7
518,CUB,RDEMPSTER-R,-102,127,7.5,7.5
518,MIA,RNOLASCO-R,-118,-147,7.5,7.5
518,PIT,CMORTON-R,132,130,8.5,8
518,CIN,BARROYO-R,-152,-150,8.5,8
518,WAS,GORZELANNY-L,-109,100,7.5,7.5
518,NYM,JNIESE-L,-111,-120,7.5,7.5
518,HOU,BNORRIS-R,158,152,7.5,7.5
518,STL,KLOHSE-R,-178,-172,7.5,7.5
518,ATL,JTEHERAN-R,-113,-119,9.5,9.5
518,ARI,JSAUNDERS-L,-107,-101,9.5,9.5
518,MIL,YGALLARDO-R,-122,-130,6.5,6.5
518,SDG,DMOSELEY-R,102,110,6.5,6.5
518,SFO,MCAIN-R,118,112,6.5,6
518,LOS,CKERSHAW-L,-138,-132,6.5,6
518,DET,PCOKE-L,130,160,9.5,9
518,BOS,CBUCHHOLZ-R,-150,-180,9.5,9
518,TAM,JHELLICKS-R,105,-112,7.5,8
518,TOR,JLITSCH-R,-125,-108,7.5,8
518,NYY,BCOLON-R,-109,-104,9,8.5
518,BAL,ZBRITTON-L,-111,-116,9,8.5
518,CLE,MASTERSON-R,-106,-110,8.5,7.5
518,CWS,JPEAVY-R,-114,-110,8.5,7.5
518,TEX,AOGANDO-R,-142,-125,8,7.5
518,KAN,DDUFFY-L,122,105,8,7.5
518,MIN,CPAVANO-R,145,156,7,7
518,OAK,BMCCARTHY-R,-165,-176,7,7
518,LAA,JERWEAVER-R,-134,-147,6.5,6
518,SEA,JVARGAS-L,114,127,6.5,6
519,PIT,JMCDONALD-R,170,156,8,8
519,CIN,JCUETO-R,-200,-176,8,8
519,WAS,LHERNADEZ-R,110,106,7.5,7.5
519,NYM,DGEE-R,-130,-126,7.5,7.5
519,HOU,JHAPP-L,170,134,8,8
519,STL,KMCCLELLA-R,-200,-154,8,8
519,COL,JCHACIN-R,-110,-130,8.5,8
519,PHI,KKENDRICK-R,-110,110,8.5,8
519,CUB,CCOLEMAN-R,145,137,9,9
519,MIA,CVOLSTAD-R,-165,-157,9,9
519,ATL,JJURRJENS-R,-125,-113,8.5,8
519,ARI,JCOLLMENT-R,105,-107,8.5,8
519,MIL,CNARVESON-L,-115,-111,7,6.5
519,SDG,AHARANG-R,-105,-109,7,6.5
519,SFO,MBUMGARNR-L,110,-103,6.5,6.5
519,LOS,BILLNGSLEY-R,-130,-117,6.5,6.5
519,MIN,NBLACKBUR-R,170,141,7.5,7.5
519,OAK,TROSS-R,-200,-161,7.5,7.5
519,LAA,DHAREN-R,-145,-140,6.5,6.5
519,SEA,DFISTER-R,125,120,6.5,6.5
519,DET,VERLANDER-R,125,116,7.5,7
519,BOS,JBECKETT-R,-145,-136,7.5,7
519,NYY,CSABATHIA-L,-165,-172,8.5,8.5
519,BAL,BBERGESEN-R,145,152,8.5,8.5
519,TAM,WDAVIS-R,125,118,8,8
519,TOR,RROMERO-L,-145,-138,8,8
519,CLE,FCARMONA-R,-105,112,8,8
519,CWS,GFLOYD-R,-115,-132,8,8
519,TEX,DHOLLAND-L,-110,-105,8.5,8.5
519,KAN,LHOCHEVAR-R,-110,-105,8.5,8.5
520,COL,JHAMMEL-R,110,115,8,7.5
520,MIL,ZGREINKE-R,-130,-135,8,7.5
520,CUB,DDAVIS-L,195,220,8.5,8.5
520,BOS,JLESTER-L,-225,-260,8.5,8.5
520,CIN,TWOOD-L,-106,-105,8.5,8.5
520,CLE,AWHITE-R,-114,-105,8.5,8.5
520,TEX,CWILSON-L,148,139,7,7
520,PHI,RHALLADAY-R,-168,-159,7,7
520,WAS,JMARQUIS-R,127,123,8.5,8
520,BAL,JARRIETA-R,-147,-143,8.5,8
520,HOU,ARODRIGUE-R,130,158,9,9
520,TOR,JJREYES-L,-150,-178,9,9
520,NYM,RDICKEY-R,145,170,9,9.5
520,NYY,FGARCIA-R,-165,-200,9,9.5
520,DET,BPENNY-R,-124,-114,8.5,8
520,PIT,JKARSTENS-R,104,-106,8.5,8
520,TAM,SONNANSTIN-R,134,135,8.5,8
520,MIA,ASANCHEZ-R,-154,-155,8.5,8
520,STL,CARPENTER-R,-130,-127,8.5,9
520,KAN,JFRANCIS-L,110,107,8.5,9
520,LOS,TLILLY-L,118,133,8,8
520,CWS,PHUMBER-R,-138,-153,8,8
520,MIN,BDUENSING-L,155,141,8.5,8
520,ARI,IKENNEDY-R,-175,-161,8.5,8
520,ATL,THUDSON-R,-122,-106,7,7
520,LAA,ESANTANA-R,102,-114,7,7
520,SEA,EBEDARD-L,115,116,6.5,6
520,SDG,MLATOS-R,-135,-136,6.5,6
520,OAK,TCAHILL-R,-106,-114,6.5,6.5
520,SFO,VOGELSONG-R,-114,-106,6.5,6.5
521,COL,CMORTENSE-R,134,135,7.5,7.5
521,MIL,SMARCUM-R,-154,-155,7.5,7.5
521,HOU,BMYERS-R,170,175,7.5,7.5
521,TOR,BMORROW-R,-190,-195,7.5,7.5
521,STL,WESTBROOK-R,-125,-122,9,9.5
521,KAN,NADCOCK-R,105,102,9,9.5
521,LOS,JGARLAND-R,118,130,8,8
521,CWS,MBUEHRLE-L,-138,-150,8,8
521,CIN,HBAILEY-R,-110,-107,8,7.5
521,CLE,JTOMLIN-R,-110,-113,8,7.5
521,WAS,JLANNAN-L,135,118,8.5,8.5
521,BAL,JGUTHRIE-R,-155,-138,8.5,8.5
521,DET,MSCHERZER-R,-124,-127,7.5,7.5
521,PIT,KCORREIA-R,104,107,7.5,7.5
521,OAK,BANDERSON-L,130,123,6,6
521,SFO,TLINCECUM-R,-150,-143,6,6
521,TAM,DPRICE-L,-150,-162,8,8
521,MIA,JVAZQUEZ-R,130,142,8,8
521,TEX,CLEWIS-R,139,132,7.5,7
521,PHI,CLEE-L,-159,-152,7.5,7
521,NYM,CCAPUANO-L,153,175,9,9
521,NYY,ABURNETT-R,-173,-195,9,9
521,CUB,CZAMBRANO-R,122,138,9,9
521,BOS,AACEVES-R,-142,-158,9,9
521,MIN,SBAKER-R,-105,-105,9,9.5
521,ARI,MOWINGS-R,-115,-105,9,9.5
521,SEA,MPINEDA-R,-122,-120,6,5.5
521,SDG,CRICHARD-L,102,100,6,5.5
521,ATL,THANSON-R,-127,-117,7,7
521,LAA,JPINEIRO-R,107,-103,7,7
522,COL,UJIMENEZ-R,-115,-123,7.5,7.5
522,MIL,RWOLF-L,-105,103,7.5,7.5
522,CIN,EVOLQUEZ-R,-105,-110,8.5,8.5
522,CLE,CCARRASCO-R,-115,-110,8.5,8.5
522,NYM,MPELFREY-R,155,160,9,9
522,NYY,INOVA-R,-175,-180,9,9
522,HOU,WRODRIGEZ-L,115,118,7.5,7.5
522,TOR,KDRABEK-R,-135,-138,7.5,7.5
522,TAM,JSHIELDS-R,-130,-143,7.5,8
522,MIA,JBUENTE-R,110,123,7.5,8
522,DET,RPORCELLO-R,-110,-130,8,8
522,PIT,PMAHOLM-L,-110,110,8,8
522,TEX,MHARRISON-L,145,120,8,8
522,PHI,ROSWALT-R,-165,-140,8,8
522,WAS,JZIMMERMN-R,-105,-109,8.5,8.5
522,BAL,CTILLMAN-R,-115,-111,8.5,8.5
522,STL,JGARCIA-L,-155,-168,8,8.5
522,KAN,O'SULLIVAN-R,135,148,8,8.5
522,LOS,HKURODA-R,107,105,8,8
522,CWS,EJACKSON-R,-127,-125,8,8
522,ATL,DLOWE-R,-140,-128,8,8
522,LAA,TCHATWOOD-R,120,108,8,8
522,SEA,FHERNANDZ-R,-140,-137,6,5.5
522,SDG,TSTAUFFER-R,120,117,6,5.5
522,OAK,GGONZALEZ-L,110,-105,6.5,6.5
522,SFO,JSANCHEZ-L,-130,-105,6.5,6.5
522,MIN,FLIRIANO-L,140,134,8,8
522,ARI,DHUDSON-R,-160,-154,8,8
522,CUB,JRUSSELL-L,120,170,9,10
522,BOS,WAKEFIELD-R,-140,-200,9,10
523,CIN,BARROYO-R,145,146,7.5,7.5
523,PHI,CHAMELS-L,-165,-166,7.5,7.5
523,LOS,CKERSHAW-L,-137,-125,7,6.5
523,HOU,BNORRIS-R,117,105,7,6.5
523,WAS,GORZELANNY-L,139,152,7.5,7.5
523,MIL,YGALLARDO-R,-159,-172,7.5,7.5
523,STL,KLOHSE-R,-123,-121,6.5,6.5
523,SDG,DMOSELEY-R,103,101,6.5,6.5
523,TAM,JHELLICKS-R,-113,-112,8,8
523,DET,PCOKE-L,-107,-108,8,8
523,BOS,CBUCHHOLZ-R,-110,-118,8.5,8
523,CLE,MASTERSON-R,-110,-102,8.5,8
523,TOR,VILLANUEVA-R,140,169,9,8.5
523,NYY,BCOLON-R,-160,-189,9,8.5
523,CWS,JDANKS-L,134,132,8.5,8
523,TEX,AOGANDO-R,-154,-152,8.5,8
523,SEA,JVARGAS-L,-114,-113,7,7.5
523,MIN,CPAVANO-R,-106,-107,7,7.5
523,OAK,JOUTMAN-L,170,175,7,7
523,LAA,JERWEAVER-R,-190,-195,7,7
524,ATL,JJURRJENS-R,-130,-113,7,7
524,PIT,CMORTON-R,110,-107,7,7
524,CIN,JCUETO-R,110,-102,8,8
524,PHI,VWORLEY-R,-130,-118,8,8
524,LOS,BILLNGSLEY-R,-135,-123,7,7
524,HOU,JHAPP-L,115,103,7,7
524,NYM,JNIESE-L,105,115,7,7
524,CUB,RDEMPSTER-R,-125,-135,7,7
524,WAS,LHERNADEZ-R,135,147,8,8.5
524,MIL,CNARVESON-L,-155,-167,8,8.5
524,ARI,JSAUNDERS-L,130,152,8,8
524,COL,JCHACIN-R,-150,-172,8,8
524,STL,KMCCLELLA-R,-140,-110,6.5,6.5
524,SDG,AHARANG-R,120,-110,6.5,6.5
524,MIA,RNOLASCO-R,130,114,6.5,6.5
524,SFO,MCAIN-R,-150,-134,6.5,6.5
524,KAN,DDUFFY-L,155,145,8,8.5
524,BAL,ZBRITTON-L,-175,-165,8,8.5
524,TOR,RROMERO-L,150,140,8,7.5
524,NYY,CSABATHIA-L,-170,-160,8,7.5
524,BOS,JBECKETT-R,-130,-142,7.5,7.5
524,CLE,FCARMONA-R,110,122,7.5,7.5
524,TAM,WDAVIS-R,155,141,7,7.5
524,DET,VERLANDER-R,-175,-161,7,7.5
524,CWS,JPEAVY-R,-105,112,8.5,9
524,TEX,DHOLLAND-L,-115,-132,8.5,9
524,SEA,DFISTER-R,-110,-108,7.5,7.5
524,MIN,NBLACKBUR-R,-110,-112,7.5,7.5
524,OAK,GMOSCOSO-R,175,175,7,7
524,LAA,DHAREN-R,-195,-195,7,7
524,ARI,JCOLLMENT-R,165,145,8.5,8
524,COL,DELAROSA-L,-185,-165,8.5,8
525,ATL,MMINOR-L,-110,-110,8,8
525,PIT,JMCDONALD-R,-110,-110,8,8
525,WAS,JMARQUIS-R,147,150,8,7.5
525,MIL,ZGREINKE-R,-167,-170,8,7.5
525,STL,CARPENTER-R,-130,-112,6.5,6.5
525,SDG,MLATOS-R,110,-108,6.5,6.5
525,CIN,TWOOD-L,170,163,7,7
525,PHI,RHALLADAY-R,-200,-183,7,7
525,NYM,DGEE-R,-120,-107,9,9
525,CUB,CCOLEMAN-R,100,-113,9,9
525,LOS,TLILLY-L,-130,-118,8,8
525,HOU,ARODRIGUE-R,110,-102,8,8
525,ARI,IKENNEDY-R,-105,103,8,8.5
525,COL,JHAMMEL-R,-115,-123,8,8.5
525,MIA,CVOLSTAD-R,121,118,7.5,7.5
525,SFO,MBUMGARNR-L,-141,-138,7.5,7.5
525,BOS,JLESTER-L,-164,-169,8,8
525,CLE,MTALBOT-R,144,149,8,8
525,TOR,JJREYES-L,152,137,9,9
525,NYY,FGARCIA-R,-172,-157,9,9
525,SEA,EBEDARD-L,-107,-105,7.5,7.5
525,MIN,BDUENSING-L,-113,-105,7.5,7.5
525,CWS,GFLOYD-R,116,142,8,8.5
525,TEX,CWILSON-L,-136,-162,8,8.5
525,KAN,LHOCHEVAR-R,118,125,8.5,8.5
525,BAL,JARRIETA-R,-138,-145,8.5,8.5
525,OAK,TCAHILL-R,-105,-108,6.5,6.5
525,LAA,ESANTANA-R,-115,-112,6.5,6.5
526,CIN,HBAILEY-R,134,123,7,7
526,PHI,CLEE-L,-154,-143,7,7
526,NYM,RDICKEY-R,128,115,6.5,6.5
526,CUB,CZAMBRANO-R,-148,-135,6.5,6.5
526,MIA,ASANCHEZ-R,-113,-105,7,7
526,SFO,VOGELSONG-R,-107,-105,7,7
526,ARI,MOWINGS-R,136,140,9,9.5
526,COL,CMORTENSE-R,-156,-160,9,9.5
526,KAN,JFRANCIS-L,117,128,8.5,8.5
526,BAL,JGUTHRIE-R,-137,-148,8.5,8.5
526,BOS,AACEVES-R,-107,-111,8.5,8
526,DET,MSCHERZER-R,-113,-109,8.5,8
526,OAK,BANDERSON-L,-113,-108,7,7
526,LAA,JPINEIRO-R,-107,-112,7,7
526,CWS,PHUMBER-R,110,126,8,8
526,TOR,BMORROW-R,-130,-146,8,8
527,PIT,KCORREIA-R,-105,-108,7.5,7.5
527,CUB,DDAVIS-L,-105,-112,7.5,7.5
527,SDG,CRICHARD-L,-105,106,8,8
527,WAS,JLANNAN-L,-115,-126,8,8
527,PHI,ROSWALT-R,-133,-141,7,7
527,NYM,CCAPUANO-L,113,121,7,7
527,CIN,MLEAKE-R,146,141,7.5,7.5
527,ATL,THANSON-R,-166,-161,7.5,7.5
527,ARI,DHUDSON-R,-124,-141,7,7.5
527,HOU,BMYERS-R,104,121,7,7.5
527,SFO,TLINCECUM-R,-113,110,6.5,6
527,MIL,SMARCUM-R,-107,-130,6.5,6
527,STL,WESTBROOK-R,125,137,8.5,8.5
527,COL,UJIMENEZ-R,-145,-157,8.5,8.5
527,MIA,JVAZQUEZ-R,-107,-108,7.5,7.5
527,LOS,JGARLAND-R,-113,-112,7.5,7.5
527,CWS,MBUEHRLE-L,110,103,8.5,8.5
527,TOR,KDRABEK-R,-130,-123,8.5,8.5
527,BOS,WAKEFIELD-R,-113,-105,9,9
527,DET,RPORCELLO-R,-107,-105,9,9
527,CLE,JTOMLIN-R,130,150,7.5,7.5
527,TAM,DPRICE-L,-150,-170,7.5,7.5
527,KAN,NADCOCK-R,152,175,9,9.5
527,TEX,CLEWIS-R,-172,-195,9,9.5
527,LAA,TCHATWOOD-R,-106,113,8,8
527,MIN,SBAKER-R,-114,-133,8,8
527,BAL,CTILLMAN-R,145,142,7,7
527,OAK,GGONZALEZ-L,-165,-162,7,7
527,NYY,ABURNETT-R,-107,-107,7,7
527,SEA,MPINEDA-R,-113,-113,7,7
528,PIT,PMAHOLM-L,120,-104,9,9.5
528,CUB,RWELLS-R,-140,-116,9,9.5
528,SDG,TSTAUFFER-R,120,119,7,7
528,WAS,JZIMMERMN-R,-140,-139,7,7
528,SFO,JSANCHEZ-L,110,122,7.5,7.5
528,MIL,RWOLF-L,-130,-142,7.5,7.5
528,ARI,ZDUKE-L,110,114,7.5,8
528,HOU,BNORRIS-R,-130,-134,7.5,8
528,CIN,BARROYO-R,135,128,7.5,8
528,ATL,DLOWE-R,-155,-148,7.5,8
528,PHI,CHAMELS-L,-160,-149,7,7
528,NYM,MPELFREY-R,140,129,7,7
528,STL,JGARCIA-L,-140,-120,8.5,9
528,COL,JNICASIO-R,120,100,8.5,9
528,MIA,BSANCHES-R,110,105,7,7
528,LOS,HKURODA-R,-130,-125,7,7
528,CWS,EJACKSON-R,115,-102,8.5,8
528,TOR,VILLANUEVA-R,-135,-118,8.5,8
528,KAN,O'SULLIVAN-R,160,170,9.5,10
528,TEX,MHARRISON-L,-180,-200,9.5,10
528,CLE,CCARRASCO-R,160,169,7.5,7.5
528,TAM,JSHIELDS-R,-180,-189,7.5,7.5
528,LAA,JERWEAVER-R,-150,-168,7,7.5
528,MIN,ASWARZAK-R,130,148,7,7.5
528,BAL,BBERGESEN-R,130,125,7.5,7.5
528,OAK,JOUTMAN-L,-150,-145,7.5,7.5
528,NYY,INOVA-R,115,120,7,7
528,SEA,FHERNANDZ-R,-135,-140,7,7
529,PHI,VWORLEY-R,-135,-105,7.5,7.5
529,NYM,JNIESE-L,115,-115,7.5,7.5
529,SDG,DMOSELEY-R,100,-114,8,8
529,WAS,YMAYA-R,-120,-106,8,8
529,ARI,JCOLLMENT-R,-135,-115,7.5,7.5
529,HOU,JHAPP-L,115,-105,7.5,7.5
529,SFO,MCAIN-R,115,135,7,7
529,MIL,YGALLARDO-R,-135,-155,7,7
529,PIT,JKARSTENS-R,130,114,8.5,8
529,CUB,RDEMPSTER-R,-150,-134,8.5,8
529,STL,KLOHSE-R,100,120,8.5,9.5
529,COL,JCHACIN-R,-120,-140,8.5,9.5
529,MIA,RNOLASCO-R,110,101,6.5,6.5
529,LOS,CKERSHAW-L,-130,-121,6.5,6.5
529,CIN,JCUETO-R,125,111,7,7.5
529,ATL,JJURRJENS-R,-145,-131,7,7.5
529,BOS,JBECKETT-R,-125,-107,7,7
529,DET,VERLANDER-R,105,-113,7,7
529,CWS,JDANKS-L,140,132,7.5,7.5
529,TOR,RROMERO-L,-160,-152,7.5,7.5
529,CLE,MASTERSON-R,115,123,7.5,7.5
529,TAM,JHELLICKS-R,-135,-143,7.5,7.5
529,LAA,DHAREN-R,-140,-145,7.5,7
529,MIN,CPAVANO-R,120,125,7.5,7
529,KAN,DDUFFY-L,200,180,9,9
529,TEX,AOGANDO-R,-230,-210,9,9
529,BAL,ZBRITTON-L,-105,-113,7,7.5
529,OAK,GMOSCOSO-R,-115,-107,7,7.5
529,NYY,CSABATHIA-L,-150,-165,7,7
529,SEA,JVARGAS-L,130,145,7,7
529,BOS,CBUCHHOLZ-R,-125,-153,7,8.5
529,DET,AOLIVER-L,105,133,7,8.5
530,PHI,RHALLADAY-R,-180,-195,6.5,7
530,WAS,LHERNADEZ-R,160,175,6.5,7
530,SDG,AHARANG-R,160,148,7,7
530,ATL,THUDSON-R,-180,-168,7,7
530,HOU,ARODRIGUE-R,105,133,12.5,13
530,CUB,RLOPEZ-R,-125,-153,12.5,13
530,SFO,MBUMGARNR-L,129,134,7.5,8
530,STL,KMCCLELLA-R,-149,-154,7.5,8
530,PIT,CMORTON-R,-107,-110,7,7.5
530,NYM,DGEE-R,-113,-110,7,7.5
530,MIL,CNARVESON-L,104,-101,8.5,9
530,CIN,TWOOD-L,-124,-119,8.5,9
530,COL,JHAMMEL-R,-103,-102,7,7
530,LOS,BILLNGSLEY-R,-117,-118,7,7
530,MIA,CVOLSTAD-R,-114,112,9.5,9.5
530,ARI,JSAUNDERS-L,-106,-132,9.5,9.5
530,MIN,NBLACKBUR-R,125,120,8,9
530,DET,BPENNY-R,-145,-140,8,9
530,NYY,BCOLON-R,-104,-111,7.5,7.5
530,OAK,TCAHILL-R,-116,-109,7.5,7.5
530,BAL,JARRIETA-R,-112,-101,7,7
530,SEA,DFISTER-R,-108,-119,7,7
530,LAA,ESANTANA-R,-118,-110,8,9
530,KAN,LHOCHEVAR-R,-102,-110,8,9
530,TEX,DHOLLAND-L,-107,-110,9,8.5
530,TAM,WDAVIS-R,-113,-110,9,8.5
530,CLE,FCARMONA-R,-107,-113,8.5,8.5
530,TOR,JJREYES-L,-113,-107,8.5,8.5
530,CWS,JPEAVY-R,152,175,8,8
530,BOS,JLESTER-L,-172,-195,8,8
531,PHI,CLEE-L,-180,-165,7,7.5
531,WAS,JMARQUIS-R,160,145,7,7.5
531,SDG,MLATOS-R,104,100,7,7
531,ATL,MMINOR-L,-124,-120,7,7
531,MIL,ZGREINKE-R,-124,-136,8.5,8.5
531,CIN,CREINEKE-R,104,116,8.5,8.5
531,PIT,JMCDONALD-R,105,-113,7.5,7.5
531,NYM,RDICKEY-R,-125,-107,7.5,7.5
531,HOU,JLYLES-R,155,145,10,10.5
531,CUB,CZAMBRANO-R,-175,-165,10,10.5
531,SFO,VOGELSONG-R,148,142,7,7.5
531,STL,CARPENTER-R,-168,-162,7,7.5
531,MIA,ASANCHEZ-R,101,116,8,8.5
531,ARI,IKENNEDY-R,-121,-136,8,8.5
531,COL,CMORTENSE-R,103,-103,7,7.5
531,LOS,TLILLY-L,-123,-117,7,7.5
531,TEX,CWILSON-L,-139,-130,8.5,8
531,TAM,ACOBB-R,119,110,8.5,8
531,CLE,MTALBOT-R,154,140,8.5,8.5
531,TOR,BMORROW-R,-174,-160,8.5,8.5
531,MIN,BDUENSING-L,150,158,8,8.5
531,DET,MSCHERZER-R,-170,-178,8,8.5
531,CWS,PHUMBER-R,140,160,9,9
531,BOS,AACEVES-R,-160,-180,9,9
531,LAA,JPINEIRO-R,-113,-105,8.5,8.5
531,KAN,JFRANCIS-L,-107,-105,8.5,8.5
531,NYY,FGARCIA-R,-101,101,7,7
531,OAK,BANDERSON-L,-119,-121,7,7
531,BAL,JGUTHRIE-R,112,105,7,6.5
531,SEA,EBEDARD-L,-132,-125,7,6.5
601,PHI,ROSWALT-R,-165,-142,7,8.5
601,WAS,JLANNAN-L,145,122,7,8.5
601,HOU,BMYERS-R,130,102,9.5,9.5
601,CUB,DDAVIS-L,-150,-122,9.5,9.5
601,SDG,CRICHARD-L,170,163,7,7
601,ATL,THANSON-R,-200,-183,7,7
601,PIT,KCORREIA-R,100,105,7,7.5
601,NYM,CCAPUANO-L,-120,-125,7,7.5
601,MIL,SMARCUM-R,-125,-109,8.5,8
601,CIN,MLEAKE-R,105,-111,8.5,8
601,MIA,JVAZQUEZ-R,140,136,9,9
601,ARI,DHUDSON-R,-160,-156,9,9
601,SFO,TLINCECUM-R,-125,-112,7,7
601,STL,WESTBROOK-R,105,-108,7,7
601,COL,UJIMENEZ-R,-125,-130,7,7
601,LOS,JGARLAND-R,105,110,7,7
601,TEX,CLEWIS-R,135,121,7.5,7.5
601,TAM,DPRICE-L,-155,-141,7.5,7.5
601,CWS,GFLOYD-R,130,126,9,10
601,BOS,WAKEFIELD-R,-150,-146,9,10
601,NYY,ABURNETT-R,110,-113,7.5,7.5
601,OAK,GGONZALEZ-L,-130,-107,7.5,7.5
601,BAL,BMATUSZ-L,155,134,7,6.5
601,SEA,MPINEDA-R,-175,-154,7,6.5
601,LAA,TCHATWOOD-R,-110,-105,9,9
601,KAN,FPAULINO-R,-110,-115,9,9
601,MIN,SBAKER-R,140,125,8,8.5
601,DET,RPORCELLO-R,-160,-145,8,8.5
601,CLE,JTOMLIN-R,105,-105,8.5,9
601,TOR,KDRABEK-R,-125,-105,8.5,9
602,PIT,PMAHOLM-L,-101,116,7.5,7.5
602,NYM,MPELFREY-R,-119,-136,7.5,7.5
602,SFO,JSANCHEZ-L,145,-103,7,7.5
602,STL,LLYNN-R,-165,-117,7,7.5
602,WAS,JZIMMERMN-R,105,-101,9,9
602,ARI,ZDUKE-L,-125,-119,9,9
602,HOU,BNORRIS-R,107,108,6.5,6
602,SDG,TSTAUFFER-R,-127,-128,6.5,6
602,TEX,DBUSH-R,110,101,9.5,9
602,CLE,CCARRASCO-R,-130,-121,9.5,9
602,MIN,ASWARZAK-R,-107,107,9.5,9.5
602,KAN,O'SULLIVAN-R,-113,-127,9.5,9.5
602,TAM,JSHIELDS-R,-102,-103,6.5,6.5
602,SEA,FHERNANDZ-R,-118,-117,6.5,6.5
603,PHI,CHAMELS-L,-160,-168,7.5,7.5
603,PIT,JKARSTENS-R,140,148,7.5,7.5
603,ATL,DLOWE-R,-125,-108,7.5,7.5
603,NYM,JNIESE-L,105,-112,7.5,7.5
603,LOS,HKURODA-R,115,109,8.5,8.5
603,CIN,BARROYO-R,-135,-129,8.5,8.5
603,MIL,RWOLF-L,105,110,7.5,7.5
603,MIA,RNOLASCO-R,-125,-130,7.5,7.5
603,CUB,RDEMPSTER-R,170,147,7.5,7.5
603,STL,JGARCIA-L,-190,-167,7.5,7.5
603,WAS,YMAYA-R,170,140,9,9
603,ARI,JCOLLMENT-R,-190,-160,9,9
603,HOU,JHAPP-L,110,107,6.5,6.5
603,SDG,DMOSELEY-R,-130,-127,6.5,6.5
603,COL,JNICASIO-R,125,-101,7,7
603,SFO,MCAIN-R,-145,-119,7,7
603,TEX,AOGANDO-R,-130,-105,8,8
603,CLE,MASTERSON-R,110,-105,8,8
603,TOR,VILLANUEVA-R,110,107,8.5,8.5
603,BAL,ZBRITTON-L,-130,-127,8.5,8.5
603,OAK,JOUTMAN-L,155,170,8.5,8.5
603,BOS,CBUCHHOLZ-R,-175,-200,8.5,8.5
603,DET,AOLIVER-L,125,112,9,9.5
603,CWS,MBUEHRLE-L,-145,-132,9,9.5
603,MIN,CPAVANO-R,115,136,9.5,10
603,KAN,DDUFFY-L,-135,-156,9.5,10
603,NYY,INOVA-R,145,113,7.5,7.5
603,LAA,JERWEAVER-R,-165,-133,7.5,7.5
603,TAM,SONNANSTIN-R,110,103,7.5,7.5
603,SEA,JVARGAS-L,-130,-123,7.5,7.5
604,COL,JCHACIN-R,-110,-114,7,6.5
604,SFO,MBUMGARNR-L,-110,-106,7,6.5
604,CUB,RWELLS-R,170,154,8.5,8.5
604,STL,KLOHSE-R,-190,-174,8.5,8.5
604,LOS,CKERSHAW-L,105,-111,7.5,7.5
604,CIN,JCUETO-R,-125,-109,7.5,7.5
604,PHI,KKENDRICK-R,-120,-108,8,8.5
604,PIT,CMORTON-R,100,-112,8,8.5
604,MIL,YGALLARDO-R,-140,-134,8,8
604,MIA,CVOLSTAD-R,120,114,8,8
604,ATL,JJURRJENS-R,-130,-118,7,7
604,NYM,DGEE-R,110,-102,7,7
604,WAS,LHERNADEZ-R,120,120,9.5,9.5
604,ARI,JSAUNDERS-L,-140,-140,9.5,9.5
604,HOU,ARODRIGUE-R,125,130,7,6.5
604,SDG,AHARANG-R,-145,-150,7,6.5
604,TAM,JHELLICKS-R,-135,-123,6.5,7.5
604,SEA,DFISTER-R,115,103,6.5,7.5
604,TEX,DHOLLAND-L,120,-105,9,9
604,CLE,FCARMONA-R,-140,-105,9,9
604,TOR,RROMERO-L,-130,-118,8.5,8
604,BAL,JARRIETA-R,110,-102,8.5,8
604,DET,VERLANDER-R,-135,-129,8,8
604,CWS,EJACKSON-R,115,109,8,8
604,MIN,NBLACKBUR-R,130,124,9.5,9
604,KAN,LHOCHEVAR-R,-150,-144,9.5,9
604,OAK,TCAHILL-R,170,149,7.5,8
604,BOS,JBECKETT-R,-190,-169,7.5,8
604,NYY,CSABATHIA-L,-125,-142,7,7.5
604,LAA,ESANTANA-R,105,122,7,7.5
605,ATL,THUDSON-R,-140,-115,7,7
605,NYM,RDICKEY-R,120,-105,7,7
605,LOS,BILLNGSLEY-R,100,110,8.5,8.5
605,CIN,TWOOD-L,-120,-130,8.5,8.5
605,MIL,CNARVESON-L,130,114,8,8
605,MIA,ASANCHEZ-R,-150,-134,8,8
605,PHI,RHALLADAY-R,-210,-180,7,7
605,PIT,JMCDONALD-R,180,160,7,7
605,CUB,CZAMBRANO-R,140,127,8,7.5
605,STL,CARPENTER-R,-160,-147,8,7.5
605,COL,JHAMMEL-R,103,-105,7,7
605,SFO,VOGELSONG-R,-123,-105,7,7
605,WAS,JMARQUIS-R,160,145,9,8.5
605,ARI,IKENNEDY-R,-180,-165,9,8.5
605,HOU,JLYLES-R,125,145,7,6.5
605,SDG,MLATOS-R,-145,-165,7,6.5
605,TEX,CWILSON-L,-150,-135,9,9
605,CLE,MTALBOT-R,130,115,9,9
605,TOR,JJREYES-L,105,125,9,9.5
605,BAL,JGUTHRIE-R,-125,-145,9,9.5
605,OAK,BANDERSON-L,105,105,9,8.5
605,BOS,JLACKEY-R,-125,-125,9,8.5
605,MIN,BDUENSING-L,140,126,9.5,9
605,KAN,JFRANCIS-L,-160,-146,9.5,9
605,DET,BPENNY-R,135,127,8.5,8.5
605,CWS,JPEAVY-R,-155,-147,8.5,8.5
605,NYY,BCOLON-R,-140,-118,8.5,8
605,LAA,JPINEIRO-R,120,-102,8.5,8
605,TAM,WDAVIS-R,113,127,7,7
605,SEA,EBEDARD-L,-133,-147,7,7
606,LOS,TLILLY-L,170,169,7.5,7.5
606,PHI,CLEE-L,-190,-189,7.5,7.5
606,MIL,ZGREINKE-R,-130,-130,8.5,8
606,MIA,JVAZQUEZ-R,110,110,8.5,8
606,CUB,MGARZA-R,115,110,9,9
606,CIN,MLEAKE-R,-135,-130,9,9
606,COL,CMORTENSE-R,-115,-113,7,6.5
606,SDG,CRICHARD-L,-105,-107,7,6.5
606,WAS,JLANNAN-L,170,165,6,6
606,SFO,TLINCECUM-R,-200,-185,6,6
606,OAK,GGONZALEZ-L,-105,-114,7.5,8
606,BAL,BMATUSZ-L,-115,-106,7.5,8
606,MIN,SBAKER-R,145,130,9,8.5
606,CLE,JTOMLIN-R,-165,-150,9,8.5
606,DET,MSCHERZER-R,135,135,9.5,9.5
606,TEX,CLEWIS-R,-155,-155,9.5,9.5
606,TOR,BMORROW-R,-135,-115,9,8.5
606,KAN,FPAULINO-R,115,-105,9,8.5
606,SEA,MPINEDA-R,-115,-112,8,8
606,CWS,JDANKS-L,-105,-108,8,8
606,TAM,DPRICE-L,-145,-140,7.5,7.5
606,LAA,TCHATWOOD-R,125,120,7.5,7.5
607,LOS,RDELARO-R,155,149,8,8
607,PHI,ROSWALT-R,-175,-169,8,8
607,ARI,DHUDSON-R,-125,-125,7.5,7.5
607,PIT,KCORREIA-R,105,105,7.5,7.5
607,CUB,DDAVIS-L,140,141,9.5,9
607,CIN,EVOLQUEZ-R,-160,-161,9.5,9
607,ATL,THANSON-R,-145,-138,7.5,7.5
607,MIA,BHAND-L,125,118,7.5,7.5
607,STL,WESTBROOK-R,-145,-135,8.5,8.5
607,HOU,BMYERS-R,125,115,8.5,8.5
607,NYM,CCAPUANO-L,170,161,8,8.5
607,MIL,SMARCUM-R,-190,-181,8,8.5
607,COL,UJIMENEZ-R,-145,-146,6.5,6
607,SDG,TSTAUFFER-R,125,126,6.5,6
607,WAS,JZIMMERMN-R,125,104,6.5,6.5
607,SFO,JSANCHEZ-L,-145,-124,6.5,6.5
607,BOS,JLESTER-L,-110,-123,9.5,10
607,NYY,FGARCIA-R,-110,103,9.5,10
607,OAK,GMOSCOSO-R,-115,-105,9.5,9.5
607,BAL,CJAKUBAUS-R,-105,-105,9.5,9.5
607,MIN,FLIRIANO-L,120,107,9,9
607,CLE,CCARRASCO-R,-140,-127,9,9
607,DET,RPORCELLO-R,130,104,9.5,10
607,TEX,MHARRISON-L,-150,-124,9.5,10
607,TOR,KDRABEK-R,-135,-108,9.5,10
607,KAN,VMAZZARO-R,115,-112,9.5,10
607,SEA,FHERNANDZ-R,-115,-126,7,7.5
607,CWS,PHUMBER-R,-105,106,7,7.5
607,TAM,ACOBB-R,130,143,7,7.5
607,LAA,DHAREN-R,-150,-163,7,7.5
608,CUB,RDEMPSTER-R,130,118,9,9
608,CIN,BARROYO-R,-150,-138,9,9
608,WAS,YMAYA-R,170,150,7.5,7.5
608,SFO,MCAIN-R,-200,-170,7.5,7.5
608,COL,ACOOK-R,-110,-110,7,6.5
608,SDG,DMOSELEY-R,-110,-110,7,6.5
608,ARI,ZDUKE-L,-105,-106,8,8.5
608,PIT,PMAHOLM-L,-115,-114,8,8.5
608,LOS,HKURODA-R,170,158,7,7.5
608,PHI,CHAMELS-L,-190,-178,7,7.5
608,ATL,DLOWE-R,-105,-103,7.5,7.5
608,MIA,RNOLASCO-R,-115,-117,7.5,7.5
608,STL,JGARCIA-L,-165,-138,8,7.5
608,HOU,BNORRIS-R,145,118,8,7.5
608,NYM,MPELFREY-R,150,138,8.5,9
608,MIL,RWOLF-L,-170,-158,8.5,9
608,MIN,CPAVANO-R,135,139,8.5,8.5
608,CLE,MASTERSON-R,-155,-159,8.5,8.5
608,OAK,JOUTMAN-L,120,127,8,8.5
608,BAL,ZBRITTON-L,-140,-147,8,8.5
608,BOS,WAKEFIELD-R,110,122,10,10.5
608,NYY,ABURNETT-R,-130,-142,10,10.5
608,DET,PCOKE-L,170,154,9,9
608,TEX,AOGANDO-R,-190,-174,9,9
608,SEA,JVARGAS-L,130,128,8,8.5
608,CWS,GFLOYD-R,-150,-148,8,8.5
608,TOR,VILLANUEVA-R,-120,-106,9.5,9
608,KAN,DDUFFY-L,100,-114,9.5,9
608,TAM,JSHIELDS-R,130,115,6.5,6.5
608,LAA,JERWEAVER-R,-150,-135,6.5,6.5
609,ARI,JCOLLMENT-R,-115,-118,7.5,7.5
609,PIT,JKARSTENS-R,-105,-102,7.5,7.5
609,CUB,RWELLS-R,132,124,9.5,9.5
609,PHI,KKENDRICK-R,-152,-144,9.5,9.5
609,ATL,JJURRJENS-R,-130,-115,7.5,7.5
609,MIA,CVOLSTAD-R,110,-105,7.5,7.5
609,STL,LLYNN-R,-106,-114,8.5,8.5
609,HOU,JHAPP-L,-114,-106,8.5,8.5
609,NYM,JNIESE-L,146,152,8,7.5
609,MIL,YGALLARDO-R,-166,-172,8,7.5
609,LOS,CKERSHAW-L,110,-110,7.5,8
609,COL,JNICASIO-R,-130,-110,7.5,8
609,WAS,LHERNADEZ-R,101,109,6.5,6.5
609,SDG,AHARANG-R,-121,-129,6.5,6.5
609,CIN,JCUETO-R,-107,-105,7,7
609,SFO,MBUMGARNR-L,-113,-105,7,7
609,TOR,RROMERO-L,-130,-128,8.5,8.5
609,KAN,LHOCHEVAR-R,110,108,8.5,8.5
609,BOS,JBECKETT-R,-103,130,8,8.5
609,NYY,CSABATHIA-L,-117,-150,8,8.5
609,SEA,DFISTER-R,170,175,7,7.5
609,DET,VERLANDER-R,-200,-195,7,7.5
609,TEX,DHOLLAND-L,-130,-126,8.5,8.5
609,MIN,NBLACKBUR-R,110,106,8.5,8.5
609,OAK,TCAHILL-R,-113,-105,7.5,7.5
609,CWS,MBUEHRLE-L,-107,-105,7.5,7.5
610,CUB,CZAMBRANO-R,175,180,7,7
610,PHI,RHALLADAY-R,-205,-210,7,7
610,NYM,DGEE-R,-105,-108,7.5,7.5
610,PIT,CMORTON-R,-115,-112,7.5,7.5
610,ARI,JSAUNDERS-L,129,123,8,8
610,MIA,ASANCHEZ-R,-149,-143,8,8
610,ATL,THUDSON-R,-166,-144,7.5,7.5
610,HOU,ARODRIGUE-R,146,124,7.5,7.5
610,STL,KLOHSE-R,-114,-108,8.5,8
610,MIL,CNARVESON-L,-106,-112,8.5,8
610,LOS,BILLNGSLEY-R,130,140,8,8
610,COL,JCHACIN-R,-150,-160,8,8
610,WAS,JMARQUIS-R,130,120,6.5,6
610,SDG,MLATOS-R,-150,-140,6.5,6
610,CIN,TWOOD-L,100,-108,7,7
610,SFO,VOGELSONG-R,-120,-112,7,7
610,SEA,EBEDARD-L,-103,105,8,8
610,DET,BPENNY-R,-117,-125,8,8
610,BOS,CBUCHHOLZ-R,-140,-143,9.5,9
610,TOR,JJREYES-L,120,123,9.5,9
610,TAM,JHELLICKS-R,-130,-120,8.5,8.5
610,BAL,JARRIETA-R,110,100,8.5,8.5
610,CLE,FCARMONA-R,126,135,10,10
610,NYY,INOVA-R,-146,-155,10,10
610,OAK,GGODFREY-R,112,117,8.5,8.5
610,CWS,EJACKSON-R,-132,-137,8.5,8.5
610,TEX,CWILSON-L,-155,-154,8,8
610,MIN,BDUENSING-L,135,134,8,8
610,KAN,JFRANCIS-L,130,136,8,8
610,LAA,ESANTANA-R,-150,-156,8,8
611,CIN,MLEAKE-R,145,133,6.5,6.5
611,SFO,TLINCECUM-R,-165,-153,6.5,6.5
611,CUB,MGARZA-R,170,175,7.5,7.5
611,PHI,CLEE-L,-200,-195,7.5,7.5
611,NYM,RDICKEY-R,-105,-105,8,8
611,PIT,JMCDONALD-R,-115,-105,8,8
611,ATL,MMINOR-L,-130,-127,8,8
611,HOU,JLYLES-R,110,107,8,8
611,ARI,IKENNEDY-R,-140,-128,8,7.5
611,MIA,JVAZQUEZ-R,120,108,8,7.5
611,STL,CARPENTER-R,-105,118,7.5,7.5
611,MIL,ZGREINKE-R,-115,-138,7.5,7.5
611,LOS,TLILLY-L,130,125,8.5,9
611,COL,JHAMMEL-R,-150,-145,8.5,9
611,WAS,JLANNAN-L,100,-108,6.5,6.5
611,SDG,CRICHARD-L,-120,-112,6.5,6.5
611,CLE,MTALBOT-R,170,170,9.5,9.5
611,NYY,BCOLON-R,-200,-200,9.5,9.5
611,BOS,JLACKEY-R,100,106,9.5,8.5
611,TOR,BMORROW-R,-120,-126,9.5,8.5
611,TEX,CLEWIS-R,-145,-138,8.5,8
611,MIN,SBAKER-R,125,118,8.5,8
611,TAM,DPRICE-L,-135,-132,7.5,8
611,BAL,JGUTHRIE-R,115,112,7.5,8
611,SEA,MPINEDA-R,-105,-102,7.5,7.5
611,DET,MSCHERZER-R,-115,-118,7.5,7.5
611,OAK,GGONZALEZ-L,100,-108,8,7.5
611,CWS,JDANKS-L,-120,-112,8,7.5
611,KAN,FPAULINO-R,120,120,8,8
611,LAA,JPINEIRO-R,-140,-140,8,8
612,ARI,DHUDSON-R,-113,-122,7.5,7.5
612,MIA,BHAND-L,-107,102,7.5,7.5
612,NYM,CCAPUANO-L,100,-114,8,8
612,PIT,KCORREIA-R,-120,-106,8,8
612,ATL,THANSON-R,-149,-153,7.5,7.5
612,HOU,BMYERS-R,129,133,7.5,7.5
612,STL,WESTBROOK-R,125,136,8,8.5
612,MIL,SMARCUM-R,-145,-156,8,8.5
612,LOS,RDELARO-R,155,169,8,9
612,COL,UJIMENEZ-R,-175,-189,8,9
612,CIN,EVOLQUEZ-R,110,-114,7.5,7
612,SFO,JSANCHEZ-L,-130,-106,7.5,7
612,WAS,JZIMMERMN-R,-111,-110,6.5,6
612,SDG,TSTAUFFER-R,-109,-110,6.5,6
612,CUB,DDAVIS-L,178,170,8.5,8.5
612,PHI,ROSWALT-R,-198,-200,8.5,8.5
612,SEA,FHERNANDZ-R,-107,-107,7.5,7
612,DET,RPORCELLO-R,-113,-113,7.5,7
612,CLE,JTOMLIN-R,125,132,10,10
612,NYY,FGARCIA-R,-145,-152,10,10
612,BOS,JLESTER-L,-149,-175,9,9
612,TOR,KDRABEK-R,129,155,9,9
612,TAM,WDAVIS-R,-103,107,8.5,9
612,BAL,BMATUSZ-L,-117,-127,8.5,9
612,OAK,GMOSCOSO-R,125,122,8.5,9
612,CWS,PHUMBER-R,-145,-142,8.5,9
612,TEX,MHARRISON-L,-118,-120,8,7.5
612,MIN,FLIRIANO-L,-102,100,8,7.5
612,KAN,VMAZZARO-R,-110,130,9,9
612,LAA,TCHATWOOD-R,-110,-150,9,9
613,NYM,MPELFREY-R,102,-105,7.5,7.5
613,PIT,PMAHOLM-L,-122,-105,7.5,7.5
613,ARI,ZDUKE-L,115,122,8,8
613,MIA,RNOLASCO-R,-135,-142,8,8
613,ATL,DLOWE-R,-132,-119,7.5,7.5
613,HOU,WRODRIGEZ-L,112,-101,7.5,7.5
613,MIL,RWOLF-L,-106,-111,9,7.5
613,CUB,RDEMPSTER-R,-114,-109,9,7.5
613,SDG,ABASS-R,152,145,9,10
613,COL,ACOOK-R,-172,-165,9,10
613,CIN,BARROYO-R,100,-110,7.5,7.5
613,LOS,HKURODA-R,-120,-110,7.5,7.5
613,CLE,CCARRASCO-R,145,158,9.5,9.5
613,NYY,ABURNETT-R,-165,-178,9.5,9.5
613,LAA,DHAREN-R,-132,-123,6.5,6.5
613,SEA,JVARGAS-L,112,103,6.5,6.5
613,TAM,ACOBB-R,-101,-104,8.5,8.5
613,DET,PCOKE-L,-119,-116,8.5,8.5
614,STL,JGARCIA-L,-150,-133,8,7.5
614,WAS,YMAYA-R,130,113,8,7.5
614,MIA,CVOLSTAD-R,170,180,8,8
614,PHI,CHAMELS-L,-200,-210,8,8
614,NYM,JNIESE-L,131,115,7,7
614,ATL,JJURRJENS-R,-151,-135,7,7
614,PIT,JKARSTENS-R,-102,120,7.5,7.5
614,HOU,BNORRIS-R,-118,-140,7.5,7.5
614,MIL,YGALLARDO-R,-140,-147,8,8
614,CUB,RWELLS-R,120,127,8,8
614,SDG,WLEBLANC-L,140,143,10,10
614,COL,JNICASIO-R,-160,-163,10,10
614,SFO,MCAIN-R,-109,-105,7.5,7.5
614,ARI,JCOLLMENT-R,-111,-115,7.5,7.5
614,CIN,JCUETO-R,107,110,6.5,6.5
614,LOS,CKERSHAW-L,-127,-130,6.5,6.5
614,TEX,AOGANDO-R,125,122,8.5,8
614,NYY,CSABATHIA-L,-145,-142,8.5,8
614,CLE,MASTERSON-R,152,160,7.5,7.5
614,DET,VERLANDER-R,-172,-180,7.5,7.5
614,BAL,CJAKUBAUS-R,133,128,9,9.5
614,TOR,VILLANUEVA-R,-153,-148,9,9.5
614,BOS,WAKEFIELD-R,-102,108,9,8.5
614,TAM,JSHIELDS-R,-118,-128,9,8.5
614,KAN,DDUFFY-L,145,143,7,7.5
614,OAK,TCAHILL-R,-165,-163,7,7.5
614,LAA,JERWEAVER-R,-135,-143,6.5,6.5
614,SEA,DFISTER-R,115,123,6.5,6.5
615,SDG,MLATOS-R,130,126,8,8.5
615,COL,JCHACIN-R,-150,-146,8,8.5
615,CIN,TWOOD-L,103,-112,7.5,7.5
615,LOS,BILLNGSLEY-R,-123,-108,7.5,7.5
615,MIA,ASANCHEZ-R,165,175,7.5,7
615,PHI,RHALLADAY-R,-185,-195,7.5,7
615,STL,KMCCLELLA-R,-125,-105,8,8.5
615,WAS,LHERNADEZ-R,105,-105,8,8.5
615,NYM,DGEE-R,135,114,7,7
615,ATL,THUDSON-R,-155,-134,7,7
615,PIT,CMORTON-R,-112,-113,7.5,7.5
615,HOU,JHAPP-L,-108,-107,7.5,7.5
615,MIL,CNARVESON-L,-107,-105,8.5,8.5
615,CUB,CZAMBRANO-R,-113,-105,8.5,8.5
615,SFO,MBUMGARNR-L,-106,-110,8.5,9
615,ARI,JSAUNDERS-L,-114,-110,8.5,9
615,TEX,DHOLLAND-L,110,-102,10,10
615,NYY,INOVA-R,-130,-118,10,10
615,CLE,FCARMONA-R,110,108,9,9
615,DET,BPENNY-R,-130,-128,9,9
615,BAL,JARRIETA-R,135,132,8,8.5
615,TOR,RROMERO-L,-155,-152,8,8.5
615,BOS,JBECKETT-R,-125,-131,8,7.5
615,TAM,JHELLICKS-R,105,111,8,7.5
615,CWS,GFLOYD-R,-120,-132,8,8
615,MIN,CPAVANO-R,100,112,8,8
615,KAN,LHOCHEVAR-R,113,125,8,8
615,OAK,JOUTMAN-L,-133,-145,8,8
615,LAA,ESANTANA-R,100,-103,6.5,6.5
615,SEA,EBEDARD-L,-120,-117,6.5,6.5
615,MIA,VILLANUEVA-R,135,136,9.5,9
615,PHI,KKENDRICK-R,-155,-156,9.5,9
616,MIA,JVAZQUEZ-R,200,200,8,8
616,PHI,CLEE-L,-230,-240,8,8
616,PIT,JMCDONALD-R,-105,-105,8,8
616,HOU,JLYLES-R,-115,-105,8,8
616,MIL,ZGREINKE-R,-130,-131,8,8
616,CUB,MGARZA-R,110,111,8,8
616,STL,KLOHSE-R,-135,-105,8,8.5
616,WAS,JLANNAN-L,115,-105,8,8.5
616,NYM,RDICKEY-R,110,113,8,8
616,ATL,MMINOR-L,-130,-133,8,8
616,SFO,VOGELSONG-R,110,116,8,8.5
616,ARI,IKENNEDY-R,-130,-136,8,8.5
616,BAL,JGUTHRIE-R,-105,-112,9,9
616,TOR,ZSTEWART-R,-115,-108,9,9
616,CLE,MTALBOT-R,145,148,8.5,8.5
616,DET,MSCHERZER-R,-165,-168,8.5,8.5
616,TEX,CWILSON-L,-127,-112,9.5,9.5
616,NYY,BGORDON-R,107,-108,9.5,9.5
616,CWS,MBUEHRLE-L,-125,-106,8,8.5
616,MIN,NBLACKBUR-R,105,-114,8,8.5
616,KAN,JFRANCIS-L,130,118,7.5,7.5
616,OAK,GGONZALEZ-L,-150,-138,7.5,7.5
616,BOS,CBUCHHOLZ-R,100,102,8,7.5
616,TAM,DPRICE-L,-120,-122,8,7.5
617,HOU,BMYERS-R,130,134,7.5,7
617,LOS,TLILLY-L,-150,-154,7.5,7
617,NYY,FGARCIA-R,-134,-164,9,9.5
617,CUB,DDAVIS-L,114,144,9,9.5
617,BAL,ZBRITTON-L,-107,102,8,8.5
617,WAS,JMARQUIS-R,-113,-122,8,8.5
617,PIT,KCORREIA-R,112,125,8,8
617,CLE,JTOMLIN-R,-132,-145,8,8
617,LAA,JPINEIRO-R,112,104,8,7.5
617,NYM,CCAPUANO-L,-132,-124,8,7.5
617,MIA,BHAND-L,114,122,8.5,9.5
617,TAM,WDAVIS-R,-134,-142,8.5,9.5
617,TOR,JJREYES-L,125,133,9,9.5
617,CIN,MLEAKE-R,-145,-153,9,9.5
617,MIL,SMARCUM-R,-107,112,9.5,9
617,BOS,JLACKEY-R,-113,-132,9.5,9
617,TEX,CLEWIS-R,120,-113,7.5,8.5
617,ATL,RDELGADO-R,-140,-107,7.5,8.5
617,SDG,CRICHARD-L,101,110,8,8
617,MIN,BDUENSING-L,-121,-130,8,8
617,KAN,FPAULINO-R,142,146,8,8
617,STL,CARPENTER-R,-162,-166,8,8
617,DET,RPORCELLO-R,-107,100,9,10
617,COL,JHAMMEL-R,-113,-120,9,10
617,CWS,EJACKSON-R,115,114,9,9
617,ARI,DHUDSON-R,-135,-134,9,9
617,SFO,TLINCECUM-R,-150,-146,7,7
617,OAK,GGODFREY-R,130,126,7,7
617,PHI,ROSWALT-R,-113,-114,6.5,6.5
617,SEA,MPINEDA-R,-107,-106,6.5,6.5
618,HOU,WRODRIGEZ-L,100,107,7,7
618,LOS,RDELARO-R,-120,-127,7,7
618,BAL,BMATUSZ-L,125,126,8,8
618,WAS,JZIMMERMN-R,-145,-146,8,8
618,MIL,RWOLF-L,157,161,9,8.5
618,BOS,JLESTER-L,-177,-181,9,8.5
618,TEX,MHARRISON-L,104,-105,8,8.5
618,ATL,DLOWE-R,-124,-105,8,8.5
618,NYY,ABURNETT-R,-133,-146,8.5,8
618,CUB,RDEMPSTER-R,113,126,8.5,8
618,PIT,PMAHOLM-L,114,120,8,8
618,CLE,CCARRASCO-R,-134,-140,8,8
618,SDG,TSTAUFFER-R,103,125,7.5,7.5
618,MIN,SBAKER-R,-123,-145,7.5,7.5
618,MIA,RNOLASCO-R,102,123,8.5,8.5
618,TAM,ACOBB-R,-122,-143,8.5,8.5
618,LAA,DHAREN-R,-122,-127,7,6.5
618,NYM,MPELFREY-R,102,107,7,6.5
618,TOR,BMORROW-R,-103,106,9,9
618,CIN,EVOLQUEZ-R,-117,-126,9,9
618,KAN,VMAZZARO-R,132,140,9,9
618,STL,WESTBROOK-R,-152,-160,9,9
618,DET,PCOKE-L,134,131,8.5,9
618,COL,UJIMENEZ-R,-154,-151,8.5,9
618,CWS,JDANKS-L,-112,-110,9.5,9.5
618,ARI,ZDUKE-L,-108,-110,9.5,9.5
618,SFO,JSANCHEZ-L,-116,-110,7,7.5
618,OAK,GMOSCOSO-R,-104,-110,7,7.5
618,PHI,VWORLEY-R,125,110,6.5,6.5
618,SEA,FHERNANDZ-R,-145,-130,6.5,6.5
619,HOU,BNORRIS-R,118,122,7,7
619,LOS,HKURODA-R,-138,-142,7,7
619,PIT,JKARSTENS-R,123,142,8,8
619,CLE,MASTERSON-R,-143,-162,8,8
619,TOR,VILLANUEVA-R,100,113,9.5,9
619,CIN,BARROYO-R,-120,-133,9.5,9
619,LAA,TCHATWOOD-R,120,125,7.5,7.5
619,NYM,JNIESE-L,-140,-145,7.5,7.5
619,TEX,AOGANDO-R,-114,-110,7,7.5
619,ATL,JJURRJENS-R,-106,-110,7,7.5
619,BAL,CJAKUBAUS-R,118,119,9,9
619,WAS,GORZELANNY-L,-138,-139,9,9
619,MIL,YGALLARDO-R,-111,-104,9.5,9
619,BOS,WAKEFIELD-R,-109,-116,9.5,9
619,MIA,CVOLSTAD-R,170,180,8,7.5
619,TAM,JSHIELDS-R,-190,-210,8,7.5
619,SDG,DMOSELEY-R,130,127,7.5,7.5
619,MIN,FLIRIANO-L,-150,-147,7.5,7.5
619,KAN,DDUFFY-L,170,167,8.5,8
619,STL,JGARCIA-L,-190,-187,8.5,8
619,DET,VERLANDER-R,-136,-138,8.5,9
619,COL,ACOOK-R,116,118,8.5,9
619,SFO,MCAIN-R,-106,-108,6.5,7
619,OAK,TCAHILL-R,-114,-112,6.5,7
619,CWS,PHUMBER-R,100,108,8.5,8
619,ARI,JCOLLMENT-R,-120,-128,8.5,8
619,PHI,CHAMELS-L,-150,-162,6.5,6.5
619,SEA,JVARGAS-L,130,142,6.5,6.5
619,NYY,CSABATHIA-L,-168,-200,8,8.5
619,CUB,RWELLS-R,148,170,8,8.5
620,BAL,JARRIETA-R,-113,-105,8,8
620,PIT,CMORTON-R,-107,-105,8,8
620,COL,JNICASIO-R,-112,-107,9,8.5
620,CLE,FCARMONA-R,-108,-113,9,8.5
620,SDG,WLEBLANC-L,170,170,9.5,10.5
620,BOS,AMILLER-L,-190,-200,9.5,10.5
620,NYY,INOVA-R,105,-105,9,9.5
620,CIN,TWOOD-L,-125,-105,9,9.5
620,TOR,RROMERO-L,-103,-101,7,7
620,ATL,THUDSON-R,-117,-119,7,7
620,LAA,JERWEAVER-R,-117,-127,7,6.5
620,MIA,ASANCHEZ-R,-103,107,7,6.5
620,HOU,JHAPP-L,139,167,9.5,10
620,TEX,DHOLLAND-L,-159,-187,9.5,10
620,CUB,CZAMBRANO-R,114,139,8.5,8.5
620,CWS,GFLOYD-R,-134,-159,8.5,8.5
620,TAM,JNIEMANN-R,113,118,9,8.5
620,MIL,CNARVESON-L,-133,-138,9,8.5
620,DET,BPENNY-R,125,123,7,7
620,LOS,CKERSHAW-L,-145,-143,7,7
621,PHI,RHALLADAY-R,-155,-168,7.5,7
621,STL,KMCCLELLA-R,135,148,7.5,7
621,SEA,DFISTER-R,-103,112,7.5,8
621,WAS,LHERNADEZ-R,-117,-132,7.5,8
621,BAL,JGUTHRIE-R,-107,-115,8,7.5
621,PIT,JMCDONALD-R,-113,-105,8,7.5
621,COL,JCHACIN-R,-126,-129,8.5,8.5
621,CLE,MTALBOT-R,106,109,8.5,8.5
621,SDG,MLATOS-R,182,157,8,9
621,BOS,AACEVES-R,-212,-177,8,9
621,LAA,ESANTANA-R,-130,-125,8,8
621,MIA,JVAZQUEZ-R,110,105,8,8
621,TOR,ZSTEWART-R,103,110,8.5,8.5
621,ATL,MMINOR-L,-123,-130,8.5,8.5
621,OAK,JOUTMAN-L,112,113,7,7
621,NYM,DGEE-R,-132,-133,7,7
621,HOU,JLYLES-R,190,200,9,8.5
621,TEX,CWILSON-L,-220,-230,9,8.5
621,CUB,MGARZA-R,105,104,8.5,8.5
621,CWS,MBUEHRLE-L,-125,-124,8.5,8.5
621,ARI,JSAUNDERS-L,100,106,9,9
621,KAN,LHOCHEVAR-R,-120,-126,9,9
621,TAM,JHELLICKS-R,110,115,8,7.5
621,MIL,ZGREINKE-R,-130,-135,8,7.5
621,DET,MSCHERZER-R,-117,-111,7,7.5
621,LOS,BILLNGSLEY-R,-103,-109,7,7.5
621,MIN,CPAVANO-R,130,121,7,6.5
621,SFO,MBUMGARNR-L,-150,-141,7,6.5
622,PHI,CLEE-L,-155,-150,7.5,7.5
622,STL,KLOHSE-R,135,130,7.5,7.5
622,BAL,ZBRITTON-L,-110,-108,7.5,7.5
622,PIT,KCORREIA-R,-110,-112,7.5,7.5
622,NYY,FGARCIA-R,-110,100,9.5,9
622,CIN,MLEAKE-R,-110,-120,9.5,9
622,TOR,JJREYES-L,130,130,8,8
622,ATL,BBEACHY-R,-150,-150,8,8
622,SDG,CRICHARD-L,170,180,9.5,10.5
622,BOS,JLACKEY-R,-200,-210,9.5,10.5
622,TAM,DPRICE-L,-107,-113,7.5,7.5
622,MIL,SMARCUM-R,-113,-107,7.5,7.5
622,DET,RPORCELLO-R,100,-110,7.5,7.5
622,LOS,TLILLY-L,-120,-110,7.5,7.5
622,SEA,EBEDARD-L,-110,-106,7.5,7.5
622,WAS,JLANNAN-L,-110,-114,7.5,7.5
622,COL,JHAMMEL-R,110,110,8.5,9
622,CLE,JTOMLIN-R,-130,-130,8.5,9
622,LAA,JPINEIRO-R,-108,-105,8.5,8
622,MIA,BSANCHES-R,-112,-105,8.5,8
622,OAK,GGONZALEZ-L,100,-112,7.5,7.5
622,NYM,RDICKEY-R,-120,-108,7.5,7.5
622,HOU,BMYERS-R,170,166,9.5,9.5
622,TEX,CLEWIS-R,-200,-186,9.5,9.5
622,CUB,DDAVIS-L,170,158,8.5,8.5
622,CWS,JPEAVY-R,-190,-178,8.5,8.5
622,ARI,IKENNEDY-R,-130,-118,8.5,8
622,KAN,JFRANCIS-L,110,-102,8.5,8
622,MIN,NBLACKBUR-R,130,113,6.5,6.5
622,SFO,VOGELSONG-R,-150,-133,6.5,6.5
622,NYY,BGORDON-R,112,120,9,9
622,CIN,JCUETO-R,-132,-140,9,9
623,PHI,ROSWALT-R,-113,-109,8,7.5
623,STL,CARPENTER-R,-107,-111,8,7.5
623,SEA,MPINEDA-R,-120,-109,7,7.5
623,WAS,JMARQUIS-R,100,-111,7,7.5
623,OAK,GGODFREY-R,118,112,8,8
623,NYM,CCAPUANO-L,-138,-132,8,8
623,MIN,BDUENSING-L,162,147,6.5,6.5
623,SFO,TLINCECUM-R,-182,-167,6.5,6.5
623,ARI,DHUDSON-R,-113,-114,8.5,8
623,KAN,FPAULINO-R,-107,-106,8.5,8
624,ATL,DLOWE-R,-113,-107,6.5,6.5
624,SDG,TSTAUFFER-R,-107,-113,6.5,6.5
624,BOS,JLESTER-L,-159,-164,8,7.5
624,PIT,PMAHOLM-L,139,144,8,7.5
624,OAK,GMOSCOSO-R,135,149,8.5,9
624,PHI,VWORLEY-R,-155,-169,8.5,9
624,ARI,ZDUKE-L,135,120,9.5,9.5
624,DET,PCOKE-L,-155,-140,9.5,9.5
624,CIN,EVOLQUEZ-R,-125,-116,9.5,9.5
624,BAL,CJAKUBAUS-R,105,-104,9.5,9.5
624,COL,UJIMENEZ-R,125,115,9,9.5
624,NYY,ABURNETT-R,-145,-135,9,9.5
624,NYM,MPELFREY-R,126,146,9,9.5
624,TEX,MHARRISON-L,-146,-166,9,9.5
624,TAM,JSHIELDS-R,-132,-130,7,6.5
624,HOU,WRODRIGEZ-L,112,110,7,6.5
624,WAS,JZIMMERMN-R,-107,-106,8.5,8
624,CWS,EJACKSON-R,-113,-114,8.5,8
624,MIN,SBAKER-R,130,118,8,8
624,MIL,RWOLF-L,-150,-138,8,8
624,CUB,RDEMPSTER-R,-107,-111,9,8.5
624,KAN,BCHEN-L,-113,-109,9,8.5
624,TOR,BMORROW-R,-114,-105,8.5,8
624,STL,WESTBROOK-R,-106,-105,8.5,8
624,LAA,DHAREN-R,-132,-125,6.5,7
624,LOS,RDELARO-R,112,105,6.5,7
624,CLE,CCARRASCO-R,100,-104,7,7
624,SFO,JSANCHEZ-L,-120,-116,7,7
624,SEA,FHERNANDZ-R,-160,-157,6.5,6.5
624,MIA,RNOLASCO-R,140,137,6.5,6.5
625,ATL,JJURRJENS-R,-133,-145,6.5,6
625,SDG,DMOSELEY-R,113,125,6.5,6
625,COL,ACOOK-R,170,220,9,9
625,NYY,CSABATHIA-L,-190,-260,9,9
625,LAA,TCHATWOOD-R,115,116,7.5,7.5
625,LOS,HKURODA-R,-135,-136,7.5,7.5
625,WAS,GORZELANNY-L,118,136,8.5,8.5
625,CWS,JDANKS-L,-138,-156,8.5,8.5
625,NYM,JNIESE-L,145,150,9,9
625,TEX,AOGANDO-R,-165,-170,9,9
625,CIN,BARROYO-R,-108,-105,9,9.5
625,BAL,BMATUSZ-L,-112,-105,9,9.5
625,ARI,JCOLLMENT-R,145,169,7.5,7
625,DET,VERLANDER-R,-165,-189,7.5,7
625,OAK,TCAHILL-R,165,168,7.5,7
625,PHI,CHAMELS-L,-185,-188,7.5,7
625,BOS,WAKEFIELD-R,-134,-138,8.5,8
625,PIT,JKARSTENS-R,114,118,8.5,8
625,TAM,WDAVIS-R,-107,-105,8,8
625,HOU,BNORRIS-R,-113,-115,8,8
625,MIN,FLIRIANO-L,122,125,7.5,7.5
625,MIL,YGALLARDO-R,-142,-145,7.5,7.5
625,CUB,CZAMBRANO-R,-113,-106,9,8.5
625,KAN,DDUFFY-L,-107,-114,9,8.5
625,TOR,VILLANUEVA-R,117,120,8,8
625,STL,JGARCIA-L,-137,-140,8,8
625,CLE,MASTERSON-R,114,112,6.5,6
625,SFO,MCAIN-R,-134,-132,6.5,6
625,SEA,JVARGAS-L,-134,-128,7,7
625,MIA,CVOLSTAD-R,114,108,7,7
626,ATL,THUDSON-R,-130,-120,6.5,6
626,SDG,CLUEBKE-L,110,100,6.5,6
626,ARI,JSAUNDERS-L,118,117,9.5,9.5
626,DET,BPENNY-R,-138,-137,9.5,9.5
626,CIN,HBAILEY-R,-113,-112,9,9
626,BAL,JGUTHRIE-R,-107,-108,9,9
626,OAK,JOUTMAN-L,178,210,7,7
626,PHI,RHALLADAY-R,-208,-250,7,7
626,BOS,AMILLER-L,-123,-150,9.5,9.5
626,PIT,JMCDONALD-R,103,130,9.5,9.5
626,COL,JNICASIO-R,140,135,10,10
626,NYY,INOVA-R,-160,-155,10,10
626,TAM,JNIEMANN-R,-120,-130,8.5,8.5
626,HOU,JHAPP-L,100,110,8.5,8.5
626,WAS,LHERNADEZ-R,130,140,8.5,8
626,CWS,PHUMBER-R,-150,-160,8.5,8
626,MIN,CPAVANO-R,130,150,8,8
626,MIL,CNARVESON-L,-150,-170,8,8
626,CUB,RWELLS-R,112,115,9,9
626,KAN,LHOCHEVAR-R,-132,-135,9,9
626,TOR,RROMERO-L,-115,-107,7.5,7.5
626,STL,KMCCLELLA-R,-105,-113,7.5,7.5
626,CLE,FCARMONA-R,110,119,7.5,7
626,SFO,MBUMGARNR-L,-130,-139,7.5,7
626,LAA,JERWEAVER-R,-112,-105,7.5,6
626,LOS,CKERSHAW-L,-108,-105,7.5,6
626,NYM,DGEE-R,110,125,9.5,10
626,TEX,DHOLLAND-L,-130,-145,9.5,10
626,SEA,DFISTER-R,-114,104,6.5,6.5
626,MIA,ASANCHEZ-R,-106,-124,6.5,6.5
627,CIN,MLEAKE-R,-113,118,7.5,8
627,TAM,JHELLICKS-R,-107,-138,7.5,8
627,LOS,BILLNGSLEY-R,-110,-101,8,8
627,MIN,NBLACKBUR-R,-110,-119,8,8
627,CLE,MTALBOT-R,144,150,9,8.5
627,ARI,IKENNEDY-R,-164,-170,9,8.5
627,KAN,JFRANCIS-L,105,135,6.5,6.5
627,SDG,MLATOS-R,-125,-155,6.5,6.5
627,WAS,JLANNAN-L,113,115,7,7
627,LAA,ESANTANA-R,-133,-135,7,7
627,ATL,BBEACHY-R,-111,-105,6.5,6
627,SEA,EBEDARD-L,-109,-115,6.5,6
627,COL,JCHACIN-R,-117,-113,11.5,11
627,CUB,MGARZA-R,-103,-107,11.5,11
627,TOR,ZSTEWART-R,142,155,9.5,9
627,DET,MSCHERZER-R,-162,-175,9.5,9
628,SFO,BZITO-L,-116,-106,8.5,9
628,CUB,RLOPEZ-R,-104,-114,8.5,9
628,MIL,ZGREINKE-R,125,103,9,9
628,NYY,FGARCIA-R,-145,-123,9,9
628,PIT,KCORREIA-R,105,114,8.5,8.5
628,TOR,JJREYES-L,-125,-134,8.5,8.5
628,NYM,RDICKEY-R,115,110,9,9
628,DET,RPORCELLO-R,-135,-130,9,9
628,STL,KLOHSE-R,105,116,8,8.5
628,BAL,ZBRITTON-L,-125,-136,8,8.5
628,BOS,JBECKETT-R,105,119,7,7
628,PHI,CLEE-L,-125,-139,7,7
628,CIN,JCUETO-R,105,128,7,7
628,TAM,DPRICE-L,-125,-148,7,7
628,TEX,CWILSON-L,-165,-162,8,8
628,HOU,JLYLES-R,145,142,8,8
628,LOS,TLILLY-L,-110,-110,8,8
628,MIN,BDUENSING-L,-110,-110,8,8
628,CWS,GFLOYD-R,105,108,9,9.5
628,COL,JHAMMEL-R,-125,-128,9,9.5
628,CLE,JTOMLIN-R,120,135,8,8
628,ARI,DHUDSON-R,-140,-155,8,8
628,KAN,FPAULINO-R,105,-112,7,6.5
628,SDG,CRICHARD-L,-125,-108,7,6.5
628,WAS,JMARQUIS-R,110,106,8,7.5
628,LAA,JPINEIRO-R,-130,-126,8,7.5
628,MIA,JVAZQUEZ-R,150,142,7.5,7
628,OAK,GGONZALEZ-L,-170,-162,7.5,7
628,ATL,THANSON-R,-105,-109,5.5,6
628,SEA,MPINEDA-R,-115,-111,5.5,6
628,SFO,VOGELSONG-R,-145,-127,8.5,8.5
628,CUB,DDAVIS-L,125,107,8.5,8.5
629,SFO,TLINCECUM-R,-126,-137,6.5,6.5
629,CUB,RDEMPSTER-R,106,117,6.5,6.5
629,CIN,EVOLQUEZ-R,140,152,8,7.5
629,TAM,JSHIELDS-R,-160,-172,8,7.5
629,LOS,RDELARO-R,118,127,8,8
629,MIN,SBAKER-R,-138,-147,8,8
629,KAN,BCHEN-L,125,118,7,6.5
629,SDG,TSTAUFFER-R,-145,-138,7,6.5
629,ATL,DLOWE-R,120,129,6,6
629,SEA,FHERNANDZ-R,-140,-149,6,6
629,CLE,CCARRASCO-R,-108,-108,9.5,9
629,ARI,ZDUKE-L,-112,-112,9.5,9
629,WAS,JZIMMERMN-R,125,116,6.5,6.5
629,LAA,DHAREN-R,-145,-136,6.5,6.5
629,NYM,CCAPUANO-L,110,101,9.5,9.5
629,DET,PCOKE-L,-130,-121,9.5,9.5
629,STL,CARPENTER-R,-133,-129,8.5,9
629,BAL,CJAKUBAUS-R,113,109,8.5,9
629,BOS,JLACKEY-R,102,-112,9.5,10
629,PHI,VWORLEY-R,-122,-108,9.5,10
629,PIT,PMAHOLM-L,139,160,8,8.5
629,TOR,BMORROW-R,-159,-180,8,8.5
629,MIL,SMARCUM-R,111,129,9,9.5
629,NYY,ABURNETT-R,-131,-149,9,9.5
629,TEX,CLEWIS-R,-138,-134,8.5,8.5
629,HOU,BMYERS-R,118,114,8.5,8.5
629,CWS,MBUEHRLE-L,130,126,9,9
629,COL,UJIMENEZ-R,-150,-146,9,9
629,MIA,RNOLASCO-R,-113,-106,7.5,7
629,OAK,GMOSCOSO-R,-107,-114,7.5,7
630,SFO,MCAIN-R,-120,-110,9,9
630,CUB,CZAMBRANO-R,100,-110,9,9
630,MIL,RWOLF-L,162,160,8.5,8.5
630,NYY,CSABATHIA-L,-182,-180,8.5,8.5
630,NYM,MPELFREY-R,185,200,7,7.5
630,DET,VERLANDER-R,-215,-230,7,7.5
630,BOS,JLESTER-L,105,105,7.5,7
630,PHI,CHAMELS-L,-125,-125,7.5,7
630,CWS,JPEAVY-R,-113,-105,9,9.5
630,COL,ACOOK-R,-107,-105,9,9.5
630,MIA,CVOLSTAD-R,136,135,7,7
630,OAK,TCAHILL-R,-156,-155,7,7
630,STL,JGARCIA-L,-126,-132,9.5,9
630,BAL,BMATUSZ-L,106,112,9.5,9
630,PIT,JKARSTENS-R,-109,128,8.5,8.5
630,TOR,BCECIL-L,-111,-148,8.5,8.5
630,TEX,MHARRISON-L,-130,-113,8,7.5
630,HOU,WRODRIGEZ-L,110,-107,8,7.5
701,PIT,CMORTON-R,113,127,8,8
701,WAS,GORZELANNY-L,-133,-147,8,8
701,PHI,KKENDRICK-R,125,125,8,9
701,TOR,RROMERO-L,-145,-145,8,9
701,CWS,EJACKSON-R,-113,-112,13,12.5
701,CUB,RWELLS-R,-107,-108,13,12.5
701,SFO,MBUMGARNR-L,-106,100,8.5,8
701,DET,BPENNY-R,-114,-120,8.5,8
701,CLE,MASTERSON-R,102,100,9,8.5
701,CIN,BARROYO-R,-122,-120,9,8.5
701,NYY,INOVA-R,-118,-108,9,8.5
701,NYM,JNIESE-L,-102,-112,9,8.5
701,STL,WESTBROOK-R,110,112,9,8.5
701,TAM,WDAVIS-R,-130,-132,9,8.5
701,BAL,JGUTHRIE-R,147,155,7,7.5
701,ATL,JJURRJENS-R,-167,-175,7,7.5
701,BOS,WAKEFIELD-R,-127,-130,8.5,8.5
701,HOU,BNORRIS-R,107,110,8.5,8.5
701,MIA,ASANCHEZ-R,152,132,8.5,8.5
701,TEX,AOGANDO-R,-172,-152,8.5,8.5
701,KAN,DDUFFY-L,135,133,10,10
701,COL,JNICASIO-R,-155,-153,10,10
701,MIL,YGALLARDO-R,-113,-118,7.5,7.5
701,MIN,FLIRIANO-L,-107,-102,7.5,7.5
701,ARI,JCOLLMENT-R,-105,-109,7,7
701,OAK,RHARDEN-R,-105,-111,7,7
701,LOS,HKURODA-R,-114,-104,7,7
701,LAA,TCHATWOOD-R,-106,-116,7,7
701,SDG,DMOSELEY-R,110,114,6.5,6.5
701,SEA,JVARGAS-L,-130,-134,6.5,6.5
702,PIT,BLINCOLN-R,140,155,8,8.5
702,WAS,JLANNAN-L,-160,-175,8,8.5
702,PHI,RHALLADAY-R,-160,-164,7,7.5
702,TOR,VILLANUEVA-R,140,144,7,7.5
702,NYY,BCOLON-R,-135,-122,8.5,8.5
702,NYM,DGEE-R,115,102,8.5,8.5
702,CWS,PHUMBER-R,-115,-105,8,8
702,CUB,MGARZA-R,-105,-115,8,8
702,BOS,AMILLER-L,-150,-153,9,9
702,HOU,JHAPP-L,130,133,9,9
702,SFO,BZITO-L,140,165,8.5,8.5
702,DET,MSCHERZER-R,-160,-185,8.5,8.5
702,STL,KMCCLELLA-R,100,106,9,8.5
702,TAM,JNIEMANN-R,-120,-126,9,8.5
702,BAL,JARRIETA-R,160,140,7.5,7.5
702,ATL,THUDSON-R,-180,-160,7.5,7.5
702,MIL,CNARVESON-L,-130,-111,8.5,8.5
702,MIN,CPAVANO-R,110,-109,8.5,8.5
702,CLE,FCARMONA-R,140,134,9,9
702,CIN,HBAILEY-R,-160,-154,9,9
702,MIA,BHAND-L,142,144,9.5,10.5
702,TEX,DHOLLAND-L,-162,-164,9.5,10.5
702,KAN,KDAVIES-R,200,124,9.5,10.5
702,COL,GREYNOLDS-R,-230,-144,9.5,10.5
702,ARI,JSAUNDERS-L,115,102,7.5,7.5
702,OAK,JOUTMAN-L,-135,-122,7.5,7.5
702,LOS,CKERSHAW-L,120,110,6,6
702,LAA,JERWEAVER-R,-140,-130,6,6
702,SDG,CLUEBKE-L,105,100,6.5,6
702,SEA,DFISTER-R,-125,-120,6.5,6
702,PIT,JMCDONALD-R,135,141,8,8.5
702,WAS,LHERNADEZ-R,-155,-161,8,8.5
703,PIT,KCORREIA-R,120,127,8.5,8.5
703,WAS,JMARQUIS-R,-140,-147,8.5,8.5
703,SFO,VOGELSONG-R,101,-102,7.5,8.5
703,DET,RPORCELLO-R,-121,-118,7.5,8.5
703,PHI,CLEE-L,-172,-182,7.5,8
703,TOR,JJREYES-L,152,162,7.5,8
703,NYY,FGARCIA-R,-122,-133,8.5,8.5
703,NYM,RDICKEY-R,102,113,8.5,8.5
703,CLE,MTALBOT-R,152,152,9.5,9
703,CIN,MLEAKE-R,-172,-172,9.5,9
703,BAL,ZBRITTON-L,139,137,7.5,7
703,ATL,BBEACHY-R,-159,-157,7.5,7
703,STL,KLOHSE-R,113,125,8,8
703,TAM,JHELLICKS-R,-133,-145,8,8
703,BOS,JBECKETT-R,-185,-200,8,8
703,HOU,JLYLES-R,165,170,8,8
703,MIL,ZGREINKE-R,-126,-116,8,8
703,MIN,NBLACKBUR-R,106,-104,8,8
703,CWS,GFLOYD-R,-135,-130,8.5,8
703,CUB,RLOPEZ-R,115,110,8.5,8
703,KAN,LHOCHEVAR-R,127,130,10,10
703,COL,JHAMMEL-R,-147,-150,10,10
703,LOS,BILLNGSLEY-R,119,124,7.5,7.5
703,LAA,ESANTANA-R,-139,-144,7.5,7.5
703,ARI,IKENNEDY-R,-103,-103,6.5,6.5
703,OAK,GGONZALEZ-L,-117,-117,6.5,6.5
703,SDG,MLATOS-R,-117,-120,6.5,6.5
703,SEA,BBEAVAN-R,-103,100,6.5,6.5
703,MIA,JVAZQUEZ-R,175,170,9.5,9
703,TEX,CWILSON-L,-195,-200,9.5,9
704,CUB,CCOLEMAN-R,120,158,7.5,8
704,WAS,JZIMMERMN-R,-140,-178,7.5,8
704,HOU,BMYERS-R,110,110,7.5,7.5
704,PIT,PMAHOLM-L,-130,-130,7.5,7.5
704,ARI,DHUDSON-R,110,-102,7.5,7
704,MIL,SMARCUM-R,-130,-118,7.5,7
704,SDG,CRICHARD-L,178,175,6.5,6
704,SFO,TLINCECUM-R,-198,-195,6.5,6
704,PHI,VWORLEY-R,-109,-110,8,8
704,MIA,RNOLASCO-R,-111,-110,8,8
704,CIN,JCUETO-R,-106,102,7.5,7
704,STL,CARPENTER-R,-114,-122,7.5,7
704,COL,UJIMENEZ-R,104,112,7,6.5
704,ATL,THANSON-R,-124,-132,7,6.5
704,NYM,CCAPUANO-L,-106,-103,7.5,7.5
704,LOS,RDELARO-R,-114,-117,7.5,7.5
704,TOR,BMORROW-R,110,128,9.5,9.5
704,BOS,JLACKEY-R,-130,-148,9.5,9.5
704,TAM,DPRICE-L,-155,-149,7.5,7.5
704,MIN,BDUENSING-L,135,129,7.5,7.5
704,SEA,MPINEDA-R,-119,-114,6.5,7
704,OAK,BMCCARTHY-R,-101,-106,6.5,7
704,NYY,ABURNETT-R,-125,-123,8.5,9
704,CLE,JTOMLIN-R,105,103,8.5,9
704,KAN,JFRANCIS-L,130,123,9,9
704,CWS,MBUEHRLE-L,-150,-143,9,9
704,BAL,CJAKUBAUS-R,165,170,10,10.5
704,TEX,CLEWIS-R,-185,-200,10,10.5
704,DET,CFURBUSH-L,-102,107,8,8.5
704,LAA,JPINEIRO-R,-118,-127,8,8.5
705,HOU,WRODRIGEZ-L,105,-106,7,7
705,PIT,JKARSTENS-R,-125,-114,7,7
705,CUB,RMORTIZ-R,120,105,9,9
705,WAS,RDETWILER-L,-140,-125,9,9
705,COL,JCHACIN-R,105,127,7.5,7
705,ATL,DLOWE-R,-125,-147,7.5,7
705,PHI,CHAMELS-L,-170,-144,7.5,7.5
705,MIA,CVOLSTAD-R,150,124,7.5,7.5
705,ARI,ZDUKE-L,152,130,9,9
705,MIL,RWOLF-L,-172,-150,9,9
705,CIN,EVOLQUEZ-R,135,115,8,8
705,STL,JGARCIA-L,-155,-135,8,8
705,NYM,MPELFREY-R,110,105,7,7.5
705,LOS,TLILLY-L,-130,-125,7,7.5
705,SDG,TSTAUFFER-R,145,128,6,6
705,SFO,MCAIN-R,-165,-148,6,6
705,NYY,CSABATHIA-L,-155,-160,8,7.5
705,CLE,CCARRASCO-R,135,140,8,7.5
705,TOR,BCECIL-L,179,200,9,9
705,BOS,JLESTER-L,-209,-230,9,9
705,BAL,MATKINS-R,180,175,11,11
705,TEX,MHARRISON-L,-210,-195,11,11
705,KAN,FPAULINO-R,140,125,8.5,8.5
705,CWS,JPEAVY-R,-160,-145,8.5,8.5
705,TAM,JSHIELDS-R,-114,-112,7,7.5
705,MIN,SBAKER-R,-106,-108,7,7.5
705,DET,VERLANDER-R,-130,-117,6,6
705,LAA,DHAREN-R,110,-103,6,6
705,SEA,FHERNANDZ-R,-105,-112,6,6.5
705,OAK,TCAHILL-R,-105,-108,6,6.5
706,ARI,JCOLLMENT-R,115,132,8.5,8
706,MIL,YGALLARDO-R,-135,-152,8.5,8
706,CUB,RWELLS-R,130,122,9,8.5
706,WAS,GORZELANNY-L,-150,-142,9,8.5
706,HOU,BNORRIS-R,-105,100,7.5,7
706,PIT,CMORTON-R,-115,-120,7.5,7
706,PHI,KKENDRICK-R,-101,113,8,7.5
706,MIA,ASANCHEZ-R,-119,-133,8,7.5
706,COL,ACOOK-R,170,170,7.5,7.5
706,ATL,JJURRJENS-R,-190,-200,7.5,7.5
706,CIN,BARROYO-R,100,110,9,8.5
706,STL,WESTBROOK-R,-120,-130,9,8.5
706,NYM,JNIESE-L,100,112,7,7
706,LOS,HKURODA-R,-120,-132,7,7
706,SDG,DMOSELEY-R,129,141,6.5,6.5
706,SFO,MBUMGARNR-L,-149,-161,6.5,6.5
706,TAM,WDAVIS-R,-101,-106,8,7.5
706,MIN,FLIRIANO-L,-119,-114,8,7.5
706,KAN,BCHEN-L,112,126,9,9
706,CWS,EJACKSON-R,-132,-146,9,9
706,DET,BPENNY-R,-104,100,8.5,9
706,LAA,TCHATWOOD-R,-116,-120,8.5,9
706,SEA,JVARGAS-L,-105,-103,6.5,7
706,OAK,GMOSCOSO-R,-115,-117,6.5,7
706,NYY,PHUGHES-R,-114,-108,9,8.5
706,CLE,MASTERSON-R,-106,-112,9,8.5
706,TOR,RROMERO-L,102,-103,9.5,10
706,BOS,WAKEFIELD-R,-122,-117,9.5,10
706,BAL,JGUTHRIE-R,170,158,9.5,9
706,TEX,AOGANDO-R,-190,-178,9.5,9
707,COL,JNICASIO-R,150,155,7.5,7.5
707,ATL,THUDSON-R,-170,-175,7.5,7.5
707,CUB,MGARZA-R,105,-105,8,7.5
707,WAS,LHERNADEZ-R,-125,-105,8,7.5
707,HOU,JHAPP-L,117,120,9,8.5
707,MIA,BHAND-L,-137,-140,9,8.5
707,CIN,HBAILEY-R,-102,-104,9,8.5
707,MIL,CNARVESON-L,-118,-116,9,8.5
707,ARI,JSAUNDERS-L,125,112,9,8.5
707,STL,KMCCLELLA-R,-145,-132,9,8.5
707,NYM,DGEE-R,120,135,6.5,6.5
707,LOS,CKERSHAW-L,-140,-155,6.5,6.5
707,SDG,CLUEBKE-L,-107,-112,6.5,6.5
707,SFO,BZITO-L,-113,-108,6.5,6.5
707,TAM,JNIEMANN-R,142,164,9.5,9.5
707,NYY,BCOLON-R,-162,-184,9.5,9.5
707,TOR,VILLANUEVA-R,-105,-108,8.5,8.5
707,CLE,ZMCALLIST-R,-105,-112,8.5,8.5
707,BAL,JARRIETA-R,132,138,10,10.5
707,BOS,AMILLER-L,-152,-158,10,10.5
707,DET,MSCHERZER-R,-130,-120,9.5,8.5
707,KAN,DDUFFY-L,110,100,9.5,8.5
707,MIN,CPAVANO-R,125,128,8,8
707,CWS,PHUMBER-R,-145,-148,8,8
707,SEA,DFISTER-R,149,166,6,6
707,LAA,JERWEAVER-R,-169,-186,6,6
707,OAK,RHARDEN-R,115,111,9.5,9.5
707,TEX,DHOLLAND-L,-135,-131,9.5,9.5
708,ATL,BBEACHY-R,155,135,7,6.5
708,PHI,RHALLADAY-R,-175,-155,7,6.5
708,CUB,RLOPEZ-R,115,104,8.5,8.5
708,PIT,JMCDONALD-R,-135,-124,8.5,8.5
708,COL,JHAMMEL-R,120,106,8,8.5
708,WAS,JLANNAN-L,-140,-126,8,8.5
708,HOU,JLYLES-R,115,137,9,8
708,MIA,JVAZQUEZ-R,-135,-157,9,8
708,CIN,MLEAKE-R,110,117,8.5,8
708,MIL,ZGREINKE-R,-130,-137,8.5,8
708,ARI,IKENNEDY-R,115,109,8,7.5
708,STL,KLOHSE-R,-135,-129,8,7.5
708,SDG,MLATOS-R,110,102,6.5,6.5
708,LOS,BILLNGSLEY-R,-130,-122,6.5,6.5
708,NYM,RDICKEY-R,125,122,6.5,6.5
708,SFO,VOGELSONG-R,-145,-142,6.5,6.5
708,TOR,JJREYES-L,100,-106,9.5,9.5
708,CLE,MTALBOT-R,-120,-114,9.5,9.5
708,BAL,ZBRITTON-L,190,180,8.5,8.5
708,BOS,JBECKETT-R,-220,-210,8.5,8.5
708,OAK,GGONZALEZ-L,135,127,8.5,8.5
708,TEX,CWILSON-L,-155,-147,8.5,8.5
708,MIN,NBLACKBUR-R,150,137,8.5,8.5
708,CWS,GFLOYD-R,-170,-157,8.5,8.5
708,DET,RPORCELLO-R,-135,-112,9.5,9.5
708,KAN,KDAVIES-R,115,-108,9.5,9.5
708,SEA,BBEAVAN-R,130,153,6.5,7.5
708,LAA,ESANTANA-R,-150,-173,6.5,7.5
709,ATL,THANSON-R,130,128,6.5,6.5
709,PHI,CLEE-L,-150,-148,6.5,6.5
709,NYM,CCAPUANO-L,150,156,6.5,6.5
709,SFO,TLINCECUM-R,-170,-176,6.5,6.5
709,COL,UJIMENEZ-R,-120,-123,7.5,8
709,WAS,JMARQUIS-R,100,103,7.5,8
709,CUB,RDEMPSTER-R,110,-106,8,7.5
709,PIT,KCORREIA-R,-130,-114,8,7.5
709,HOU,BMYERS-R,130,164,8,7.5
709,MIA,RNOLASCO-R,-150,-184,8,7.5
709,CIN,JCUETO-R,-110,-105,7.5,7.5
709,MIL,SMARCUM-R,-110,-105,7.5,7.5
709,ARI,DHUDSON-R,125,122,7.5,7
709,STL,CARPENTER-R,-145,-142,7.5,7
709,SDG,AHARANG-R,110,112,7,7
709,LOS,RDELARO-R,-130,-132,7,7
709,TAM,DPRICE-L,110,-114,8.5,8.5
709,NYY,ABURNETT-R,-130,-106,8.5,8.5
709,MIN,BDUENSING-L,135,123,8.5,8.5
709,CWS,MBUEHRLE-L,-155,-143,8.5,8.5
709,TOR,BMORROW-R,110,-107,8,8.5
709,CLE,JTOMLIN-R,-130,-113,8,8.5
709,DET,CFURBUSH-L,-110,-105,9,9
709,KAN,LHOCHEVAR-R,-110,-115,9,9
709,BAL,ASIMON-R,165,166,11,10.5
709,BOS,JLACKEY-R,-185,-186,11,10.5
709,OAK,BMCCARTHY-R,140,144,9,9
709,TEX,CLEWIS-R,-160,-164,9,9
709,SEA,MPINEDA-R,-125,-105,6.5,6.5
709,LAA,JPINEIRO-R,105,-105,6.5,6.5
710,HOU,WRODRIGEZ-L,102,122,8,8
710,MIA,CVOLSTAD-R,-122,-142,8,8
710,ATL,DLOWE-R,147,155,7,7
710,PHI,CHAMELS-L,-167,-175,7,7
710,CUB,RMORTIZ-R,114,103,8,8
710,PIT,PMAHOLM-L,-134,-123,8,8
710,COL,JCHACIN-R,116,112,7,7
710,WAS,JZIMMERMN-R,-136,-132,7,7
710,CIN,DWILLIS-L,120,120,9,9.5
710,MIL,RWOLF-L,-140,-140,9,9.5
710,ARI,ZDUKE-L,155,155,8.5,8.5
710,STL,JGARCIA-L,-175,-175,8.5,8.5
710,SDG,TSTAUFFER-R,-103,-112,6.5,6.5
710,LOS,TLILLY-L,-117,-108,6.5,6.5
710,NYM,MPELFREY-R,132,138,7,6.5
710,SFO,MCAIN-R,-152,-158,7,6.5
710,TOR,BCECIL-L,110,107,9,8.5
710,CLE,CCARRASCO-R,-130,-127,9,8.5
710,TAM,JSHIELDS-R,135,138,7.5,7
710,NYY,CSABATHIA-L,-155,-158,7.5,7
710,BAL,MATKINS-R,135,144,10.5,11
710,BOS,KWEILAND-R,-155,-164,10.5,11
710,DET,VERLANDER-R,-180,-169,7.5,7.5
710,KAN,JFRANCIS-L,160,149,7.5,7.5
710,MIN,ASWARZAK-R,145,135,8.5,9
710,CWS,JPEAVY-R,-165,-155,8.5,9
710,OAK,TCAHILL-R,125,125,9,9
710,TEX,MHARRISON-L,-145,-145,9,9
710,SEA,FHERNANDZ-R,105,119,6,6.5
710,LAA,DHAREN-R,-125,-139,6,6.5
714,MIA,ASANCHEZ-R,-106,-114,7.5,7.5
714,CUB,MGARZA-R,-114,-106,7.5,7.5
714,MIL,YGALLARDO-R,109,115,8.5,8.5
714,COL,UJIMENEZ-R,-129,-135,8.5,8.5
714,SFO,MBUMGARNR-L,-110,-112,6.5,6
714,SDG,AHARANG-R,-110,-108,6.5,6
714,CLE,MASTERSON-R,-120,-114,8.5,8.5
714,BAL,JGUTHRIE-R,100,-106,8.5,8.5
714,NYY,BCOLON-R,-150,-139,9.5,9.5
714,TOR,JJREYES-L,130,119,9.5,9.5
714,KAN,BCHEN-L,130,127,8,8
714,MIN,FLIRIANO-L,-150,-147,8,8
714,TEX,DHOLLAND-L,-105,-126,7,7
714,SEA,JVARGAS-L,-115,106,7,7
715,MIA,RNOLASCO-R,105,-107,8,7.5
715,CUB,RDEMPSTER-R,-125,-113,8,7.5
715,PHI,VWORLEY-R,-125,-110,7.5,8
715,NYM,RDICKEY-R,105,-110,7.5,8
715,STL,WESTBROOK-R,140,125,8.5,9
715,CIN,JCUETO-R,-160,-145,8.5,9
715,WAS,LHERNADEZ-R,170,148,7.5,7.5
715,ATL,THUDSON-R,-190,-168,7.5,7.5
715,PIT,JKARSTENS-R,-105,-110,7.5,7.5
715,HOU,BMYERS-R,-115,-110,7.5,7.5
715,MIL,CNARVESON-L,115,105,9.5,10.5
715,COL,JNICASIO-R,-135,-125,9.5,10.5
715,LOS,CKERSHAW-L,-125,-133,8,8
715,ARI,JSAUNDERS-L,105,113,8,8
715,SFO,TLINCECUM-R,-150,-144,6,5.5
715,SDG,DMOSELEY-R,130,124,6,5.5
715,CLE,JTOMLIN-R,-105,-110,8.5,9
715,BAL,JARRIETA-R,-115,-110,8.5,9
715,CWS,GFLOYD-R,180,180,7,7.5
715,DET,VERLANDER-R,-210,-210,7,7.5
715,NYY,FGARCIA-R,-110,-108,9,9
715,TOR,BMORROW-R,-110,-112,9,9
715,BOS,AMILLER-L,130,135,8,8
715,TAM,DPRICE-L,-150,-155,8,8
715,KAN,LHOCHEVAR-R,115,105,9,9
715,MIN,NBLACKBUR-R,-135,-125,9,9
715,LAA,DHAREN-R,-130,-125,6.5,6.5
715,OAK,BMCCARTHY-R,110,105,6.5,6.5
715,TEX,CLEWIS-R,-130,-125,7,6.5
715,SEA,DFISTER-R,110,105,7,6.5
716,MIA,JVAZQUEZ-R,-103,-111,8.5,8.5
716,CUB,CZAMBRANO-R,-117,-109,8.5,8.5
716,PHI,CHAMELS-L,-150,-142,7,7
716,NYM,JNIESE-L,130,122,7,7
716,PIT,PMAHOLM-L,100,106,7.5,7
716,HOU,BNORRIS-R,-120,-126,7.5,7
716,STL,CARPENTER-R,-115,-126,8.5,8.5
716,CIN,BARROYO-R,-105,106,8.5,8.5
716,WAS,JLANNAN-L,170,156,7,7
716,ATL,THANSON-R,-190,-176,7,7
716,MIL,ZGREINKE-R,115,102,9,9.5
716,COL,JCHACIN-R,-135,-122,9,9.5
716,LOS,HKURODA-R,115,114,8,8
716,ARI,IKENNEDY-R,-135,-134,8,8
716,SFO,BZITO-L,110,115,6,5.5
716,SDG,CLUEBKE-L,-130,-135,6,5.5
716,NYY,CSABATHIA-L,-140,-153,7.5,8
716,TOR,RROMERO-L,120,133,7.5,8
716,LAA,JERWEAVER-R,-125,-118,6,6
716,OAK,TCAHILL-R,105,-102,6,6
716,LAA,ESANTANA-R,-115,-108,7,7
716,OAK,RHARDEN-R,-105,-112,7,7
716,BOS,JLACKEY-R,125,121,8.5,8
716,TAM,JSHIELDS-R,-145,-141,8.5,8
716,CWS,EJACKSON-R,130,120,8.5,8.5
716,DET,MSCHERZER-R,-150,-140,8.5,8.5
716,CLE,CCARRASCO-R,-125,-117,9.5,9.5
716,BAL,ASIMON-R,105,-103,9.5,9.5
716,KAN,JFRANCIS-L,120,106,8.5,8.5
716,MIN,CPAVANO-R,-140,-126,8.5,8.5
716,TEX,CWILSON-L,-105,-110,6,6
716,SEA,FHERNANDZ-R,-115,-110,6,6
717,STL,JGARCIA-L,-112,-107,8.5,9
717,CIN,HBAILEY-R,-108,-113,8.5,9
717,PHI,KKENDRICK-R,-113,-110,8,8.5
717,NYM,MPELFREY-R,-107,-110,8,8.5
717,WAS,GORZELANNY-L,168,147,7,7.5
717,ATL,JJURRJENS-R,-188,-167,7,7.5
717,PIT,KCORREIA-R,104,108,7.5,7
717,HOU,WRODRIGEZ-L,-124,-128,7.5,7
717,MIA,CVOLSTAD-R,-108,-113,10.5,10.5
717,CUB,RWELLS-R,-112,-107,10.5,10.5
717,MIL,SMARCUM-R,-113,-107,9.5,10.5
717,COL,ACOOK-R,-107,-113,9.5,10.5
717,SFO,MCAIN-R,-110,-107,5.5,5.5
717,SDG,MLATOS-R,-110,-113,5.5,5.5
717,LOS,TLILLY-L,127,135,8,9
717,ARI,DHUDSON-R,-147,-155,8,9
717,CWS,PHUMBER-R,-107,-105,8.5,9
717,DET,BPENNY-R,-113,-115,8.5,9
717,NYY,PHUGHES-R,-110,-122,9,9.5
717,TOR,VILLANUEVA-R,-110,102,9,9.5
717,CLE,JGOMEZ-R,-113,-105,9.5,10.5
717,BAL,MATKINS-R,-107,-105,9.5,10.5
717,KAN,FPAULINO-R,106,113,8.5,8.5
717,MIN,BDUENSING-L,-126,-133,8.5,8.5
717,LAA,JPINEIRO-R,118,116,7,7
717,OAK,GGONZALEZ-L,-138,-136,7,7
717,TEX,MHARRISON-L,-122,-138,7,7.5
717,SEA,BBEAVAN-R,102,118,7,7.5
717,BOS,JBECKETT-R,-133,-141,8,8
717,TAM,JNIEMANN-R,113,121,8,8
718,CIN,DWILLIS-L,-105,-113,8.5,9
718,PIT,CMORTON-R,-115,-107,8.5,9
718,WAS,JMARQUIS-R,-120,-118,8,8
718,HOU,JLYLES-R,100,-102,8,8
718,PHI,RHALLADAY-R,-200,-210,8.5,8.5
718,CUB,RLOPEZ-R,170,180,8.5,8.5
718,ATL,DLOWE-R,-105,107,9.5,10
718,COL,JHAMMEL-R,-115,-127,9.5,10
718,MIL,RWOLF-L,105,102,9,9
718,ARI,JCOLLMENT-R,-125,-122,9,9
718,LOS,BILLNGSLEY-R,115,110,6.5,6.5
718,SFO,VOGELSONG-R,-135,-130,6.5,6.5
718,BOS,WAKEFIELD-R,-150,-125,10,10
718,BAL,BBERGESEN-R,130,105,10,10
718,NYY,ABURNETT-R,-125,-138,9,8.5
718,TAM,ACOBB-R,105,118,9,8.5
718,CLE,FCARMONA-R,105,-105,9,9
718,MIN,SDIAMOND-L,-125,-105,9,9
718,CWS,MBUEHRLE-L,-130,-125,9.5,9
718,KAN,KDAVIES-R,110,105,9.5,9
718,CLE,DHUFF-L,135,123,8.5,9
718,MIN,ASWARZAK-R,-155,-143,8.5,9
718,MIA,CHENSLEY-R,125,100,8,8
718,NYM,CCAPUANO-L,-145,-120,8,8
719,CIN,MLEAKE-R,-125,-115,8.5,8.5
719,PIT,JMCDONALD-R,105,-105,8.5,8.5
719,SDG,TSTAUFFER-R,120,139,7,7
719,MIA,ASANCHEZ-R,-140,-159,7,7
719,STL,KLOHSE-R,105,-110,8,8
719,NYM,DGEE-R,-125,-110,8,8
719,PHI,CLEE-L,-155,-145,7.5,7
719,CUB,MGARZA-R,135,125,7.5,7
719,WAS,JZIMMERMN-R,-145,-148,7.5,7.5
719,HOU,JHAPP-L,125,128,7.5,7.5
719,ATL,BBEACHY-R,120,118,8.5,9
719,COL,UJIMENEZ-R,-140,-138,8.5,9
719,MIL,YGALLARDO-R,-125,-118,9,9
719,ARI,BENRIGHT-R,105,-102,9,9
719,LOS,RDELARO-R,130,115,6.5,6.5
719,SFO,MBUMGARNR-L,-150,-135,6.5,6.5
719,SEA,MPINEDA-R,-110,100,8,7.5
719,TOR,BCECIL-L,-110,-120,8,7.5
719,OAK,GMOSCOSO-R,125,116,8.5,9
719,DET,RPORCELLO-R,-145,-136,8.5,9
719,BOS,KWEILAND-R,-125,-116,9.5,10
719,BAL,JGUTHRIE-R,105,-104,9.5,10
719,NYY,BCOLON-R,-120,-108,8.5,8.5
719,TAM,JHELLICKS-R,100,-112,8.5,8.5
719,CLE,MASTERSON-R,105,110,8,7.5
719,MIN,FLIRIANO-L,-125,-130,8,7.5
719,CWS,JPEAVY-R,-120,-108,9,8.5
719,KAN,DDUFFY-L,100,-112,9,8.5
719,TEX,AOGANDO-R,-140,-147,7.5,8
719,LAA,TCHATWOOD-R,120,127,7.5,8
720,CIN,JCUETO-R,-120,-126,7,7.5
720,PIT,JKARSTENS-R,100,106,7,7.5
720,WAS,LHERNADEZ-R,100,-110,8,8
720,HOU,BMYERS-R,-120,-110,8,8
720,PHI,VWORLEY-R,-106,-114,11.5,11
720,CUB,RDEMPSTER-R,-114,-106,11.5,11
720,LOS,CKERSHAW-L,115,104,5.5,5.5
720,SFO,TLINCECUM-R,-135,-124,5.5,5.5
720,SDG,AHARANG-R,115,149,7,7
720,MIA,RNOLASCO-R,-135,-169,7,7
720,STL,KMCCLELLA-R,100,104,8.5,8.5
720,NYM,RDICKEY-R,-120,-124,8.5,8.5
720,ATL,THUDSON-R,-115,-110,9,9
720,COL,JNICASIO-R,-105,-110,9,9
720,MIL,CNARVESON-L,100,-104,9,9
720,ARI,JSAUNDERS-L,-120,-116,9,9
720,BOS,AMILLER-L,-125,-125,10.5,10.5
720,BAL,JARRIETA-R,105,105,10.5,10.5
720,CLE,JTOMLIN-R,100,-114,8.5,9
720,MIN,NBLACKBUR-R,-120,-106,8.5,9
720,OAK,BMCCARTHY-R,106,105,9,9
720,DET,DBELOW-L,-126,-125,9,9
720,SEA,JVARGAS-L,135,152,7.5,7.5
720,TOR,BMORROW-R,-155,-172,7.5,7.5
720,NYY,FGARCIA-R,130,125,7.5,7.5
720,TAM,DPRICE-L,-150,-145,7.5,7.5
720,CWS,JDANKS-L,-125,-112,9,8.5
720,KAN,BCHEN-L,105,-108,9,8.5
720,TEX,DHOLLAND-L,125,103,7,7
720,LAA,DHAREN-R,-145,-123,7,7
721,STL,WESTBROOK-R,100,-102,8,9
721,NYM,JNIESE-L,-120,-118,8,9
721,SDG,DMOSELEY-R,130,152,8,7.5
721,MIA,JVAZQUEZ-R,-150,-172,8,7.5
721,ATL,THANSON-R,-105,-110,8.5,8.5
721,COL,JCHACIN-R,-115,-110,8.5,8.5
721,MIL,ZGREINKE-R,100,-105,8.5,8.5
721,ARI,IKENNEDY-R,-120,-105,8.5,8.5
721,SEA,DFISTER-R,155,154,7.5,7.5
721,TOR,RROMERO-L,-175,-174,7.5,7.5
721,TEX,CWILSON-L,105,-101,6.5,6.5
721,LAA,JERWEAVER-R,-125,-119,6.5,6.5
721,NYY,CSABATHIA-L,-140,-140,7,7
721,TAM,JSHIELDS-R,120,120,7,7
721,DET,VERLANDER-R,-165,-164,7.5,7.5
721,MIN,CPAVANO-R,145,144,7.5,7.5
722,HOU,BNORRIS-R,130,132,8.5,9
722,CUB,CZAMBRANO-R,-150,-152,8.5,9
722,STL,CARPENTER-R,-130,-139,7,7.5
722,PIT,PMAHOLM-L,110,119,7,7.5
722,SDG,CLUEBKE-L,170,169,7.5,7
722,PHI,CHAMELS-L,-190,-189,7.5,7
722,NYM,MPELFREY-R,110,104,8.5,9
722,MIA,CVOLSTAD-R,-130,-124,8.5,9
722,ATL,JJURRJENS-R,-125,-117,8,9
722,CIN,BARROYO-R,105,-103,8,9
722,COL,ACOOK-R,150,147,9,8.5
722,ARI,DHUDSON-R,-170,-167,9,8.5
722,WAS,JLANNAN-L,125,115,7,6.5
722,LOS,HKURODA-R,-145,-135,7,6.5
722,MIL,SMARCUM-R,115,115,6.5,6.5
722,SFO,MCAIN-R,-135,-135,6.5,6.5
722,LAA,ESANTANA-R,-120,-120,9,9
722,BAL,ASIMON-R,100,100,9,9
722,OAK,TCAHILL-R,145,152,8.5,9
722,NYY,PHUGHES-R,-165,-172,8.5,9
722,CWS,GFLOYD-R,100,-110,8.5,8.5
722,CLE,CCARRASCO-R,-120,-110,8.5,8.5
722,SEA,FHERNANDZ-R,115,129,8.5,8.5
722,BOS,JLACKEY-R,-135,-149,8.5,8.5
722,TOR,JJREYES-L,160,170,10,10.5
722,TEX,CLEWIS-R,-180,-200,10,10.5
722,TAM,WDAVIS-R,-115,-105,8.5,9.5
722,KAN,LHOCHEVAR-R,-105,-105,8.5,9.5
722,DET,MSCHERZER-R,-120,-110,8.5,8.5
722,MIN,BDUENSING-L,100,-110,8.5,8.5
723,HOU,WRODRIGEZ-L,-107,102,9,9
723,CUB,RWELLS-R,-113,-122,9,9
723,ATL,DLOWE-R,100,108,8.5,8.5
723,CIN,HBAILEY-R,-120,-128,8.5,8.5
723,SDG,MLATOS-R,120,115,8,8
723,PHI,KKENDRICK-R,-140,-135,8,8
723,STL,JGARCIA-L,-125,-136,7.5,7.5
723,PIT,KCORREIA-R,105,116,7.5,7.5
723,NYM,CCAPUANO-L,110,-102,8.5,8.5
723,MIA,CHENSLEY-R,-130,-118,8.5,8.5
723,COL,JHAMMEL-R,120,114,9,8.5
723,ARI,JCOLLMENT-R,-140,-134,9,8.5
723,MIL,RWOLF-L,114,112,6.5,7
723,SFO,VOGELSONG-R,-134,-132,6.5,7
723,WAS,GORZELANNY-L,113,104,7,7
723,LOS,TLILLY-L,-133,-124,7,7
723,OAK,RHARDEN-R,152,169,9.5,10
723,NYY,ABURNETT-R,-172,-189,9.5,10
723,DET,BPENNY-R,110,108,8.5,9
723,MIN,SBAKER-R,-130,-128,8.5,9
723,LAA,JPINEIRO-R,-113,-112,10,9.5
723,BAL,BBERGESEN-R,-107,-108,10,9.5
723,SEA,BBEAVAN-R,200,250,8.5,8.5
723,BOS,JBECKETT-R,-240,-300,8.5,8.5
723,TAM,JNIEMANN-R,-113,-118,9,9
723,KAN,JFRANCIS-L,-107,-102,9,9
723,TOR,VILLANUEVA-R,140,141,10,10
723,TEX,MHARRISON-L,-160,-161,10,10
724,ATL,BBEACHY-R,-125,-125,9,9
724,CIN,DWILLIS-L,105,105,9,9
724,NYM,DGEE-R,110,110,8,8.5
724,MIA,ASANCHEZ-R,-130,-130,8,8.5
724,STL,KLOHSE-R,-120,-114,8,8
724,PIT,CMORTON-R,100,-106,8,8
724,HOU,JLYLES-R,155,148,8.5,8.5
724,CUB,MGARZA-R,-175,-168,8.5,8.5
724,MIL,YGALLARDO-R,100,-110,7,7
724,SFO,MBUMGARNR-L,-120,-110,7,7
724,COL,UJIMENEZ-R,-145,-130,9,8.5
724,ARI,MOWINGS-R,125,110,9,8.5
724,WAS,JMARQUIS-R,120,115,7,7
724,LOS,BILLNGSLEY-R,-140,-135,7,7
724,SDG,TSTAUFFER-R,200,210,7,7
724,PHI,RHALLADAY-R,-230,-250,7,7
724,CWS,EJACKSON-R,115,113,8,7.5
724,CLE,MASTERSON-R,-135,-133,8,7.5
724,OAK,GGONZALEZ-L,145,143,9.5,9
724,NYY,BCOLON-R,-165,-163,9.5,9
724,LAA,TCHATWOOD-R,105,-105,9,9.5
724,BAL,JGUTHRIE-R,-125,-115,9,9.5
724,SEA,MPINEDA-R,125,135,9,9
724,BOS,WAKEFIELD-R,-145,-155,9,9
724,TAM,ACOBB-R,-115,-107,9.5,9
724,KAN,FPAULINO-R,-105,-113,9.5,9
724,DET,RPORCELLO-R,115,-105,8.5,8.5
724,MIN,FLIRIANO-L,-135,-115,8.5,8.5
724,TOR,BCECIL-L,170,180,9.5,9.5
724,TEX,AOGANDO-R,-200,-210,9.5,9.5
725,SDG,AHARANG-R,200,210,7,7.5
725,PHI,CLEE-L,-230,-250,7,7.5
725,PIT,JMCDONALD-R,168,175,7,7
725,ATL,THUDSON-R,-188,-195,7,7
725,NYM,RDICKEY-R,122,110,9,8.5
725,CIN,MLEAKE-R,-142,-130,9,8.5
725,HOU,JHAPP-L,157,169,8.5,8.5
725,STL,KMCCLELLA-R,-177,-189,8.5,8.5
725,COL,JNICASIO-R,-107,-106,7.5,7
725,LOS,RDELARO-R,-113,-114,7.5,7
725,SEA,JVARGAS-L,170,185,9,9.5
725,NYY,FGARCIA-R,-190,-215,9,9.5
725,LAA,DHAREN-R,-125,-132,7.5,7.5
725,CLE,FCARMONA-R,105,112,7.5,7.5
725,KAN,KDAVIES-R,230,250,9.5,9.5
725,BOS,JLESTER-L,-270,-300,9.5,9.5
725,MIN,NBLACKBUR-R,152,157,10,10
725,TEX,DHOLLAND-L,-172,-177,10,10
725,DET,DBELOW-L,125,114,9,9
725,CWS,MBUEHRLE-L,-145,-134,9,9
725,TAM,JHELLICKS-R,-109,-118,7.5,7.5
725,OAK,GMOSCOSO-R,-111,-102,7.5,7.5
726,MIA,RNOLASCO-R,135,105,7.5,7
726,WAS,JZIMMERMN-R,-155,-125,7.5,7
726,SFO,BZITO-L,100,135,7,8
726,PHI,VWORLEY-R,-120,-155,7,8
726,PIT,JKARSTENS-R,160,164,7,7
726,ATL,THANSON-R,-180,-184,7,7
726,NYM,JNIESE-L,145,121,8.5,8
726,CIN,JCUETO-R,-165,-141,8.5,8
726,CUB,RDEMPSTER-R,125,123,8.5,8
726,MIL,CNARVESON-L,-145,-143,8.5,8
726,HOU,BMYERS-R,150,158,8.5,8.5
726,STL,WESTBROOK-R,-170,-178,8.5,8.5
726,ARI,JSAUNDERS-L,105,-101,7,6.5
726,SDG,DMOSELEY-R,-125,-119,7,6.5
726,COL,JCHACIN-R,130,145,6,6
726,LOS,CKERSHAW-L,-150,-165,6,6
726,LAA,JERWEAVER-R,-140,-135,7,7
726,CLE,JTOMLIN-R,120,115,7,7
726,SEA,DFISTER-R,270,270,8,8
726,NYY,CSABATHIA-L,-320,-320,8,8
726,BAL,JARRIETA-R,160,153,8.5,8.5
726,TOR,BMORROW-R,-180,-173,8.5,8.5
726,KAN,DDUFFY-L,170,140,10.5,10
726,BOS,AMILLER-L,-200,-160,10.5,10
726,MIN,CPAVANO-R,180,190,9,9.5
726,TEX,CWILSON-L,-210,-220,9,9.5
726,DET,VERLANDER-R,-155,-147,7.5,7
726,CWS,JPEAVY-R,135,127,7.5,7
726,TAM,DPRICE-L,-145,-124,6.5,6.5
726,OAK,BMCCARTHY-R,125,104,6.5,6.5
727,MIA,JVAZQUEZ-R,100,-108,8.5,8.5
727,WAS,LHERNADEZ-R,-120,-112,8.5,8.5
727,SFO,MCAIN-R,148,140,7,7
727,PHI,CHAMELS-L,-168,-160,7,7
727,PIT,PMAHOLM-L,170,145,7,7
727,ATL,JJURRJENS-R,-190,-165,7,7
727,NYM,MPELFREY-R,110,126,9.5,9.5
727,CIN,BARROYO-R,-130,-146,9.5,9.5
727,CUB,CZAMBRANO-R,135,158,8,8
727,MIL,ZGREINKE-R,-155,-178,8,8
727,HOU,BNORRIS-R,170,170,7.5,7.5
727,STL,CARPENTER-R,-190,-200,7.5,7.5
727,ARI,IKENNEDY-R,110,-109,6,5.5
727,SDG,CLUEBKE-L,-130,-111,6,5.5
727,COL,ACOOK-R,150,126,7.5,7.5
727,LOS,HKURODA-R,-170,-146,7.5,7.5
727,LAA,ESANTANA-R,-115,-119,8,8
727,CLE,DHUFF-L,-105,-101,8,8
727,SEA,FHERNANDZ-R,130,122,8.5,8.5
727,NYY,PHUGHES-R,-150,-142,8.5,8.5
727,DET,MSCHERZER-R,105,-110,8.5,8.5
727,CWS,JDANKS-L,-125,-110,8.5,8.5
727,BAL,ASIMON-R,160,151,8.5,8.5
727,TOR,RROMERO-L,-180,-171,8.5,8.5
727,KAN,BCHEN-L,170,175,10.5,10
727,BOS,JLACKEY-R,-190,-195,10.5,10
727,MIN,BDUENSING-L,170,170,9.5,10
727,TEX,CLEWIS-R,-200,-200,9.5,10
727,TAM,JSHIELDS-R,-130,-130,6.5,6.5
727,OAK,TCAHILL-R,110,110,6.5,6.5
728,NYM,CCAPUANO-L,114,130,9,8.5
728,CIN,HBAILEY-R,-134,-150,9,8.5
728,MIA,BHAND-L,112,130,8.5,9
728,WAS,JLANNAN-L,-132,-150,8.5,9
728,CUB,RWELLS-R,152,162,8.5,8
728,MIL,SMARCUM-R,-172,-182,8.5,8
728,ARI,DHUDSON-R,-113,-107,6.5,6
728,SDG,MLATOS-R,-107,-113,6.5,6
728,SFO,TLINCECUM-R,-115,-123,7.5,7.5
728,PHI,KKENDRICK-R,-105,103,7.5,7.5
728,PIT,KCORREIA-R,134,138,7.5,7.5
728,ATL,DLOWE-R,-154,-158,7.5,7.5
728,HOU,WRODRIGEZ-L,165,175,7.5,7.5
728,STL,JGARCIA-L,-185,-195,7.5,7.5
728,LAA,JPINEIRO-R,100,113,9,9.5
728,DET,BPENNY-R,-120,-133,9,9.5
728,KAN,LHOCHEVAR-R,230,250,9,9
728,BOS,JBECKETT-R,-270,-290,9,9
728,TAM,WDAVIS-R,103,100,7.5,8
728,OAK,RHARDEN-R,-123,-120,7.5,8
728,BAL,BBERGESEN-R,132,147,9.5,9
728,TOR,VILLANUEVA-R,-152,-167,9.5,9
728,MIN,SBAKER-R,129,135,9.5,9.5
728,TEX,MHARRISON-L,-149,-155,9.5,9.5
729,NYM,DGEE-R,-114,-123,8.5,8.5
729,WAS,CWANG-R,-106,103,8.5,8.5
729,PIT,CMORTON-R,210,230,7,7
729,PHI,RHALLADAY-R,-250,-270,7,7
729,SFO,VOGELSONG-R,-112,-120,8.5,9
729,CIN,DWILLIS-L,-108,100,8.5,9
729,MIA,CHENSLEY-R,142,134,8,8
729,ATL,BBEACHY-R,-162,-154,8,8
729,HOU,JLYLES-R,152,155,8.5,8.5
729,MIL,RWOLF-L,-172,-175,8.5,8.5
729,CUB,MGARZA-R,102,116,8,7.5
729,STL,EJACKSON-R,-122,-136,8,7.5
729,COL,JHAMMEL-R,101,104,7,6.5
729,SDG,TSTAUFFER-R,-121,-124,7,6.5
729,ARI,JCOLLMENT-R,-106,-108,7,7
729,LOS,TLILLY-L,-114,-112,7,7
729,LAA,TCHATWOOD-R,110,120,9,9
729,DET,RPORCELLO-R,-130,-140,9,9
729,TEX,AOGANDO-R,-130,-134,8.5,8.5
729,TOR,BCECIL-L,110,114,8.5,8.5
729,KAN,JFRANCIS-L,110,108,8.5,8.5
729,CLE,CCARRASCO-R,-130,-128,8.5,8.5
729,BAL,JGUTHRIE-R,170,170,9.5,10
729,NYY,ABURNETT-R,-200,-200,9.5,10
729,BOS,WAKEFIELD-R,-113,-106,9.5,9
729,CWS,GFLOYD-R,-107,-114,9.5,9
729,MIN,FLIRIANO-L,113,123,6.5,7
729,OAK,GGONZALEZ-L,-133,-143,6.5,7
729,TAM,JNIEMANN-R,-114,-107,6.5,6.5
729,SEA,EBEDARD-L,-106,-113,6.5,6.5
730,CUB,RLOPEZ-R,160,152,8.5,8
730,STL,KLOHSE-R,-180,-172,8.5,8
730,PIT,JMCDONALD-R,210,210,7.5,7
730,PHI,CLEE-L,-250,-250,7.5,7
730,NYM,RDICKEY-R,-120,-120,8.5,9
730,WAS,YMAYA-R,100,100,8.5,9
730,MIA,ASANCHEZ-R,140,112,7,7
730,ATL,THUDSON-R,-160,-132,7,7
730,HOU,JHAPP-L,210,220,8.5,8.5
730,MIL,YGALLARDO-R,-250,-260,8.5,8.5
730,SFO,MBUMGARNR-L,105,-108,8.5,8
730,CIN,MLEAKE-R,-125,-112,8.5,8
730,COL,UJIMENEZ-R,-130,104,6,7
730,SDG,AHARANG-R,110,-124,6,7
730,ARI,MOWINGS-R,120,118,7,7.5
730,LOS,BILLNGSLEY-R,-140,-138,7,7.5
730,TEX,DHOLLAND-L,-130,-105,9.5,9
730,TOR,BMILLS-L,110,-105,9.5,9
730,BAL,CTILLMAN-R,195,200,10,9.5
730,NYY,BCOLON-R,-225,-240,10,9.5
730,TAM,ACOBB-R,-110,-108,6.5,6.5
730,SEA,MPINEDA-R,-110,-112,6.5,6.5
730,LAA,DHAREN-R,-140,-115,8.5,8.5
730,DET,JTURNER-R,120,-105,8.5,8.5
730,KAN,FPAULINO-R,140,131,8,7.5
730,CLE,MASTERSON-R,-160,-151,8,7.5
730,BOS,JLESTER-L,-155,-153,8.5,8
730,CWS,PHUMBER-R,135,133,8.5,8
730,MIN,NBLACKBUR-R,120,107,7.5,8.5
730,OAK,GMOSCOSO-R,-140,-127,7.5,8.5
730,BAL,ZBRITTON-L,170,158,10,10
730,NYY,INOVA-R,-200,-178,10,10
731,SFO,BZITO-L,145,133,8.5,8
731,CIN,JCUETO-R,-165,-153,8.5,8
731,PIT,JKARSTENS-R,170,166,8,8
731,PHI,VWORLEY-R,-200,-186,8,8
731,MIA,RNOLASCO-R,155,130,7.5,7.5
731,ATL,THANSON-R,-175,-150,7.5,7.5
731,NYM,JNIESE-L,110,-102,8,8
731,WAS,JZIMMERMN-R,-130,-118,8,8
731,HOU,BMYERS-R,170,169,8.5,8.5
731,MIL,CNARVESON-L,-200,-189,8.5,8.5
731,CUB,RDEMPSTER-R,130,139,8.5,8
731,STL,WESTBROOK-R,-150,-159,8.5,8
731,COL,JNICASIO-R,100,-107,7.5,7
731,SDG,WLEBLANC-L,-120,-113,7.5,7
731,ARI,JSAUNDERS-L,100,105,7.5,7.5
731,LOS,RDELARO-R,-120,-125,7.5,7.5
731,LAA,JERWEAVER-R,110,123,6.5,6.5
731,DET,VERLANDER-R,-130,-143,6.5,6.5
731,TEX,CWILSON-L,-125,-106,8.5,8
731,TOR,BMORROW-R,105,-114,8.5,8
731,KAN,DDUFFY-L,130,103,9.5,9
731,CLE,FCARMONA-R,-150,-123,9.5,9
731,BAL,JARRIETA-R,170,180,10,10
731,NYY,FGARCIA-R,-190,-210,10,10
731,BOS,AMILLER-L,100,-101,9.5,10
731,CWS,MBUEHRLE-L,-120,-119,9.5,10
731,MIN,CPAVANO-R,125,120,8,8
731,OAK,BMCCARTHY-R,-145,-140,8,8
731,TAM,JHELLICKS-R,-125,-127,7,7
731,SEA,JVARGAS-L,105,107,7,7
801,ATL,JJURRJENS-R,-138,-142,7.5,8
801,WAS,LHERNADEZ-R,118,122,7.5,8
801,CUB,CZAMBRANO-R,114,115,7.5,7.5
801,PIT,PMAHOLM-L,-134,-135,7.5,7.5
801,MIA,JVAZQUEZ-R,-103,-113,8,8
801,NYM,MPELFREY-R,-117,-107,8,8
801,CIN,BARROYO-R,-120,-137,8.5,8
801,HOU,BNORRIS-R,100,117,8.5,8
801,STL,CARPENTER-R,-103,109,8,7.5
801,MIL,ZGREINKE-R,-117,-129,8,7.5
801,PHI,CHAMELS-L,-130,-150,8,8
801,COL,JCHACIN-R,110,130,8,8
801,LOS,CKERSHAW-L,-124,-124,5.5,5.5
801,SDG,CLUEBKE-L,104,104,5.5,5.5
801,ARI,IKENNEDY-R,110,116,6,6
801,SFO,MCAIN-R,-130,-136,6,6
801,CLE,JTOMLIN-R,140,167,10,10.5
801,BOS,JLACKEY-R,-160,-187,10,10.5
801,NYY,CSABATHIA-L,-159,-181,7.5,7.5
801,CWS,JPEAVY-R,139,161,7.5,7.5
801,OAK,TCAHILL-R,-110,-128,6.5,7
801,SEA,BBEAVAN-R,-110,108,6.5,7
802,CUB,RWELLS-R,135,119,8.5,8.5
802,PIT,KCORREIA-R,-155,-139,8.5,8.5
802,ATL,DLOWE-R,-120,-110,7.5,8.5
802,WAS,JLANNAN-L,100,-110,7.5,8.5
802,MIA,BHAND-L,115,115,8.5,8.5
802,NYM,CCAPUANO-L,-135,-135,8.5,8.5
802,CIN,HBAILEY-R,-125,-129,7.5,7.5
802,HOU,WRODRIGEZ-L,105,109,7.5,7.5
802,STL,JGARCIA-L,120,-106,7.5,7.5
802,MIL,SMARCUM-R,-140,-114,7.5,7.5
802,PHI,KKENDRICK-R,-120,-115,10,10.5
802,COL,ACOOK-R,100,-105,10,10.5
802,LOS,HKURODA-R,-110,-108,6.5,6
802,SDG,MLATOS-R,-110,-112,6.5,6
802,ARI,DHUDSON-R,140,149,6,6
802,SFO,TLINCECUM-R,-160,-169,6,6
802,TEX,CLEWIS-R,100,-102,8.5,9
802,DET,MSCHERZER-R,-120,-118,8.5,9
802,CLE,DHUFF-L,200,220,9,9
802,BOS,JBECKETT-R,-240,-260,9,9
802,TOR,RROMERO-L,125,121,7,7.5
802,TAM,DPRICE-L,-145,-141,7,7.5
802,NYY,PHUGHES-R,-110,-107,9,9
802,CWS,JDANKS-L,-110,-113,9,9
802,BAL,ASIMON-R,115,125,9,9.5
802,KAN,BCHEN-L,-135,-145,9,9.5
802,MIN,BDUENSING-L,150,132,7.5,8
802,LAA,ESANTANA-R,-170,-152,7.5,8
802,OAK,RHARDEN-R,145,126,6,6.5
802,SEA,FHERNANDZ-R,-165,-146,6,6.5
803,ATL,BBEACHY-R,-170,-147,8.5,8.5
803,WAS,CWANG-R,150,127,8.5,8.5
803,STL,EJACKSON-R,110,-108,8.5,8.5
803,MIL,RWOLF-L,-130,-112,8.5,8.5
803,PHI,RHALLADAY-R,-200,-195,8,8
803,COL,JHAMMEL-R,170,175,8,8
803,ARI,JMARQUIS-R,130,144,7.5,7
803,SFO,VOGELSONG-R,-150,-164,7.5,7
803,CUB,MGARZA-R,-115,-108,7.5,7.5
803,PIT,CMORTON-R,-105,-112,7.5,7.5
803,CIN,DWILLIS-L,-135,-140,8.5,8.5
803,HOU,JLYLES-R,115,120,8.5,8.5
803,LOS,TLILLY-L,115,105,6.5,6.5
803,SDG,TSTAUFFER-R,-135,-125,6.5,6.5
803,OAK,GGONZALEZ-L,-140,-149,7,7
803,SEA,CFURBUSH-L,120,129,7,7
803,TEX,MHARRISON-L,-125,-107,9,9
803,DET,DFISTER-R,105,-113,9,9
803,CLE,CCARRASCO-R,170,155,10.5,10.5
803,BOS,WAKEFIELD-R,-190,-175,10.5,10.5
803,TOR,VILLANUEVA-R,140,137,7.5,7.5
803,TAM,JSHIELDS-R,-160,-157,7.5,7.5
803,BAL,JGUTHRIE-R,105,-105,9,9
803,KAN,LHOCHEVAR-R,-125,-115,9,9
803,NYY,ABURNETT-R,-120,-108,9,8.5
803,CWS,GFLOYD-R,100,-112,9,8.5
803,MIN,SBAKER-R,100,-107,8,8
803,LAA,JPINEIRO-R,-120,-113,8,8
804,CUB,RLOPEZ-R,135,135,9,8
804,PIT,JMCDONALD-R,-155,-155,9,8
804,STL,KLOHSE-R,100,-110,8.5,8.5
804,MIA,CHENSLEY-R,-120,-110,8.5,8.5
804,WAS,RDETWILER-L,120,112,10,10.5
804,COL,EROGERS-R,-140,-132,10,10.5
804,PHI,CLEE-L,-145,-133,6.5,6
804,SFO,MBUMGARNR-L,125,113,6.5,6
804,TOR,BCECIL-L,100,-108,8.5,8.5
804,TAM,WDAVIS-R,-120,-112,8.5,8.5
804,TEX,AOGANDO-R,-145,-149,9,8.5
804,DET,BPENNY-R,125,129,9,8.5
804,CLE,MASTERSON-R,150,138,9,9
804,BOS,EBEDARD-L,-170,-158,9,9
804,NYY,INOVA-R,-120,-114,9,9
804,CWS,PHUMBER-R,100,-106,9,9
804,BAL,ZBRITTON-L,125,112,9,9
804,KAN,JFRANCIS-L,-145,-132,9,9
804,MIN,FLIRIANO-L,100,144,7.5,7.5
804,LAA,DHAREN-R,-120,-164,7.5,7.5
805,CIN,MLEAKE-R,-130,-109,8,8
805,CUB,RDEMPSTER-R,110,-111,8,8
805,SDG,AHARANG-R,135,115,7.5,7.5
805,PIT,JKARSTENS-R,-155,-135,7.5,7.5
805,ATL,THUDSON-R,-120,-117,7.5,7.5
805,NYM,RDICKEY-R,100,-103,7.5,7.5
805,STL,WESTBROOK-R,120,-108,8.5,8.5
805,MIA,ASANCHEZ-R,-140,-112,8.5,8.5
805,MIL,YGALLARDO-R,-200,-210,8.5,8
805,HOU,JHAPP-L,170,180,8.5,8
805,WAS,JZIMMERMN-R,110,111,9,9
805,COL,JNICASIO-R,-130,-131,9,9
805,LOS,BILLNGSLEY-R,120,113,8.5,8.5
805,ARI,JCOLLMENT-R,-140,-133,8.5,8.5
805,PHI,VWORLEY-R,-125,-112,6.5,7
805,SFO,JSANCHEZ-L,105,-108,6.5,7
805,TOR,BMILLS-L,-120,-112,9.5,9.5
805,BAL,THUNTER-R,100,-108,9.5,9.5
805,NYY,BCOLON-R,145,128,9.5,9
805,BOS,JLESTER-L,-165,-148,9.5,9
805,OAK,GMOSCOSO-R,130,151,8.5,8.5
805,TAM,JNIEMANN-R,-150,-171,8.5,8.5
805,CLE,UJIMENEZ-R,115,133,9,9
805,TEX,DHOLLAND-L,-135,-153,9,9
805,CWS,MBUEHRLE-L,-120,-107,8.5,8.5
805,MIN,NBLACKBUR-R,100,-113,8.5,8.5
805,DET,RPORCELLO-R,-120,-106,9,9
805,KAN,FPAULINO-R,100,-114,9,9
805,SEA,JVARGAS-L,200,220,6.5,6.5
805,LAA,JERWEAVER-R,-240,-260,6.5,6.5
806,CIN,JCUETO-R,-150,-126,7.5,7.5
806,CUB,CZAMBRANO-R,130,106,7.5,7.5
806,PHI,CHAMELS-L,-135,-122,6.5,6.5
806,SFO,MCAIN-R,115,102,6.5,6.5
806,MIL,CNARVESON-L,-155,-148,8.5,8.5
806,HOU,BMYERS-R,135,128,8.5,8.5
806,SDG,CLUEBKE-L,110,-110,7.5,7.5
806,PIT,PMAHOLM-L,-130,-110,7.5,7.5
806,STL,CARPENTER-R,-130,-127,8,7.5
806,MIA,RNOLASCO-R,110,107,8,7.5
806,ATL,THANSON-R,-130,-108,7.5,7.5
806,NYM,JNIESE-L,110,-112,7.5,7.5
806,WAS,LHERNADEZ-R,160,147,9,9
806,COL,JCHACIN-R,-180,-167,9,9
806,LOS,NEOVALDI-R,126,126,9,9.5
806,ARI,JSAUNDERS-L,-146,-146,9,9.5
806,NYY,CSABATHIA-L,-165,-153,9,9.5
806,BOS,JLACKEY-R,145,133,9,9.5
806,TOR,BMORROW-R,-150,-142,9,9.5
806,BAL,CTILLMAN-R,130,122,9,9.5
806,CWS,ZSTEWART-R,-120,108,8.5,9
806,MIN,CPAVANO-R,100,-128,8.5,9
806,DET,VERLANDER-R,-200,-183,8,7.5
806,KAN,DDUFFY-L,170,163,8,7.5
806,OAK,BMCCARTHY-R,140,115,8,8
806,TAM,ACOBB-R,-160,-135,8,8
806,CLE,FCARMONA-R,180,180,9.5,10
806,TEX,CWILSON-L,-210,-210,9.5,10
806,SEA,BBEAVAN-R,130,128,7.5,7.5
806,LAA,TCHATWOOD-R,-150,-148,7.5,7.5
807,ATL,MMINOR-L,103,-102,7.5,8
807,NYM,DGEE-R,-123,-118,7.5,8
807,STL,JGARCIA-L,-124,-123,8.5,8.5
807,MIA,JVAZQUEZ-R,104,103,8.5,8.5
807,SDG,MLATOS-R,-114,-110,8,7.5
807,PIT,KCORREIA-R,-106,-110,8,7.5
807,MIL,ZGREINKE-R,-166,-168,7.5,7
807,HOU,BNORRIS-R,146,148,7.5,7
807,CIN,BARROYO-R,-113,-105,10,10
807,CUB,RWELLS-R,-107,-105,10,10
807,WAS,JLANNAN-L,-103,100,10,10.5
807,COL,ACOOK-R,-117,-120,10,10.5
807,PHI,ROSWALT-R,117,123,6.5,6.5
807,SFO,TLINCECUM-R,-137,-143,6.5,6.5
807,LOS,CKERSHAW-L,-111,-105,7.5,7
807,ARI,IKENNEDY-R,-109,-105,7.5,7
807,TOR,RROMERO-L,-133,-142,8.5,8.5
807,BAL,ASIMON-R,113,122,8.5,8.5
807,OAK,TCAHILL-R,152,148,7.5,7.5
807,TAM,DPRICE-L,-172,-168,7.5,7.5
807,DET,MSCHERZER-R,-125,-125,9,9
807,KAN,BCHEN-L,105,105,9,9
807,CWS,JPEAVY-R,-115,-106,8,8.5
807,MIN,BDUENSING-L,-105,-114,8,8.5
807,SEA,FHERNANDZ-R,-103,105,6.5,6.5
807,LAA,ESANTANA-R,-117,-125,6.5,6.5
807,CLE,JTOMLIN-R,152,144,10,9.5
807,TEX,CLEWIS-R,-172,-164,10,9.5
807,NYY,FGARCIA-R,135,140,9,9
807,BOS,JBECKETT-R,-155,-160,9,9
808,ATL,DLOWE-R,-108,-113,8.5,8.5
808,MIA,BHAND-L,-112,-107,8.5,8.5
808,COL,JHAMMEL-R,139,119,9,9
808,CIN,HBAILEY-R,-159,-139,9,9
808,SDG,TSTAUFFER-R,-110,-109,7.5,7
808,NYM,MPELFREY-R,-110,-111,7.5,7
808,HOU,WRODRIGEZ-L,152,180,8,8
808,ARI,DHUDSON-R,-172,-210,8,8
808,PHI,RHALLADAY-R,-159,-158,6,6
808,LOS,HKURODA-R,139,138,6,6
808,PIT,CMORTON-R,143,165,6.5,7
808,SFO,VOGELSONG-R,-163,-185,6.5,7
808,CWS,JDANKS-L,-113,-125,8,8.5
808,BAL,JGUTHRIE-R,-107,105,8,8.5
808,KAN,LHOCHEVAR-R,145,135,8,8
808,TAM,JHELLICKS-R,-165,-155,8,8
808,SEA,CFURBUSH-L,190,200,9.5,9.5
808,TEX,MHARRISON-L,-220,-240,9.5,9.5
808,BOS,WAKEFIELD-R,-120,-105,9,9
808,MIN,SBAKER-R,100,-105,9,9
809,ATL,BBEACHY-R,-130,-128,8,8
809,MIA,CHENSLEY-R,110,108,8,8
809,SDG,WLEBLANC-L,120,114,8,8
809,NYM,CCAPUANO-L,-140,-134,8,8
809,COL,EROGERS-R,130,102,9.5,9.5
809,CIN,DWILLIS-L,-150,-122,9.5,9.5
809,WAS,CWANG-R,110,139,9.5,9.5
809,CUB,MGARZA-R,-130,-159,9.5,9.5
809,MIL,SMARCUM-R,105,-108,8.5,8
809,STL,EJACKSON-R,-125,-112,8.5,8
809,HOU,JLYLES-R,160,165,9,9
809,ARI,JMARQUIS-R,-180,-185,9,9
809,PHI,CLEE-L,-180,-169,6.5,6.5
809,LOS,TLILLY-L,160,149,6.5,6.5
809,PIT,JMCDONALD-R,160,155,7,7
809,SFO,MBUMGARNR-L,-180,-175,7,7
809,DET,DFISTER-R,115,107,7.5,7.5
809,CLE,MASTERSON-R,-135,-127,7.5,7.5
809,LAA,DHAREN-R,100,-101,8.5,8.5
809,NYY,ABURNETT-R,-120,-119,8.5,8.5
809,OAK,RHARDEN-R,125,118,9,8.5
809,TOR,BCECIL-L,-145,-138,9,8.5
809,CWS,GFLOYD-R,-150,-133,9,9
809,BAL,JJREYES-L,130,113,9,9
809,KAN,JFRANCIS-L,170,158,8,7.5
809,TAM,JSHIELDS-R,-200,-178,8,7.5
809,SEA,MPINEDA-R,170,168,8,8.5
809,TEX,AOGANDO-R,-190,-188,8,8.5
809,BOS,EBEDARD-L,-140,-134,8.5,8.5
809,MIN,FLIRIANO-L,120,114,8.5,8.5
810,PHI,VWORLEY-R,-132,-114,7,7
810,LOS,BILLNGSLEY-R,112,-106,7,7
810,PIT,JKARSTENS-R,125,136,7.5,7.5
810,SFO,JSANCHEZ-L,-145,-156,7.5,7.5
810,ATL,THUDSON-R,-120,-115,7.5,7.5
810,MIA,ASANCHEZ-R,100,-105,7.5,7.5
810,COL,KMILLWOOD-R,148,131,9.5,9
810,CIN,MLEAKE-R,-168,-151,9.5,9
810,SDG,AHARANG-R,116,125,8,8
810,NYM,RDICKEY-R,-136,-145,8,8
810,WAS,RDETWILER-L,-102,-105,9,9
810,CUB,RLOPEZ-R,-118,-105,9,9
810,MIL,RWOLF-L,-102,109,8.5,8.5
810,STL,WESTBROOK-R,-118,-129,8.5,8.5
810,HOU,HSOSA-R,178,190,9.5,9
810,ARI,JCOLLMENT-R,-198,-220,9.5,9
810,CWS,PHUMBER-R,-125,-112,9,8.5
810,BAL,THUNTER-R,105,-108,9,8.5
810,LAA,GRICHARDS-R,155,175,9,9.5
810,NYY,INOVA-R,-175,-195,9,9.5
810,OAK,GGONZALEZ-L,-110,-112,8.5,8.5
810,TOR,HALVAREZ-R,-110,-108,8.5,8.5
810,DET,RPORCELLO-R,125,108,8.5,8
810,CLE,UJIMENEZ-R,-145,-128,8.5,8
810,KAN,FPAULINO-R,116,113,8.5,8.5
810,TAM,WDAVIS-R,-136,-133,8.5,8.5
810,SEA,JVARGAS-L,178,190,9,9.5
810,TEX,DHOLLAND-L,-198,-220,9,9.5
810,BOS,JLESTER-L,-185,-189,8.5,8.5
810,MIN,NBLACKBUR-R,165,169,8.5,8.5
811,SDG,CLUEBKE-L,100,-111,7.5,7
811,NYM,JNIESE-L,-120,-109,7.5,7
811,COL,JCHACIN-R,125,120,8,7.5
811,CIN,JCUETO-R,-145,-140,8,7.5
811,MIL,YGALLARDO-R,110,105,7.5,7.5
811,STL,CARPENTER-R,-130,-125,7.5,7.5
811,HOU,BMYERS-R,170,167,9,9
811,ARI,JSAUNDERS-L,-190,-187,9,9
811,KAN,DDUFFY-L,155,169,8.5,8
811,TAM,JNIEMANN-R,-175,-189,8.5,8
811,OAK,GMOSCOSO-R,125,123,9,9
811,TOR,BMILLS-L,-145,-143,9,9
811,LAA,TCHATWOOD-R,170,185,9.5,9.5
811,NYY,BCOLON-R,-190,-215,9.5,9.5
811,DET,VERLANDER-R,-180,-174,7.5,7.5
811,CLE,FCARMONA-R,160,154,7.5,7.5
811,CWS,MBUEHRLE-L,-145,-122,8.5,8.5
811,BAL,CTILLMAN-R,125,102,8.5,8.5
811,WAS,JZIMMERMN-R,-105,-111,7.5,7.5
811,CUB,RDEMPSTER-R,-115,-109,7.5,7.5
812,WAS,LHERNADEZ-R,250,230,8,8
812,PHI,CHAMELS-L,-290,-270,8,8
812,SFO,MCAIN-R,-135,-112,7,7
812,MIA,RNOLASCO-R,115,-108,7,7
812,SDG,MLATOS-R,105,-112,8.5,8
812,CIN,BARROYO-R,-125,-108,8.5,8
812,CUB,CZAMBRANO-R,130,121,8,8.5
812,ATL,MMINOR-L,-150,-141,8,8.5
812,PIT,PMAHOLM-L,126,180,8,8
812,MIL,ZGREINKE-R,-146,-210,8,8
812,COL,ACOOK-R,140,134,9,8.5
812,STL,KLOHSE-R,-160,-154,9,8.5
812,NYM,DGEE-R,135,146,8.5,8.5
812,ARI,IKENNEDY-R,-155,-166,8.5,8.5
812,HOU,BNORRIS-R,135,134,7,7
812,LOS,NEOVALDI-R,-155,-154,7,7
812,MIN,CPAVANO-R,155,125,8,8
812,CLE,MASTERSON-R,-175,-145,8,8
812,TAM,DPRICE-L,170,157,8,8
812,NYY,CSABATHIA-L,-190,-177,8,8
812,DET,BPENNY-R,-125,-112,9.5,9.5
812,BAL,ASIMON-R,105,-108,9.5,9.5
812,LAA,ESANTANA-R,105,-105,8,8
812,TOR,BMORROW-R,-125,-115,8,8
812,KAN,BCHEN-L,130,113,9,9
812,CWS,ZSTEWART-R,-150,-133,9,9
812,TEX,CWILSON-L,-140,-127,7,7.5
812,OAK,BMCCARTHY-R,120,107,7,7.5
812,BOS,JLACKEY-R,-145,-153,8,8
812,SEA,BBEAVAN-R,125,133,8,8
813,COL,JHAMMEL-R,152,152,8.5,9
813,STL,JGARCIA-L,-172,-172,8.5,9
813,WAS,JLANNAN-L,185,149,8.5,8.5
813,PHI,ROSWALT-R,-215,-169,8.5,8.5
813,PIT,KCORREIA-R,139,144,8.5,8.5
813,MIL,MESTRADA-R,-159,-164,8.5,8.5
813,CUB,RWELLS-R,152,152,8.5,8.5
813,ATL,DLOWE-R,-172,-172,8.5,8.5
813,SFO,TLINCECUM-R,-147,-138,7,7
813,MIA,JVAZQUEZ-R,127,118,7,7
813,SDG,TSTAUFFER-R,110,115,8.5,8.5
813,CIN,HBAILEY-R,-130,-135,8.5,8.5
813,NYM,MPELFREY-R,144,145,8.5,8.5
813,ARI,DHUDSON-R,-164,-165,8.5,8.5
813,HOU,WRODRIGEZ-L,180,190,6,6
813,LOS,CKERSHAW-L,-210,-220,6,6
813,LAA,JERWEAVER-R,-113,-132,7,6.5
813,TOR,RROMERO-L,-107,112,7,6.5
813,TEX,CLEWIS-R,-113,-117,7.5,7.5
813,OAK,TCAHILL-R,-107,-103,7.5,7.5
813,TAM,JHELLICKS-R,118,132,9,9.5
813,NYY,PHUGHES-R,-138,-152,9,9.5
813,MIN,BDUENSING-L,122,106,8.5,7.5
813,CLE,JTOMLIN-R,-142,-126,8.5,7.5
813,DET,MSCHERZER-R,-130,-132,9,9
813,BAL,JGUTHRIE-R,110,112,9,9
813,KAN,LHOCHEVAR-R,139,126,8.5,8
813,CWS,JPEAVY-R,-159,-146,8.5,8
813,BOS,JBECKETT-R,-138,-145,6.5,6.5
813,SEA,FHERNANDZ-R,118,125,6.5,6.5
814,SDG,WLEBLANC-L,125,134,9,9
814,CIN,DWILLIS-L,-145,-154,9,9
814,SFO,VOGELSONG-R,-122,-144,8,8
814,MIA,CVOLSTAD-R,102,124,8,8
814,CUB,MGARZA-R,129,142,8,7.5
814,ATL,BBEACHY-R,-149,-162,8,7.5
814,PIT,CMORTON-R,165,165,8,8
814,MIL,SMARCUM-R,-185,-185,8,8
814,COL,EROGERS-R,135,129,9,8.5
814,STL,EJACKSON-R,-155,-149,9,8.5
814,HOU,JLYLES-R,175,190,7,7
814,LOS,HKURODA-R,-195,-220,7,7
814,NYM,CCAPUANO-L,116,115,10,9.5
814,ARI,JMARQUIS-R,-136,-135,10,9.5
814,LAA,DHAREN-R,-130,-125,7.5,7.5
814,TOR,BCECIL-L,110,105,7.5,7.5
814,DET,DFISTER-R,-145,-135,9.5,9.5
814,BAL,JJREYES-L,125,115,9.5,9.5
814,KAN,JFRANCIS-L,135,137,8.5,8
814,CWS,JDANKS-L,-155,-157,8.5,8
814,TEX,MHARRISON-L,-130,-123,8,7.5
814,OAK,RHARDEN-R,110,103,8,7.5
814,BOS,WAKEFIELD-R,-159,-155,8.5,8.5
814,SEA,CFURBUSH-L,139,135,8.5,8.5
815,STL,WESTBROOK-R,-135,-129,8.5,8.5
815,PIT,JMCDONALD-R,115,109,8.5,8.5
815,SFO,MBUMGARNR-L,145,123,7,6.5
815,ATL,THUDSON-R,-165,-143,7,6.5
815,CUB,RLOPEZ-R,-125,-128,9,8.5
815,HOU,HSOSA-R,105,108,9,8.5
815,LOS,TLILLY-L,145,136,8.5,8
815,MIL,RWOLF-L,-165,-156,8.5,8
815,MIA,CHENSLEY-R,125,120,10,10.5
815,COL,KMILLWOOD-R,-145,-140,10,10.5
815,NYM,RDICKEY-R,-115,-102,7,7
815,SDG,AHARANG-R,-105,-118,7,7
815,MIN,FLIRIANO-L,130,123,8.5,9
815,DET,RPORCELLO-R,-150,-143,8.5,9
815,NYY,ABURNETT-R,-155,-157,9.5,9.5
815,KAN,FPAULINO-R,135,137,9.5,9.5
815,BAL,THUNTER-R,155,150,7.5,7.5
815,OAK,GGONZALEZ-L,-175,-170,7.5,7.5
815,TEX,AOGANDO-R,-155,-171,8,8
815,LAA,GRICHARDS-R,135,151,8,8
815,TOR,HALVAREZ-R,135,110,7,7
815,SEA,MPINEDA-R,-155,-130,7,7
816,STL,CARPENTER-R,-160,-146,7.5,7.5
816,PIT,JKARSTENS-R,140,126,7.5,7.5
816,CIN,MLEAKE-R,-135,-114,8.5,8.5
816,WAS,CWANG-R,115,-106,8.5,8.5
816,ARI,JCOLLMENT-R,200,210,7.5,7
816,PHI,RHALLADAY-R,-230,-250,7.5,7
816,SFO,JSANCHEZ-L,115,121,8,8.5
816,ATL,RDELGADO-R,-135,-141,8,8.5
816,CUB,RDEMPSTER-R,-140,-143,8,7.5
816,HOU,BMYERS-R,120,123,8,7.5
816,LOS,BILLNGSLEY-R,160,142,7.5,8
816,MIL,YGALLARDO-R,-180,-162,7.5,8
816,MIA,ASANCHEZ-R,145,138,9,9
816,COL,JCHACIN-R,-165,-158,9,9
816,NYM,JNIESE-L,115,113,6.5,6.5
816,SDG,CLUEBKE-L,-135,-133,6.5,6.5
816,TAM,JSHIELDS-R,140,145,8,8
816,BOS,JLESTER-L,-160,-165,8,8
816,TAM,JNIEMANN-R,150,121,9,9
816,BOS,EBEDARD-L,-170,-141,9,9
816,MIN,NBLACKBUR-R,220,250,8,8
816,DET,VERLANDER-R,-260,-290,8,8
816,NYY,INOVA-R,-165,-158,9.5,9.5
816,KAN,DDUFFY-L,145,138,9.5,9.5
816,CLE,UJIMENEZ-R,110,-105,8,8
816,CWS,GFLOYD-R,-130,-105,8,8
816,BAL,BMATUSZ-L,135,110,8,8.5
816,OAK,GMOSCOSO-R,-155,-130,8,8.5
816,TEX,DHOLLAND-L,-140,-129,8.5,9
816,LAA,TCHATWOOD-R,120,109,8.5,9
816,TOR,BMILLS-L,-115,-107,7.5,8.5
816,SEA,JVARGAS-L,-105,-113,7.5,8.5
817,CUB,CCOLEMAN-R,100,-107,8,8
817,HOU,BNORRIS-R,-120,-113,8,8
817,NYM,DGEE-R,120,128,6.5,6.5
817,SDG,MLATOS-R,-140,-148,6.5,6.5
817,STL,KLOHSE-R,-120,-149,8,8.5
817,PIT,PMAHOLM-L,100,129,8,8.5
817,ARI,JSAUNDERS-L,200,200,7.5,7.5
817,PHI,CLEE-L,-240,-240,7.5,7.5
817,CIN,JCUETO-R,-132,-142,8,8
817,WAS,RDETWILER-L,112,122,8,8
817,SFO,MCAIN-R,118,112,7,7
817,ATL,JJURRJENS-R,-138,-132,7,7
817,LOS,NEOVALDI-R,165,175,7.5,7.5
817,MIL,ZGREINKE-R,-185,-195,7.5,7.5
817,MIA,RNOLASCO-R,-112,-104,9.5,9.5
817,COL,ACOOK-R,-108,-116,9.5,9.5
817,TAM,DPRICE-L,-104,-112,9,9.5
817,BOS,JLACKEY-R,-116,-108,9,9.5
817,BAL,ASIMON-R,133,141,8.5,8.5
817,OAK,BMCCARTHY-R,-153,-161,8.5,8.5
817,MIN,CPAVANO-R,120,120,9.5,9
817,DET,BPENNY-R,-140,-140,9.5,9
817,NYY,BCOLON-R,-162,-159,9.5,9.5
817,KAN,BCHEN-L,142,139,9.5,9.5
817,CLE,FCARMONA-R,125,123,8,8.5
817,CWS,MBUEHRLE-L,-145,-143,8,8.5
817,TEX,CWILSON-L,-114,-105,7.5,7.5
817,LAA,ESANTANA-R,-106,-105,7.5,7.5
817,TOR,BMORROW-R,-130,-155,7.5,7.5
817,SEA,BBEAVAN-R,110,135,7.5,7.5
818,LOS,CKERSHAW-L,-125,-118,7,7
818,MIL,MESTRADA-R,105,-102,7,7
818,ARI,IKENNEDY-R,135,112,8,8
818,PHI,VWORLEY-R,-155,-132,8,8
818,CIN,BARROYO-R,120,111,8.5,8
818,WAS,JZIMMERMN-R,-140,-131,8.5,8
818,SFO,TLINCECUM-R,-140,-121,7,7
818,ATL,MMINOR-L,120,101,7,7
818,MIA,JVAZQUEZ-R,125,-104,7,7
818,SDG,TSTAUFFER-R,-145,-116,7,7
818,NYY,CSABATHIA-L,-200,-220,8,8
818,MIN,BDUENSING-L,170,190,8,8
818,BOS,JBECKETT-R,-190,-170,8.5,8.5
818,KAN,LHOCHEVAR-R,170,150,8.5,8.5
818,CLE,MASTERSON-R,-130,-125,8,8
818,CWS,PHUMBER-R,110,105,8,8
818,TOR,RROMERO-L,-120,-113,6.5,7
818,OAK,TCAHILL-R,100,-107,6.5,7
818,TEX,CLEWIS-R,130,119,6.5,6.5
818,LAA,JERWEAVER-R,-150,-139,6.5,6.5
819,STL,JGARCIA-L,-155,-154,8.5,9
819,CUB,RWELLS-R,135,134,8.5,9
819,PHI,KKENDRICK-R,-160,-140,8.5,8.5
819,WAS,LHERNADEZ-R,140,120,8.5,8.5
819,CIN,HBAILEY-R,-145,-130,8.5,8.5
819,PIT,KCORREIA-R,125,110,8.5,8.5
819,MIL,SMARCUM-R,-155,-134,8,8
819,NYM,MPELFREY-R,135,114,8,8
819,ARI,DHUDSON-R,100,-104,7.5,7.5
819,ATL,DLOWE-R,-120,-116,7.5,7.5
819,SFO,VOGELSONG-R,-140,-139,7,7
819,HOU,WRODRIGEZ-L,120,119,7,7
819,LOS,HKURODA-R,-110,-106,9,9.5
819,COL,JHAMMEL-R,-110,-114,9,9.5
819,MIA,CVOLSTAD-R,115,105,7,7
819,SDG,WLEBLANC-L,-135,-125,7,7
819,CLE,JTOMLIN-R,120,117,8.5,9
819,DET,MSCHERZER-R,-140,-137,8.5,9
819,SEA,FHERNANDZ-R,-130,-105,7.5,7.5
819,TAM,WDAVIS-R,110,-105,7.5,7.5
819,NYY,PHUGHES-R,-175,-160,9,9
819,MIN,KSLOWEY-R,155,140,9,9
819,BOS,AMILLER-L,-140,-122,10,9.5
819,KAN,JFRANCIS-L,120,102,10,9.5
819,TEX,MHARRISON-L,-120,-116,8.5,8.5
819,CWS,JPEAVY-R,100,-104,8.5,8.5
819,TOR,BCECIL-L,-110,-112,7.5,8
819,OAK,RHARDEN-R,-110,-108,7.5,8
819,BAL,JJREYES-L,200,220,7.5,7.5
819,LAA,DHAREN-R,-240,-260,7.5,7.5
820,STL,EJACKSON-R,100,-112,8.5,8
820,CUB,MGARZA-R,-120,-108,8.5,8
820,LOS,TLILLY-L,110,-101,10,10
820,COL,EROGERS-R,-130,-119,10,10
820,SFO,MBUMGARNR-L,-165,-177,7.5,7
820,HOU,JLYLES-R,145,157,7.5,7
820,PHI,ROSWALT-R,-135,-135,8.5,8.5
820,WAS,JLANNAN-L,115,115,8.5,8.5
820,CIN,DWILLIS-L,-120,-106,8.5,9
820,PIT,CMORTON-R,100,-114,8.5,9
820,MIL,RWOLF-L,-135,-118,8,8
820,NYM,CCAPUANO-L,115,-102,8,8
820,ARI,WMILEY-L,170,140,8,7.5
820,ATL,BBEACHY-R,-190,-160,8,7.5
820,MIA,CHENSLEY-R,110,103,7,7
820,SDG,AHARANG-R,-130,-123,7,7
820,SEA,CFURBUSH-L,180,175,8.5,8
820,TAM,JHELLICKS-R,-210,-195,8.5,8
820,CLE,DHUFF-L,125,118,9,9
820,DET,DFISTER-R,-145,-138,9,9
820,BOS,WAKEFIELD-R,-140,-124,9.5,9
820,KAN,FPAULINO-R,120,104,9.5,9
820,NYY,ABURNETT-R,-155,-142,9,9
820,MIN,FLIRIANO-L,135,122,9,9
820,TEX,AOGANDO-R,-140,-127,8.5,8
820,CWS,JDANKS-L,120,107,8.5,8
820,TOR,HALVAREZ-R,140,115,8,8
820,OAK,GGONZALEZ-L,-160,-135,8,8
820,BAL,THUNTER-R,140,120,8.5,9
820,LAA,JPINEIRO-R,-160,-140,8.5,9
821,MIL,YGALLARDO-R,-140,-128,7.5,7.5
821,NYM,RDICKEY-R,120,108,7.5,7.5
821,ARI,JCOLLMENT-R,150,146,7.5,7.5
821,ATL,THUDSON-R,-170,-166,7.5,7.5
821,CIN,MLEAKE-R,-130,-110,8.5,8.5
821,PIT,JMCDONALD-R,110,-110,8.5,8.5
821,PHI,RHALLADAY-R,-230,-215,7.5,7.5
821,WAS,CWANG-R,200,185,7.5,7.5
821,SFO,DRUNZLER-L,-123,-132,8.5,8.5
821,HOU,HSOSA-R,103,112,8.5,8.5
821,LOS,BILLNGSLEY-R,-120,-106,9.5,10
821,COL,KMILLWOOD-R,100,-114,9.5,10
821,MIA,ASANCHEZ-R,120,110,6.5,6
821,SDG,CLUEBKE-L,-140,-130,6.5,6
821,STL,WESTBROOK-R,-130,-154,9,8.5
821,CUB,RLOPEZ-R,110,134,9,8.5
821,CLE,UJIMENEZ-R,110,-114,9,8.5
821,DET,RPORCELLO-R,-130,-106,9,8.5
821,SEA,MPINEDA-R,170,170,7,7
821,TAM,JSHIELDS-R,-190,-200,7,7
821,BOS,JLESTER-L,-230,-210,8.5,8
821,KAN,DDUFFY-L,200,180,8.5,8
821,NYY,INOVA-R,-175,-172,9.5,9
821,MIN,NBLACKBUR-R,155,152,9.5,9
821,TEX,DHOLLAND-L,-125,-119,9,9
821,CWS,GFLOYD-R,105,-101,9,9
821,BAL,BMATUSZ-L,135,122,9,9
821,LAA,JWILLIAMS-R,-155,-142,9,9
821,TOR,LPEREZ-L,115,112,8.5,8.5
821,OAK,GMOSCOSO-R,-135,-132,8.5,8.5
822,MIL,CNARVESON-L,-115,-118,8.5,8.5
822,PIT,JKARSTENS-R,-105,-102,8.5,8.5
822,MIL,ZGREINKE-R,-180,-200,8,8
822,PIT,BLINCOLN-R,160,170,8,8
822,NYM,DGEE-R,200,200,7.5,7.5
822,PHI,CLEE-L,-230,-240,7.5,7.5
822,ARI,JSAUNDERS-L,-125,-109,8.5,9
822,WAS,RDETWILER-L,105,-111,8.5,9
822,ATL,JJURRJENS-R,-135,-115,7.5,8
822,CUB,RDEMPSTER-R,115,-105,7.5,8
822,LOS,NEOVALDI-R,170,165,7,7
822,STL,CARPENTER-R,-190,-185,7,7
822,HOU,BMYERS-R,170,190,9,9
822,COL,JCHACIN-R,-200,-220,9,9
822,SEA,JVARGAS-L,140,147,8.5,8
822,CLE,FCARMONA-R,-160,-167,8.5,8
822,DET,VERLANDER-R,-150,-128,7,7
822,TAM,JNIEMANN-R,130,108,7,7
822,BOS,EBEDARD-L,125,129,9,8.5
822,TEX,CWILSON-L,-145,-149,9,8.5
822,BAL,ZBRITTON-L,115,119,8.5,8.5
822,MIN,CPAVANO-R,-135,-139,8.5,8.5
823,MIL,MESTRADA-R,-150,-135,8.5,8.5
823,PIT,ROHLENDOR-R,130,115,8.5,8.5
823,ARI,IKENNEDY-R,-120,100,7.5,7
823,WAS,JZIMMERMN-R,100,-120,7.5,7
823,NYM,JNIESE-L,170,167,8,8
823,PHI,VWORLEY-R,-200,-187,8,8
823,CIN,JCUETO-R,-145,-130,7.5,7
823,MIA,RNOLASCO-R,125,110,7.5,7
823,ATL,MMINOR-L,-145,-145,11,11
823,CUB,CCOLEMAN-R,125,125,11,11
823,LOS,CKERSHAW-L,-130,-110,7,7
823,STL,KLOHSE-R,110,-110,7,7
823,HOU,BNORRIS-R,130,152,9,9.5
823,COL,AWHITE-R,-150,-172,9,9.5
823,SDG,MLATOS-R,130,115,6,6
823,SFO,MCAIN-R,-150,-135,6,6
823,KAN,BCHEN-L,170,175,8.5,8.5
823,TOR,BMORROW-R,-190,-195,8.5,8.5
823,SEA,AVASQUEZ-L,139,136,9,9
823,CLE,ZMCALLIST-R,-159,-156,9,9
823,OAK,BMCCARTHY-R,170,180,9.5,9.5
823,NYY,BCOLON-R,-200,-210,9.5,9.5
823,DET,BPENNY-R,170,175,8,8
823,TAM,DPRICE-L,-200,-195,8,8
823,BOS,JLACKEY-R,140,122,10,10
823,TEX,CLEWIS-R,-160,-142,10,10
823,BAL,ASIMON-R,130,126,9,9
823,MIN,BDUENSING-L,-150,-146,9,9
823,CWS,MBUEHRLE-L,130,130,7,7
823,LAA,ESANTANA-R,-150,-150,7,7
823,SEA,BBEAVAN-R,200,180,7.5,7.5
823,CLE,MASTERSON-R,-230,-210,7.5,7.5
824,MIL,SMARCUM-R,-172,-182,8.5,8.5
824,PIT,ATHOMPSON-L,152,162,8.5,8.5
824,NYM,MPELFREY-R,175,161,9,9
824,PHI,KKENDRICK-R,-195,-181,9,9
824,LOS,HKURODA-R,120,140,7,7.5
824,STL,JGARCIA-L,-140,-160,7,7.5
824,HOU,WRODRIGEZ-L,130,153,9.5,9.5
824,COL,ACOOK-R,-150,-173,9.5,9.5
824,ARI,DHUDSON-R,-130,-112,8,8
824,WAS,LHERNADEZ-R,110,-108,8,8
824,CIN,BARROYO-R,-116,-115,9,8.5
824,MIA,CVOLSTAD-R,-104,-105,9,8.5
824,ATL,DLOWE-R,-140,-122,9,8.5
824,CUB,RWELLS-R,120,102,9,8.5
824,SDG,TSTAUFFER-R,165,162,6,6
824,SFO,TLINCECUM-R,-185,-182,6,6
824,SEA,FHERNANDZ-R,-113,-109,7,7
824,CLE,JTOMLIN-R,-107,-111,7,7
824,OAK,TCAHILL-R,200,250,8,9
824,NYY,CSABATHIA-L,-240,-290,8,9
824,KAN,LHOCHEVAR-R,170,158,8,8
824,TOR,RROMERO-L,-190,-178,8,8
824,DET,MSCHERZER-R,-113,-112,8.5,8.5
824,TAM,WDAVIS-R,-107,-108,8.5,8.5
824,BOS,JBECKETT-R,-113,-112,9,9.5
824,TEX,MHARRISON-L,-107,-108,9,9.5
824,BAL,JGUTHRIE-R,102,108,9,9
824,MIN,KSLOWEY-R,-122,-128,9,9
824,CWS,ZSTEWART-R,185,190,7,7
824,LAA,JERWEAVER-R,-215,-220,7,7
824,CIN,HBAILEY-R,-113,-110,8.5,8
824,MIA,JVAZQUEZ-R,-107,-110,8.5,8
825,ATL,BBEACHY-R,-130,-112,7.5,7
825,CUB,MGARZA-R,110,-108,7.5,7
825,ARI,WMILEY-L,125,113,8.5,9
825,WAS,JLANNAN-L,-145,-133,8.5,9
825,PIT,CMORTON-R,140,147,8,8
825,STL,EJACKSON-R,-160,-167,8,8
825,HOU,HSOSA-R,200,250,7.5,7.5
825,SFO,VOGELSONG-R,-230,-290,7.5,7.5
825,OAK,RHARDEN-R,170,200,9.5,9.5
825,NYY,PHUGHES-R,-200,-230,9.5,9.5
825,DET,DFISTER-R,130,149,8,7.5
825,TAM,JHELLICKS-R,-150,-169,8,7.5
825,BAL,JJREYES-L,150,150,9,8.5
825,MIN,FLIRIANO-L,-170,-170,9,8.5
825,KAN,JFRANCIS-L,155,146,9,9
825,TOR,BCECIL-L,-175,-166,9,9
825,BOS,AMILLER-L,150,132,10,10
825,TEX,AOGANDO-R,-170,-152,10,10
826,MIA,CHENSLEY-R,190,220,8.5,8.5
826,PHI,ROSWALT-R,-220,-260,8.5,8.5
826,ATL,THUDSON-R,-155,-136,7.5,7.5
826,NYM,CCAPUANO-L,135,116,7.5,7.5
826,WAS,CWANG-R,130,116,9,9.5
826,CIN,DWILLIS-L,-150,-136,9,9.5
826,CUB,RLOPEZ-R,170,156,8.5,9
826,MIL,RWOLF-L,-190,-176,8.5,9
826,PIT,JMCDONALD-R,145,154,8.5,8.5
826,STL,WESTBROOK-R,-165,-174,8.5,8.5
826,SDG,WLEBLANC-L,160,139,9,9
826,ARI,JCOLLMENT-R,-180,-159,9,9
826,COL,EROGERS-R,130,104,7.5,7.5
826,LOS,TLILLY-L,-150,-124,7.5,7.5
826,HOU,JHAPP-L,200,210,7.5,7.5
826,SFO,MBUMGARNR-L,-240,-250,7.5,7.5
826,NYY,ABURNETT-R,-160,-170,10,10
826,BAL,THUNTER-R,140,150,10,10
826,TAM,JSHIELDS-R,-150,-138,8,8.5
826,TOR,HALVAREZ-R,130,118,8,8.5
826,KAN,FPAULINO-R,130,139,9,8.5
826,CLE,UJIMENEZ-R,-150,-159,9,8.5
826,OAK,GGONZALEZ-L,125,130,10,9.5
826,BOS,WAKEFIELD-R,-145,-150,10,9.5
826,LAA,DHAREN-R,-120,-107,8.5,9
826,TEX,DHOLLAND-L,100,-113,8.5,9
826,DET,RPORCELLO-R,-105,-135,9,9.5
826,MIN,SDIAMOND-L,-115,115,9,9.5
826,CWS,JPEAVY-R,-150,-127,7,8
826,SEA,CFURBUSH-L,130,107,7,8
827,COL,KMILLWOOD-R,135,107,8,8.5
827,LOS,BILLNGSLEY-R,-155,-127,8,8.5
827,WAS,RDETWILER-L,125,131,9,9
827,CIN,MLEAKE-R,-145,-151,9,9
827,CUB,RDEMPSTER-R,170,161,8,7.5
827,MIL,YGALLARDO-R,-200,-181,8,7.5
827,PIT,BLINCOLN-R,200,210,7.5,7.5
827,STL,CARPENTER-R,-230,-250,7.5,7.5
827,SDG,AHARANG-R,135,121,9.5,9.5
827,ARI,JSAUNDERS-L,-155,-141,9.5,9.5
827,HOU,BMYERS-R,158,167,7,7
827,SFO,ESURKAMP-L,-178,-187,7,7
827,TAM,JNIEMANN-R,-110,-125,8.5,8.5
827,TOR,LPEREZ-L,-110,105,8.5,8.5
827,OAK,GGODFREY-R,210,210,9.5,9.5
827,BOS,EBEDARD-L,-250,-250,9.5,9.5
827,DET,VERLANDER-R,-200,-210,7.5,7
827,MIN,CPAVANO-R,170,180,7.5,7
827,KAN,DDUFFY-L,135,124,9,8.5
827,CLE,FCARMONA-R,-155,-144,9,8.5
827,LAA,ESANTANA-R,128,143,8.5,8.5
827,TEX,CWILSON-L,-148,-163,8.5,8.5
827,CWS,JDANKS-L,-110,-105,7,7
827,SEA,MPINEDA-R,-110,-105,7,7
827,OAK,GMOSCOSO-R,230,220,8.5,8.5
827,BOS,JLESTER-L,-270,-260,8.5,8.5
828,WAS,JZIMMERMN-R,145,125,7.5,7.5
828,CIN,JCUETO-R,-165,-145,7.5,7.5
828,CUB,CCOLEMAN-R,220,240,8.5,8
828,MIL,ZGREINKE-R,-260,-280,8.5,8
828,PIT,JKARSTENS-R,135,120,8,7.5
828,STL,KLOHSE-R,-155,-140,8,7.5
828,HOU,BNORRIS-R,170,180,6.5,6.5
828,SFO,MCAIN-R,-200,-210,6.5,6.5
828,SDG,CLUEBKE-L,130,129,7.5,7.5
828,ARI,IKENNEDY-R,-150,-149,7.5,7.5
828,COL,JCHACIN-R,110,-108,7.5,7.5
828,LOS,NEOVALDI-R,-130,-112,7.5,7.5
828,TAM,DPRICE-L,-120,-122,8,7.5
828,TOR,BMORROW-R,100,102,8,7.5
828,KAN,BCHEN-L,160,145,8,7.5
828,CLE,MASTERSON-R,-180,-165,8,7.5
828,NYY,BCOLON-R,-180,-172,9.5,9.5
828,BAL,ZBRITTON-L,160,152,9.5,9.5
828,DET,BPENNY-R,-125,-120,9.5,9.5
828,MIN,BDUENSING-L,105,100,9.5,9.5
828,CWS,GFLOYD-R,-135,-118,7.5,7.5
828,SEA,JVARGAS-L,115,-102,7.5,7.5
828,LAA,JERWEAVER-R,-110,100,8.5,8.5
828,TEX,CLEWIS-R,-110,-120,8.5,8.5
828,NYY,INOVA-R,-200,-220,10,9
828,BAL,BMATUSZ-L,170,190,10,9
829,MIA,RNOLASCO-R,-102,-110,8,8
829,NYM,DGEE-R,-118,-110,8,8
829,PHI,CHAMELS-L,-145,-146,8,8
829,CIN,HBAILEY-R,125,126,8,8
829,PIT,ROHLENDOR-R,111,105,8,8
829,HOU,WRODRIGEZ-L,-131,-125,8,8
829,COL,AWHITE-R,148,124,9,9
829,ARI,DHUDSON-R,-168,-144,9,9
829,SDG,MLATOS-R,135,148,5.5,6
829,LOS,CKERSHAW-L,-155,-168,5.5,6
829,CUB,RWELLS-R,206,200,6.5,6.5
829,SFO,TLINCECUM-R,-236,-230,6.5,6.5
829,OAK,BMCCARTHY-R,103,-113,8.5,8
829,CLE,DHUFF-L,-123,-107,8.5,8
829,KAN,LHOCHEVAR-R,145,152,8.5,8.5
829,DET,MSCHERZER-R,-165,-172,8.5,8.5
829,TAM,WDAVIS-R,135,125,8.5,8
829,TOR,RROMERO-L,-155,-145,8.5,8
829,NYY,FGARCIA-R,-168,-174,9.5,9.5
829,BAL,ASIMON-R,148,154,9.5,9.5
829,MIN,KSLOWEY-R,173,161,8.5,8.5
829,CWS,MBUEHRLE-L,-203,-181,8.5,8.5
829,LAA,JPINEIRO-R,-113,-126,8,8
829,SEA,BBEAVAN-R,-107,106,8,8
829,MIA,ASANCHEZ-R,105,-107,8,8
829,NYM,RDICKEY-R,-125,-113,8,8
830,PHI,RHALLADAY-R,-200,-172,8,8
830,CIN,BARROYO-R,170,152,8,8
830,WAS,LHERNADEZ-R,170,162,8,9
830,ATL,JJURRJENS-R,-200,-182,8,9
830,MIA,JVAZQUEZ-R,110,-107,8,8
830,NYM,MPELFREY-R,-130,-113,8,8
830,PIT,CMORTON-R,-135,-122,8,8
830,HOU,HSOSA-R,115,102,8,8
830,STL,EJACKSON-R,140,120,8.5,8.5
830,MIL,SMARCUM-R,-160,-140,8.5,8.5
830,COL,ACOOK-R,135,108,9.5,9.5
830,ARI,WMILEY-L,-155,-128,9.5,9.5
830,SDG,TSTAUFFER-R,135,131,6.5,7
830,LOS,HKURODA-R,-155,-151,6.5,7
830,CUB,MGARZA-R,125,116,6.5,6.5
830,SFO,VOGELSONG-R,-145,-136,6.5,6.5
830,OAK,TCAHILL-R,-120,-115,8.5,8.5
830,CLE,JGOMEZ-R,100,-105,8.5,8.5
830,KAN,JFRANCIS-L,170,157,8.5,8.5
830,DET,DFISTER-R,-190,-177,8.5,8.5
830,TOR,BCECIL-L,-114,-108,9,9
830,BAL,JGUTHRIE-R,-106,-112,9,9
830,NYY,CSABATHIA-L,-160,-136,9.5,9
830,BOS,JLACKEY-R,140,116,9.5,9
830,TAM,JHELLICKS-R,110,101,9.5,9.5
830,TEX,SFELDMAN-R,-130,-121,9.5,9.5
830,MIN,ASWARZAK-R,135,128,9,9
830,CWS,ZSTEWART-R,-155,-148,9,9
830,LAA,JWILLIAMS-R,-135,-135,8,8
830,SEA,AVASQUEZ-L,115,115,8,8
831,SDG,WLEBLANC-L,135,127,7.5,7.5
831,LOS,TLILLY-L,-155,-147,7.5,7.5
831,CUB,RLOPEZ-R,170,155,7.5,7
831,SFO,MBUMGARNR-L,-200,-175,7.5,7
831,MIA,CVOLSTAD-R,120,115,8,8.5
831,NYM,CCAPUANO-L,-140,-135,8,8.5
831,WAS,JLANNAN-L,145,133,8,8.5
831,ATL,DLOWE-R,-165,-153,8,8.5
831,PHI,CLEE-L,-190,-175,8,8.5
831,CIN,DWILLIS-L,170,155,8,8.5
831,PIT,JMCDONALD-R,-125,-122,8.5,8.5
831,HOU,JHAPP-L,105,102,8.5,8.5
831,STL,WESTBROOK-R,140,105,9,9
831,MIL,RWOLF-L,-160,-125,9,9
831,COL,EROGERS-R,160,127,9,9
831,ARI,JCOLLMENT-R,-180,-147,9,9
831,KAN,NADCOCK-R,135,156,9,9
831,DET,RPORCELLO-R,-155,-176,9,9
831,MIN,SDIAMOND-L,170,170,9,9
831,CWS,JPEAVY-R,-200,-200,9,9
831,TOR,HALVAREZ-R,-115,-122,9.5,9.5
831,BAL,JJREYES-L,-105,102,9.5,9.5
831,OAK,RHARDEN-R,120,108,8.5,8
831,CLE,UJIMENEZ-R,-140,-128,8.5,8
831,NYY,PHUGHES-R,155,150,9,9
831,BOS,JBECKETT-R,-175,-170,9,9
831,TAM,JSHIELDS-R,110,100,8.5,8.5
831,TEX,AOGANDO-R,-130,-120,8.5,8.5
831,LAA,DHAREN-R,-125,-110,6,6
831,SEA,FHERNANDZ-R,105,-110,6,6
901,PHI,VWORLEY-R,-135,-126,8.5,8.5
901,CIN,MLEAKE-R,115,106,8.5,8.5
901,STL,BDICKSON-R,155,169,8.5,8.5
901,MIL,YGALLARDO-R,-175,-189,8.5,8.5
901,WAS,CWANG-R,175,170,7.5,8
901,ATL,THUDSON-R,-205,-200,7.5,8
901,MIA,CHENSLEY-R,-110,-108,8.5,9
901,NYM,MBATISTA-R,-110,-112,8.5,9
901,OAK,GGONZALEZ-L,-105,-110,8.5,7.5
901,CLE,FCARMONA-R,-115,-110,8.5,7.5
901,KAN,DDUFFY-L,140,153,9.5,9
901,DET,JTURNER-R,-160,-173,9.5,9
901,TOR,LPEREZ-L,-115,-111,9.5,9.5
901,BAL,THUNTER-R,-105,-109,9.5,9.5
901,NYY,ABURNETT-R,170,175,9.5,9.5
901,BOS,JLESTER-L,-200,-195,9.5,9.5
901,TAM,JNIEMANN-R,125,135,8.5,8.5
901,TEX,CWILSON-L,-145,-155,8.5,8.5
901,LAA,ESANTANA-R,-160,-165,7.5,7.5
901,SEA,CFURBUSH-L,140,145,7.5,7.5
901,LOS,DEVELAND-L,105,103,8.5,8.5
901,PIT,BLINCOLN-R,-125,-123,8.5,8.5
902,PIT,BBURRES-L,145,152,11.5,12.5
902,CUB,RDEMPSTER-R,-165,-172,11.5,12.5
902,NYM,RDICKEY-R,-114,-103,8,8
902,WAS,RDETWILER-L,-106,-117,8,8
902,PHI,ROSWALT-R,-170,-158,8,8
902,MIA,BHAND-L,150,138,8,8
902,LOS,BILLNGSLEY-R,130,150,7.5,7.5
902,ATL,BBEACHY-R,-150,-170,7.5,7.5
902,MIL,ZGREINKE-R,-205,-230,8,8
902,HOU,LHARRELL-R,175,200,8,8
902,CIN,JCUETO-R,117,134,7,7.5
902,STL,CARPENTER-R,-137,-154,7,7.5
902,COL,KMILLWOOD-R,102,-114,7.5,7
902,SDG,AHARANG-R,-122,-106,7.5,7
902,ARI,JSAUNDERS-L,133,138,6.5,7
902,SFO,MCAIN-R,-153,-158,6.5,7
902,CWS,JDANKS-L,175,170,7,7
902,DET,VERLANDER-R,-195,-200,7,7
902,TOR,BMORROW-R,152,136,9.5,9.5
902,NYY,INOVA-R,-172,-156,9.5,9.5
902,BAL,ZBRITTON-L,180,180,7.5,7
902,TAM,DPRICE-L,-210,-210,7.5,7
902,TEX,DHOLLAND-L,113,-108,10.5,10
902,BOS,AMILLER-L,-133,-112,10.5,10
902,CLE,MASTERSON-R,-123,-116,8,8
902,KAN,BCHEN-L,103,-104,8,8
902,SEA,JVARGAS-L,120,125,7,8
902,OAK,GMOSCOSO-R,-140,-145,7,8
902,MIN,CPAVANO-R,185,160,7,8.5
902,LAA,TCHATWOOD-R,-215,-180,7,8.5
903,PIT,ROHLENDOR-R,-110,102,9.5,10
903,CUB,CCOLEMAN-R,-110,-122,9.5,10
903,CIN,HBAILEY-R,135,133,8.5,8.5
903,STL,JGARCIA-L,-155,-153,8.5,8.5
903,MIL,CNARVESON-L,-135,-141,8.5,8.5
903,HOU,BNORRIS-R,115,121,8.5,8.5
903,NYM,DGEE-R,-125,-110,8.5,9
903,WAS,TMILONE-L,105,-110,8.5,9
903,PHI,CHAMELS-L,-175,-167,7.5,7.5
903,MIA,RNOLASCO-R,155,147,7.5,7.5
903,LOS,NEOVALDI-R,130,133,8,8
903,ATL,MMINOR-L,-150,-153,8,8
903,COL,AWHITE-R,135,122,7,6.5
903,SDG,CLUEBKE-L,-155,-142,7,6.5
903,ARI,IKENNEDY-R,135,127,6,6
903,SFO,TLINCECUM-R,-155,-147,6,6
903,TOR,RROMERO-L,125,118,9,9
903,NYY,BCOLON-R,-145,-138,9,9
903,SEA,MPINEDA-R,115,116,7,7.5
903,OAK,BMCCARTHY-R,-135,-136,7,7.5
903,CWS,GFLOYD-R,-110,-108,9,9.5
903,DET,BPENNY-R,-110,-112,9,9.5
903,BAL,ASIMON-R,145,150,9,9
903,TAM,WDAVIS-R,-165,-170,9,9
903,CLE,DHUFF-L,110,112,8.5,8.5
903,KAN,LHOCHEVAR-R,-130,-132,8.5,8.5
903,TEX,CLEWIS-R,140,130,9.5,9
903,BOS,EBEDARD-L,-160,-150,9.5,9
903,MIN,BDUENSING-L,240,250,7.5,8
903,LAA,JERWEAVER-R,-280,-290,7.5,8
904,PHI,RHALLADAY-R,-220,-220,7,7
904,MIA,ASANCHEZ-R,190,190,7,7
904,NYM,MPELFREY-R,100,107,9,9
904,WAS,LHERNADEZ-R,-120,-127,9,9
904,LOS,CKERSHAW-L,-140,-142,7,6.5
904,ATL,RDELGADO-R,120,122,7,6.5
904,MIL,SMARCUM-R,-160,-158,7.5,7.5
904,HOU,WRODRIGEZ-L,140,138,7.5,7.5
904,CIN,BARROYO-R,140,140,9,8.5
904,STL,EJACKSON-R,-160,-160,9,8.5
904,PIT,CMORTON-R,105,116,9,8.5
904,CUB,RWELLS-R,-125,-136,9,8.5
904,ARI,DHUDSON-R,110,-114,7,7
904,SFO,VOGELSONG-R,-130,-106,7,7
904,COL,ACOOK-R,135,123,7,7
904,SDG,MLATOS-R,-155,-143,7,7
904,TOR,BCECIL-L,220,230,9,9
904,NYY,CSABATHIA-L,-260,-270,9,9
904,CWS,MBUEHRLE-L,120,118,8.5,8.5
904,DET,MSCHERZER-R,-140,-138,8.5,8.5
904,TEX,MHARRISON-L,115,106,10.5,10.5
904,BOS,JLACKEY-R,-135,-126,10.5,10.5
904,BAL,JGUTHRIE-R,170,164,8,8
904,TAM,JHELLICKS-R,-190,-184,8,8
904,CLE,JGOMEZ-R,115,115,9,8.5
904,KAN,JFRANCIS-L,-135,-135,9,8.5
904,MIN,KSLOWEY-R,140,133,9,9
904,LAA,JPINEIRO-R,-160,-153,9,9
904,SEA,BBEAVAN-R,150,148,8,8.5
904,OAK,TCAHILL-R,-170,-168,8,8.5
905,LOS,HKURODA-R,-125,-113,7.5,7.5
905,WAS,JLANNAN-L,105,-107,7.5,7.5
905,HOU,HSOSA-R,130,142,8,7.5
905,PIT,JMCDONALD-R,-150,-162,8,7.5
905,CIN,DWILLIS-L,125,115,6.5,7
905,CUB,MGARZA-R,-145,-135,6.5,7
905,ARI,WMILEY-L,105,109,10,10.5
905,COL,EROGERS-R,-125,-129,10,10.5
905,SFO,MBUMGARNR-L,-115,-109,6,6.5
905,SDG,TSTAUFFER-R,-105,-111,6,6.5
905,MIL,RWOLF-L,100,100,9,8.5
905,STL,WESTBROOK-R,-120,-120,9,8.5
905,ATL,DLOWE-R,170,190,7,7
905,PHI,CLEE-L,-200,-220,7,7
905,NYM,CCAPUANO-L,115,103,8,8
905,MIA,JVAZQUEZ-R,-135,-123,8,8
905,DET,DFISTER-R,105,-102,8.5,8
905,CLE,UJIMENEZ-R,-125,-118,8.5,8
905,BAL,BMATUSZ-L,220,230,10,10
905,NYY,FGARCIA-R,-260,-270,10,10
905,BOS,JBECKETT-R,-175,-167,8.5,8.5
905,TOR,HALVAREZ-R,155,147,8.5,8.5
905,TEX,SFELDMAN-R,125,130,7.5,7.5
905,TAM,JSHIELDS-R,-145,-150,7.5,7.5
905,CWS,PHUMBER-R,-125,-106,9,9
905,MIN,ASWARZAK-R,105,-114,9,9
905,KAN,FPAULINO-R,143,143,8.5,8.5
905,OAK,RHARDEN-R,-163,-163,8.5,8.5
905,SEA,AVASQUEZ-L,250,250,7.5,8.5
905,LAA,DHAREN-R,-290,-300,7.5,8.5
905,CWS,ZSTEWART-R,-135,-114,9,8.5
905,MIN,SDIAMOND-L,115,-106,9,8.5
906,ATL,THUDSON-R,115,-105,7.5,7
906,PHI,VWORLEY-R,-135,-115,7.5,7
906,HOU,BMYERS-R,135,130,8,8
906,PIT,BLINCOLN-R,-155,-150,8,8
906,LOS,TLILLY-L,135,125,7.5,7.5
906,WAS,SSTRASBUR-R,-155,-145,7.5,7.5
906,NYM,MBATISTA-R,105,102,9,8.5
906,MIA,CVOLSTAD-R,-125,-122,9,8.5
906,CIN,MLEAKE-R,-135,-125,7,7.5
906,CUB,RLOPEZ-R,115,105,7,7.5
906,MIL,YGALLARDO-R,-120,-134,8,8
906,STL,KLOHSE-R,100,114,8,8
906,ARI,JCOLLMENT-R,-105,-113,9.5,10
906,COL,JHAMMEL-R,-115,-107,9.5,10
906,SFO,ESURKAMP-L,-120,-107,7,7
906,SDG,WLEBLANC-L,100,-113,7,7
906,DET,RPORCELLO-R,100,-113,9,8.5
906,CLE,FCARMONA-R,-120,-107,9,8.5
906,BAL,THUNTER-R,200,210,10.5,10
906,NYY,PHUGHES-R,-240,-250,10.5,10
906,BOS,JLESTER-L,-190,-184,9,9
906,TOR,LPEREZ-L,170,164,9,9
906,TEX,CWILSON-L,-120,-133,8,8
906,TAM,JNIEMANN-R,100,113,8,8
906,CWS,JPEAVY-R,-135,-141,8.5,8
906,MIN,LHENDRIKS-R,115,121,8.5,8
906,SEA,FHERNANDZ-R,130,111,6.5,6.5
906,LAA,ESANTANA-R,-150,-131,6.5,6.5
906,KAN,DDUFFY-L,155,165,8,8
906,OAK,GGONZALEZ-L,-175,-185,8,8
907,SFO,MCAIN-R,-150,-138,6,6
907,SDG,AHARANG-R,130,118,6,6
907,HOU,JHAPP-L,125,118,8.5,8.5
907,PIT,BBURRES-L,-145,-138,8.5,8.5
907,ATL,BBEACHY-R,120,103,8,8
907,PHI,ROSWALT-R,-140,-123,8,8
907,NYM,RDICKEY-R,-125,-124,8.5,8.5
907,MIA,BHAND-L,105,104,8.5,8.5
907,CIN,JCUETO-R,-130,-110,6,6
907,CUB,RDEMPSTER-R,110,-110,6,6
907,MIL,ZGREINKE-R,110,-105,7.5,7.5
907,STL,CARPENTER-R,-130,-105,7.5,7.5
907,ARI,JSAUNDERS-L,120,105,10,9.5
907,COL,KMILLWOOD-R,-140,-125,10,9.5
907,DET,VERLANDER-R,-165,-169,7,6.5
907,CLE,MASTERSON-R,145,149,7,6.5
907,TEX,DHOLLAND-L,145,111,7.5,7.5
907,TAM,DPRICE-L,-165,-131,7.5,7.5
907,KAN,BCHEN-L,130,127,8.5,8.5
907,OAK,GMOSCOSO-R,-150,-147,8.5,8.5
907,BAL,ZBRITTON-L,170,157,9.5,9
907,NYY,ABURNETT-R,-190,-177,9.5,9
907,BOS,WAKEFIELD-R,-110,-110,9.5,9.5
907,TOR,BMORROW-R,-110,-110,9.5,9.5
907,CWS,JDANKS-L,-130,-140,8,8
907,MIN,CPAVANO-R,110,120,8,8
907,SEA,CFURBUSH-L,170,169,9,9
907,LAA,JWILLIAMS-R,-200,-189,9,9
908,LOS,BILLNGSLEY-R,-104,-108,8.5,8
908,WAS,CWANG-R,-116,-112,8.5,8
908,PHI,CHAMELS-L,-155,-121,8,7.5
908,MIL,CNARVESON-L,135,101,8,7.5
908,SDG,CLUEBKE-L,155,165,7.5,7.5
908,ARI,IKENNEDY-R,-175,-185,7.5,7.5
908,BOS,AMILLER-L,130,113,9.5,9.5
908,TOR,RROMERO-L,-150,-133,9.5,9.5
908,CLE,DHUFF-L,135,135,8.5,8.5
908,CWS,GFLOYD-R,-155,-155,8.5,8.5
908,KAN,LHOCHEVAR-R,-120,-112,8,8
908,SEA,JVARGAS-L,100,-108,8,8
908,ATL,MMINOR-L,-125,-144,8.5,8.5
908,NYM,CSCHWINDE-R,105,124,8.5,8.5
908,ATL,JTEHERAN-R,100,-113,8.5,8
908,NYM,DGEE-R,-120,-107,8.5,8
908,NYY,INOVA-R,-200,-200,9.5,9.5
908,BAL,ASIMON-R,170,170,9.5,9.5
909,MIA,RNOLASCO-R,-117,-123,8.5,8.5
909,PIT,ROHLENDOR-R,-103,103,8.5,8.5
909,HOU,BNORRIS-R,-110,106,8.5,8.5
909,WAS,TMILONE-L,-110,-126,8.5,8.5
909,CUB,CCOLEMAN-R,113,126,8.5,9
909,NYM,MPELFREY-R,-133,-146,8.5,9
909,PHI,RHALLADAY-R,-142,-128,6.5,6.5
909,MIL,SMARCUM-R,122,108,6.5,6.5
909,ATL,RDELGADO-R,105,123,8,8.5
909,STL,EJACKSON-R,-125,-143,8,8.5
909,CIN,HBAILEY-R,116,116,9.5,9.5
909,COL,JCHACIN-R,-136,-136,9.5,9.5
909,SDG,MLATOS-R,132,142,7.5,8
909,ARI,DHUDSON-R,-152,-162,7.5,8
909,LOS,CKERSHAW-L,100,-110,5.5,5.5
909,SFO,TLINCECUM-R,-120,-110,5.5,5.5
909,BAL,JGUTHRIE-R,125,136,9.5,9.5
909,TOR,BCECIL-L,-145,-156,9.5,9.5
909,MIN,KSLOWEY-R,125,148,9.5,9.5
909,DET,BPENNY-R,-145,-168,9.5,9.5
909,BOS,JLACKEY-R,-114,-120,10,9.5
909,TAM,WDAVIS-R,-106,100,10,9.5
909,OAK,BMCCARTHY-R,145,152,8.5,9
909,TEX,CLEWIS-R,-165,-172,8.5,9
909,CLE,JGOMEZ-R,139,140,8.5,8.5
909,CWS,MBUEHRLE-L,-159,-160,8.5,8.5
909,NYY,BCOLON-R,114,107,7.5,7.5
909,LAA,JERWEAVER-R,-134,-127,7.5,7.5
909,KAN,JFRANCIS-L,-105,-110,8,8
909,SEA,BBEAVAN-R,-105,-110,8,8
910,CUB,RWELLS-R,125,-102,8.5,8.5
910,NYM,CCAPUANO-L,-145,-118,8.5,8.5
910,LOS,DEVELAND-L,100,130,6.5,7.5
910,SFO,VOGELSONG-R,-120,-150,6.5,7.5
910,CIN,BARROYO-R,110,104,11,10.5
910,COL,AWHITE-R,-130,-124,11,10.5
910,MIA,ASANCHEZ-R,-130,-121,8,8
910,PIT,JLOCKE-L,110,101,8,8
910,HOU,WRODRIGEZ-L,110,137,7.5,7.5
910,WAS,JLANNAN-L,-130,-157,7.5,7.5
910,PHI,CLEE-L,-155,-153,7,7
910,MIL,RWOLF-L,135,133,7,7
910,ATL,DLOWE-R,140,130,8,8
910,STL,JGARCIA-L,-160,-150,8,8
910,SDG,TSTAUFFER-R,128,130,8.5,9
910,ARI,WMILEY-L,-148,-150,8.5,9
910,BAL,VANDENHURK-R,160,180,9,9
910,TOR,HALVAREZ-R,-180,-210,9,9
910,MIN,ASWARZAK-R,170,190,8.5,8.5
910,DET,MSCHERZER-R,-190,-220,8.5,8.5
910,BOS,KWEILAND-R,135,120,9,9
910,TAM,JHELLICKS-R,-155,-140,9,9
910,CLE,FCARMONA-R,125,130,8.5,8.5
910,CWS,PHUMBER-R,-145,-150,8.5,8.5
910,OAK,TCAHILL-R,155,164,9,9
910,TEX,AOGANDO-R,-175,-184,9,9
910,NYY,CSABATHIA-L,-135,-139,7,7
910,LAA,DHAREN-R,115,119,7,7
910,KAN,FPAULINO-R,125,130,7,7
910,SEA,MPINEDA-R,-145,-150,7,7
911,CUB,MGARZA-R,-125,-121,8,8
911,NYM,MBATISTA-R,105,101,8,8
911,MIA,JVAZQUEZ-R,-110,-112,7.5,7.5
911,PIT,JMCDONALD-R,-110,-108,7.5,7.5
911,HOU,HSOSA-R,170,200,7,7
911,WAS,SSTRASBUR-R,-200,-230,7,7
911,PHI,VWORLEY-R,-110,120,8,8
911,MIL,YGALLARDO-R,-110,-140,8,8
911,ATL,THUDSON-R,-130,-110,8,8
911,STL,WESTBROOK-R,110,-110,8,8
911,CIN,EVOLQUEZ-R,110,-105,10,9.5
911,COL,DPOMERANZ-L,-130,-115,10,9.5
911,SDG,WLEBLANC-L,170,170,8.5,8.5
911,ARI,JCOLLMENT-R,-200,-200,8.5,8.5
911,LOS,HKURODA-R,115,121,6.5,6
911,SFO,MBUMGARNR-L,-135,-141,6.5,6
911,MIN,SDIAMOND-L,200,210,8.5,9
911,DET,DFISTER-R,-230,-250,8.5,9
911,BAL,THUNTER-R,150,145,10,9.5
911,TOR,DMCGOWAN-R,-170,-165,10,9.5
911,BOS,JLESTER-L,-120,-121,7,7
911,TAM,JSHIELDS-R,100,101,7,7
911,CLE,UJIMENEZ-R,115,-110,8.5,8
911,CWS,ZSTEWART-R,-135,-110,8.5,8
911,OAK,JOUTMAN-L,180,220,9,9
911,TEX,CWILSON-L,-210,-260,9,9
911,NYY,FGARCIA-R,105,-105,8.5,8.5
911,LAA,ESANTANA-R,-125,-105,8.5,8.5
911,KAN,ETEAFORD-L,-120,-110,9,9
911,SEA,AVASQUEZ-L,100,-110,9,9
912,STL,KLOHSE-R,-135,-143,8,8.5
912,PIT,BLINCOLN-R,115,123,8,8.5
912,MIA,CVOLSTAD-R,180,200,8,8
912,ATL,BBEACHY-R,-210,-230,8,8
912,WAS,RDETWILER-L,130,121,8,8
912,NYM,RDICKEY-R,-150,-141,8,8
912,CUB,RLOPEZ-R,140,137,9.5,9.5
912,CIN,DWILLIS-L,-160,-157,9.5,9.5
912,PHI,ROSWALT-R,-175,-185,8,7.5
912,HOU,BMYERS-R,155,165,8,7.5
912,ARI,JSAUNDERS-L,115,-107,7.5,7.5
912,LOS,TLILLY-L,-135,-113,7.5,7.5
912,SDG,AHARANG-R,125,117,7,7
912,SFO,ESURKAMP-L,-145,-137,7,7
912,TAM,JNIEMANN-R,-125,-143,8,8.5
912,BAL,ZBRITTON-L,105,123,8,8.5
912,DET,RPORCELLO-R,110,-108,9,9
912,CWS,JDANKS-L,-130,-112,9,9
912,LAA,JPINEIRO-R,125,118,8,8
912,OAK,GGONZALEZ-L,-145,-138,8,8
912,NYY,PHUGHES-R,-114,101,7,7
912,SEA,FHERNANDZ-R,-106,-121,7,7
913,STL,CARPENTER-R,-170,-160,7.5,8
913,PIT,JKARSTENS-R,150,140,7.5,8
913,MIA,BHAND-L,160,175,8,8.5
913,ATL,MMINOR-L,-180,-195,8,8.5
913,WAS,CWANG-R,135,125,8,8.5
913,NYM,DGEE-R,-155,-145,8,8.5
913,CUB,RDEMPSTER-R,135,114,9,8.5
913,CIN,MLEAKE-R,-155,-134,9,8.5
913,PHI,CHAMELS-L,-240,-230,7.5,7.5
913,HOU,JHAPP-L,200,200,7.5,7.5
913,COL,EROGERS-R,200,200,8.5,8.5
913,MIL,ZGREINKE-R,-230,-230,8.5,8.5
913,ARI,IKENNEDY-R,-130,-138,6.5,6.5
913,LOS,BILLNGSLEY-R,110,118,6.5,6.5
913,SDG,CLUEBKE-L,140,131,6,6
913,SFO,MCAIN-R,-160,-151,6,6
913,TAM,DPRICE-L,-230,-220,8,8.5
913,BAL,ASIMON-R,200,190,8,8.5
913,TOR,BMORROW-R,135,145,10,11
913,BOS,WAKEFIELD-R,-155,-165,10,11
913,CLE,MASTERSON-R,135,141,9,9
913,TEX,MHARRISON-L,-155,-161,9,9
913,DET,VERLANDER-R,-190,-175,7,7
913,CWS,GFLOYD-R,170,155,7,7
913,MIN,CPAVANO-R,125,111,9,9
913,KAN,BCHEN-L,-145,-131,9,9
913,LAA,JWILLIAMS-R,120,-112,7,7.5
913,OAK,GMOSCOSO-R,-140,-108,7,7.5
913,NYY,ABURNETT-R,-190,-165,8.5,9
913,SEA,CFURBUSH-L,170,145,8.5,9
914,MIA,RNOLASCO-R,135,152,8,8.5
914,ATL,RDELGADO-R,-155,-172,8,8.5
914,STL,EJACKSON-R,-145,-148,8.5,9
914,PIT,CMORTON-R,125,128,8.5,9
914,PHI,RHALLADAY-R,-250,-270,7,7
914,HOU,BNORRIS-R,210,230,7,7
914,SDG,MLATOS-R,145,145,5.5,5.5
914,SFO,TLINCECUM-R,-165,-165,5.5,5.5
914,WAS,BPEACOCK-R,120,117,8.5,8.5
914,NYM,MPELFREY-R,-140,-137,8.5,8.5
914,CUB,CCOLEMAN-R,170,169,8.5,8.5
914,CIN,JCUETO-R,-190,-189,8.5,8.5
914,COL,KMILLWOOD-R,170,160,8,8
914,MIL,SMARCUM-R,-190,-180,8,8
914,ARI,DHUDSON-R,125,113,6,5.5
914,LOS,CKERSHAW-L,-145,-133,6,5.5
914,TOR,RROMERO-L,100,114,10,10.5
914,BOS,JLACKEY-R,-120,-134,10,10.5
914,DET,BPENNY-R,100,-108,9.5,9.5
914,CWS,DAXELROD-R,-120,-112,9.5,9.5
914,LAA,JERWEAVER-R,-155,-156,7,7
914,OAK,RHARDEN-R,135,136,7,7
914,MIN,LHENDRIKS-R,130,135,8.5,8.5
914,KAN,LHOCHEVAR-R,-150,-155,8.5,8.5
914,TAM,WDAVIS-R,-140,-155,8.5,8.5
914,BAL,JGUTHRIE-R,120,135,8.5,8.5
914,CLE,DHUFF-L,170,200,9.5,10
914,TEX,DHOLLAND-L,-190,-240,9.5,10
914,NYY,INOVA-R,-200,-180,8,8.5
914,SEA,JVARGAS-L,170,160,8,8.5
915,WAS,TMILONE-L,105,-110,9,9
915,NYM,CSCHWINDE-R,-125,-110,9,9
915,CUB,RWELLS-R,140,117,9,8
915,CIN,HBAILEY-R,-160,-137,9,8
915,SFO,VOGELSONG-R,115,101,9,8.5
915,COL,JCHACIN-R,-135,-121,9,8.5
915,PIT,ROHLENDOR-R,150,160,8,8
915,LOS,DEVELAND-L,-170,-180,8,8
915,TAM,JHELLICKS-R,-120,-108,9.5,9.5
915,BOS,KWEILAND-R,100,-112,9.5,9.5
915,CLE,FCARMONA-R,190,200,9.5,9.5
915,TEX,AOGANDO-R,-220,-240,9.5,9.5
915,CWS,MBUEHRLE-L,-130,-107,9,8.5
915,KAN,JFRANCIS-L,110,-113,9,8.5
915,DET,MSCHERZER-R,-120,-115,7.5,7.5
915,OAK,BMCCARTHY-R,100,-105,7.5,7.5
915,MIA,ASANCHEZ-R,135,117,8.5,8.5
915,PHI,KKENDRICK-R,-155,-137,8.5,8.5
915,MIA,ASANABIA-R,270,280,7.5,7.5
915,PHI,CLEE-L,-320,-330,7.5,7.5
916,HOU,WRODRIGEZ-L,145,142,7.5,7
916,CUB,MGARZA-R,-165,-162,7.5,7
916,STL,JGARCIA-L,125,105,8,8
916,PHI,VWORLEY-R,-145,-125,8,8
916,MIA,JVAZQUEZ-R,105,101,7.5,7.5
916,WAS,JLANNAN-L,-125,-121,7.5,7.5
916,MIL,RWOLF-L,-110,-112,9.5,9
916,CIN,BARROYO-R,-110,-108,9.5,9
916,NYM,CCAPUANO-L,150,139,8.5,8
916,ATL,DLOWE-R,-170,-159,8.5,8
916,SFO,MBUMGARNR-L,-130,-143,9,9
916,COL,AWHITE-R,110,123,9,9
916,ARI,WMILEY-L,-105,-107,7,7
916,SDG,TSTAUFFER-R,-115,-113,7,7
916,PIT,JLOCKE-L,170,160,7.5,7.5
916,LOS,HKURODA-R,-190,-180,7.5,7.5
916,LAA,DHAREN-R,-190,-175,8.5,8
916,BAL,THUNTER-R,170,155,8.5,8
916,NYY,CSABATHIA-L,-190,-230,8.5,9
916,TOR,DMCGOWAN-R,170,200,8.5,9
916,TAM,JSHIELDS-R,130,117,8,7.5
916,BOS,JBECKETT-R,-150,-137,8,7.5
916,CWS,PHUMBER-R,105,-110,8.5,8.5
916,KAN,FPAULINO-R,-125,-110,8.5,8.5
916,CLE,UJIMENEZ-R,-140,-129,8.5,8
916,MIN,KSLOWEY-R,120,109,8.5,8
916,DET,DFISTER-R,-125,-136,7.5,7.5
916,OAK,TCAHILL-R,105,116,7.5,7.5
916,TEX,CWILSON-L,-200,-210,7.5,7.5
916,SEA,BBEAVAN-R,170,180,7.5,7.5
917,HOU,HSOSA-R,125,126,8.5,8.5
917,CUB,RLOPEZ-R,-145,-146,8.5,8.5
917,STL,WESTBROOK-R,135,121,8.5,8.5
917,PHI,ROSWALT-R,-155,-141,8.5,8.5
917,MIA,CVOLSTAD-R,200,180,7.5,7
917,WAS,SSTRASBUR-R,-230,-210,7.5,7
917,NYM,RDICKEY-R,155,147,7.5,7.5
917,ATL,THUDSON-R,-175,-167,7.5,7.5
917,MIL,YGALLARDO-R,-140,-130,8.5,8
917,CIN,EVOLQUEZ-R,120,110,8.5,8
917,SFO,ESURKAMP-L,120,100,9.5,9
917,COL,DPOMERANZ-L,-140,-120,9.5,9
917,ARI,JCOLLMENT-R,-155,-142,7,7
917,SDG,WLEBLANC-L,135,122,7,7
917,PIT,JMCDONALD-R,145,130,7,7
917,LOS,TLILLY-L,-165,-150,7,7
917,NYY,BCOLON-R,-150,-140,9,9
917,TOR,HALVAREZ-R,130,120,9,9
917,CLE,JGOMEZ-R,105,-108,8.5,8.5
917,MIN,ASWARZAK-R,-125,-112,8.5,8.5
917,DET,RPORCELLO-R,145,128,8,7.5
917,OAK,GGONZALEZ-L,-165,-148,8,7.5
917,LAA,ESANTANA-R,-165,-148,9,8.5
917,BAL,ZBRITTON-L,145,128,9,8.5
917,CWS,ZSTEWART-R,125,111,9,9
917,KAN,ETEAFORD-L,-145,-131,9,9
917,TAM,JNIEMANN-R,150,153,8.5,7.5
917,BOS,JLESTER-L,-170,-173,8.5,7.5
917,TEX,CLEWIS-R,-200,-200,8,8
917,SEA,AVASQUEZ-L,170,170,8,8
918,MIL,ZGREINKE-R,-180,-171,9,9
918,CIN,MMALONEY-L,160,151,9,9
918,MIA,BHAND-L,110,126,8.5,8.5
918,WAS,CWANG-R,-130,-146,8.5,8.5
918,NYM,DGEE-R,170,167,8,8
918,ATL,BBEACHY-R,-190,-187,8,8
918,HOU,BMYERS-R,135,125,8,8.5
918,CUB,RDEMPSTER-R,-155,-145,8,8.5
918,SFO,MCAIN-R,-155,-155,9,9
918,COL,EROGERS-R,135,135,9,9
918,ARI,JSAUNDERS-L,-105,-105,7.5,7.5
918,SDG,AHARANG-R,-115,-105,7.5,7.5
918,PIT,BLINCOLN-R,140,133,7.5,7.5
918,LOS,BILLNGSLEY-R,-160,-153,7.5,7.5
918,STL,CARPENTER-R,-106,101,7,7
918,PHI,CHAMELS-L,-114,-121,7,7
918,NYY,FGARCIA-R,-145,-107,9.5,9
918,TOR,BMORROW-R,125,-113,9.5,9
918,TAM,DPRICE-L,-145,-138,8.5,9
918,BOS,WAKEFIELD-R,125,118,8.5,9
918,LAA,JERWEAVER-R,-210,-170,8.5,8
918,BAL,ASIMON-R,180,150,8.5,8
918,CLE,MASTERSON-R,-145,-140,8.5,8
918,MIN,CPAVANO-R,125,120,8.5,8
918,CWS,JDANKS-L,-115,-110,8.5,8.5
918,KAN,BCHEN-L,-105,-110,8.5,8.5
918,DET,VERLANDER-R,-180,-175,7,7
918,OAK,GMOSCOSO-R,160,155,7,7
918,TEX,MHARRISON-L,105,-113,7,7
918,SEA,FHERNANDZ-R,-125,-107,7,7
919,STL,KLOHSE-R,200,185,7.5,7.5
919,PHI,RHALLADAY-R,-230,-215,7.5,7.5
919,ATL,MMINOR-L,-110,-119,8,8
919,MIA,RNOLASCO-R,-110,-101,8,8
919,HOU,JHAPP-L,129,138,9.5,9.5
919,CIN,TWOOD-L,-149,-158,9.5,9.5
919,MIL,CNARVESON-L,-160,-146,9,9
919,CUB,CCOLEMAN-R,140,126,9,9
919,SDG,CLUEBKE-L,110,-108,8.5,8.5
919,COL,KMILLWOOD-R,-130,-112,8.5,8.5
919,PIT,JKARSTENS-R,210,200,8.5,8.5
919,ARI,IKENNEDY-R,-250,-230,8.5,8.5
919,MIN,SDIAMOND-L,200,230,10,10
919,NYY,ABURNETT-R,-230,-270,10,10
919,LAA,JWILLIAMS-R,130,118,8.5,8.5
919,TOR,RROMERO-L,-150,-138,8.5,8.5
919,BAL,BMATUSZ-L,210,200,11,11
919,BOS,JLACKEY-R,-250,-240,11,11
919,SEA,CFURBUSH-L,145,130,9,9
919,CLE,DHUFF-L,-165,-150,9,9
919,BAL,JGUTHRIE-R,168,140,10.5,10.5
919,BOS,KWEILAND-R,-188,-160,10.5,10.5
920,WAS,RDETWILER-L,230,200,7,7.5
920,PHI,CLEE-L,-270,-240,7,7.5
920,ATL,RDELGADO-R,-105,-114,7.5,7.5
920,MIA,ASANCHEZ-R,-105,-106,7.5,7.5
920,HOU,BNORRIS-R,140,145,8,8
920,CIN,HBAILEY-R,-160,-165,8,8
920,MIL,SMARCUM-R,-145,-148,9,9
920,CUB,RWELLS-R,125,128,9,9
920,NYM,MPELFREY-R,152,159,8.5,8.5
920,STL,EJACKSON-R,-172,-179,8.5,8.5
920,SDG,MLATOS-R,-107,-124,8.5,8
920,COL,JCHACIN-R,-113,104,8.5,8
920,PIT,CMORTON-R,200,170,8.5,8.5
920,ARI,DHUDSON-R,-240,-200,8.5,8.5
920,SFO,TLINCECUM-R,108,100,5.5,5.5
920,LOS,CKERSHAW-L,-128,-120,5.5,5.5
920,LAA,JPINEIRO-R,115,-105,9,9.5
920,TOR,BCECIL-L,-135,-115,9,9.5
920,TAM,WDAVIS-R,150,134,9,9
920,NYY,INOVA-R,-170,-154,9,9
920,CWS,DAXELROD-R,-110,-110,9,9
920,CLE,ZMCALLIST-R,-110,-110,9,9
920,BAL,VANDENHURK-R,205,210,10,10.5
920,BOS,EBEDARD-L,-245,-250,10,10.5
920,DET,BPENNY-R,-105,-105,10,10
920,KAN,LMENDOZA-R,-105,-115,10,10
920,SEA,JVARGAS-L,-113,-113,8,8
920,MIN,LHENDRIKS-R,-107,-107,8,8
920,TEX,DHOLLAND-L,-140,-154,8,8
920,OAK,RHARDEN-R,120,134,8,8
920,CWS,GFLOYD-R,-110,-113,8.5,8.5
920,CLE,FCARMONA-R,-110,-107,8.5,8.5
920,WAS,TMILONE-L,151,148,8.5,8.5
920,PHI,KKENDRICK-R,-171,-168,8.5,8.5
921,HOU,WRODRIGEZ-L,120,118,8,9
921,CIN,BARROYO-R,-140,-138,8,9
921,MIL,RWOLF-L,-125,-110,10,10.5
921,CUB,MGARZA-R,105,-110,10,10.5
921,SDG,ABASS-R,-110,-104,9.5,9.5
921,COL,ACOOK-R,-110,-116,9.5,9.5
921,PIT,ROHLENDOR-R,170,145,9.5,9.5
921,ARI,WMILEY-L,-190,-165,9.5,9.5
921,WAS,JLANNAN-L,170,158,8,8
921,PHI,VWORLEY-R,-200,-178,8,8
921,ATL,DLOWE-R,120,-113,7.5,7.5
921,MIA,JVAZQUEZ-R,-140,-107,7.5,7.5
921,NYM,CSCHWINDE-R,170,200,8.5,9
921,STL,JGARCIA-L,-200,-230,8.5,9
921,SFO,VOGELSONG-R,-110,-125,7,7
921,LOS,DEVELAND-L,-110,105,7,7
921,TAM,JSHIELDS-R,-110,-151,8.5,8.5
921,NYY,HNOESI-R,-110,131,8.5,8.5
921,CWS,MBUEHRLE-L,125,131,8.5,8
921,CLE,UJIMENEZ-R,-145,-151,8.5,8
921,LAA,DHAREN-R,-180,-143,8.5,8.5
921,TOR,DMCGOWAN-R,160,123,8.5,8.5
921,BAL,THUNTER-R,250,220,9.5,9
921,BOS,JBECKETT-R,-300,-260,9.5,9
921,SEA,MPINEDA-R,-140,-137,7.5,7.5
921,MIN,KSLOWEY-R,120,117,7.5,7.5
921,DET,MSCHERZER-R,-135,-113,9,8.5
921,KAN,FPAULINO-R,115,-107,9,8.5
921,TEX,CWILSON-L,-155,-173,7,7
921,OAK,BMCCARTHY-R,135,153,7,7
921,TAM,JHELLICKS-R,165,144,8.5,8
921,NYY,CSABATHIA-L,-185,-164,8.5,8
922,NYM,CCAPUANO-L,150,166,9,9
922,STL,WESTBROOK-R,-170,-186,9,9
922,WAS,BPEACOCK-R,170,170,8,8
922,PHI,ROSWALT-R,-200,-200,8,8
922,COL,AWHITE-R,105,101,9,9
922,HOU,HSOSA-R,-125,-121,9,9
922,SFO,MBUMGARNR-L,100,-133,6.5,6.5
922,LOS,HKURODA-R,-120,113,6.5,6.5
922,SEA,BBEAVAN-R,100,-120,8.5,8.5
922,MIN,ASWARZAK-R,-120,100,8.5,8.5
922,TEX,CLEWIS-R,-155,-145,8.5,8.5
922,OAK,TCAHILL-R,135,125,8.5,8.5
922,LAA,ESANTANA-R,-120,-118,8.5,8.5
922,TOR,HALVAREZ-R,100,-102,8.5,8.5
922,CWS,PHUMBER-R,105,-107,9,8.5
922,CLE,JGOMEZ-R,-125,-113,9,8.5
922,BAL,ZBRITTON-L,140,129,9,9.5
922,DET,JTURNER-R,-160,-149,9,9.5
922,TAM,MMOORE-L,-118,-137,9.5,9
922,NYY,BCOLON-R,-102,117,9.5,9
923,ATL,THUDSON-R,105,-113,6.5,6.5
923,WAS,SSTRASBUR-R,-125,-107,6.5,6.5
923,CIN,EVOLQUEZ-R,-140,-137,9,9
923,PIT,JLOCKE-L,120,117,9,9
923,COL,DPOMERANZ-L,120,120,8.5,8
923,HOU,BMYERS-R,-140,-140,8.5,8
923,MIA,CVOLSTAD-R,200,200,8,8
923,MIL,YGALLARDO-R,-230,-230,8,8
923,CUB,RDEMPSTER-R,190,170,7.5,7.5
923,STL,CARPENTER-R,-220,-200,7.5,7.5
923,SFO,MCAIN-R,150,-110,9,8.5
923,ARI,JSAUNDERS-L,-170,-110,9,8.5
923,LOS,TLILLY-L,-130,-112,6.5,6.5
923,SDG,WLEBLANC-L,110,-108,6.5,6.5
923,BAL,ASIMON-R,155,153,9.5,9.5
923,DET,RPORCELLO-R,-175,-173,9.5,9.5
923,MIN,CPAVANO-R,170,168,8.5,8
923,CLE,MASTERSON-R,-190,-188,8.5,8
923,TOR,BMORROW-R,170,170,7.5,7
923,TAM,DPRICE-L,-190,-200,7.5,7
923,SEA,AVASQUEZ-L,240,250,10,10
923,TEX,MHARRISON-L,-280,-300,10,10
923,KAN,BCHEN-L,105,-112,9,9
923,CWS,ZSTEWART-R,-125,-108,9,9
923,OAK,GGONZALEZ-L,170,163,7,7
923,LAA,JERWEAVER-R,-190,-183,7,7
924,ATL,BBEACHY-R,-165,-150,8,8.5
924,WAS,CWANG-R,145,130,8,8.5
924,PHI,CHAMELS-L,-130,-139,8,7
924,NYM,RDICKEY-R,110,119,8,7
924,CUB,RLOPEZ-R,170,180,9,8.5
924,STL,KLOHSE-R,-200,-210,9,8.5
924,CIN,TWOOD-L,-125,-120,9,9
924,PIT,BLINCOLN-R,105,100,9,9
924,COL,JHAMMEL-R,100,-103,9,8.5
924,HOU,JHAPP-L,-120,-117,9,8.5
924,MIA,ASANABIA-R,160,175,8,7.5
924,MIL,ZGREINKE-R,-180,-195,8,7.5
924,SFO,ESURKAMP-L,150,155,8,7.5
924,ARI,IKENNEDY-R,-170,-175,8,7.5
924,LOS,BILLNGSLEY-R,-105,-106,7,6.5
924,SDG,AHARANG-R,-115,-114,7,6.5
924,BOS,JLESTER-L,-105,-138,11,9.5
924,NYY,FGARCIA-R,-115,118,11,9.5
924,BAL,JGUTHRIE-R,230,230,7.5,7.5
924,DET,VERLANDER-R,-270,-270,7.5,7.5
924,MIN,SDIAMOND-L,113,117,9,9
924,CLE,MTALBOT-R,-133,-137,9,9
924,TOR,RROMERO-L,120,117,7.5,7.5
924,TAM,JNIEMANN-R,-140,-137,7.5,7.5
924,KAN,ETEAFORD-L,115,112,8.5,8.5
924,CWS,JDANKS-L,-135,-132,8.5,8.5
924,SEA,FHERNANDZ-R,-110,-113,8,7.5
924,TEX,AOGANDO-R,-110,-107,8,7.5
924,OAK,GMOSCOSO-R,130,120,8,8
924,LAA,JWILLIAMS-R,-150,-140,8,8
924,MIN,BDUENSING-L,133,126,9,9
924,CLE,DHUFF-L,-153,-146,9,9
924,PHI,JBLANTON-R,-130,-114,8,8.5
924,NYM,DGEE-R,110,-106,8,8.5
925,PHI,RHALLADAY-R,-190,-200,7,7
925,NYM,MPELFREY-R,170,170,7,7
925,ATL,MMINOR-L,-125,-109,8.5,8
925,WAS,RDETWILER-L,105,-111,8.5,8
925,CIN,DWILLIS-L,115,-101,9,9
925,PIT,JMCDONALD-R,-135,-119,9,9
925,COL,JCHACIN-R,100,-107,9,8.5
925,HOU,LHARRELL-R,-120,-113,9,8.5
925,MIA,RNOLASCO-R,125,124,8.5,8
925,MIL,CNARVESON-L,-145,-144,8.5,8
925,CUB,RWELLS-R,170,180,8.5,8.5
925,STL,EJACKSON-R,-190,-210,8.5,8.5
925,LOS,CKERSHAW-L,-145,-140,5.5,5.5
925,SDG,CLUEBKE-L,125,120,5.5,5.5
925,SFO,TLINCECUM-R,-130,-125,7.5,7.5
925,ARI,JCOLLMENT-R,110,105,7.5,7.5
925,BAL,BMATUSZ-L,130,134,11,10.5
925,DET,BPENNY-R,-150,-154,11,10.5
925,MIN,LHENDRIKS-R,155,148,9,9
925,CLE,FCARMONA-R,-175,-168,9,9
925,TOR,BCECIL-L,130,145,8.5,8.5
925,TAM,WDAVIS-R,-150,-165,8.5,8.5
925,KAN,LMENDOZA-R,115,124,8.5,8.5
925,CWS,GFLOYD-R,-135,-144,8.5,8.5
925,SEA,CFURBUSH-L,200,185,9.5,9.5
925,TEX,DHOLLAND-L,-230,-215,9.5,9.5
925,OAK,RHARDEN-R,125,-112,8.5,8.5
925,LAA,JPINEIRO-R,-145,-108,8.5,8.5
925,BOS,WAKEFIELD-R,-107,-105,11,10.5
925,NYY,ABURNETT-R,-113,-105,11,10.5
925,BOS,JLACKEY-R,125,118,10.5,10
925,NYY,INOVA-R,-145,-138,10.5,10
926,CIN,HBAILEY-R,-125,-117,8.5,8.5
926,NYM,CSCHWINDE-R,105,-103,8.5,8.5
926,WAS,TMILONE-L,125,132,7.5,7.5
926,MIA,ASANCHEZ-R,-145,-152,7.5,7.5
926,PHI,CLEE-L,-130,-138,7,7
926,ATL,RDELGADO-R,110,118,7,7
926,STL,JGARCIA-L,-155,-154,7.5,7.5
926,HOU,WRODRIGEZ-L,135,134,7.5,7.5
926,PIT,CMORTON-R,170,161,7.5,7.5
926,MIL,SMARCUM-R,-200,-181,7.5,7.5
926,LOS,DEVELAND-L,155,149,8.5,9
926,ARI,DHUDSON-R,-175,-169,8.5,9
926,CUB,CCOLEMAN-R,160,158,6.5,6.5
926,SDG,MLATOS-R,-180,-178,6.5,6.5
926,COL,JCHACIN-R,115,106,7,7
926,SFO,VOGELSONG-R,-135,-126,7,7
926,BOS,JBECKETT-R,-230,-195,9,9
926,BAL,THUNTER-R,200,175,9,9
926,CLE,UJIMENEZ-R,130,130,8,8
926,DET,DFISTER-R,-150,-150,8,8
926,NYY,HNOESI-R,180,180,8.5,8.5
926,TAM,JSHIELDS-R,-210,-210,8.5,8.5
926,TOR,DMCGOWAN-R,100,105,9,8
926,CWS,DAXELROD-R,-120,-125,9,8
926,KAN,FPAULINO-R,-110,-128,9,8.5
926,MIN,KSLOWEY-R,-110,108,9,8.5
926,TEX,CWILSON-L,115,-103,7,7
926,LAA,DHAREN-R,-135,-117,7,7
926,OAK,BMCCARTHY-R,-130,-133,7,7
926,SEA,JVARGAS-L,110,113,7,7
927,PHI,ROSWALT-R,-113,-111,8,8
927,ATL,DLOWE-R,-107,-109,8,8
927,WAS,JLANNAN-L,139,141,7.5,7.5
927,MIA,JVAZQUEZ-R,-159,-161,7.5,7.5
927,CIN,BARROYO-R,102,-109,8,8.5
927,NYM,CCAPUANO-L,-122,-111,8,8.5
927,STL,WESTBROOK-R,-159,-200,8.5,9
927,HOU,HSOSA-R,139,170,8.5,9
927,PIT,ROHLENDOR-R,165,175,8.5,8.5
927,MIL,RWOLF-L,-185,-195,8.5,8.5
927,LOS,HKURODA-R,-112,-105,8.5,8.5
927,ARI,JPARKER-R,-108,-105,8.5,8.5
927,CUB,MGARZA-R,-120,-120,6.5,6
927,SDG,ABASS-R,100,100,6.5,6
927,COL,AWHITE-R,168,169,7,7
927,SFO,MBUMGARNR-L,-188,-189,7,7
927,CLE,JGOMEZ-R,142,160,9,9
927,DET,MSCHERZER-R,-162,-180,9,9
927,BOS,EBEDARD-L,-159,-159,9.5,9.5
927,BAL,ZBRITTON-L,139,139,9.5,9.5
927,NYY,BCOLON-R,152,160,8.5,8.5
927,TAM,JHELLICKS-R,-172,-180,8.5,8.5
927,KAN,O'SULLIVAN-R,-111,-114,9,9
927,MIN,ASWARZAK-R,-109,-106,9,9
927,TOR,HALVAREZ-R,110,-105,8,8.5
927,CWS,MBUEHRLE-L,-130,-105,8,8.5
927,TEX,CLEWIS-R,-105,-140,7.5,8.5
927,LAA,TCHATWOOD-R,-115,120,7.5,8.5
927,OAK,TCAHILL-R,-113,-110,7,7.5
927,SEA,BBEAVAN-R,-107,-110,7,7.5
928,CIN,EVOLQUEZ-R,-125,-117,9,8.5
928,NYM,MBATISTA-R,105,-103,9,8.5
928,COL,DPOMERANZ-L,155,115,7,8
928,SFO,ESURKAMP-L,-175,-135,7,8
928,WAS,SSTRASBUR-R,-150,-141,7,7
928,MIA,CVOLSTAD-R,130,121,7,7
928,PHI,JBLANTON-R,170,153,8,8
928,ATL,THUDSON-R,-190,-173,8,8
928,STL,CARPENTER-R,-200,-180,7.5,7
928,HOU,BMYERS-R,170,160,7.5,7
928,PIT,JLOCKE-L,175,200,8.5,8.5
928,MIL,ZGREINKE-R,-195,-230,8.5,8.5
928,CUB,RDEMPSTER-R,-113,100,6.5,6.5
928,SDG,WLEBLANC-L,-107,-120,6.5,6.5
928,LOS,TLILLY-L,-105,109,8.5,8.5
928,ARI,JSAUNDERS-L,-115,-129,8.5,8.5
928,TOR,BMORROW-R,-113,-132,8.5,8
928,CWS,PHUMBER-R,-107,112,8.5,8
928,CLE,ZMCALLIST-R,155,158,9.5,9.5
928,DET,RPORCELLO-R,-175,-178,9.5,9.5
928,BOS,JLESTER-L,-230,-182,9,9
928,BAL,ASIMON-R,200,162,9,9
928,NYY,DBETANCES-R,200,200,8.5,8.5
928,TAM,DPRICE-L,-240,-240,8.5,8.5
928,KAN,BCHEN-L,-117,-115,8.5,8
928,MIN,CPAVANO-R,-103,-105,8.5,8
928,TEX,MHARRISON-L,-130,-155,8.5,8.5
928,LAA,GRICHARDS-R,110,135,8.5,8.5
928,OAK,GGONZALEZ-L,-150,-167,7.5,7.5
928,SEA,AVASQUEZ-L,130,147,7.5,7.5
930,TAM,MMOORE-L,140,153,8,8.5
930,TEX,CWILSON-L,-160,-173,8,8.5
1001,ARI,IKENNEDY-R,107,128,7.5,7
1001,MIL,YGALLARDO-R,-127,-148,7.5,7
1001,STL,KLOHSE-R,183,190,7,7
1001,PHI,RHALLADAY-R,-213,-220,7,7
1001,TAM,JSHIELDS-R,-102,106,8,8.5
1001,TEX,DHOLLAND-L,-118,-126,8,8.5
1001,DET,DFISTER-R,137,142,9.5,9
1001,NYY,INOVA-R,-157,-162,9.5,9
1002,DET,MSCHERZER-R,126,120,9.5,9
1002,NYY,FGARCIA-R,-146,-140,9.5,9
1002,ARI,DHUDSON-R,130,145,7,7
1002,MIL,ZGREINKE-R,-150,-165,7,7
1002,STL,CARPENTER-R,150,159,7,7
1002,PHI,CLEE-L,-170,-179,7,7
1003,TEX,CLEWIS-R,115,-104,7.5,8
1003,TAM,DPRICE-L,-135,-116,7.5,8
1003,NYY,CSABATHIA-L,110,103,7,7
1003,DET,VERLANDER-R,-130,-123,7,7
1004,TEX,MHARRISON-L,-105,-110,8.5,8.5
1004,TAM,JHELLICKS-R,-115,-110,8.5,8.5
1004,NYY,ABURNETT-R,-105,-120,9.5,10
1004,DET,RPORCELLO-R,-115,100,9.5,10
1004,PHI,CHAMELS-L,-133,-121,7,7
1004,STL,JGARCIA-L,113,101,7,7
1004,MIL,SMARCUM-R,-110,-120,9,9
1004,ARI,JCOLLMENT-R,-110,100,9,9
1005,PHI,ROSWALT-R,-114,-117,7,7.5
1005,STL,EJACKSON-R,-106,-103,7,7.5
1005,MIL,RWOLF-L,-113,-105,8.5,9
1005,ARI,JSAUNDERS-L,-107,-105,8.5,9
1006,DET,DFISTER-R,140,151,9,9
1006,NYY,INOVA-R,-160,-171,9,9
1007,ARI,IKENNEDY-R,126,136,7.5,7
1007,MIL,YGALLARDO-R,-146,-156,7.5,7
1007,STL,CARPENTER-R,167,159,6.5,6.5
1007,PHI,RHALLADAY-R,-187,-179,6.5,6.5
1008,DET,VERLANDER-R,-113,-110,7.5,7.5
1008,TEX,CWILSON-L,-107,-110,7.5,7.5
1009,STL,JGARCIA-L,120,123,7.5,7.5
1009,MIL,ZGREINKE-R,-140,-143,7.5,7.5
1010,STL,EJACKSON-R,119,113,8.5,8.5
1010,MIL,SMARCUM-R,-139,-133,8.5,8.5
1010,DET,MSCHERZER-R,125,131,9,9
1010,TEX,DHOLLAND-L,-145,-151,9,9
1011,TEX,CLEWIS-R,105,108,8.5,8.5
1011,DET,DFISTER-R,-125,-128,8.5,8.5
1012,MIL,YGALLARDO-R,120,130,7.5,7
1012,STL,CARPENTER-R,-140,-150,7.5,7
1012,TEX,MHARRISON-L,-110,-121,9.5,9
1012,DET,RPORCELLO-R,-110,101,9.5,9
1013,MIL,RWOLF-L,105,124,8.5,8.5
1013,STL,KLOHSE-R,-125,-144,8.5,8.5
1013,TEX,CWILSON-L,135,130,7,7
1013,DET,VERLANDER-R,-155,-150,7,7
1014,MIL,ZGREINKE-R,-105,102,8.5,7.5
1014,STL,JGARCIA-L,-115,-122,8.5,7.5
1015,DET,MSCHERZER-R,117,137,9,9
1015,TEX,DHOLLAND-L,-137,-157,9,9
1016,STL,EJACKSON-R,110,105,8.5,8.5
1016,MIL,SMARCUM-R,-130,-125,8.5,8.5
1019,TEX,CWILSON-L,110,106,7.5,7.5
1019,STL,CARPENTER-R,-130,-126,7.5,7.5
1020,TEX,CLEWIS-R,-114,-119,8.5,8
1020,STL,JGARCIA-L,-106,-101,8.5,8
1022,STL,KLOHSE-R,153,163,9.5,9.5
1022,TEX,MHARRISON-L,-173,-183,9.5,9.5
1023,STL,EJACKSON-R,140,151,9.5,9.5
1023,TEX,DHOLLAND-L,-160,-171,9.5,9.5
1024,STL,CARPENTER-R,100,110,8,8.5
1024,TEX,CWILSON-L,-120,-130,8,8.5
1027,TEX,CLEWIS-R,-110,-106,7,7
1027,STL,JGARCIA-L,-110,-114,7,7
1028,TEX,MHARRISON-L,101,110,8.5,8
1028,STL,CARPENTER-R,-121,-130,8.5,8
