Date,Team,Pitcher,Open,Close,OpenOU,CloseOU
403,STL,WAINWRIGHT-R,-115,109,6.5,6.5
403,PIT,FLIRIANO-L,-105,-119,6.5,6.5
403,TOR,MSTROMAN-R,-115,111,7,7
403,TAM,CARCHER-R,-105,-121,7,7
403,NYM,MHARVEY-R,-119,-120,7,8
403,KAN,EVOLQUEZ-R,-101,110,7,8
404,SFO,BUMGARNER-L,-185,-175,7,8
404,MIL,WPERALTA-R,165,155,7,8
404,WAS,MSCHERZER-R,-200,-180,6.5,7
404,ATL,JTEHERAN-R,170,160,6.5,7
404,PHI,HELLICKSON-R,120,155,8.5,7.5
404,CIN,RIGLESIAS-R,-140,-175,8.5,7.5
404,LOS,CKERSHAW-L,-175,-200,5.5,6
404,SDG,TROSS-R,155,170,5.5,6
404,COL,DELAROSA-L,200,155,7,8
404,ARI,ZGREINKE-R,-230,-175,7,8
404,MIN,ESANTANA-R,-101,109,8,9
404,BAL,CTILLMAN-R,-119,-119,8,9
404,SEA,FHERNANDZ-R,105,116,7.5,8
404,TEX,CHAMELS-L,-125,-126,7.5,8
404,TOR,RDICKEY-R,-109,107,7.5,8.5
404,TAM,DSMYLY-L,-111,-117,7.5,8.5
404,CWS,CSALE-L,105,-145,6,7
404,OAK,RHILL-L,-125,130,6,7
404,CUB,JARRIETA-R,-145,-145,6.5,7
404,LAA,GRICHARDS-R,125,130,6.5,7
405,STL,MWACHA-R,-115,102,7.5,7
405,PIT,JNIESE-L,-105,-112,7.5,7
405,SFO,JCUETO-R,-140,-158,8,8
405,MIL,JNELSON-R,120,143,8,8
405,COL,CBETTIS-R,145,115,8.5,9
405,ARI,SMILLER-R,-165,-130,8.5,9
405,LOS,SKAZMIR-L,-140,-115,6.5,7.5
405,SDG,JSHIELDS-R,120,105,6.5,7.5
405,TOR,ASANCHEZ-R,105,-107,8,8.5
405,TAM,JODORIZZI-R,-125,-103,8,8.5
405,SEA,HIWAKUMA-R,100,-103,8.5,9
405,TEX,MPEREZ-L,-120,-107,8.5,9
405,CWS,JQUINTANA-L,-115,-113,7.5,7.5
405,OAK,CBASSITT-R,-105,103,7.5,7.5
405,NYM,SYNDERGARD-R,-125,-127,7.5,8.5
405,KAN,CYOUNG-R,105,117,7.5,8.5
405,DET,VERLANDER-R,-115,-107,7.5,7.5
405,MIA,WCHEN-L,-105,-103,7.5,7.5
405,CUB,JLESTER-L,-130,-125,7.5,7.5
405,LAA,AHEANEY-L,110,115,7.5,7.5
405,HOU,DKEUCHEL-L,-130,-123,7,6.5
405,NYY,MTANAKA-R,110,113,7,6.5
405,BOS,DPRICE-L,-114,113,6.5,6
405,CLE,CKLUBER-R,-106,-123,6.5,6
406,SFO,JSAMARDZI-R,-132,-141,8.5,9
406,MIL,JUNGMANN-R,112,126,8.5,9
406,COL,TCHATWOOD-R,162,125,8.5,8.5
406,ARI,PCORBIN-L,-182,-140,8.5,8.5
406,STL,MLEAKE-R,-105,102,7.5,7.5
406,PIT,JNICASIO-R,-105,-112,7.5,7.5
406,WAS,SSTRASBUR-R,-191,-190,7.5,7
406,ATL,BNORRIS-R,171,170,7.5,7
406,PHI,ANOLA-R,110,117,8,8
406,CIN,BFINNEGAN-L,-130,-132,8,8
406,LOS,KMAEDA-R,-125,-145,7,7
406,SDG,ACASHNER-R,105,130,7,7
406,TOR,JHAPP-L,-104,-123,8,8.5
406,TAM,MMOORE-L,-116,113,8,8.5
406,SEA,WMILEY-L,105,-130,9,9.5
406,TEX,CLEWIS-R,-125,115,9,9.5
406,BOS,CBUCHHOLZ-R,103,126,7,7.5
406,CLE,CCARRASCO-R,-123,-141,7,7.5
406,HOU,CMCHUGH-R,-104,116,7,7.5
406,NYY,MPINEDA-R,-116,-131,7,7.5
406,MIN,KGIBSON-R,105,106,8.5,8.5
406,BAL,YGALLARDO-R,-125,-116,8.5,8.5
406,CWS,CRODON-L,123,117,7,8
406,OAK,SGRAY-R,-143,-127,7,8
406,DET,ASANCHEZ-R,131,154,7,7
406,MIA,JFERNANDZ-R,-151,-174,7,7
407,PHI,CMORTON-R,120,116,8.5,8.5
407,CIN,STEPHENSON-R,-140,-126,8.5,8.5
407,MIA,ACONLEY-L,130,126,8,8.5
407,WAS,TROARK-R,-150,-141,8,8.5
407,LOS,AWOOD-L,-105,110,7,8
407,SFO,JPEAVY-R,-115,-120,7,8
407,CUB,JLACKEY-R,-150,-177,9,9
407,ARI,RDELAROSA-R,130,157,9,9
407,CWS,MLATOS-R,-115,101,8.5,8.5
407,OAK,KGRAVEMAN-R,-105,-111,8.5,8.5
407,HOU,MFIERS-R,110,-103,8,9
407,NYY,NEOVALDI-R,-130,-107,8,9
407,MIN,PHUGHES-R,120,125,8.5,8.5
407,BAL,UJIMENEZ-R,-140,-140,8.5,8.5
407,TEX,DHOLLAND-L,-114,129,8,8
407,LAA,HSANTIAGO-L,-106,-144,8,8
408,PHI,JEICKHOFF-R,200,237,6.5,7
408,NYM,JDEGROM-R,-230,-277,6.5,7
408,SDG,CREA-R,130,140,10.5,11
408,COL,JLYLES-R,-150,-155,10.5,11
408,PIT,FLIRIANO-L,-150,-141,7.5,8
408,CIN,ASIMON-R,130,126,7.5,8
408,STL,JGARCIA-L,-160,-164,7,7
408,ATL,MWISLER-R,140,149,7,7
408,CUB,JHAMMEL-R,-135,-124,9.5,9
408,ARI,RRAY-L,115,114,9.5,9
408,LOS,RSTRIPLNG-R,100,-110,8,8.5
408,SFO,MCAIN-R,-120,100,8,8.5
408,NYY,LSEVERINO-R,105,108,8,8
408,DET,JZIMMERMN-R,-125,-118,8,8
408,CLE,DSALAZAR-R,-115,-144,8.5,8
408,CWS,JDANKS-L,-105,129,8.5,8
408,TAM,CARCHER-R,-130,-125,7.5,7.5
408,BAL,CTILLMAN-R,110,115,7.5,7.5
408,BOS,JKELLY-R,150,140,8.5,9
408,TOR,MSTROMAN-R,-170,-155,8.5,9
408,MIN,ESANTANA-R,130,144,7.5,7.5
408,KAN,YVENTURA-R,-150,-159,7.5,7.5
408,TEX,AGRIFFIN-R,107,117,8,8
408,LAA,MSHOEMAKR-R,-127,-127,8,8
408,OAK,ESURKAMP-L,160,139,8,8
408,SEA,TWALKER-R,-180,-154,8,8
408,HOU,SFELDMAN-R,-135,-111,9,9
408,MIL,CANDERSON-R,115,101,9,9
409,PIT,GCOLE-R,-140,-122,7.5,7
409,CIN,RIGLESIAS-R,120,112,7.5,7
409,LOS,CKERSHAW-L,-135,-148,6,6
409,SFO,MBUMGARNR-L,115,133,6,6
409,STL,CMARTINEZ-R,-145,-130,7,7
409,ATL,JTEHERAN-R,125,115,7,7
409,PHI,VVELASQEZ-R,165,138,7.5,7
409,NYM,BCOLON-R,-185,-153,7.5,7
409,SDG,DPOMERANZ-L,140,111,10,11.5
409,COL,JDELAROSA-L,-160,-121,10,11.5
409,CUB,KHENDRICK-R,110,-105,8,8
409,ARI,ZGREINKE-R,-130,-105,8,8
409,BOS,RPORCELLO-R,110,105,9,9
409,TOR,RDICKEY-R,-130,-115,9,9
409,NYY,CSABATHIA-L,-114,101,9,9
409,DET,MPELFREY-R,-106,-111,9,9
409,CLE,CANDERSON-R,155,150,7.5,7
409,CWS,CSALE-L,-175,-170,7.5,7
409,MIN,TMILONE-L,125,116,8,7.5
409,KAN,IKENNEDY-R,-145,-126,8,7.5
409,TEX,CHAMELS-L,100,109,7,7
409,LAA,GRICHARDS-R,-120,-119,7,7
409,OAK,RHILL-L,125,114,8,8
409,SEA,NKARNS-R,-145,-124,8,8
409,HOU,DFISTER-R,-125,-155,8.5,9
409,MIL,WPERALTA-R,105,140,8.5,9
410,PHI,JHELICKSN-R,220,200,6.5,6.5
410,NYM,MHARVEY-R,-260,-240,6.5,6.5
410,PIT,JLOCKE-L,-130,-120,8.5,9
410,CIN,TMELVILLE-R,110,110,8.5,9
410,MIA,TKOEHLER-R,130,140,8,8
410,WAS,JROSS-R,-150,-155,8,8
410,STL,AWAINWRIG-R,-180,-158,7,7.5
410,ATL,WPEREZ-R,160,143,7,7.5
410,LOS,SKAZMIR-L,115,130,7,7.5
410,SFO,JCUETO-R,-135,-145,7,7.5
410,SDG,JSHIELDS-R,-105,125,11,11.5
410,COL,CBETTIS-R,-115,-140,11,11.5
410,CUB,JARRIETA-R,-175,-215,8,8
410,ARI,SMILLER-R,155,185,8,8
410,BOS,SWRIGHT-R,110,136,9.5,9.5
410,TOR,MESTRADA-R,-130,-151,9.5,9.5
410,TAM,JODORIZZI-R,-114,-105,8,8
410,BAL,VWORLEY-R,-106,-105,8,8
410,MIN,RNOLASCO-R,140,150,8,8.5
410,KAN,EVOLQUEZ-R,-160,-170,8,8.5
410,TEX,MPEREZ-L,110,115,8,8.5
410,LAA,JWEAVER-R,-130,-125,8,8.5
410,OAK,CBASSITT-R,170,148,7,7.5
410,SEA,FHERNANDZ-R,-200,-163,7,7.5
410,HOU,DKEUCHEL-L,-160,-173,7.5,9
410,MIL,JNELSON-R,140,153,7.5,9
411,SDG,ACASHNER-R,100,110,7.5,8
411,PHI,ANOLA-R,-120,-120,7.5,8
411,MIL,TJUNGMANN-R,155,157,8,7.5
411,STL,MWACHA-R,-175,-177,8,7.5
411,ATL,BNORRIS-R,250,203,7,7.5
411,WAS,MSCHERZER-R,-290,-243,7,7.5
411,MIA,JCOSART-R,140,145,7,7.5
411,NYM,SMATZ-L,-160,-160,7,7.5
411,CIN,BFINNEGAN-L,205,165,7.5,7
411,CUB,JLESTER-L,-235,-185,7.5,7
411,BAL,YGALLARDO-R,170,165,8,8.5
411,BOS,DPRICE-L,-190,-185,8,8.5
411,CWS,JQUINTANA-L,-105,-118,8,7.5
411,MIN,KGIBSON-R,-115,108,8,7.5
411,KAN,CYOUNG-R,115,133,8.5,8.5
411,HOU,CMCHUGH-R,-135,-148,8.5,8.5
411,LAA,NTROPEANO-R,160,129,7,7.5
411,OAK,SGRAY-R,-180,-144,7,7.5
411,TEX,CLEWIS-R,140,155,7.5,7.5
411,SEA,HIWAKUMA-R,-160,-175,7.5,7.5
411,PIT,JNIESE-L,-104,146,9,8.5
411,DET,VERLANDER-R,-116,-161,9,8.5
412,ARI,PCORBIN-L,145,126,7,7
412,LOS,KMAEDA-R,-165,-141,7,7
412,ATL,JCHACIN-R,180,159,7.5,7.5
412,WAS,GGONZALEZ-L,-210,-179,7.5,7.5
412,SDG,RERLIN-L,-115,-108,8.5,7.5
412,PHI,CMORTON-R,-105,-102,8.5,7.5
412,MIA,JFERNANDZ-R,115,115,6,6
412,NYM,SYNDERGARD-R,-135,-125,6,6
412,SFO,SAMARDZIJA-R,-125,106,11,11.5
412,COL,TCHATWOOD-R,105,-116,11,11.5
412,NYY,MTANAKA-R,-105,104,8.5,8
412,TOR,ASANCHEZ-R,-115,-114,8.5,8
412,CLE,CKLUBER-R,-135,-120,7,7
412,TAM,MMOORE-L,115,110,7,7
412,BAL,MWRIGHT-R,150,137,9.5,9
412,BOS,CBUCHHOLZ-R,-170,-152,9.5,9
412,KAN,KMEDLEN-R,125,115,8.5,8
412,HOU,MFIERS-R,-145,-125,8.5,8
412,LAA,HSANTIAGO-L,-105,103,7.5,8
412,OAK,KGRAVEMAN-R,-115,-113,7.5,8
412,TEX,DHOLLAND-L,110,116,7.5,7
412,SEA,WMILEY-L,-130,-126,7.5,7
412,PIT,JNICASIO-R,115,106,8.5,8.5
412,DET,ASANCHEZ-R,-135,-116,8.5,8.5
413,MIA,ACONLEY-L,110,105,8,7
413,NYM,LVERRETT-R,-130,-115,8,7
413,ATL,MWISLER-R,200,126,7.5,8
413,WAS,TROARK-R,-240,-141,7.5,8
413,SDG,CREA-R,100,105,8,7
413,PHI,JEICKHOFF-R,-120,-115,8,7
413,CIN,ASIMON-R,185,170,8,7.5
413,CUB,JLACKEY-R,-215,-200,8,7.5
413,MIL,CANDERSON-R,150,130,8,7
413,STL,MLEAKE-R,-170,-145,8,7
413,SFO,JPEAVY-R,-125,-105,11.5,11.5
413,COL,JLYLES-R,105,-105,11.5,11.5
413,ARI,RDELAROSA-R,130,155,7.5,8
413,LOS,AWOOD-L,-150,-175,7.5,8
413,LAA,MSHOEMAKR-R,-105,-107,8,9
413,OAK,ESURKAMP-L,-105,-103,8,9
413,TEX,AGRIFFIN-R,120,130,8,7.5
413,SEA,TWALKER-R,-140,-145,8,7.5
413,NYY,MPINEDA-R,100,116,8.5,8
413,TOR,JHAPP-L,-120,-126,8.5,8
413,BAL,UJIMENEZ-R,120,113,9,8.5
413,BOS,JKELLY-R,-140,-123,9,8.5
413,CLE,CCARRASCO-R,-105,-109,7,7
413,TAM,DSMYLY-L,-115,-101,7,7
413,KAN,YVENTURA-R,-110,-105,8,8.5
413,HOU,SFELDMAN-R,-110,-105,8,8.5
413,CWS,CRODON-L,-114,-105,8,8
413,MIN,PHUGHES-R,-106,-105,8,8
413,DET,SGREENE-R,140,112,7.5,8.5
413,PIT,VOGELSONG-R,-160,-122,7.5,8.5
414,SDG,DPOMERANZ-L,115,105,7.5,7
414,PHI,VVELASQEZ-R,-135,-115,7.5,7
414,MIL,WPERALTA-R,170,170,8,7.5
414,STL,JGARCIA-L,-200,-200,8,7.5
414,SFO,MCAIN-R,-130,-102,11.5,11.5
414,COL,JDELAROSA-L,110,-108,11.5,11.5
414,ATL,JTEHERAN-R,150,205,7.5,7
414,WAS,SSTRASBRG-R,-170,-235,7.5,7
414,CIN,RIGLESIAS-R,150,144,7.5,7
414,CUB,JHAMMEL-R,-170,-159,7.5,7
414,ARI,RRAY-L,145,116,7.5,7.5
414,LOS,RSTRIPLNG-R,-165,-126,7.5,7.5
414,CWS,MLATOS-R,-105,114,8,8.5
414,MIN,ESANTANA-R,-115,-124,8,8.5
414,CLE,DSALAZAR-R,115,128,7,7
414,TAM,CARCHER-R,-135,-143,7,7
414,NYY,NEOVALDI-R,135,128,8,9
414,TOR,MSTROMAN-R,-155,-143,8,9
414,BAL,CTILLMAN-R,115,117,8.5,8
414,TEX,CHAMELS-L,-135,-127,8.5,8
414,KAN,IKENNEDY-R,100,113,8.5,8.5
414,HOU,DFISTER-R,-120,-123,8.5,8.5
414,DET,JZIMMERMN-R,125,133,7,6.5
414,PIT,GCOLE-R,-145,-148,7,6.5
415,COL,CBETTIS-R,170,200,8,7.5
415,CUB,KHENDRCKS-R,-200,-240,8,7.5
415,MIL,JNELSON-R,125,125,8,7.5
415,PIT,JLOCKE-L,-145,-140,8,7.5
415,WAS,JROSS-R,-143,-145,8,7.5
415,PHI,JHELICKSN-R,123,130,8,7.5
415,ATL,WPEREZ-R,165,180,8,8
415,MIA,WCHEN-L,-185,-210,8,8
415,CIN,TMELVILLE-R,165,165,7.5,7.5
415,STL,CMARTINEZ-R,-185,-185,7.5,7.5
415,SFO,MBUMGARNR-L,150,146,6,6
415,LOS,CKERSHAW-L,-170,-161,6,6
415,ARI,ZGREINKE-R,-120,-151,6.5,6.5
415,SDG,JSHIELDS-R,100,136,6.5,6.5
415,SEA,NKARNS-R,130,127,8.5,8
415,NYY,LSEVERINO-R,-150,-142,8.5,8
415,TOR,RDICKEY-R,105,109,9,9
415,BOS,RPORCELLO-R,-125,-119,9,9
415,CWS,CSALE-L,-120,-109,6.5,6.5
415,TAM,JODORIZZI-R,100,-101,6.5,6.5
415,BAL,VWORLEY-R,-112,-114,9,9
415,TEX,MPEREZ-L,-108,104,9,9
415,DET,MPELFREY-R,155,175,8,9.5
415,HOU,DKEUCHEL-L,-175,-205,8,9.5
415,LAA,GRICHARDS-R,-125,-150,8,8.5
415,MIN,TMILONE-L,105,135,8,8.5
415,KAN,EVOLQUEZ-R,-115,105,7,7
415,OAK,RHILL-L,-105,-115,7,7
415,NYM,BCOLON-R,105,109,8,8
415,CLE,CANDERSON-R,-125,-119,8,8
416,CIN,BFINNEGAN-L,155,125,7.5,7.5
416,STL,WAINWRIGHT-R,-175,-140,7.5,7.5
416,COL,CBERGMAN-R,270,265,6.5,7
416,CUB,JARRIETA-R,-320,-315,6.5,7
416,MIL,TJUNGMANN-R,130,125,8,8
416,PIT,JNIESE-L,-150,-140,8,8
416,WAS,MSCHERZER-R,-185,-206,6.5,7
416,PHI,ANOLA-R,165,176,6.5,7
416,ATL,BNORRIS-R,160,130,7.5,8.5
416,MIA,TKOEHLER-R,-180,-145,7.5,8.5
416,ARI,SMILLER-R,100,-107,7,7.5
416,SDG,ACASHNER-R,-120,-103,7,7.5
416,SFO,JCUETO-R,100,-107,7,7.5
416,LOS,SKAZMIR-L,-120,-103,7,7.5
416,SEA,FHERNANDZ-R,-135,-122,7.5,7.5
416,NYY,CSABATHIA-L,115,112,7.5,7.5
416,LAA,JWEAVER-R,-120,114,8.5,9.5
416,MIN,RNOLASCO-R,100,-124,8.5,9.5
416,KAN,CYOUNG-R,-108,129,8,7.5
416,OAK,SGRAY-R,-112,-144,8,7.5
416,TOR,MESTRADA-R,130,117,8.5,8
416,BOS,DPRICE-L,-150,-132,8.5,8
416,CWS,JDANKS-L,120,133,7.5,8
416,TAM,ERAMIREZ-R,-140,-148,7.5,8
416,DET,VERLANDER-R,105,117,8.5,9
416,HOU,CMCHUGH-R,-125,-127,8.5,9
416,BAL,YGALLARDO-R,-120,-105,9,9.5
416,TEX,CLEWIS-R,100,-105,9,9.5
416,NYM,MHARVEY-R,-120,-122,7,7.5
416,CLE,JTOMLIN-R,100,112,7,7.5
417,ATL,JCHACIN-R,125,117,7.5,8
417,MIA,JCOSART-R,-145,-127,7.5,8
417,WAS,GGONZALEZ-L,-160,-150,8,8
417,PHI,CMORTON-R,140,135,8,8
417,MIL,ZDAVIES-R,140,115,8,8
417,PIT,JNICASIO-R,-160,-125,8,8
417,CIN,JMOSCOT-R,165,157,7.5,8
417,STL,MWACHA-R,-185,-177,7.5,8
417,COL,TCHATWOOD-R,200,200,7,7.5
417,CUB,JLESTER-L,-240,-230,7,7.5
417,ARI,PCORBIN-L,-135,102,7,7
417,SDG,RERLIN-L,115,-112,7,7
417,SFO,SAMARDZIJA-R,110,130,7,8
417,LOS,KMAEDA-R,-130,-145,7,8
417,SEA,HIWAKUMA-R,140,118,7.5,7.5
417,NYY,MTANAKA-R,-160,-128,7.5,7.5
417,CWS,JQUINTANA-L,100,-109,7.5,7
417,TAM,MMOORE-L,-120,-101,7.5,7
417,TOR,ASANCHEZ-R,-105,-141,9,9
417,BOS,SWRIGHT-R,-105,126,9,9
417,DET,ASANCHEZ-R,110,111,9,8.5
417,HOU,MFIERS-R,-130,-121,9,8.5
417,LAA,NTROPEANO-R,-115,-108,8.5,9
417,MIN,KGIBSON-R,-105,-102,8.5,9
417,KAN,KMEDLEN-R,-125,-110,7.5,8.5
417,OAK,CBASSITT-R,105,100,7.5,8.5
417,NYM,SMATZ-L,140,144,7.5,7.5
417,CLE,CKLUBER-R,-160,-159,7.5,7.5
418,NYM,SYNDERGARD-R,-180,-171,6.5,7.5
418,PHI,JEICKHOFF-R,160,151,6.5,7.5
418,WAS,TROARK-R,140,156,7,7.5
418,MIA,JFERNANDZ-R,-160,-176,7,7.5
418,COL,JLYLES-R,105,117,8.5,8.5
418,CIN,DSTRAILY-R,-125,-127,8.5,8.5
418,CUB,JLACKEY-R,-120,-114,8,8.5
418,STL,MLEAKE-R,100,104,8,8.5
418,ARI,ABRADLEY-R,127,130,8,8
418,SFO,JPEAVY-R,-147,-145,8,8
418,TOR,JHAPP-L,-105,-105,9.5,8.5
418,BOS,CBUCHHOLZ-R,-115,-105,9.5,8.5
418,LAA,HSANTIAGO-L,100,107,8.5,9
418,CWS,CRODON-L,-120,-117,8.5,9
418,MIL,CANDERSON-R,110,126,8.5,8
418,MIN,PHUGHES-R,-130,-141,8.5,8
419,NYM,LVERRETT-R,-117,-109,7.5,7.5
419,PHI,VVELASQEZ-R,-103,-101,7.5,7.5
419,WAS,SSTRASBRG-R,-145,-146,7.5,7.5
419,MIA,ACONLEY-L,125,131,7.5,7.5
419,LOS,AWOOD-L,-135,-215,7.5,8
419,ATL,WPEREZ-R,115,185,7.5,8
419,COL,JDELAROSA-L,-110,102,8,8.5
419,CIN,STEPHENSON-R,-110,-112,8,8.5
419,CUB,JHAMMEL-R,105,107,7.5,7.5
419,STL,JGARCIA-L,-125,-117,7.5,7.5
419,PIT,FLIRIANO-L,-140,-154,7,7.5
419,SDG,CREA-R,120,139,7,7.5
419,ARI,RRAY-L,115,108,7.5,7.5
419,SFO,MCAIN-R,-135,-118,7.5,7.5
419,SEA,WMILEY-L,140,136,7.5,7.5
419,CLE,CCARRASCO-R,-160,-151,7.5,7.5
419,OAK,ESURKAMP-L,150,149,8,8.5
419,NYY,MPINEDA-R,-170,-164,8,8.5
419,TOR,MSTROMAN-R,-135,-132,8.5,9
419,BAL,MWRIGHT-R,115,117,8.5,9
419,TAM,DSMYLY-L,110,-112,8.5,8.5
419,BOS,JKELLY-R,-130,102,8.5,8.5
419,DET,SGREENE-R,140,148,7.5,8
419,KAN,YVENTURA-R,-160,-163,7.5,8
419,HOU,SFELDMAN-R,108,-103,9,9
419,TEX,DHOLLAND-L,-128,-107,9,9
419,LAA,MSHOEMAKR-R,111,104,8.5,8
419,CWS,MLATOS-R,-131,-114,8.5,8
419,MIL,WPERALTA-R,125,157,8.5,8
419,MIN,ESANTANA-R,-145,-177,8.5,8
420,COL,CBETTIS-R,115,117,8,7.5
420,CIN,RIGLESIAS-R,-135,-127,8,7.5
420,CUB,KHENDRCKS-R,107,106,7.5,7.5
420,STL,CMARTINEZ-R,-127,-116,7.5,7.5
420,NYM,BCOLON-R,-145,-160,8,8
420,PHI,JHELICKSN-R,125,145,8,8
420,WAS,JROSS-R,-120,-108,8,7.5
420,MIA,WCHEN-L,100,-102,8,7.5
420,LOS,RSTRIPLNG-R,-160,-155,8,8.5
420,ATL,JTEHERAN-R,140,140,8,8.5
420,PIT,JLOCKE-L,-112,-109,7.5,8
420,SDG,DPOMERANZ-L,-108,-101,7.5,8
420,ARI,ZGREINKE-R,110,130,6.5,6.5
420,SFO,MBUMGARNR-L,-130,-145,6.5,6.5
420,LAA,GRICHARDS-R,130,139,7,7
420,CWS,CSALE-L,-150,-154,7,7
420,SEA,TWALKER-R,127,119,7.5,7.5
420,CLE,DSALAZAR-R,-147,-129,7.5,7.5
420,OAK,KGRAVEMAN-R,140,131,8.5,8.5
420,NYY,NEOVALDI-R,-160,-146,8.5,8.5
420,TOR,RDICKEY-R,-110,107,9,9
420,BAL,UJIMENEZ-R,-110,-117,9,9
420,TAM,CARCHER-R,-115,-105,8,8
420,BOS,RPORCELLO-R,-105,-105,8,8
420,DET,JZIMMERMN-R,-112,117,7.5,8
420,KAN,IKENNEDY-R,-108,-132,7.5,8
420,HOU,DFISTER-R,120,113,8.5,8.5
420,TEX,CHAMELS-L,-140,-123,8.5,8.5
420,MIN,TMILONE-L,105,125,8.5,9
420,MIL,JNELSON-R,-125,-140,8.5,9
421,WAS,MSCHERZER-R,-170,-205,7,7
421,MIA,TKOEHLER-R,150,175,7,7
421,LOS,CKERSHAW-L,-260,-290,6.5,6.5
421,ATL,MWISLER-R,220,250,6.5,6.5
421,ARI,SMILLER-R,150,157,7.5,7.5
421,SFO,JCUETO-R,-170,-177,7.5,7.5
421,CUB,JARRIETA-R,-210,-200,7,7.5
421,CIN,BFINNEGAN-L,180,170,7,7.5
421,PIT,GCOLE-R,-145,-155,6.5,7
421,SDG,JSHIELDS-R,125,140,6.5,7
421,SEA,NKARNS-R,105,-114,8.5,9
421,CLE,CANDERSON-R,-125,104,8.5,9
421,LAA,JWEAVER-R,100,-105,9,10.5
421,CWS,JDANKS-L,-120,-105,9,10.5
421,TAM,JODORIZZI-R,140,140,7.5,8.5
421,BOS,DPRICE-L,-160,-155,7.5,8.5
421,OAK,RHILL-L,120,115,8.5,8
421,NYY,LSEVERINO-R,-140,-125,8.5,8
421,TOR,MESTRADA-R,-111,-123,9,8.5
421,BAL,CTILLMAN-R,-109,113,9,8.5
421,DET,MPELFREY-R,150,144,9,9
421,KAN,EVOLQUEZ-R,-170,-159,9,9
421,HOU,DKEUCHEL-L,-160,-190,9,8.5
421,TEX,AGRIFFIN-R,140,170,9,8.5
421,MIN,RNOLASCO-R,100,-105,8.5,9
421,MIL,TJUNGMANN-R,-120,-105,8.5,9
422,NYM,MHARVEY-R,-180,-200,7.5,8
422,ATL,BNORRIS-R,160,170,7.5,8
422,CUB,JLESTER-L,-205,-210,8,8.5
422,CIN,JMOSCOT-R,175,180,8,8.5
422,PHI,ANOLA-R,-101,118,8.5,8
422,MIL,ZDAVIES-R,-119,-128,8.5,8
422,LOS,SKAZMIR-L,-130,-124,11,11
422,COL,JGRAY-R,110,114,11,11
422,PIT,JNIESE-L,110,118,8.5,9
422,ARI,PCORBIN-L,-130,-128,8.5,9
422,MIA,JCOSART-R,130,150,7.5,8
422,SFO,SAMARDZIJA-R,-150,-170,7.5,8
422,STL,WAINWRIGHT-R,-130,-140,7.5,7
422,SDG,ACASHNER-R,110,125,7.5,7
422,TAM,MMOORE-L,-115,-113,8,9
422,NYY,CSABATHIA-L,-105,103,8,9
422,OAK,SGRAY-R,120,110,8,8
422,TOR,ASANCHEZ-R,-140,-120,8,8
422,CLE,JTOMLIN-R,125,-105,8.5,8
422,DET,VERLANDER-R,-145,-105,8.5,8
422,TEX,MPEREZ-L,125,160,8.5,7.5
422,CWS,JQUINTANA-L,-145,-180,8.5,7.5
422,BOS,SWRIGHT-R,110,129,9,8.5
422,HOU,CMCHUGH-R,-130,-144,9,8.5
422,BAL,YGALLARDO-R,-101,116,9,8.5
422,KAN,CYOUNG-R,-119,-131,9,8.5
422,SEA,HIWAKUMA-R,-125,-105,7,7.5
422,LAA,NTROPEANO-R,105,-105,7,7.5
422,MIN,KGIBSON-R,160,148,7.5,8
422,WAS,GGONZALEZ-L,-180,-163,7.5,8
423,CUB,JLACKEY-R,-165,-174,8.5,8.5
423,CIN,DSTRAILY-R,145,154,8.5,8.5
423,NYM,SMATZ-L,-150,-149,8,7.5
423,ATL,JCHACIN-R,130,134,8,7.5
423,PHI,CMORTON-R,120,125,8.5,8.5
423,MIL,CANDERSON-R,-140,-140,8.5,8.5
423,LOS,KMAEDA-R,-140,-117,11,11
423,COL,TCHATWOOD-R,120,107,11,11
423,PIT,JNICASIO-R,-114,-110,9.5,9
423,ARI,RDELAROSA-R,-106,100,9.5,9
423,STL,MWACHA-R,-150,-148,7.5,7
423,SDG,CVARGAS-R,130,133,7.5,7
423,MIA,JFERNANDZ-R,-125,-119,7,7
423,SFO,JPEAVY-R,105,109,7,7
423,TAM,BSNELL-L,125,148,8,7.5
423,NYY,MTANAKA-R,-145,-163,8,7.5
423,OAK,CBASSITT-R,140,160,9,8.5
423,TOR,JHAPP-L,-160,-180,9,8.5
423,CLE,CKLUBER-R,-115,-116,7.5,8
423,DET,ASANCHEZ-R,-105,106,7.5,8
423,TEX,CLEWIS-R,115,127,8.5,8
423,CWS,CRODON-L,-135,-142,8.5,8
423,BOS,CBUCHHOLZ-R,100,116,8.5,8.5
423,HOU,MFIERS-R,-120,-131,8.5,8.5
423,BAL,TWILSON-R,115,109,9,9
423,KAN,KMEDLEN-R,-135,-119,9,9
423,SEA,FHERNANDZ-R,100,102,7.5,7
423,LAA,HSANTIAGO-L,-120,-112,7.5,7
423,MIN,PHUGHES-R,120,113,8,8.5
423,WAS,TROARK-R,-140,-123,8,8.5
424,CUB,JHAMMEL-R,-175,-171,9,9
424,CIN,ASIMON-R,155,151,9,9
424,NYM,JDEGROM-R,-185,-170,7.5,7.5
424,ATL,ABLAIR-R,165,150,7.5,7.5
424,PHI,JEICKHOFF-R,-109,-109,8.5,8.5
424,MIL,WPERALTA-R,-111,-101,8.5,8.5
424,MIA,ACONLEY-L,110,-110,8,8
424,SFO,MCAIN-R,-130,100,8,8
424,LOS,AWOOD-L,-125,-124,11.5,11
424,COL,JLYLES-R,105,114,11.5,11
424,PIT,FLIRIANO-L,-110,-116,9,8.5
424,ARI,RRAY-L,-110,106,9,8.5
424,STL,MLEAKE-R,-120,-150,7.5,8
424,SDG,CREA-R,100,135,7.5,8
424,TAM,DSMYLY-L,-105,110,7.5,7.5
424,NYY,MPINEDA-R,-115,-120,7.5,7.5
424,OAK,ESURKAMP-L,130,175,9.5,9.5
424,TOR,DHUTCHISN-R,-150,-195,9.5,9.5
424,CLE,CCARRASCO-R,-140,-171,8.5,8
424,DET,SGREENE-R,120,151,8.5,8
424,TEX,DHOLLAND-L,130,114,8.5,8.5
424,CWS,MLATOS-R,-150,-124,8.5,8.5
424,BAL,MWRIGHT-R,140,126,9,8.5
424,KAN,YVENTURA-R,-160,-141,9,8.5
424,SEA,WMILEY-L,120,111,8.5,8
424,LAA,MSHOEMAKR-R,-140,-121,8.5,8
424,BOS,HOWENS-L,110,-105,9,9
424,HOU,SFELDMAN-R,-130,-105,9,9
424,MIN,TDUFFEY-R,200,148,7.5,7
424,WAS,SSTRASBRG-R,-230,-163,7.5,7
425,CIN,RIGLESIAS-R,200,180,6.5,6.5
425,NYM,SYNDERGARD-R,-230,-210,6.5,6.5
425,PIT,JLOCKE-L,105,119,11.5,11.5
425,COL,CBETTIS-R,-125,-134,11.5,11.5
425,STL,JGARCIA-L,110,109,8,7.5
425,ARI,ZGREINKE-R,-130,-119,8,7.5
425,MIA,WCHEN-L,140,-102,7.5,7.5
425,LOS,RSTRIPLNG-R,-160,-108,7.5,7.5
425,SDG,DPOMERANZ-L,170,160,6.5,6.5
425,SFO,MBUMGARNR-L,-200,-180,6.5,6.5
425,CWS,MGONZALEZ-R,160,165,8.5,8.5
425,TOR,MSTROMAN-R,-180,-185,8.5,8.5
425,OAK,KGRAVEMAN-R,145,115,8,8.5
425,DET,JZIMMERMN-R,-165,-130,8,8.5
425,BAL,KGAUSMAN-R,105,114,8,7.5
425,TAM,CARCHER-R,-125,-124,8,7.5
425,NYY,NEOVALDI-R,-115,-119,9.5,9
425,TEX,CRAMOS-L,-105,109,9.5,9
425,CLE,DSALAZAR-R,-145,-150,8,7.5
425,MIN,TMILONE-L,125,135,8,7.5
425,KAN,IKENNEDY-R,100,106,7.5,7
425,LAA,GRICHARDS-R,-120,-116,7.5,7
425,HOU,DFISTER-R,115,128,7.5,7.5
425,SEA,TWALKER-R,-135,-143,7.5,7.5
425,BOS,RPORCELLO-R,-160,-125,8,7.5
425,ATL,JTEHERAN-R,140,115,8,7.5
426,PHI,VVELASQEZ-R,185,170,6.5,7
426,WAS,MSCHERZER-R,-215,-200,6.5,7
426,CIN,BFINNEGAN-L,140,135,7.5,7
426,NYM,BCOLON-R,-160,-150,7.5,7
426,MIL,JNELSON-R,180,200,7,7
426,CUB,KHENDRCKS-R,-210,-230,7,7
426,PIT,GCOLE-R,-140,-153,11,9.5
426,COL,JDELAROSA-L,120,138,11,9.5
426,STL,CMARTINEZ-R,-137,-125,9,8.5
426,ARI,SMILLER-R,117,115,9,8.5
426,MIA,TKOEHLER-R,250,265,6.5,6.5
426,LOS,CKERSHAW-L,-300,-315,6.5,6.5
426,SDG,JSHIELDS-R,150,185,7,7
426,SFO,JCUETO-R,-170,-215,7,7
426,CWS,CSALE-L,-125,-125,8,8
426,TOR,RDICKEY-R,105,115,8,8
426,OAK,RHILL-L,-114,-134,8.5,9
426,DET,MPELFREY-R,-106,119,8.5,9
426,BAL,UJIMENEZ-R,105,109,7.5,7.5
426,TAM,JODORIZZI-R,-125,-119,7.5,7.5
426,NYY,LSEVERINO-R,-114,-115,9,9
426,TEX,AGRIFFIN-R,-106,105,9,9
426,CLE,CANDERSON-R,-105,-120,8.5,8
426,MIN,RNOLASCO-R,-115,110,8.5,8
426,KAN,EVOLQUEZ-R,-117,-127,7.5,7.5
426,LAA,JWEAVER-R,-103,117,7.5,7.5
426,HOU,DKEUCHEL-L,-140,-147,7,7
426,SEA,NKARNS-R,120,132,7,7
426,BOS,DPRICE-L,-183,-230,8,7
426,ATL,MWISLER-R,163,200,8,7
427,SDG,ACASHNER-R,150,172,7.5,7.5
427,SFO,SAMARDZIJA-R,-170,-202,7.5,7.5
427,PHI,JHELICKSN-R,175,182,7.5,7
427,WAS,GGONZALEZ-L,-205,-212,7.5,7
427,CIN,JMOSCOT-R,200,175,7.5,7.5
427,NYM,MHARVEY-R,-230,-205,7.5,7.5
427,PIT,JNIESE-L,-120,108,11,10.5
427,COL,JGRAY-R,100,-118,11,10.5
427,STL,WAINWRIGHT-R,-112,109,8.5,9
427,ARI,PCORBIN-L,-108,-119,8.5,9
427,MIA,JNICOLINO-L,145,146,7.5,8
427,LOS,SKAZMIR-L,-165,-161,7.5,8
427,CWS,JQUINTANA-L,115,110,8.5,8.5
427,TOR,MESTRADA-R,-135,-120,8.5,8.5
427,OAK,SGRAY-R,-114,-109,8,7.5
427,DET,VERLANDER-R,-106,-101,8,7.5
427,BAL,CTILLMAN-R,100,105,7.5,7.5
427,TAM,MMOORE-L,-120,-115,7.5,7.5
427,NYY,CSABATHIA-L,-110,109,9,9
427,TEX,MPEREZ-L,-110,-119,9,9
427,CLE,JTOMLIN-R,-115,-105,8.5,8
427,MIN,JBERRIOS-R,-105,-105,8.5,8
427,KAN,CYOUNG-R,-105,117,7.5,7.5
427,LAA,NTROPEANO-R,-115,-127,7.5,7.5
427,HOU,CMCHUGH-R,115,118,7.5,7
427,SEA,HIWAKUMA-R,-135,-133,7.5,7
427,ATL,BNORRIS-R,165,180,8.5,9
427,BOS,SWRIGHT-R,-185,-210,8.5,9
428,MIL,TJUNGMANN-R,220,305,6.5,6.5
428,CUB,JARRIETA-R,-260,-365,6.5,6.5
428,PHI,ANOLA-R,146,125,7.5,7
428,WAS,TROARK-R,-166,-140,7.5,7
428,STL,MWACHA-R,-125,-122,9,8.5
428,ARI,RDELAROSA-R,105,112,9,8.5
428,MIA,JFERNANDZ-R,114,110,6.5,6
428,LAD,KMAEDA-R,-134,-120,6.5,6
428,OAK,CBASSITT-R,110,115,8.5,8.5
428,DET,ASANCHEZ-R,-130,-125,8.5,8.5
428,CWS,JDANKS-L,116,133,9,8.5
428,BAL,TWILSON-R,-136,-148,9,8.5
428,ATL,JCHACIN-R,180,175,8.5,8.5
428,BOS,CBUCHHOLZ-R,-210,-195,8.5,8.5
429,ATL,ABLAIR-R,220,250,7.5,6.5
429,CUB,JLESTER-L,-260,-290,7.5,6.5
429,CIN,DSTRAILY-R,150,136,7.5,7.5
429,PIT,JNICASIO-R,-170,-151,7.5,7.5
429,SFO,JPEAVY-R,130,126,7.5,7
429,NYM,SMATZ-L,-150,-141,7.5,7
429,MIA,ACONLEY-L,-125,106,9,8.5
429,MIL,DAVIES-Z,105,-116,9,8.5
429,WAS,SSTRASBRG-R,-130,-145,7.5,7
429,STL,MLEAKE-R,110,130,7.5,7
429,COL,TCHATWOOD-R,115,127,9.5,9
429,ARI,RRAY-L,-135,-142,9.5,9
429,SDG,CVARGAS-R,160,155,7.5,7.5
429,LOS,AWOOD-L,-180,-175,7.5,7.5
429,CWS,CRODON-L,-111,104,8.5,9
429,BAL,MWRIGHT-R,-109,-114,8.5,9
429,NYY,MTANAKA-R,-115,-121,8.5,8
429,BOS,HOWENS-L,-105,111,8.5,8
429,TOR,ASANCHEZ-R,105,114,7.5,7
429,TAM,DSMYLY-L,-125,-124,7.5,7
429,LAA,HSANTIAGO-L,-115,-140,9,9
429,TEX,CLEWIS-R,-105,125,9,9
429,DET,MFULMER-R,110,115,9,8
429,MIN,PHUGHES-R,-130,-125,9,8
429,HOU,MFIERS-R,-113,-115,7.5,7.5
429,OAK,SMANAEA-L,-107,105,7.5,7.5
429,KAN,KMEDLEN-R,150,131,7,7
429,SEA,FHERNANDZ-R,-170,-146,7,7
429,CLE,CKLUBER-R,-170,-195,7.5,7
429,PHI,AMORGAN-L,150,175,7.5,7
430,WAS,JROSS-R,106,131,7.5,7.5
430,STL,JGARCIA-L,-126,-146,7.5,7.5
430,SFO,MCAIN-R,165,151,7,7
430,NYM,JDEGROM-R,-185,-171,7,7
430,CIN,ASIMON-R,170,175,7.5,7.5
430,PIT,FLIRIANO-L,-200,-205,7.5,7.5
430,MIA,WCHEN-L,-115,-121,8.5,9
430,MIL,CANDERSON-R,-105,111,8.5,9
430,COL,CRUSIN-L,161,180,8.5,8.5
430,ARI,ZGREINKE-R,-181,-210,8.5,8.5
430,SDG,CREA-R,155,175,7.5,7.5
430,LOS,RSTRIPLNG-R,-175,-195,7.5,7.5
430,DET,JZIMMERMN-R,-127,-116,8.5,8
430,MIN,TDUFFEY-R,107,106,8.5,8
430,HOU,CDEVENSKI-R,100,100,8,9
430,OAK,JHAHN-R,-120,-110,8,9
430,TOR,JHAPP-L,110,114,7.5,7.5
430,TAM,CARCHER-R,-130,-124,7.5,7.5
430,CWS,MLATOS-R,-105,151,8.5,7.5
430,BAL,KGAUSMAN-R,-115,-171,8.5,7.5
430,NYY,MPINEDA-R,104,109,8.5,8
430,BOS,RPORCELLO-R,-124,-119,8.5,8
430,LAA,MSHOEMAKR-R,100,-107,9,9
430,TEX,DHOLLAND-L,-120,-103,9,9
430,KAN,YVENTURA-R,-117,-111,7.5,7
430,SEA,WMILEY-L,-103,101,7.5,7
430,CLE,TBAUER-R,-125,-119,7.5,7.5
430,PHI,JEICKHOFF-R,105,109,7.5,7.5
501,SFO,MBUMGARNR-L,115,114,6.5,6
501,NYM,SYNDERGARD-R,-135,-124,6.5,6
501,CIN,TADLEMAN-R,125,135,8,8.5
501,PIT,JLOCKE-L,-145,-150,8,8.5
501,MIA,TKOEHLER-R,-115,-110,9,9
501,MIL,WPERALTA-R,-105,100,9,9
501,WAS,MSCHERZER-R,-108,-116,7,7
501,STL,CMARTINEZ-R,-112,106,7,7
501,ATL,JTEHERAN-R,200,175,6.5,7
501,CUB,JLACKEY-R,-230,-205,6.5,7
501,SDG,DPOMERANZ-L,250,250,6.5,6.5
501,LOS,CKERSHAW-L,-300,-290,6.5,6.5
501,COL,CBETTIS-R,-112,-105,9.5,9
501,ARI,SMILLER-R,-108,-105,9.5,9
501,TOR,MSTROMAN-R,-120,-119,7.5,7.5
501,TAM,JODORIZZI-R,100,109,7.5,7.5
501,CWS,CSALE-L,-145,-110,7.5,7.5
501,BAL,UJIMENEZ-R,125,100,7.5,7.5
501,DET,MPELFREY-R,110,126,9,8.5
501,MIN,RNOLASCO-R,-130,-141,9,8.5
501,LAA,GRICHARDS-R,105,105,8.5,8.5
501,TEX,CHAMELS-L,-125,-115,8.5,8.5
501,HOU,DFISTER-R,120,137,8,8.5
501,OAK,RHILL-L,-140,-152,8,8.5
501,KAN,IKENNEDY-R,110,107,7.5,7.5
501,SEA,TWALKER-R,-130,-117,7.5,7.5
501,NYY,NEOVALDI-R,140,152,8,7
501,BOS,DPRICE-L,-160,-167,8,7
501,CLE,DSALAZAR-R,-120,-125,7,7
501,PHI,VVELASQEZ-R,100,115,7,7
502,CUB,JHAMMEL-R,-105,129,7,7
502,PIT,GCOLE-R,-115,-144,7,7
502,SFO,JCUETO-R,-170,-170,7.5,8
502,CIN,BFINNEGAN-L,150,150,7.5,8
502,ATL,FOLTYNEWCZ-R,185,170,7,7.5
502,NYM,BCOLON-R,-215,-200,7,7.5
502,PHI,JHELICKSN-R,180,150,7.5,7.5
502,STL,WAINWRIGHT-R,-210,-170,7.5,7.5
502,COL,JGRAY-R,125,-118,7.5,7
502,SDG,JSHIELDS-R,-145,108,7.5,7
502,TEX,AGRIFFIN-R,125,145,9,9
502,TOR,RDICKEY-R,-145,-160,9,9
502,MIN,JBERRIOS-R,170,156,8,8
502,HOU,DKEUCHEL-L,-190,-176,8,8
502,SEA,NKARNS-R,-120,-102,7.5,8
502,OAK,KGRAVEMAN-R,100,-108,7.5,8
502,LAA,JWEAVER-R,-108,-104,8.5,9
502,MIL,JNELSON-R,-112,-106,8.5,9
502,WAS,GGONZALEZ-L,-105,112,7.5,7
502,KAN,EVOLQUEZ-R,-115,-122,7.5,7
503,CUB,JARRIETA-R,-200,-173,6.5,7
503,PIT,JNIESE-L,170,153,6.5,7
503,ARI,PCORBIN-L,-105,-121,8,8.5
503,MIA,JNICOLINO-L,-115,111,8,8.5
503,SFO,SAMARDZIJA-R,-155,-129,8.5,8.5
503,CIN,JLAMB-L,135,119,8.5,8.5
503,ATL,MWISLER-R,205,200,7,7
503,NYM,MHARVEY-R,-245,-230,7,7
503,PHI,ANOLA-R,145,154,7,7
503,STL,MWACHA-R,-165,-174,7,7
503,COL,EBUTLER-R,-105,100,7,7.5
503,SDG,ACASHNER-R,-115,-110,7,7.5
503,DET,VERLANDER-R,105,119,8,8
503,CLE,JTOMLIN-R,-125,-129,8,8
503,NYY,LSEVERINO-R,120,103,8.5,8
503,BAL,CTILLMAN-R,-140,-113,8.5,8
503,TEX,MPEREZ-L,150,163,9,9
503,TOR,MESTRADA-R,-170,-183,9,9
503,BOS,SWRIGHT-R,115,128,8,8
503,CWS,JQUINTANA-L,-135,-143,8,8
503,MIN,AMEYER-R,145,141,8.5,8.5
503,HOU,CMCHUGH-R,-165,-156,8.5,8.5
503,SEA,HIWAKUMA-R,110,107,7,7.5
503,OAK,SGRAY-R,-130,-117,7,7.5
503,LOS,SKAZMIR-L,-105,132,7.5,7.5
503,TAM,MMOORE-L,-115,-147,7.5,7.5
503,LAA,NTROPEANO-R,-135,-132,9,8.5
503,MIL,JGUERRA-R,115,117,9,8.5
503,WAS,TROARK-R,100,109,8,7.5
503,KAN,CYOUNG-R,-120,-119,8,7.5
504,SFO,JPEAVY-R,-136,101,9,8.5
504,CIN,DSTRAILY-R,116,-111,9,8.5
504,CUB,JLESTER-L,-141,-127,7.5,7.5
504,PIT,JNICASIO-R,121,117,7.5,7.5
504,ATL,JCHACIN-R,176,175,7,7
504,NYM,SMATZ-L,-206,-195,7,7
504,COL,TCHATWOOD-R,-109,-120,7.5,7.5
504,SDG,CVARGAS-R,-111,110,7.5,7.5
504,ARI,RDELAROSA-R,156,156,7.5,7
504,MIA,JFERNANDZ-R,-176,-176,7.5,7
504,PHI,AMORGAN-L,146,145,7.5,7.5
504,STL,MLEAKE-R,-166,-160,7.5,7.5
504,SEA,FHERNANDZ-R,-146,-111,7,7.5
504,OAK,SMANAEA-L,126,101,7,7.5
504,DET,ASANCHEZ-R,136,165,7.5,7.5
504,CLE,CKLUBER-R,-156,-185,7.5,7.5
504,NYY,CSABATHIA-L,106,119,8.5,8.5
504,BAL,TWILSON-R,-126,-129,8.5,8.5
504,TEX,CLEWIS-R,151,170,8.5,9
504,TOR,ASANCHEZ-R,-171,-200,8.5,9
504,MIN,PHUGHES-R,111,147,8,9
504,HOU,MFIERS-R,-131,-162,8,9
504,BOS,CBUCHHOLZ-R,-111,109,8.5,8
504,CWS,CRODON-L,-109,-119,8.5,8
504,LAA,HSANTIAGO-L,-141,-145,9,9
504,MIL,ZDAVIES-R,121,130,9,9
504,WAS,SSTRASBRG-R,-136,-150,7.5,7
504,KAN,KMEDLEN-R,116,135,7.5,7
504,LOS,AWOOD-L,126,145,7.5,7
504,TAM,DSMYLY-L,-146,-160,7.5,7
505,PHI,JEICKHOFF-R,170,165,7,6.5
505,STL,JGARCIA-L,-190,-185,7,6.5
505,ARI,RRAY-L,120,117,8,8.5
505,MIA,ACONLEY-L,-140,-132,8,8.5
505,MIL,CANDERSON-R,-110,100,9,9
505,CIN,ASIMON-R,-110,-110,9,9
505,WAS,JROSS-R,120,127,8,7.5
505,CUB,KHENDRCKS-R,-140,-142,8,7.5
505,NYM,JDEGROM-R,-185,-200,6.5,7
505,SDG,CREA-R,165,170,6.5,7
505,COL,CRUSIN-L,120,118,8,7.5
505,SFO,MCAIN-R,-140,-128,8,7.5
505,DET,MFULMER-R,105,117,8.5,8.5
505,CLE,TBAUER-R,-125,-127,8.5,8.5
505,NYY,MTANAKA-R,-105,-103,7.5,7
505,BAL,KGAUSMAN-R,-115,-107,7.5,7
505,TEX,DHOLLAND-L,130,170,8.5,8.5
505,TOR,JHAPP-L,-150,-200,8.5,8.5
505,SEA,WMILEY-L,100,118,8.5,9
505,HOU,CDEVENSKI-R,-120,-133,8.5,9
505,BOS,HOWENS-L,-114,-105,9,8.5
505,CWS,EJOHNSON-R,-106,-105,9,8.5
506,WAS,MSCHERZER-R,-112,-107,7.5,8.5
506,CUB,JLACKEY-R,-108,-103,7.5,8.5
506,PHI,VVELASQEZ-R,105,125,7.5,7
506,MIA,WCHEN-L,-125,-140,7.5,7
506,MIL,TCRAVY-R,115,119,8.5,8.5
506,CIN,TADLEMAN-R,-135,-129,8.5,8.5
506,ARI,ZGREINKE-R,-160,-164,7,7
506,ATL,ABLAIR-R,140,149,7,7
506,PIT,FLIRIANO-L,110,117,7,7.5
506,STL,CMARTINEZ-R,-130,-127,7,7.5
506,COL,CBETTIS-R,170,175,6.5,7
506,SFO,MBUMGARNR-L,-190,-205,6.5,7
506,NYM,SYNDERGARD-R,-160,-160,6,6.5
506,SDG,DPOMERANZ-L,140,145,6,6.5
506,BOS,RPORCELLO-R,-112,-104,8,7
506,NYY,MPINEDA-R,-108,-106,8,7
506,TEX,CHAMELS-L,135,103,7.5,8
506,DET,JZIMMERMN-R,-155,-113,7.5,8
506,KAN,YVENTURA-R,125,123,7,7
506,CLE,DSALAZAR-R,-145,-138,7,7
506,MIN,RNOLASCO-R,125,116,8.5,9
506,CWS,MLATOS-R,-145,-131,8.5,9
506,SEA,TWALKER-R,-112,-112,8.5,9
506,HOU,DFISTER-R,-108,102,8.5,9
506,TAM,CARCHER-R,100,-134,7.5,7.5
506,LAA,CRASMUS-R,-120,119,7.5,7.5
506,LOS,KMAEDA-R,125,119,8,8
506,TOR,MSTROMAN-R,-145,-129,8,8
507,PIT,JLOCKE-L,130,125,8,9
507,STL,WAINWRIGHT-R,-150,-140,8,9
507,WAS,GGONZALEZ-L,110,130,7,7.5
507,CUB,JHAMMEL-R,-130,-145,7,7.5
507,COL,JGRAY-R,150,165,7.5,7
507,SFO,JCUETO-R,-170,-185,7.5,7
507,MIL,JNELSON-R,-105,102,8.5,9
507,CIN,BFINNEGAN-L,-115,-112,8.5,9
507,PHI,JHELICKSN-R,130,118,8,8.5
507,MIA,TKOEHLER-R,-150,-133,8,8.5
507,ARI,SMILLER-R,110,111,7.5,7.5
507,ATL,JTEHERAN-R,-130,-121,7.5,7.5
507,NYM,BCOLON-R,-140,-133,7,7.5
507,SDG,JSHIELDS-R,120,118,7,7.5
507,BOS,DPRICE-L,-125,-155,7.5,7.5
507,NYY,NEOVALDI-R,105,140,7.5,7.5
507,TEX,AGRIFFIN-R,-120,-106,9,10
507,DET,MPELFREY-R,100,-104,9,10
507,KAN,IKENNEDY-R,-120,-109,8,8.5
507,CLE,CANDERSON-R,100,-101,8,8.5
507,OAK,JHAHN-R,-105,110,8.5,8.5
507,BAL,UJIMENEZ-R,-115,-120,8.5,8.5
507,SEA,NKARNS-R,130,149,8.5,8.5
507,HOU,DKEUCHEL-L,-150,-164,8.5,8.5
507,MIN,ESANTANA-R,165,180,7,7
507,CWS,CSALE-L,-185,-210,7,7
507,TAM,JODORIZZI-R,-120,-125,8,8
507,LAA,JWEAVER-R,100,115,8,8
507,LOS,CKERSHAW-L,-175,-150,7.5,8
507,TOR,RDICKEY-R,155,135,7.5,8
507,OAK,RHILL-L,-115,-125,8,8
507,BAL,MWRIGHT-R,-105,115,8,8
508,PHI,ANOLA-R,105,-119,7.5,7.5
508,MIA,JNICOLINO-L,-125,109,7.5,7.5
508,MIL,JGUERRA-R,120,-119,8.5,8.5
508,CIN,JLAMB-L,-140,109,8.5,8.5
508,ARI,PCORBIN-L,-140,-140,8,8
508,ATL,FOLTYNEWCZ-R,120,125,8,8
508,PIT,GCOLE-R,105,105,7.5,7.5
508,STL,MWACHA-R,-125,-115,7.5,7.5
508,WAS,TROARK-R,200,200,7,8
508,CUB,JARRIETA-R,-230,-230,7,8
508,COL,EBUTLER-R,165,175,8,8
508,SFO,SAMARDZIJA-R,-185,-195,8,8
508,NYM,MHARVEY-R,-145,-150,7.5,7.5
508,SDG,ACASHNER-R,125,135,7.5,7.5
508,TEX,MPEREZ-L,125,119,9,9
508,DET,VERLANDER-R,-145,-129,9,9
508,KAN,EVOLQUEZ-R,105,119,8,7.5
508,CLE,JTOMLIN-R,-125,-129,8,7.5
508,OAK,KGRAVEMAN-R,140,140,8,8.5
508,BAL,CTILLMAN-R,-160,-155,8,8.5
508,SEA,HIWAKUMA-R,-114,-111,9,8.5
508,HOU,CMCHUGH-R,-106,101,9,8.5
508,MIN,TDUFFEY-R,170,175,8,7.5
508,CWS,JQUINTANA-L,-190,-195,8,7.5
508,TAM,MANDRIESE-R,110,114,8.5,8
508,LAA,NTROPEANO-R,-130,-124,8.5,8
508,BOS,SWRIGHT-R,-120,104,8,8.5
508,NYY,LSEVERINO-R,100,-114,8,8.5
508,LOS,RSTRIPLNG-R,150,140,8.5,9.5
508,TOR,MESTRADA-R,-170,-155,8.5,9.5
509,MIL,WPERALTA-R,200,245,7.5,7.5
509,MIA,JFERNANDZ-R,-230,-285,7.5,7.5
509,PIT,JNIESE-L,-125,-121,9,8.5
509,CIN,DSTRAILY-R,105,111,9,8.5
509,ARI,ABRADLEY-R,125,151,11,10.5
509,COL,TCHATWOOD-R,-145,-171,11,10.5
509,NYM,SMATZ-L,-115,-105,7.5,7
509,LOS,SKAZMIR-L,-105,-105,7.5,7
509,KAN,CYOUNG-R,-115,115,8.5,8
509,NYY,INOVA-R,-105,-130,8.5,8
509,OAK,SGRAY-R,115,115,8.5,8.5
509,BOS,CBUCHHOLZ-R,-135,-130,8.5,8.5
509,CWS,MGONZALEZ-R,-114,106,9.5,10
509,TEX,CLEWIS-R,-106,-116,9.5,10
509,CLE,CKLUBER-R,-135,-113,8,7.5
509,HOU,MFIERS-R,115,103,8,7.5
509,TAM,MMOORE-L,150,116,7,7
509,SEA,FHERNANDZ-R,-170,-126,7,7
509,DET,ASANCHEZ-R,170,185,7.5,7
509,WAS,SSTRASBRG-R,-200,-215,7.5,7
509,TOR,ASANCHEZ-R,-120,-133,8,8
509,SFO,JPEAVY-R,100,118,8,8
510,PHI,AMORGAN-L,100,109,7.5,7.5
510,ATL,MWISLER-R,-120,-119,7.5,7.5
510,MIL,ZDAVIES-R,140,148,8.5,8.5
510,MIA,ACONLEY-L,-160,-163,8.5,8.5
510,SDG,CVARGAS-R,205,225,7.5,7.5
510,CUB,JLESTER-L,-245,-265,7.5,7.5
510,ARI,RDELAROSA-R,110,114,11.5,10.5
510,COL,CRUSIN-L,-130,-124,11.5,10.5
510,NYM,JDEGROM-R,-125,107,7,7
510,LOS,AWOOD-L,105,-117,7,7
510,KAN,KMEDLEN-R,140,154,7.5,7
510,NYY,MTANAKA-R,-160,-174,7.5,7
510,OAK,SMANAEA-L,110,-104,9,9.5
510,BOS,SOSULIVAN-R,-130,-106,9,9.5
510,CWS,CRODON-L,-110,-116,9.5,9.5
510,TEX,DHOLLAND-L,-110,106,9.5,9.5
510,CLE,TBAUER-R,100,117,8.5,8.5
510,HOU,CDEVENSKI-R,-120,-127,8.5,8.5
510,BAL,KGAUSMAN-R,-125,-125,8.5,7.5
510,MIN,JBERRIOS-R,105,115,8.5,7.5
510,TAM,DSMYLY-L,-115,-128,7,7
510,SEA,WMILEY-L,-105,118,7,7
510,DET,MFULMER-R,145,159,8,8
510,WAS,JROSS-R,-165,-179,8,8
510,STL,MLEAKE-R,100,108,8,7.5
510,LAA,HSANTIAGO-L,-120,-118,8,7.5
510,TOR,JHAPP-L,-120,-126,8,8
510,SFO,MCAIN-R,100,116,8,8
511,ARI,RRAY-L,-107,116,11,10.5
511,COL,CBETTIS-R,-113,-126,11,10.5
511,MIL,CANDERSON-R,152,141,8.5,8.5
511,MIA,WCHEN-L,-172,-156,8.5,8.5
511,PHI,JEICKHOFF-R,-108,-117,7.5,7.5
511,ATL,WPEREZ-R,-112,107,7.5,7.5
511,PIT,JNICASIO-R,-145,-142,8.5,9
511,CIN,ASIMON-R,125,127,8.5,9
511,SDG,DPOMERANZ-L,190,180,7.5,7
511,CUB,JLACKEY-R,-220,-210,7.5,7
511,NYM,SYNDERGARD-R,-114,-109,6.5,6.5
511,LOS,KMAEDA-R,-106,-101,6.5,6.5
511,BAL,TWILSON-R,-114,-118,8.5,8.5
511,MIN,PHUGHES-R,-106,108,8.5,8.5
511,CWS,MLATOS-R,112,134,9,9
511,TEX,CHAMELS-L,-132,-149,9,9
511,CLE,DSALAZAR-R,-113,-142,8.5,8
511,HOU,DFISTER-R,-107,127,8.5,8
511,TAM,CARCHER-R,-113,110,7,7.5
511,SEA,TWALKER-R,-107,-120,7,7.5
511,KAN,YVENTURA-R,112,115,7.5,7.5
511,NYY,MPINEDA-R,-132,-130,7.5,7.5
511,OAK,ESURKAMP-L,165,170,9.5,9
511,BOS,RPORCELLO-R,-185,-200,9.5,9
511,TOR,MSTROMAN-R,111,109,7,7
511,SFO,MBUMGARNR-L,-131,-119,7,7
511,DET,JZIMMERMN-R,150,153,7,7
511,WAS,MSCHERZER-R,-170,-173,7,7
511,STL,JGARCIA-L,-125,-147,7.5,7.5
511,LAA,MSHOEMAKR-R,105,132,7.5,7.5
511,SDG,CREA-R,200,215,8,7.5
511,CUB,KHENDRCKS-R,-230,-255,8,7.5
512,PHI,VVELASQEZ-R,-130,-130,7,7
512,ATL,ABLAIR-R,110,115,7,7
512,SDG,JSHIELDS-R,125,125,8.5,9
512,MIL,JNELSON-R,-145,-140,8.5,9
512,SFO,JCUETO-R,-112,-108,8,8
512,ARI,ZGREINKE-R,-108,-102,8,8
512,NYM,BCOLON-R,170,230,6,6
512,LOS,CKERSHAW-L,-200,-270,6,6
512,KAN,IKENNEDY-R,105,119,8,7.5
512,NYY,NEOVALDI-R,-125,-134,8,7.5
512,DET,MPELFREY-R,150,155,9.5,9.5
512,BAL,UJIMENEZ-R,-170,-175,9.5,9.5
512,HOU,DKEUCHEL-L,130,132,8,8
512,BOS,DPRICE-L,-150,-147,8,8
512,STL,WAINWRIGHT-R,-140,-123,8,8
512,LAA,JWEAVER-R,120,113,8,8
513,PIT,FLIRIANO-L,120,126,8.5,9
513,CUB,JHAMMEL-R,-140,-141,8.5,9
513,MIA,TKOEHLER-R,135,150,8,8.5
513,WAS,GGONZALEZ-L,-155,-170,8,8.5
513,CIN,BFINNEGAN-L,-108,104,8,8
513,PHI,JHELICKSN-R,-112,-114,8,8
513,SDG,FRIEDRICH-L,120,164,9,9
513,MIL,JGUERRA-R,-140,-184,9,9
513,NYM,MHARVEY-R,-145,-113,10.5,10.5
513,COL,JGRAY-R,125,103,10.5,10.5
513,SFO,SAMARDZIJA-R,-137,-172,9,9.5
513,ARI,SMILLER-R,117,152,9,9.5
513,STL,MWACHA-R,-115,-117,7.5,7.5
513,LOS,RSTRIPLNG-R,-105,107,7.5,7.5
513,CWS,CSALE-L,-145,-140,7,7
513,NYY,LSEVERINO-R,125,125,7,7
513,DET,VERLANDER-R,123,116,8.5,9
513,BAL,CTILLMAN-R,-143,-131,8.5,9
513,MIN,RNOLASCO-R,130,140,8.5,8.5
513,CLE,JTOMLIN-R,-150,-155,8.5,8.5
513,HOU,LMCCULERS-R,124,116,9,9
513,BOS,SWRIGHT-R,-144,-131,9,9
513,OAK,RHILL-L,-104,105,7.5,7
513,TAM,JODORIZZI-R,-116,-115,7.5,7
513,TOR,RDICKEY-R,-114,-127,10,9.5
513,TEX,MPEREZ-L,-106,117,10,9.5
513,LAA,NTROPEANO-R,135,144,7.5,8
513,SEA,NKARNS-R,-155,-159,7.5,8
513,ATL,JTEHERAN-R,140,155,7.5,7.5
513,KAN,EVOLQUEZ-R,-160,-175,7.5,7.5
514,PIT,JLOCKE-L,220,250,7.5,8.5
514,CUB,JARRIETA-R,-260,-290,7.5,8.5
514,MIA,KFLORES-R,160,115,8.5,8
514,WAS,TROARK-R,-180,-130,8.5,8
514,CIN,TADLEMAN-R,130,140,8,7.5
514,PHI,ANOLA-R,-150,-155,8,7.5
514,SDG,LPERDOMO-R,145,115,9,9
514,MIL,WPERALTA-R,-165,-130,9,9
514,NYM,LVERRETT-R,-114,-131,10.5,11.5
514,COL,EBUTLER-R,-106,116,10.5,11.5
514,SFO,JPEAVY-R,110,117,9.5,9
514,ARI,PCORBIN-L,-130,-127,9.5,9
514,STL,CMARTINEZ-R,-115,-106,7.5,7.5
514,LOS,SKAZMIR-L,-105,-104,7.5,7.5
514,CWS,JQUINTANA-L,-140,-150,7.5,8
514,NYY,INOVA-R,120,135,7.5,8
514,HOU,CMCHUGH-R,120,106,9.5,10
514,BOS,CBUCHHOLZ-R,-140,-116,9.5,10
514,MIN,ESANTANA-R,170,170,7.5,7.5
514,CLE,CKLUBER-R,-200,-200,7.5,7.5
514,OAK,KGRAVEMAN-R,130,129,8,8
514,TAM,MANDRIESE-R,-150,-144,8,8
514,DET,ASANCHEZ-R,105,117,9.5,9
514,BAL,MWRIGHT-R,-125,-132,9.5,9
514,TOR,MESTRADA-R,-130,-141,9.5,8.5
514,TEX,CLEWIS-R,110,126,9.5,8.5
514,LAA,JCHACIN-R,140,143,7.5,7.5
514,SEA,HIWAKUMA-R,-160,-158,7.5,7.5
514,ATL,FOLTYNEWCZ-R,155,170,8.5,8
514,KAN,DGEE-R,-175,-200,8.5,8
514,MIA,JNICOLINO-L,170,230,7.5,7.5
514,WAS,SSTRASBRG-R,-200,-270,7.5,7.5
515,MIA,JFERNANDZ-R,-105,-123,7,7.5
515,WAS,JROSS-R,-115,113,7,7.5
515,CIN,DSTRAILY-R,-105,109,8.5,7.5
515,PHI,AMORGAN-L,-115,-119,8.5,7.5
515,SDG,CVARGAS-R,120,110,9,9
515,MIL,ZDAVIES-R,-140,-120,9,9
515,PIT,GCOLE-R,125,127,8,7.5
515,CUB,JLESTER-L,-145,-142,8,7.5
515,NYM,JDEGROM-R,-130,-121,10,10
515,COL,TCHATWOOD-R,110,111,10,10
515,SFO,MCAIN-R,105,110,9,9
515,ARI,RDELAROSA-R,-125,-120,9,9
515,STL,MLEAKE-R,105,119,7.5,8
515,LOS,AWOOD-L,-125,-134,7.5,8
515,CWS,MGONZALEZ-R,155,154,8,8
515,NYY,MTANAKA-R,-175,-174,8,8
515,MIN,TDUFFEY-R,130,112,8,7.5
515,CLE,TBAUER-R,-150,-122,8,7.5
515,OAK,SGRAY-R,120,130,7.5,7.5
515,TAM,MMOORE-L,-140,-145,7.5,7.5
515,DET,MFULMER-R,160,150,8.5,9
515,BAL,KGAUSMAN-R,-180,-170,8.5,9
515,HOU,CDEVENSKI-R,-106,-116,10.5,10.5
515,BOS,SOSULIVAN-R,-114,106,10.5,10.5
515,TOR,ASANCHEZ-R,-175,-164,9.5,9
515,TEX,CRAMOS-L,155,149,9.5,9
515,LAA,HSANTIAGO-L,155,130,7.5,7.5
515,SEA,FHERNANDZ-R,-175,-145,7.5,7.5
515,ATL,MWISLER-R,155,205,8,7.5
515,KAN,DDUFFY-L,-175,-235,8,7.5
516,ATL,WPEREZ-R,155,175,8,8
516,PIT,JNIESE-L,-175,-195,8,8
516,MIA,ACONLEY-L,-114,-124,7.5,7.5
516,PHI,JEICKHOFF-R,-106,114,7.5,7.5
516,TAM,DSMYLY-L,110,119,8,8
516,TOR,JHAPP-L,-130,-134,8,8
516,MIN,JBERRIOS-R,155,120,8.5,8.5
516,DET,JZIMMERMN-R,-175,-135,8.5,8.5
516,TEX,DHOLLAND-L,-115,125,8,8
516,OAK,SMANAEA-L,-105,-140,8,8
516,CIN,JLAMB-L,135,160,8.5,8.5
516,CLE,CANDERSON-R,-155,-180,8.5,8.5
516,NYY,CGREEN-R,-105,112,9,9
516,ARI,RRAY-L,-115,-122,9,9
516,LAA,MSHOEMAKR-R,170,170,7.5,7.5
516,LOS,KMAEDA-R,-190,-200,7.5,7.5
517,MIA,WCHEN-L,-108,-105,7,7
517,PHI,VVELASQEZ-R,-112,-105,7,7
517,ATL,ABLAIR-R,155,154,7.5,7.5
517,PIT,JNICASIO-R,-175,-174,7.5,7.5
517,WAS,MSCHERZER-R,100,-109,6.5,6
517,NYM,SYNDERGARD-R,-120,-101,6.5,6
517,CUB,KHENDRCKS-R,-165,-200,9,8.5
517,MIL,CANDERSON-R,145,170,9,8.5
517,COL,CBETTIS-R,163,164,7.5,7
517,STL,JGARCIA-L,-183,-184,7.5,7
517,SFO,MBUMGARNR-L,-172,-185,6.5,7
517,SDG,CREA-R,152,165,6.5,7
517,SEA,WMILEY-L,110,111,8.5,9
517,BAL,UJIMENEZ-R,-130,-121,8.5,9
517,TAM,CARCHER-R,123,133,8,8
517,TOR,MSTROMAN-R,-143,-148,8,8
517,MIN,PHUGHES-R,105,111,9,9.5
517,DET,MPELFREY-R,-125,-121,9,9.5
517,HOU,DKEUCHEL-L,-120,-128,8.5,7.5
517,CWS,CRODON-L,100,118,8.5,7.5
517,BOS,RPORCELLO-R,-130,-131,7.5,7
517,KAN,YVENTURA-R,110,116,7.5,7
517,TEX,CHAMELS-L,-140,-117,8,7.5
517,OAK,JHAHN-R,120,107,8,7.5
517,CIN,ASIMON-R,170,220,8,7.5
517,CLE,DSALAZAR-R,-200,-260,8,7.5
517,NYY,MPINEDA-R,121,-101,8.5,8
517,ARI,ZGREINKE-R,-141,-109,8.5,8
517,LAA,JWEAVER-R,250,290,6.5,6.5
517,LOS,CKERSHAW-L,-300,-340,6.5,6.5
518,MIA,TKOEHLER-R,-106,-118,8.5,8
518,PHI,JHELICKSN-R,-114,108,8.5,8
518,ATL,JTEHERAN-R,165,162,7,7
518,PIT,FLIRIANO-L,-185,-182,7,7
518,WAS,GGONZALEZ-L,-105,-105,7.5,7
518,NYM,BCOLON-R,-115,-105,7.5,7
518,CUB,JLACKEY-R,-160,-180,8.5,8.5
518,MIL,JNELSON-R,140,160,8.5,8.5
518,COL,CRUSIN-L,165,155,7.5,8
518,STL,WAINWRIGHT-R,-185,-175,7.5,8
518,SFO,JCUETO-R,-140,-134,6.5,6.5
518,SDG,DPOMERANZ-L,120,119,6.5,6.5
518,MIN,RNOLASCO-R,145,143,9,9
518,DET,VERLANDER-R,-165,-158,9,9
518,BOS,SWRIGHT-R,-108,-115,8.5,7.5
518,KAN,IKENNEDY-R,-112,105,8.5,7.5
518,TEX,MPEREZ-L,125,132,8,8
518,OAK,RHILL-L,-145,-147,8,8
518,SEA,TWALKER-R,115,102,8.5,8.5
518,BAL,CTILLMAN-R,-135,-112,8.5,8.5
518,TAM,JODORIZZI-R,123,100,8.5,8.5
518,TOR,RDICKEY-R,-143,-110,8.5,8.5
518,HOU,DFISTER-R,103,-106,8.5,8.5
518,CWS,MLATOS-R,-123,-104,8.5,8.5
518,CLE,CLEVINGER-R,-140,-115,8,8.5
518,CIN,BFINNEGAN-L,120,105,8,8.5
518,NYY,NEOVALDI-R,-120,-161,9.5,9
518,ARI,SMILLER-R,100,146,9.5,9
518,LOS,MBOLSNGER-R,-105,101,8.5,8
518,LAA,NTROPEANO-R,-115,-111,8.5,8
518,BOS,DPRICE-L,-141,-164,7.5,7
518,KAN,EVOLQUEZ-R,121,149,7.5,7
519,CUB,JHAMMEL-R,-160,-205,8.5,8.5
519,MIL,JGUERRA-R,140,175,8.5,8.5
519,ATL,FOLTYNEWCZ-R,165,160,8,8
519,PIT,JLOCKE-L,-185,-180,8,8
519,WAS,SSTRASBRG-R,-120,-120,7,6.5
519,NYM,MHARVEY-R,100,110,7,6.5
519,COL,JGRAY-R,140,119,7.5,7
519,STL,MWACHA-R,-160,-134,7.5,7
519,SFO,SAMARDZIJA-R,-160,-154,7,7
519,SDG,JSHIELDS-R,140,139,7,7
519,SEA,NKARNS-R,105,-105,8.5,9
519,BAL,TWILSON-R,-125,-105,8.5,9
519,HOU,CMCHUGH-R,170,147,7.5,7.5
519,CWS,CSALE-L,-200,-162,7.5,7.5
519,TOR,MESTRADA-R,-140,-131,8.5,9
519,MIN,ESANTANA-R,120,116,8.5,9
519,NYY,INOVA-R,-120,-101,8,8
519,OAK,KGRAVEMAN-R,100,-109,8,8
519,CLE,JTOMLIN-R,-140,-115,8.5,8.5
519,CIN,TADLEMAN-R,120,105,8.5,8.5
519,LOS,RSTRIPLNG-R,-114,107,8,7.5
519,LAA,JCHACIN-R,-106,-117,8,7.5
520,COL,EBUTLER-R,175,170,7.5,7.5
520,PIT,GCOLE-R,-205,-200,7.5,7.5
520,ATL,MWISLER-R,140,150,7,7.5
520,PHI,ANOLA-R,-160,-170,7,7.5
520,WAS,TROARK-R,-112,-145,8.5,9
520,MIA,JNICOLINO-L,-108,130,8.5,9
520,MIL,WPERALTA-R,175,212,7.5,7.5
520,NYM,SMATZ-L,-205,-252,7.5,7.5
520,ARI,PCORBIN-L,150,145,7.5,7
520,STL,CMARTINEZ-R,-170,-160,7.5,7
520,CUB,JARRIETA-R,-205,-195,6.5,7
520,SFO,JPEAVY-R,175,175,6.5,7
520,LOS,SKAZMIR-L,-145,-149,7.5,7.5
520,SDG,FRIEDRICH-L,125,134,7.5,7.5
520,TAM,MANDRIESE-R,-112,-111,8.5,9
520,DET,ASANCHEZ-R,-108,101,8.5,9
520,CLE,CKLUBER-R,-115,-115,8.5,8.5
520,BOS,CBUCHHOLZ-R,-105,105,8.5,8.5
520,TEX,CLEWIS-R,115,149,9,8.5
520,HOU,LMCCULERS-R,-135,-164,9,8.5
520,KAN,DGEE-R,150,145,8,7.5
520,CWS,JQUINTANA-L,-170,-160,8,7.5
520,TOR,ASANCHEZ-R,-120,-124,8,8.5
520,MIN,TDUFFEY-R,100,114,8,8.5
520,NYY,CSABATHIA-L,115,125,8,7.5
520,OAK,SGRAY-R,-135,-140,8,7.5
520,BAL,MWRIGHT-R,120,115,8,7.5
520,LAA,HSANTIAGO-L,-140,-125,8,7.5
520,SEA,HIWAKUMA-R,-130,-131,8.5,8.5
520,CIN,DSTRAILY-R,110,116,8.5,8.5
521,ARI,RRAY-L,130,145,8,7.5
521,STL,MLEAKE-R,-150,-160,8,7.5
521,ATL,WPEREZ-R,120,129,8.5,8
521,PHI,AMORGAN-L,-140,-144,8.5,8
521,COL,TCHATWOOD-R,115,111,8,7.5
521,PIT,JNIESE-L,-135,-121,8,7.5
521,MIL,ZDAVIES-R,200,175,7,7
521,NYM,JDEGROM-R,-240,-205,7,7
521,WAS,JROSS-R,135,127,7,7
521,MIA,JFERNANDZ-R,-155,-142,7,7
521,CUB,JLESTER-L,-150,-160,7,7.5
521,SFO,MCAIN-R,130,145,7,7.5
521,LOS,AWOOD-L,-130,-174,7.5,7.5
521,SDG,CVARGAS-R,110,154,7.5,7.5
521,KAN,DDUFFY-L,-110,-134,9,9
521,CWS,MGONZALEZ-R,-110,119,9,9
521,TOR,JHAPP-L,-145,-175,9,10
521,MIN,PDEAN-L,125,155,9,10
521,NYY,MTANAKA-R,-130,-148,7.5,7
521,OAK,SMANAEA-L,110,133,7.5,7
521,CLE,TBAUER-R,115,135,9,10
521,BOS,JKELLY-R,-135,-150,9,10
521,TAM,DSMYLY-L,-135,-121,8.5,9
521,DET,MFULMER-R,115,111,8.5,9
521,TEX,CRAMOS-L,135,163,9,8.5
521,HOU,MFIERS-R,-155,-183,9,8.5
521,BAL,KGAUSMAN-R,-128,-143,8,8
521,LAA,MSHOEMAKR-R,108,128,8,8
521,SEA,FHERNANDZ-R,-170,-160,8,8.5
521,CIN,JLAMB-L,150,145,8,8.5
522,WAS,MSCHERZER-R,-140,-178,7.5,7
522,MIA,ACONLEY-L,120,158,7.5,7
522,MIL,CANDERSON-R,200,205,7,7
522,NYM,SYNDERGARD-R,-240,-235,7,7
522,ATL,UNDECIDED,150,136,8,7.5
522,PHI,JEICKHOFF-R,-170,-151,8,7.5
522,ARI,ZGREINKE-R,110,118,7,7
522,STL,JGARCIA-L,-130,-128,7,7
522,LOS,KMAEDA-R,-165,-171,7.5,7.5
522,SDG,CREA-R,145,151,7.5,7.5
522,CUB,KHENDRCKS-R,110,133,7,7
522,SFO,MBUMGARNR-L,-130,-148,7,7
522,TAM,CARCHER-R,100,103,8,8.5
522,DET,JZIMMERMN-R,-120,-113,8,8.5
522,CLE,DSALAZAR-R,-105,105,8.5,8.5
522,BOS,RPORCELLO-R,-115,-115,8.5,8.5
522,TEX,CHAMELS-L,110,140,8,7.5
522,HOU,DKEUCHEL-L,-130,-155,8,7.5
522,KAN,YVENTURA-R,-114,116,8.5,7.5
522,CWS,CRODON-L,-106,-126,8.5,7.5
522,TOR,MSTROMAN-R,-160,-175,8.5,9
522,MIN,PHUGHES-R,140,155,8.5,9
522,BAL,UJIMENEZ-R,-120,-111,9,8.5
522,LAA,JWEAVER-R,100,101,9,8.5
522,NYY,MPINEDA-R,-114,-145,8,7.5
522,OAK,JHAHN-R,-106,130,8,7.5
522,SEA,WMILEY-L,-165,-152,9,9
522,CIN,ASIMON-R,145,137,9,9
523,NYM,BCOLON-R,125,144,7.5,7.5
523,WAS,GGONZALEZ-L,-145,-159,7.5,7.5
523,CUB,JLACKEY-R,-115,-104,7.5,8
523,STL,WAINWRIGHT-R,-105,-106,7.5,8
523,CIN,BFINNEGAN-L,290,325,6.5,6
523,LOS,CKERSHAW-L,-350,-405,6.5,6
523,SDG,DPOMERANZ-L,155,156,6.5,6.5
523,SFO,JCUETO-R,-175,-176,6.5,6.5
523,LAA,NTROPEANO-R,103,-105,9.5,9.5
523,TEX,DHOLLAND-L,-123,-105,9.5,9.5
523,CLE,CANDERSON-R,-107,103,9,9.5
523,CWS,EJOHNSON-R,-113,-113,9,9.5
523,KAN,IKENNEDY-R,-130,-126,8.5,8
523,MIN,RNOLASCO-R,110,116,8.5,8
523,OAK,RHILL-L,105,115,7,7
523,SEA,TWALKER-R,-125,-125,7,7
523,PHI,VVELASQEZ-R,-114,110,8.5,8.5
523,DET,MPELFREY-R,-106,-120,8.5,8.5
523,TAM,MMOORE-L,103,107,7.5,7.5
523,MIA,WCHEN-L,-123,-117,7.5,7.5
523,CLE,CLEVINGER-R,105,-101,9,9
523,CWS,MLATOS-R,-125,-109,9,9
523,COL,JLYLES-R,110,117,8.5,8.5
523,PIT,VOGELSONG-R,-130,-132,8.5,8.5
524,NYM,MHARVEY-R,145,152,7,7
524,WAS,SSTRASBRG-R,-165,-172,7,7
524,ARI,SMILLER-R,160,150,7.5,8.5
524,PIT,FLIRIANO-L,-180,-170,7.5,8.5
524,MIL,JNELSON-R,101,106,7.5,7.5
524,ATL,JTEHERAN-R,-121,-116,7.5,7.5
524,CUB,JHAMMEL-R,-114,-116,7.5,8
524,STL,MWACHA-R,-106,106,7.5,8
524,CIN,DWRIGHT-R,175,150,7.5,7.5
524,LOS,MBOLSNGER-R,-195,-170,7.5,7.5
524,SDG,ACASHNER-R,170,200,7,7
524,SFO,SAMARDZIJA-R,-200,-240,7,7
524,TOR,RDICKEY-R,105,118,8,8
524,NYY,NEOVALDI-R,-125,-133,8,8
524,LAA,JCHACIN-R,105,101,10,9
524,TEX,MPEREZ-L,-125,-111,10,9
524,CLE,JTOMLIN-R,165,159,7,7.5
524,CWS,CSALE-L,-185,-179,7,7.5
524,BAL,CTILLMAN-R,-105,-117,8.5,8.5
524,HOU,DFISTER-R,-115,107,8.5,8.5
524,KAN,EVOLQUEZ-R,-120,-108,8,8
524,MIN,ESANTANA-R,100,-102,8,8
524,OAK,KGRAVEMAN-R,135,150,7.5,7.5
524,SEA,NKARNS-R,-155,-170,7.5,7.5
524,TAM,JODORIZZI-R,-114,-120,8,8
524,MIA,TKOEHLER-R,-106,110,8,8
524,PHI,JHELICKSN-R,140,164,8.5,8.5
524,DET,VERLANDER-R,-160,-184,8.5,8.5
524,COL,JDELAROSA-L,180,250,8.5,8.5
524,BOS,DPRICE-L,-210,-290,8.5,8.5
525,NYM,SMATZ-L,-105,-105,7.5,8
525,WAS,TROARK-R,-115,-105,7.5,8
525,CUB,JARRIETA-R,-170,-185,7,7.5
525,STL,CMARTINEZ-R,150,165,7,7.5
525,SDG,JSHIELDS-R,140,114,7.5,7.5
525,SFO,JPEAVY-R,-160,-124,7.5,7.5
525,ARI,RDELAROSA-R,111,108,8,8.5
525,PIT,JLOCKE-L,-131,-118,8,8.5
525,MIL,JGUERRA-R,-115,-122,7.5,7.5
525,ATL,FOLTYNEWCZ-R,-105,112,7.5,7.5
525,CIN,DSTRAILY-R,150,175,7.5,7
525,LOS,SKAZMIR-L,-170,-195,7.5,7
525,KAN,DGEE-R,-115,119,8.5,8
525,MIN,TDUFFEY-R,-105,-134,8.5,8
525,LAA,HSANTIAGO-L,-105,-102,9.5,9.5
525,TEX,CLEWIS-R,-115,-108,9.5,9.5
525,CLE,CKLUBER-R,-105,105,7.5,7.5
525,CWS,JQUINTANA-L,-115,-115,7.5,7.5
525,TOR,MESTRADA-R,-111,-111,8.5,9
525,NYY,INOVA-R,-109,101,8.5,9
525,BAL,TWILSON-R,100,125,8.5,9
525,HOU,CMCHUGH-R,-120,-140,8.5,9
525,OAK,ZNEAL-R,155,165,7.5,8
525,SEA,HIWAKUMA-R,-175,-185,7.5,8
525,PHI,ANOLA-R,112,104,8.5,8
525,DET,ASANCHEZ-R,-132,-114,8.5,8
525,COL,CBETTIS-R,155,170,9.5,9.5
525,BOS,SWRIGHT-R,-175,-200,9.5,9.5
525,MIA,JNICOLINO-L,122,205,8,8.5
525,TAM,MANDRIESE-R,-142,-235,8,8.5
526,ARI,PCORBIN-L,145,165,7.5,7.5
526,PIT,GCOLE-R,-165,-185,7.5,7.5
526,STL,MLEAKE-R,100,133,8,8.5
526,WAS,JROSS-R,-120,-148,8,8.5
526,MIL,WPERALTA-R,115,119,7.5,7.5
526,ATL,MWISLER-R,-135,-134,7.5,7.5
526,TOR,JHAPP-L,-112,-121,8.5,9.5
526,NYY,CSABATHIA-L,-108,111,8.5,9.5
526,BAL,KGAUSMAN-R,-115,109,8,8
526,HOU,LMCCULERS-R,-105,-119,8,8
526,MIA,JFERNANDZ-R,-105,113,6.5,6.5
526,TAM,DSMYLY-L,-105,-123,6.5,6.5
526,COL,JGRAY-R,145,143,9.5,9
526,BOS,CBUCHHOLZ-R,-165,-158,9.5,9
527,PHI,AMORGAN-L,250,250,9,9
527,CUB,JLESTER-L,-300,-290,9,9
527,STL,JGARCIA-L,135,149,7,7
527,WAS,MSCHERZER-R,-155,-164,7,7
527,LOS,JURIAS-L,130,100,7,7
527,NYM,JDEGROM-R,-150,-110,7,7
527,MIA,ACONLEY-L,-140,-116,7.5,7.5
527,ATL,WPEREZ-R,120,106,7.5,7.5
527,CIN,JLAMB-L,130,117,9,9
527,MIL,ZDAVIES-R,-150,-132,9,9
527,SFO,MCAIN-R,-105,125,11,11
527,COL,TCHATWOOD-R,-115,-140,11,11
527,SDG,FRIEDRICH-L,150,160,9,10
527,ARI,RRAY-L,-170,-180,9,10
527,BOS,JKELLY-R,105,133,9.5,8.5
527,TOR,ASANCHEZ-R,-125,-148,9.5,8.5
527,BAL,MWRIGHT-R,100,110,8.5,9
527,CLE,TBAUER-R,-120,-120,8.5,9
527,NYY,MTANAKA-R,-115,-129,7,7
527,TAM,CARCHER-R,-105,119,7,7
527,CWS,MGONZALEZ-R,110,135,8.5,7.5
527,KAN,DDUFFY-L,-130,-150,8.5,7.5
527,HOU,MFIERS-R,-115,-111,8.5,7.5
527,LAA,MSHOEMAKR-R,-105,101,8.5,7.5
527,DET,MFULMER-R,-115,-130,8,8.5
527,OAK,SMANAEA-L,-105,115,8,8.5
527,MIN,PDEAN-L,200,200,7.5,7.5
527,SEA,FHERNANDZ-R,-230,-230,7.5,7.5
527,PIT,JNIESE-L,125,115,9,9
527,TEX,CHAMELS-L,-145,-130,9,9
528,PHI,JEICKHOFF-R,220,230,11.5,9.5
528,CUB,KHENDRCKS-R,-260,-270,11.5,9.5
528,MIA,WCHEN-L,-150,-121,8,8
528,ATL,ABLAIR-R,130,111,8,8
528,CIN,ASIMON-R,125,134,9,9.5
528,MIL,CANDERSON-R,-145,-149,9,9.5
528,SFO,MBUMGARNR-L,-160,-186,10.5,11
528,COL,EBUTLER-R,140,166,10.5,11
528,LOS,KMAEDA-R,125,125,7,6.5
528,NYM,SYNDERGARD-R,-145,-140,7,6.5
528,STL,WAINWRIGHT-R,120,-105,7.5,8
528,WAS,GGONZALEZ-L,-140,-105,7.5,8
528,SDG,CVARGAS-R,185,170,8.5,8.5
528,ARI,ZGREINKE-R,-215,-200,8.5,8.5
528,BOS,RPORCELLO-R,120,125,8.5,9
528,TOR,MSTROMAN-R,-140,-140,8.5,9
528,CWS,CRODON-L,105,-102,8,8
528,KAN,YVENTURA-R,-125,-108,8,8
528,DET,MBOYD-L,-105,109,8.5,9.5
528,OAK,JHAHN-R,-115,-119,8.5,9.5
528,BAL,UJIMENEZ-R,130,140,8,8.5
528,CLE,DSALAZAR-R,-150,-155,8,8.5
528,NYY,MPINEDA-R,-114,-105,8,7.5
528,TAM,MMOORE-L,-106,-105,8,7.5
528,HOU,DKEUCHEL-L,-125,-126,7.5,8
528,LAA,JWEAVER-R,105,116,7.5,8
528,MIN,PHUGHES-R,140,141,8,8
528,SEA,WMILEY-L,-160,-156,8,8
528,PIT,JNICASIO-R,135,125,9,9
528,TEX,YDARVISH-R,-155,-140,9,9
529,STL,MWACHA-R,155,200,7.5,7.5
529,WAS,SSTRASBRG-R,-175,-230,7.5,7.5
529,CIN,BFINNEGAN-L,140,126,9,9
529,MIL,JNELSON-R,-160,-141,9,9
529,PHI,VVELASQEZ-R,190,175,8.5,9
529,CUB,JLACKEY-R,-220,-205,8.5,9
529,SDG,DPOMERANZ-L,-125,-104,8.5,8
529,ARI,ABRADLEY-R,105,-106,8.5,8
529,SFO,JCUETO-R,-165,-162,10.5,10.5
529,COL,CRUSIN-L,145,147,10.5,10.5
529,MIA,TKOEHLER-R,110,119,7,8
529,ATL,JTEHERAN-R,-130,-129,7,8
529,LOS,CKERSHAW-L,-190,-260,6,6.5
529,NYM,BCOLON-R,170,220,6,6.5
529,BOS,DPRICE-L,-140,-140,9,8.5
529,TOR,RDICKEY-R,120,125,9,8.5
529,BAL,CTILLMAN-R,-130,-142,9,8.5
529,CLE,CLEVINGER-R,110,127,9,8.5
529,NYY,NEOVALDI-R,-106,-111,7.5,7
529,TAM,JODORIZZI-R,-114,101,7.5,7
529,CWS,CSALE-L,-150,-150,7,7
529,KAN,EVOLQUEZ-R,130,135,7,7
529,HOU,DFISTER-R,105,116,8.5,8
529,LAA,NTROPEANO-R,-125,-131,8.5,8
529,DET,MPELFREY-R,150,134,8.5,9
529,OAK,RHILL-L,-170,-149,8.5,9
529,MIN,RNOLASCO-R,165,175,8,7.5
529,SEA,TWALKER-R,-185,-195,8,7.5
529,PIT,FLIRIANO-L,-125,-140,9.5,9
529,TEX,MPEREZ-L,105,125,9.5,9
530,SFO,SAMARDZIJA-R,-185,-155,7.5,8
530,ATL,FOLTYNEWCZ-R,165,140,7.5,8
530,STL,CMARTINEZ-R,-130,-141,8.5,9
530,MIL,JGUERRA-R,110,126,8.5,9
530,LOS,AWOOD-L,130,118,8,8.5
530,CUB,JHAMMEL-R,-150,-128,8,8.5
530,CIN,DSTRAILY-R,120,125,11,11.5
530,COL,CBETTIS-R,-140,-140,11,11.5
530,WAS,TROARK-R,-150,-155,7.5,8
530,PHI,JHELICKSN-R,130,140,7.5,8
530,PIT,JLOCKE-L,-135,-155,9,9
530,MIA,JNICOLINO-L,115,140,9,9
530,BOS,SWRIGHT-R,-120,-110,9,9
530,BAL,TWILSON-R,100,100,9,9
530,MIN,ESANTANA-R,-115,118,8.5,9
530,OAK,KGRAVEMAN-R,-105,-128,8.5,9
530,TEX,DHOLLAND-L,120,149,8.5,9
530,CLE,JTOMLIN-R,-140,-164,8.5,9
530,NYY,INOVA-R,135,130,9,9
530,TOR,MESTRADA-R,-155,-145,9,9
530,TAM,MANDRIESE-R,-114,110,8,7.5
530,KAN,IKENNEDY-R,-106,-120,8,7.5
530,DET,VERLANDER-R,-140,-108,8,7.5
530,LAA,JCHACIN-R,120,-102,8,7.5
530,CWS,JQUINTANA-L,-125,-117,7,7
530,NYM,MHARVEY-R,105,107,7,7
530,SDG,ACASHNER-R,160,196,8,8
530,SEA,NKARNS-R,-180,-226,8,8
530,HOU,CMCHUGH-R,-125,-150,9,9
530,ARI,EESCOBAR-L,105,135,9,9
531,WAS,JROSS-R,-145,100,7.5,7
531,PHI,ANOLA-R,125,-110,7.5,7
531,PIT,GCOLE-R,100,112,7,6.5
531,MIA,JFERNANDZ-R,-120,-122,7,6.5
531,SFO,JPEAVY-R,-140,-127,8,9
531,ATL,MWISLER-R,120,117,8,9
531,LOS,SKAZMIR-L,200,185,7.5,7.5
531,CUB,JARRIETA-R,-240,-215,7.5,7.5
531,STL,MLEAKE-R,-155,-146,9,9
531,MIL,WPERALTA-R,135,131,9,9
531,CIN,JMOSCOT-R,155,200,11,10.5
531,COL,JGRAY-R,-175,-230,11,10.5
531,TEX,CLEWIS-R,145,175,7.5,8
531,CLE,CKLUBER-R,-165,-205,7.5,8
531,BOS,ERODRIGUZ-L,100,109,9,8.5
531,BAL,KGAUSMAN-R,-120,-119,9,8.5
531,NYY,CSABATHIA-L,135,153,9,8.5
531,TOR,JHAPP-L,-155,-173,9,8.5
531,TAM,DSMYLY-L,-120,-125,8,7.5
531,KAN,DGEE-R,100,115,8,7.5
531,DET,ASANCHEZ-R,105,-105,8.5,8.5
531,LAA,HSANTIAGO-L,-125,-105,8.5,8.5
531,MIN,TDUFFEY-R,-125,-108,8.5,8.5
531,OAK,ESURKAMP-L,105,-102,8.5,8.5
531,HOU,LMcCULLRS-R,-105,-142,9,8.5
531,ARI,PCORBIN-L,-115,127,9,8.5
531,SDG,JSHIELDS-R,150,175,7.5,7.5
531,SEA,HIWAKUMA-R,-170,-195,7.5,7.5
531,CWS,MLATOS-R,150,159,7.5,7.5
531,NYM,SMATZ-L,-170,-179,7.5,7.5
601,STL,JGARCIA-L,-160,-175,9,9
601,MIL,ZDAVIES-R,140,155,9,9
601,WAS,MSCHERZER-R,-205,-235,7.5,7.5
601,PHI,AMORGAN-L,175,205,7.5,7.5
601,SFO,ASUAREZ-R,-135,-134,8.5,8.5
601,ATL,WPEREZ-R,115,119,8.5,8.5
601,PIT,JNIESE-L,-109,103,8.5,9
601,MIA,ACONLEY-L,-111,-113,8.5,9
601,LOS,MBOLSNGER-R,165,178,8.5,8.5
601,CUB,JLESTER-L,-185,-208,8.5,8.5
601,CIN,JLAMB-L,160,170,11,11.5
601,COL,TCHATWOOD-R,-180,-200,11,11.5
601,MIN,PDEAN-L,103,150,8.5,8.5
601,OAK,SMANAEA-L,-123,-170,8.5,8.5
601,TEX,CHAMELS-L,-114,-113,8,8
601,CLE,TBAUER-R,-106,103,8,8
601,DET,MFULMER-R,-106,105,8,8
601,LAA,MSHOEMAKR-R,-114,-115,8,8
601,BOS,JKELLY-R,-115,100,9,9
601,BAL,MWRIGHT-R,-105,-110,9,9
601,NYY,MTANAKA-R,-105,-109,8,8
601,TOR,ASANCHEZ-R,-115,-101,8,8
601,TAM,CARCHER-R,-114,109,7.5,7
601,KAN,DDUFFY-L,-106,-119,7.5,7
601,CWS,MGONZALEZ-R,170,150,7.5,7.5
601,NYM,JDEGROM-R,-200,-170,7.5,7.5
601,ARI,RRAY-L,145,171,8.5,8.5
601,HOU,MFIERS-R,-165,-201,8.5,8.5
601,SEA,JPAXTON-L,-175,-124,7,8
601,SDG,CFRIEDRCH-L,155,114,7,8
602,SFO,MBUMGARNR-L,-215,-255,7,7.5
602,ATL,ABLAIR-R,185,215,7,7.5
602,LOS,JURIAS-L,130,155,8.5,8.5
602,CUB,KHENDRCKS-R,-150,-175,8.5,8.5
602,MIL,CANDERSON-R,110,-110,8,8
602,PHI,JEICKHOFF-R,-130,100,8,8
602,PIT,JNICASIO-R,-101,-124,8,8
602,MIA,WCHEN-L,-119,114,8,8
602,CIN,ASIMON-R,155,145,11.5,12.5
602,COL,EBUTLER-R,-175,-160,11.5,12.5
602,BOS,RPORCELLO-R,-125,-125,9.5,9
602,BAL,UJIMENEZ-R,105,115,9.5,9
602,KAN,YVENTURA-R,140,170,7.5,7.5
602,CLE,CCARRASCO-R,-160,-200,7.5,7.5
602,TAM,MMOORE-L,-115,-111,8.5,9
602,MIN,PHUGHES-R,-105,101,8.5,9
602,ARI,ZGREINKE-R,110,130,7.5,7
602,HOU,DKEUCHEL-L,-130,-145,7.5,7
602,SEA,WMILEY-L,-145,-124,7.5,8.5
602,SDG,CREA-R,125,114,7.5,8.5
602,NYY,MPINEDA-R,-115,-120,9,9
602,DET,MBOYD-L,-105,110,9,9
603,ARI,ABRADLEY-R,200,220,8.5,8.5
603,CUB,JLACKEY-R,-230,-260,8.5,8.5
603,MIL,JNELSON-R,100,116,7.5,8
603,PHI,VVELASQEZ-R,-120,-126,7.5,8
603,NYM,SYNDERGARD-R,-160,-173,7,7
603,MIA,TKOEHLER-R,140,153,7,7
603,WAS,GGONZALEZ-L,-160,-155,8.5,9
603,CIN,BFINNEGAN-L,140,140,8.5,9
603,SFO,JCUETO-R,-115,-113,7,7.5
603,STL,WAINWRIGHT-R,-105,103,7,7.5
603,ATL,JTEHERAN-R,190,173,7,7
603,LOS,KMAEDA-R,-220,-193,7,7
603,COL,CRUSIN-L,110,134,7,7.5
603,SDG,DPOMERANZ-L,-130,-149,7,7.5
603,NYY,NEOVALDI-R,105,117,8,8
603,BAL,CTILLMAN-R,-125,-132,8,8
603,CWS,CRODON-L,125,137,8.5,9
603,DET,JZIMMERMN-R,-145,-152,8.5,9
603,KAN,EVOLQUEZ-R,140,156,7.5,7.5
603,CLE,DSALAZAR-R,-160,-176,7.5,7.5
603,TOR,RDICKEY-R,160,152,9,9.5
603,BOS,DPRICE-L,-180,-172,9,9.5
603,SEA,TWALKER-R,115,132,8.5,8.5
603,TEX,YDARVISH-R,-135,-147,8.5,8.5
603,OAK,JHAHN-R,150,127,8.5,8.5
603,HOU,DFISTER-R,-170,-142,8.5,8.5
603,TAM,JODORIZZI-R,-125,-116,8.5,8.5
603,MIN,RNOLASCO-R,105,106,8.5,8.5
603,LAA,JWEAVER-R,155,141,8,8.5
603,PIT,FLIRIANO-L,-175,-156,8,8.5
604,ARI,EESCOBAR-L,235,255,8.5,10
604,CUB,JHAMMEL-R,-275,-305,8.5,10
604,MIL,JGUERRA-R,-114,-120,8,8
604,PHI,JHELICKSN-R,-106,110,8,8
604,WAS,SSTRASBRG-R,-190,-202,8,8
604,CIN,DSTRAILY-R,170,172,8,8
604,NYM,BCOLON-R,-125,-111,8,9
604,MIA,JNICOLINO-L,105,101,8,9
604,SFO,SAMARDZIJA-R,-115,-116,8,8
604,STL,MWACHA-R,-105,106,8,8
604,ATL,BNORRIS-R,320,397,6,6
604,LOS,CKERSHAW-L,-400,-497,6,6
604,COL,CBETTIS-R,-101,-119,7.5,8
604,SDG,ACASHNER-R,-119,109,7.5,8
604,TAM,MANDRIESE-R,-125,-105,8.5,8.5
604,MIN,ESANTANA-R,105,-105,8.5,8.5
604,TOR,MSTROMAN-R,120,127,9.5,9.5
604,BOS,SWRIGHT-R,-140,-142,9.5,9.5
604,CWS,CSALE-L,-170,-134,8,8.5
604,DET,MPELFREY-R,150,119,8,8.5
604,OAK,KGRAVEMAN-R,105,156,8,8.5
604,HOU,CMCHUGH-R,-125,-176,8,8.5
604,KAN,IKENNEDY-R,-101,107,8,8
604,CLE,JTOMLIN-R,-119,-117,8,8
604,NYY,INOVA-R,105,125,9,9.5
604,BAL,TWILSON-R,-125,-140,9,9.5
604,SEA,NKARNS-R,-105,-117,9,9
604,TEX,MPEREZ-L,-115,107,9,9
604,LAA,JCHACIN-R,105,-108,8.5,8.5
604,PIT,JLOCKE-L,-125,-102,8.5,8.5
605,WAS,TROARK-R,-185,-200,9,9.5
605,CIN,JMOSCOT-R,165,170,9,9.5
605,NYM,MHARVEY-R,140,150,7,7
605,MIA,JFERNANDZ-R,-160,-170,7,7
605,MIL,WPERALTA-R,130,147,8.5,8
605,PHI,ANOLA-R,-150,-162,8.5,8
605,SFO,JPEAVY-R,110,140,8.5,8.5
605,STL,CMARTINEZ-R,-130,-155,8.5,8.5
605,ARI,PCORBIN-L,250,270,8,8
605,CUB,JARRIETA-R,-300,-320,8,8
605,ATL,MWISLER-R,165,215,7.5,7.5
605,LOS,SKAZMIR-L,-185,-255,7.5,7.5
605,COL,JGRAY-R,-120,-148,8,8
605,SDG,LPERDOMO-R,100,133,8,8
605,CWS,JQUINTANA-L,110,117,8,8
605,DET,VERLANDER-R,-130,-127,8,8
605,KAN,CYOUNG-R,160,170,8,8
605,CLE,CKLUBER-R,-180,-200,8,8
605,NYY,CSABATHIA-L,105,119,8,9
605,BAL,KGAUSMAN-R,-125,-134,8,9
605,TOR,MESTRADA-R,-105,105,9.5,9.5
605,BOS,ERODRIGUZ-L,-115,-115,9.5,9.5
605,TAM,DSMYLY-L,-120,-119,9,8.5
605,MIN,TDUFFEY-R,100,109,9,8.5
605,OAK,SGRAY-R,115,152,8.5,8.5
605,HOU,LMcCULLRS-R,-135,-172,8.5,8.5
605,SEA,HIWAKUMA-R,-115,-122,9.5,9.5
605,TEX,DHOLLAND-L,-105,112,9.5,9.5
605,LAA,HSANTIAGO-L,150,135,7.5,7.5
605,PIT,GCOLE-R,-170,-150,7.5,7.5
606,CUB,JLESTER-L,-260,-275,8,8.5
606,PHI,AMORGAN-L,220,235,8,8.5
606,NYM,SMATZ-L,-115,118,8,7.5
606,PIT,JNIESE-L,-105,-128,8,7.5
606,ATL,WPEREZ-R,115,117,7.5,7.5
606,SDG,CFRIEDRCH-L,-135,-132,7.5,7.5
606,COL,TCHATWOOD-R,110,119,7.5,7.5
606,LOS,MBOLSNGER-R,-130,-129,7.5,7.5
606,LAA,MSHOEMAKR-R,140,141,8,8.5
606,NYY,MTANAKA-R,-160,-156,8,8.5
606,KAN,DDUFFY-L,-105,103,9,8.5
606,BAL,MWRIGHT-R,-115,-113,9,8.5
606,TOR,JHAPP-L,100,119,9,9.5
606,DET,MFULMER-R,-120,-134,9,9.5
606,HOU,MFIERS-R,100,-134,9,9.5
606,TEX,CLEWIS-R,-120,119,9,9.5
606,CLE,TBAUER-R,-114,115,8.5,8.5
606,SEA,JPAXTON-L,-106,-130,8.5,8.5
606,TAM,CARCHER-R,-125,116,9,8
606,ARI,RRAY-L,105,-126,9,8
607,NYM,SMATZ-L,-135,125,7.5,7.5
607,PIT,JNIESE-L,115,-140,7.5,7.5
607,CUB,KHENDRCKS-R,-240,-210,8,8
607,PHI,JEICKHOFF-R,200,180,8,8
607,STL,MLEAKE-R,-175,-156,9.5,9
607,CIN,JLAMB-L,155,141,9.5,9
607,ATL,ABLAIR-R,130,130,8,8
607,SDG,CREA-R,-150,-145,8,8
607,COL,EBUTLER-R,125,176,8.5,8
607,LOS,JURIAS-L,-145,-196,8.5,8
607,KAN,YVENTURA-R,-105,130,9,9
607,BAL,UJIMENEZ-R,-115,-145,9,9
607,LAA,DHUFF-L,145,136,9,9
607,NYY,MPINEDA-R,-165,-151,9,9
607,TOR,ASANCHEZ-R,-130,-148,9,9.5
607,DET,MBOYD-L,110,133,9,9.5
607,HOU,DKEUCHEL-L,100,-110,9,8.5
607,TEX,CHAMELS-L,-120,100,9,8.5
607,OAK,SMANAEA-L,115,126,9,9
607,MIL,ZDAVIES-R,-135,-141,9,9
607,CLE,CANDERSON-R,-130,110,8,9
607,SEA,WMILEY-L,110,-120,8,9
607,WAS,JROSS-R,-130,-149,9,8.5
607,CWS,MLATOS-R,110,134,9,8.5
607,MIA,ACONLEY-L,-115,-112,9,9
607,MIN,PDEAN-L,-105,102,9,9
607,TAM,MMOORE-L,150,165,8.5,8
607,ARI,ZGREINKE-R,-170,-185,8.5,8
607,BOS,RPORCELLO-R,-120,-128,8,7.5
607,SFO,ASUAREZ-R,100,118,8,7.5
607,NYM,JDEGROM-R,-135,-134,7.5,7.5
607,PIT,JNICASIO-R,115,119,7.5,7.5
608,CUB,JLACKEY-R,-185,-196,8,7.5
608,PHI,VVELASQEZ-R,165,176,8,7.5
608,ATL,JTEHERAN-R,120,141,7,6.5
608,SDG,DPOMERANZ-L,-140,-156,7,6.5
608,NYM,SYNDERGARD-R,-140,-123,7.5,7
608,PIT,JTAILLON-R,120,113,7.5,7
608,STL,JGARCIA-L,-180,-201,9,9.5
608,CIN,ASIMON-R,160,171,9,9.5
608,COL,CRUSIN-L,170,160,7.5,7
608,LOS,KMAEDA-R,-200,-180,7.5,7
608,TOR,RDICKEY-R,110,109,9,9
608,DET,JZIMMERMN-R,-130,-119,9,9
608,LAA,JWEAVER-R,150,170,9,9
608,NYY,NEOVALDI-R,-170,-200,9,9
608,KAN,EVOLQUEZ-R,125,133,8.5,8.5
608,BAL,CTILLMAN-R,-145,-148,8.5,8.5
608,HOU,DFISTER-R,125,146,9,8.5
608,TEX,YDARVISH-R,-145,-161,9,8.5
608,CLE,CCARRASCO-R,-114,-102,7.5,7.5
608,SEA,TWALKER-R,-106,-108,7.5,7.5
608,TAM,JODORIZZI-R,-114,106,8.5,8.5
608,ARI,ABRADLEY-R,-106,-116,8.5,8.5
608,OAK,JHAHN-R,110,132,9,9
608,MIL,CANDERSON-R,-130,-147,9,9
608,MIA,WCHEN-L,-120,-105,9,8.5
608,MIN,RNOLASCO-R,100,-105,9,8.5
608,WAS,MSCHERZER-R,-150,-175,8,7.5
608,CWS,JSHIELDS-R,130,155,8,7.5
608,BOS,DPRICE-L,105,-127,6.5,6
608,SFO,MBUMGARNR-L,-125,117,6.5,6
609,STL,WAINWRIGHT-R,-165,-185,9,9.5
609,CIN,BFINNEGAN-L,145,165,9,9.5
609,NYM,BCOLON-R,100,-101,8.5,9
609,MIL,JNELSON-R,-120,-109,8.5,9
609,HOU,CMCHUGH-R,100,-130,9.5,9.5
609,TEX,MPEREZ-L,-120,115,9.5,9.5
609,LAA,JCHACIN-R,115,117,9,9
609,NYY,INOVA-R,-135,-127,9,9
609,BAL,TWILSON-R,130,156,9,9
609,TOR,MSTROMAN-R,-150,-176,9,9
609,CLE,JTOMLIN-R,-105,116,8.5,8
609,SEA,NKARNS-R,-115,-131,8.5,8
609,WAS,GGONZALEZ-L,-145,-126,9,9
609,CWS,MGONZALEZ-R,125,116,9,9
609,MIA,TKOEHLER-R,100,116,9,9.5
609,MIN,ESANTANA-R,-120,-131,9,9.5
609,PIT,JLOCKE-L,-125,-101,11.5,13
609,COL,CBETTIS-R,105,-109,11.5,13
610,PHI,JHELICKSN-R,200,230,7,7.5
610,WAS,SSTRASBRG-R,-240,-270,7,7.5
610,STL,MWACHA-R,140,146,8,8
610,PIT,GCOLE-R,-160,-161,8,8
610,CUB,JHAMMEL-R,-270,-213,8,8
610,ATL,BNORRIS-R,230,183,8,8
610,NYM,MHARVEY-R,-125,109,8,9
610,MIL,JGUERRA-R,105,-119,8,9
610,SDG,ACASHNER-R,140,185,11,12
610,COL,JGRAY-R,-160,-215,11,12
610,MIA,JNICOLINO-L,110,142,9,9.5
610,ARI,PCORBIN-L,-130,-157,9,9.5
610,LOS,CKERSHAW-L,-155,-170,5.5,5
610,SFO,JCUETO-R,135,150,5.5,5
610,DET,MPELFREY-R,130,118,9,10.5
610,NYY,CSABATHIA-L,-150,-128,9,10.5
610,BAL,KGAUSMAN-R,135,102,9,8.5
610,TOR,MESTRADA-R,-155,-112,9,8.5
610,HOU,LMcCULLRS-R,-114,-101,8,7
610,TAM,MANDRIESE-R,-106,-109,8,7
610,BOS,SWRIGHT-R,-165,-144,9.5,9
610,MIN,TDUFFEY-R,145,129,9.5,9
610,KAN,IKENNEDY-R,155,149,7.5,8
610,CWS,CSALE-L,-175,-164,7.5,8
610,CLE,CKLUBER-R,-125,-145,8,7.5
610,LAA,HSANTIAGO-L,105,130,8,7.5
610,TEX,DHOLLAND-L,125,133,8,7.5
610,SEA,HIWAKUMA-R,-145,-148,8,7.5
610,OAK,SGRAY-R,-125,-110,9,8.5
610,CIN,ADESCLFAN-R,105,100,9,8.5
611,PHI,ANOLA-R,150,134,7.5,7.5
611,WAS,TROARK-R,-170,-149,7.5,7.5
611,NYM,LVERRETT-R,-130,-115,9.5,9.5
611,MIL,WPERALTA-R,110,105,9.5,9.5
611,CUB,JARRIETA-R,-300,-320,7,7.5
611,ATL,MWISLER-R,250,270,7,7.5
611,SDG,EJOHNSON-R,200,155,11.5,12.5
611,COL,TCHATWOOD-R,-230,-175,11.5,12.5
611,LOS,SKAZMIR-L,115,106,7.5,8
611,SFO,SAMARDZIJA-R,-135,-116,7.5,8
611,STL,CMARTINEZ-R,-120,-105,8,8
611,PIT,FLIRIANO-L,100,-105,8,8
611,MIA,JFERNANDZ-R,-165,-210,8,9
611,ARI,ZGODLEY-R,145,180,8,9
611,BAL,MWRIGHT-R,120,117,9.5,9
611,TOR,JHAPP-L,-140,-132,9.5,9
611,BOS,ERODRIGUZ-L,-145,-140,9.5,10
611,MIN,KGIBSON-R,125,125,9.5,10
611,KAN,DDUFFY-L,145,117,8.5,8.5
611,CWS,JQUINTANA-L,-165,-132,8.5,8.5
611,HOU,MFIERS-R,110,115,8,7.5
611,TAM,CARCHER-R,-130,-130,8,7.5
611,DET,VERLANDER-R,100,115,8,8
611,NYY,MTANAKA-R,-120,-130,8,8
611,CLE,TBAUER-R,-105,125,8,7.5
611,LAA,MSHOEMAKR-R,-115,-140,8,7.5
611,TEX,CLEWIS-R,105,176,8.5,7.5
611,SEA,JPAXTON-L,-125,-196,8.5,7.5
611,OAK,DMENGDEN-R,120,104,9.5,9.5
611,CIN,DSTRAILY-R,-140,-114,9.5,9.5
612,CUB,JLESTER-L,-300,-260,8,8
612,ATL,JGANT-R,250,220,8,8
612,NYM,SMATZ-L,-114,-117,8.5,7.5
612,MIL,ZDAVIES-R,-106,107,8.5,7.5
612,PHI,AMORGAN-L,210,220,8.5,8.5
612,WAS,JROSS-R,-250,-260,8.5,8.5
612,MIA,ACONLEY-L,-114,100,9.5,8.5
612,ARI,RRAY-L,-106,-110,9.5,8.5
612,SDG,CFRIEDRCH-L,130,145,12,13
612,COL,TANDERSON-L,-150,-160,12,13
612,STL,MLEAKE-R,100,-113,8.5,8.5
612,PIT,JNIESE-L,-120,103,8.5,8.5
612,LOS,JURIAS-L,105,-105,8,7.5
612,SFO,JPEAVY-R,-125,-105,8,7.5
612,BAL,UJIMENEZ-R,150,142,9.5,9
612,TOR,ASANCHEZ-R,-170,-157,9.5,9
612,HOU,DKEUCHEL-L,-135,-139,8.5,7.5
612,TAM,MMOORE-L,115,124,8.5,7.5
612,DET,MFULMER-R,100,115,9,8.5
612,NYY,MPINEDA-R,-120,-125,9,8.5
612,KAN,YVENTURA-R,110,118,9,8.5
612,CWS,CRODON-L,-130,-128,9,8.5
612,BOS,RPORCELLO-R,-165,-195,9.5,9
612,MIN,PDEAN-L,145,175,9.5,9
612,CLE,DSALAZAR-R,-160,-145,9,7.5
612,LAA,DHUFF-L,140,130,9,7.5
612,TEX,CHAMELS-L,-115,100,8,7
612,SEA,WMILEY-L,-105,-110,8,7
612,OAK,KGRAVEMAN-R,100,-128,9.5,10
612,CIN,JLAMB-L,-120,118,9.5,10
613,CUB,KHENDRCKS-R,130,116,7,7.5
613,WAS,MSCHERZER-R,-150,-131,7,7.5
613,CIN,DWRIGHT-R,110,-105,8.5,8.5
613,ATL,ABLAIR-R,-130,-105,8.5,8.5
613,LOS,MBOLSNGER-R,155,130,8,9
613,ARI,ZGREINKE-R,-175,-145,8,9
613,MIA,WCHEN-L,-112,-108,7.5,7.5
613,SDG,CREA-R,-108,-102,7.5,7.5
613,MIL,CANDERSON-R,120,138,7.5,7.5
613,SFO,MCAIN-R,-140,-153,7.5,7.5
613,DET,MBOYD-L,-112,-103,9.5,10
613,CWS,JSHIELDS-R,-108,-107,9.5,10
613,CLE,CCARRASCO-R,-125,-140,8,8
613,KAN,EVOLQUEZ-R,105,125,8,8
613,MIN,RNOLASCO-R,125,105,8.5,8.5
613,LAA,JWEAVER-R,-145,-115,8.5,8.5
613,TEX,CRAMOS-L,-115,135,8.5,8
613,OAK,SMANAEA-L,-105,-150,8.5,8
613,PHI,JEICKHOFF-R,170,165,9,8.5
613,TOR,RDICKEY-R,-200,-185,9,8.5
614,CUB,JLACKEY-R,-120,-130,8,8
614,WAS,GGONZALEZ-L,100,115,8,8
614,PIT,JTAILLON-R,160,115,7.5,7
614,NYM,JDEGROM-R,-180,-130,7.5,7
614,CIN,BFINNEGAN-L,105,125,7.5,7.5
614,ATL,JTEHERAN-R,-125,-140,7.5,7.5
614,LOS,KMAEDA-R,-120,-150,8.5,9
614,ARI,ABRADLEY-R,100,135,8.5,9
614,MIA,TKOEHLER-R,115,115,7.5,7
614,SDG,DPOMERANZ-L,-135,-130,7.5,7
614,MIL,MGARZA-R,230,220,6.5,7
614,SFO,MBUMGARNR-L,-270,-260,6.5,7
614,BAL,CTILLMAN-R,145,166,8.5,8.5
614,BOS,DPRICE-L,-165,-186,8.5,8.5
614,SEA,TWALKER-R,105,109,7.5,8
614,TAM,JODORIZZI-R,-125,-119,7.5,8
614,DET,JZIMMERMN-R,-130,-116,9,8.5
614,CWS,MGONZALEZ-R,110,106,9,8.5
614,CLE,JTOMLIN-R,-125,-116,8.5,8.5
614,KAN,CYOUNG-R,105,106,8.5,8.5
614,MIN,ESANTANA-R,120,125,8.5,7.5
614,LAA,JCHACIN-R,-140,-140,8.5,7.5
614,TEX,MPEREZ-L,-130,105,8.5,8.5
614,OAK,ESURKAMP-L,110,-115,8.5,8.5
614,PHI,ZEFLIN-R,185,250,9,8.5
614,TOR,MSTROMAN-R,-215,-300,9,8.5
614,HOU,DFISTER-R,120,141,8.5,8.5
614,STL,JGARCIA-L,-140,-156,8.5,8.5
614,NYY,NEOVALDI-R,-125,-105,11,10
614,COL,JDELAROSA-L,105,-105,11,10
615,MIA,JNICOLINO-L,-125,117,8.5,8.5
615,SDG,LPERDOMO-R,105,-132,8.5,8.5
615,LOS,CKERSHAW-L,-220,-255,7,7
615,ARI,PCORBIN-L,190,215,7,7
615,MIL,JNELSON-R,175,190,7,7
615,SFO,JCUETO-R,-195,-220,7,7
615,CUB,JHAMMEL-R,120,132,7.5,7.5
615,WAS,SSTRASBRG-R,-140,-147,7.5,7.5
615,PIT,JLOCKE-L,170,150,7,7
615,NYM,SYNDERGARD-R,-190,-170,7,7
615,CIN,ADESCLFAN-R,-114,111,8.5,8
615,ATL,BNORRIS-R,-106,-121,8.5,8
615,BAL,KGAUSMAN-R,130,136,9.5,9.5
615,BOS,SWRIGHT-R,-150,-151,9.5,9.5
615,SEA,NKARNS-R,-105,125,8,7.5
615,TAM,DSMYLY-L,-115,-140,8,7.5
615,DET,MPELFREY-R,155,165,8.5,9
615,CWS,CSALE-L,-175,-185,8.5,9
615,CLE,CKLUBER-R,-135,-157,7.5,7.5
615,KAN,IKENNEDY-R,115,142,7.5,7.5
615,MIN,TDUFFEY-R,115,107,8.5,8
615,LAA,HSANTIAGO-L,-135,-117,8.5,8
615,TEX,DHOLLAND-L,120,135,7.5,8
615,OAK,SGRAY-R,-140,-150,7.5,8
615,NYY,INOVA-R,-114,-111,12,12
615,COL,CBETTIS-R,-106,101,12,12
615,TOR,MESTRADA-R,-155,-172,8.5,8
615,PHI,JHELICKSN-R,135,152,8.5,8
615,HOU,CMCHUGH-R,130,119,8.5,8.5
615,STL,WAINWRIGHT-R,-150,-134,8.5,8.5
616,CIN,DSTRAILY-R,-125,106,8,8
616,ATL,MWISLER-R,105,-116,8,8
616,PIT,JNICASIO-R,125,110,7.5,8
616,NYM,BCOLON-R,-145,-120,7.5,8
616,MIL,JGUERRA-R,135,136,7.5,7.5
616,LOS,SKAZMIR-L,-155,-151,7.5,7.5
616,WAS,TROARK-R,-180,-184,8,7.5
616,SDG,EJOHNSON-R,160,164,8,7.5
616,SEA,JPAXTON-L,-114,-118,8,7.5
616,TAM,BSNELL-L,-106,108,8,7.5
616,TEX,CLEWIS-R,-140,102,8.5,8.5
616,OAK,DMENGDEN-R,120,-112,8.5,8.5
616,BAL,TWILSON-R,115,118,9.5,10.5
616,BOS,ERODRIGUZ-L,-135,-128,9.5,10.5
616,NYY,CSABATHIA-L,-140,-119,8.5,8.5
616,MIN,KGIBSON-R,120,109,8.5,8.5
616,DET,VERLANDER-R,-125,-107,7.5,8
616,KAN,DDUFFY-L,105,-103,7.5,8
616,TOR,JHAPP-L,-150,-140,8,7.5
616,PHI,ANOLA-R,130,125,8,7.5
617,PIT,FLIRIANO-L,235,250,7,6.5
617,CUB,JARRIETA-R,-275,-290,7,6.5
617,ARI,RRAY-L,-140,-145,8.5,8
617,PHI,AMORGAN-L,120,130,8.5,8
617,COL,JGRAY-R,-112,115,8,7.5
617,MIA,ACONLEY-L,-108,-130,8,7.5
617,ATL,JGANT-R,230,200,7.5,7.5
617,NYM,MHARVEY-R,-270,-240,7.5,7.5
617,MIL,ZDAVIES-R,135,157,7.5,7.5
617,LOS,JURIAS-L,-155,-177,7.5,7.5
617,WAS,JROSS-R,-165,-171,7.5,8
617,SDG,CFRIEDRCH-L,145,151,7.5,8
617,TOR,ASANCHEZ-R,-130,-140,9,9
617,BAL,MWRIGHT-R,110,125,9,9
617,CWS,JQUINTANA-L,105,-116,8,7.5
617,CLE,TBAUER-R,-125,106,8,7.5
617,SEA,HIWAKUMA-R,105,116,9.5,10
617,BOS,RELIAS-L,-125,-131,9.5,10
617,NYY,MTANAKA-R,-170,-175,8,8
617,MIN,PDEAN-L,150,155,8,8
617,DET,MFULMER-R,-115,-107,8,8.5
617,KAN,YVENTURA-R,-105,-103,8,8.5
617,LAA,MSHOEMAKR-R,-115,-150,8,8
617,OAK,KGRAVEMAN-R,-105,135,8,8
617,SFO,SAMARDZIJA-R,-105,113,7.5,7.5
617,TAM,CARCHER-R,-115,-123,7.5,7.5
617,CIN,JLAMB-L,190,235,9,9
617,HOU,LMcCULLRS-R,-220,-275,9,9
617,TEX,CHAMELS-L,-113,117,8,8
617,STL,MWACHA-R,-107,-127,8,8
618,ARI,ZGREINKE-R,-180,-149,7,7.5
618,PHI,JEICKHOFF-R,160,134,7,7.5
618,COL,TCHATWOOD-R,-110,107,8,8.5
618,MIA,WCHEN-L,-110,-117,8,8.5
618,ATL,ABLAIR-R,200,225,8,7.5
618,NYM,SMATZ-L,-240,-265,8,7.5
618,PIT,JNIESE-L,200,225,7.5,8
618,CUB,JLESTER-L,-230,-265,7.5,8
618,WAS,MSCHERZER-R,-215,-275,7,7
618,SDG,CREA-R,185,235,7,7
618,MIL,CANDERSON-R,125,148,8,8.5
618,LOS,MBOLSNGER-R,-145,-163,8,8.5
618,NYY,MPINEDA-R,-135,-157,9,8.5
618,MIN,RNOLASCO-R,115,142,9,8.5
618,TOR,RDICKEY-R,-125,103,9.5,10
618,BAL,YGALLARDO-R,105,-113,9.5,10
618,SEA,ASAMPSON-R,140,169,10,10
618,BOS,RPORCELLO-R,-160,-189,10,10
618,LAA,TLINCECUM-R,-127,112,9,8.5
618,OAK,ATRIGGS-R,107,-122,9,8.5
618,CWS,JSHIELDS-R,185,185,9,8
618,CLE,DSALAZAR-R,-215,-215,9,8
618,DET,MBOYD-L,115,125,8.5,9
618,KAN,EVOLQUEZ-R,-135,-140,8.5,9
618,CIN,CREED-L,230,205,8.5,7.5
618,HOU,DKEUCHEL-L,-270,-235,8.5,7.5
618,SFO,ASUAREZ-R,-105,115,8,8
618,TAM,MMOORE-L,-115,-130,8,8
618,TEX,NMARTINEZ-R,160,160,8.5,9
618,STL,CMARTINEZ-R,-180,-180,8.5,9
619,ATL,JTEHERAN-R,160,150,6.5,7
619,NYM,JDEGROM-R,-180,-170,6.5,7
619,COL,TANDERSON-L,100,125,8,8
619,MIA,TKOEHLER-R,-120,-140,8,8
619,ARI,ABRADLEY-R,-140,-130,9,9
619,PHI,ZEFLIN-R,120,115,9,9
619,PIT,JTAILLON-R,150,145,8.5,9
619,CUB,KHENDRCKS-R,-170,-160,8.5,9
619,MIL,MGARZA-R,170,180,8,8
619,LOS,KMAEDA-R,-200,-210,8,8
619,WAS,GGONZALEZ-L,-125,-116,8,8.5
619,SDG,DPOMERANZ-L,105,106,8,8.5
619,CWS,CRODON-L,155,159,8.5,8.5
619,CLE,CCARRASCO-R,-175,-179,8.5,8.5
619,TOR,MSTROMAN-R,100,-109,9.5,9
619,BAL,CTILLMAN-R,-120,-101,9.5,9
619,SEA,TWALKER-R,170,165,9,9
619,BOS,DPRICE-L,-200,-185,9,9
619,NYY,NEOVALDI-R,-132,-160,9,9
619,MIN,ESANTANA-R,112,145,9,9
619,DET,JZIMMERMN-R,-120,-105,9,9
619,KAN,CYOUNG-R,100,-105,9,9
619,LAA,JWEAVER-R,-110,-125,9,9.5
619,OAK,ESURKAMP-L,-110,115,9,9.5
619,SFO,JPEAVY-R,110,132,8,8
619,TAM,JODORIZZI-R,-130,-147,8,8
619,CIN,BFINNEGAN-L,140,180,8.5,8.5
619,HOU,MFIERS-R,-160,-210,8.5,8.5
619,TEX,MPEREZ-L,125,114,8.5,9
619,STL,MLEAKE-R,-145,-124,8.5,9
620,ARI,SMILLER-R,-120,117,9,8.5
620,PHI,JHELICKSN-R,100,-132,9,8.5
620,SFO,MBUMGARNR-L,-190,-149,7,8.5
620,PIT,JLOCKE-L,170,134,7,8.5
620,COL,JDELAROSA-L,-114,-107,8.5,8
620,MIA,PCLEMENS-R,-106,-103,8.5,8
620,STL,JGARCIA-L,145,150,7.5,8
620,CUB,JLACKEY-R,-165,-170,7.5,8
620,WAS,YPETIT-R,160,250,5.5,6.5
620,LOS,CKERSHAW-L,-180,-300,5.5,6.5
620,SEA,NKARNS-R,-115,-134,10,11
620,DET,MPELFREY-R,-105,119,10,11
620,TAM,DSMYLY-L,110,103,8,8.5
620,CLE,JTOMLIN-R,-130,-113,8,8.5
620,CWS,MGONZALEZ-R,155,190,10,10
620,BOS,SWRIGHT-R,-175,-220,10,10
620,LAA,JCHACIN-R,135,137,8.5,8.5
620,HOU,DFISTER-R,-155,-152,8.5,8.5
620,BAL,KGAUSMAN-R,-105,103,9.5,9.5
620,TEX,DHOLLAND-L,-115,-113,9.5,9.5
621,SFO,JCUETO-R,-170,-182,8,8
621,PIT,WBOSCAN-R,150,162,8,8
621,ATL,BNORRIS-R,250,245,7,7
621,MIA,JFERNANDZ-R,-300,-285,7,7
621,STL,WAINWRIGHT-R,125,133,8,9
621,CUB,JHAMMEL-R,-145,-148,8,9
621,WAS,TROARK-R,100,118,7.5,7.5
621,LOS,SKAZMIR-L,-120,-133,7.5,7.5
621,SEA,JPAXTON-L,120,119,9,9
621,DET,VERLANDER-R,-140,-134,9,9
621,CWS,CSALE-L,-105,-107,9,9.5
621,BOS,CBUCHHOLZ-R,-115,-103,9,9.5
621,TAM,BSNELL-L,155,150,8,8
621,CLE,CKLUBER-R,-175,-170,8,8
621,LAA,HSANTIAGO-L,135,145,8.5,8.5
621,HOU,CMCHUGH-R,-155,-160,8.5,8.5
621,COL,CBETTIS-R,140,150,9,9
621,NYY,INOVA-R,-160,-170,9,9
621,SDG,LPERDOMO-R,165,160,9.5,10
621,BAL,TWILSON-R,-185,-180,9.5,10
621,ARI,PCORBIN-L,145,175,9,9
621,TOR,MESTRADA-R,-165,-205,9,9
621,KAN,IKENNEDY-R,165,127,7,7.5
621,NYM,BCOLON-R,-185,-142,7,7.5
621,CIN,DESCLAFANI-R,170,175,9.5,10
621,TEX,CLEWIS-R,-200,-205,9.5,10
621,PHI,ANOLA-R,-105,117,8.5,8
621,MIN,TDUFFEY-R,-115,-132,8.5,8
621,MIL,JNELSON-R,115,145,8,8
621,OAK,SGRAY-R,-135,-160,8,8
622,ATL,JGANT-R,140,148,8.5,7.5
622,MIA,ACONLEY-L,-160,-163,8.5,7.5
622,STL,MWACHA-R,250,220,7.5,7.5
622,CUB,JARRIETA-R,-300,-260,7.5,7.5
622,SFO,SAMARDZIJA-R,-115,105,8,7.5
622,PIT,FLIRIANO-L,-105,-115,8,7.5
622,WAS,JROSS-R,105,125,7.5,7.5
622,LOS,JURIAS-L,-125,-140,7.5,7.5
622,LAA,MSHOEMAKR-R,140,115,8.5,7.5
622,HOU,LMcCULLRS-R,-160,-130,8.5,7.5
622,CWS,JQUINTANA-L,100,112,9.5,9.5
622,BOS,ERODRIGUZ-L,-120,-122,9.5,9.5
622,TAM,CARCHER-R,100,105,8,8.5
622,CLE,TBAUER-R,-120,-115,8,8.5
622,SEA,HIWAKUMA-R,110,116,8.5,9
622,DET,MFULMER-R,-130,-126,8.5,9
622,COL,JGRAY-R,145,119,9,9
622,NYY,CSABATHIA-L,-165,-134,9,9
622,KAN,DDUFFY-L,170,125,7,6
622,NYM,SYNDERGARD-R,-200,-140,7,6
622,MIL,JGUERRA-R,-112,116,8.5,8
622,OAK,DMENGDEN-R,-108,-126,8.5,8
622,ARI,RRAY-L,155,153,9.5,9
622,TOR,JHAPP-L,-175,-173,9.5,9
622,SDG,EJOHNSON-R,150,160,10,10.5
622,BAL,UJIMENEZ-R,-170,-180,10,10.5
622,CIN,DSTRAILY-R,180,201,9,9
622,TEX,CHAMELS-L,-210,-231,9,9
622,PHI,AMORGAN-L,140,150,8.5,9
622,MIN,KGIBSON-R,-160,-170,8.5,9
623,SFO,ASUAREZ-R,-110,131,8.5,8.5
623,PIT,JNIESE-L,-110,-146,8.5,8.5
623,SDG,CFRIEDRCH-L,-114,-112,9.5,9.5
623,CIN,JLAMB-L,-106,102,9.5,9.5
623,CUB,JLESTER-L,-175,-171,7.5,7
623,MIA,WCHEN-L,155,151,7.5,7
623,NYM,MHARVEY-R,-170,-155,7.5,8
623,ATL,MWISLER-R,150,140,7.5,8
623,ARI,ZGREINKE-R,-170,-160,10.5,11
623,COL,EBUTLER-R,150,145,10.5,11
623,SEA,VNUNO-L,110,128,10,10
623,DET,DNORRIS-L,-130,-143,10,10
623,CWS,JSHIELDS-R,200,215,10.5,10.5
623,BOS,RPORCELLO-R,-230,-255,10.5,10.5
623,OAK,KGRAVEMAN-R,130,129,8.5,8.5
623,LAA,TLINCECUM-R,-150,-144,8.5,8.5
623,PHI,JEICKHOFF-R,130,138,8.5,8
623,MIN,RNOLASCO-R,-150,-153,8.5,8
624,LOS,NTEPESCH-R,100,115,8,8.5
624,PIT,JTAILLON-R,-120,-125,8,8.5
624,SDG,CREA-R,105,115,9.5,9
624,CIN,CREED-L,-125,-125,9.5,9
624,CUB,KHENDRCKS-R,-160,-150,7.5,8
624,MIA,TKOEHLER-R,140,135,7.5,8
624,NYM,SMATZ-L,-170,-215,8,8
624,ATL,ABLAIR-R,150,185,8,8
624,WAS,MSCHERZER-R,-175,-185,7.5,7.5
624,MIL,ZDAVIES-R,155,165,7.5,7.5
624,ARI,ABRADLEY-R,115,116,11,11.5
624,COL,TANDERSON-L,-135,-131,11,11.5
624,PHI,ZEFLIN-R,200,175,8,8
624,SFO,JPEAVY-R,-230,-195,8,8
624,TAM,MMOORE-L,110,136,9.5,9.5
624,BAL,YGALLARDO-R,-130,-151,9.5,9.5
624,MIN,TMILONE-L,200,170,8.5,8
624,NYY,MTANAKA-R,-230,-200,8.5,8
624,CLE,DSALAZAR-R,-112,-109,8,8
624,DET,JZIMMERMN-R,-108,-101,8,8
624,BOS,DPRICE-L,-170,-200,9,9.5
624,TEX,NMARTINEZ-R,150,170,9,9.5
624,TOR,ASANCHEZ-R,-145,-162,9,8.5
624,CWS,CRODON-L,125,147,9,8.5
624,HOU,DKEUCHEL-L,-120,-130,8.5,8
624,KAN,EVOLQUEZ-R,100,115,8.5,8
624,OAK,ESURKAMP-L,130,138,9,9
624,LAA,JWEAVER-R,-150,-153,9,9
624,STL,CMARTINEZ-R,-135,-108,8,8.5
624,SEA,WLEBLANC-L,115,-102,8,8.5
625,CUB,JLACKEY-R,-170,-203,8,8.5
625,MIA,PCLEMENS-R,150,173,8,8.5
625,WAS,GGONZALEZ-L,-135,-140,9,9.5
625,MIL,MGARZA-R,115,125,9,9.5
625,ARI,SMILLER-R,115,123,11.5,12
625,COL,JDELAROSA-L,-135,-138,11.5,12
625,SDG,DPOMERANZ-L,-113,-154,9,9.5
625,CIN,BFINNEGAN-L,-107,139,9,9.5
625,LOS,KMAEDA-R,-135,-155,8,8
625,PIT,JLOCKE-L,115,140,8,8
625,NYM,JDEGROM-R,-140,-145,7,7
625,ATL,JTEHERAN-R,120,130,7,7
625,PHI,JHELICKSN-R,280,260,6.5,7
625,SFO,MBUMGARNR-L,-330,-310,6.5,7
625,MIN,ESANTANA-R,165,170,9,9
625,NYY,MPINEDA-R,-185,-200,9,9
625,TOR,RDICKEY-R,-125,-116,9.5,9
625,CWS,MGONZALEZ-R,105,106,9.5,9
625,TAM,JODORIZZI-R,125,136,9,8.5
625,BAL,CTILLMAN-R,-145,-151,9,8.5
625,CLE,CCARRASCO-R,-130,-134,9,9
625,DET,ASANCHEZ-R,110,119,9,9
625,HOU,MFIERS-R,-120,-124,8.5,9
625,KAN,CYOUNG-R,100,114,8.5,9
625,BOS,SWRIGHT-R,-120,-121,10,9.5
625,TEX,AGRIFFIN-R,100,111,10,9.5
625,OAK,DOVERTON-L,115,125,9,9
625,LAA,JCHACIN-R,-135,-140,9,9
625,STL,MLEAKE-R,100,116,8,8.5
625,SEA,NKARNS-R,-120,-126,8,8.5
625,TAM,MANDRIESE-R,120,151,9,9
625,BAL,KGAUSMAN-R,-140,-171,9,9
626,CUB,JHAMMEL-R,125,135,6.5,6.5
626,MIA,JFERNANDZ-R,-145,-150,6.5,6.5
626,SDG,LPERDOMO-R,120,126,10,9.5
626,CIN,DESCLAFANI-R,-140,-141,10,9.5
626,LOS,CKERSHAW-L,-275,-270,7,7
626,PIT,CKUHL-R,235,230,7,7
626,NYM,BCOLON-R,-140,-121,8,7.5
626,ATL,BNORRIS-R,120,111,8,7.5
626,WAS,TROARK-R,-175,-142,8.5,9.5
626,MIL,JNELSON-R,155,127,8.5,9.5
626,PHI,ANOLA-R,235,200,7,6.5
626,SFO,JCUETO-R,-275,-230,7,6.5
626,ARI,PCORBIN-L,-107,116,12.5,12.5
626,COL,CBETTIS-R,-113,-131,12.5,12.5
626,MIN,TDUFFEY-R,200,175,9.5,9.5
626,NYY,NEOVALDI-R,-230,-195,9.5,9.5
626,CLE,JTOMLIN-R,120,131,8.5,8.5
626,DET,VERLANDER-R,-140,-146,8.5,8.5
626,TAM,DSMYLY-L,115,118,9.5,9
626,BAL,TWILSON-R,-135,-128,9.5,9
626,TOR,MSTROMAN-R,125,101,8.5,9
626,CWS,CSALE-L,-145,-111,8.5,9
626,HOU,DFISTER-R,-135,-105,8.5,8.5
626,KAN,IKENNEDY-R,115,-105,8.5,8.5
626,BOS,CBUCHHOLZ-R,-114,110,10,10.5
626,TEX,MPEREZ-L,-106,-120,10,10.5
626,OAK,SGRAY-R,-115,104,8.5,8.5
626,LAA,HSANTIAGO-L,-105,-114,8.5,8.5
626,STL,JGARCIA-L,-114,106,8.5,8
626,SEA,JPAXTON-L,-106,-116,8.5,8
627,LOS,SKAZMIR-L,-120,100,8.5,8.5
627,PIT,FLIRIANO-L,100,-110,8.5,8.5
627,NYM,SYNDERGARD-R,-114,-115,7,7.5
627,WAS,JROSS-R,-106,105,7,7.5
627,CUB,JARRIETA-R,-240,-290,8,8.5
627,CIN,DSTRAILY-R,200,250,8,8.5
627,PHI,VVELASQEZ-R,120,115,9,8.5
627,ARI,RRAY-L,-140,-130,9,8.5
627,TEX,CGONZALEZ-R,-105,119,9,10
627,NYY,INOVA-R,-115,-129,9,10
627,BOS,ERODRIGUZ-L,-130,-101,8.5,8
627,TAM,BSNELL-L,110,-109,8.5,8
627,HOU,CMCHUGH-R,-130,103,7.5,7.5
627,LAA,MSHOEMAKR-R,110,-113,7.5,7.5
627,CLE,TBAUER-R,-180,-144,8,7.5
627,ATL,JGANT-R,160,129,8,7.5
627,STL,WAINWRIGHT-R,-115,119,8.5,8
627,KAN,DDUFFY-L,-105,-129,8.5,8
627,TOR,MESTRADA-R,-145,-122,12.5,11
627,COL,JGRAY-R,125,112,12.5,11
627,OAK,DMENGDEN-R,160,150,7.5,7.5
627,SFO,SAMARDZIJA-R,-180,-170,7.5,7.5
628,NYM,MHARVEY-R,-113,108,8,8.5
628,WAS,LGIOLITO-R,-107,-118,8,8.5
628,CUB,JLESTER-L,-260,-230,8.5,9
628,CIN,JLAMB-L,220,200,8.5,9
628,LOS,JURIAS-L,-135,-147,9,8.5
628,MIL,CANDERSON-R,115,132,9,8.5
628,PHI,JEICKHOFF-R,185,185,8,7.5
628,ARI,ZGREINKE-R,-215,-215,8,7.5
628,TEX,CHAMELS-L,-115,-122,8.5,8
628,NYY,CSABATHIA-L,-105,112,8.5,8
628,BOS,RPORCELLO-R,-114,-105,7.5,7.5
628,TAM,CARCHER-R,-106,-105,7.5,7.5
628,MIN,KGIBSON-R,145,163,8.5,8
628,CWS,JQUINTANA-L,-165,-183,8.5,8
628,HOU,SFELDMAN-R,-135,-127,8.5,9
628,LAA,TLINCECUM-R,115,117,8.5,9
628,MIA,ACONLEY-L,-113,102,9.5,10
628,DET,MPELFREY-R,-107,-112,9.5,10
628,CLE,CKLUBER-R,-180,-219,7.5,7.5
628,ATL,MWISLER-R,160,189,7.5,7.5
628,STL,MWACHA-R,-105,-107,8.5,8
628,KAN,YVENTURA-R,-115,-103,8.5,8
628,TOR,JHAPP-L,-150,-144,12.5,12.5
628,COL,EBUTLER-R,130,129,12.5,12.5
628,BAL,UJIMENEZ-R,-140,-155,8.5,8.5
628,SDG,EJOHNSON-R,120,140,8.5,8.5
628,PIT,JNIESE-L,120,150,8,8
628,SEA,HIWAKUMA-R,-140,-170,8,8
628,OAK,KGRAVEMAN-R,130,128,8,8
628,SFO,ASUAREZ-R,-150,-143,8,8
629,CUB,KHENDRCKS-R,-215,-182,9,9
629,CIN,CREED-L,185,162,9,9
629,PHI,ZEFLIN-R,135,154,9,9
629,ARI,ABRADLEY-R,-155,-174,9,9
629,NYM,LVERRETT-R,145,245,7.5,8
629,WAS,MSCHERZER-R,-165,-285,7.5,8
629,LOS,BSTEWART-R,-120,101,9,8.5
629,MIL,JGUERRA-R,100,-111,9,8.5
629,BOS,DPRICE-L,-170,-187,7.5,8
629,TAM,MMOORE-L,150,167,7.5,8
629,HOU,DKEUCHEL-L,-150,-140,8.5,9
629,LAA,JWEAVER-R,130,125,8.5,9
629,TEX,NMARTINEZ-R,170,175,8.5,9
629,NYY,MTANAKA-R,-200,-195,8.5,9
629,MIN,RNOLASCO-R,-105,-101,9.5,9
629,CWS,JSHIELDS-R,-115,-109,9.5,9
629,MIA,TKOEHLER-R,110,119,9.5,10
629,DET,DNORRIS-L,-130,-134,9.5,10
629,TOR,ASANCHEZ-R,-145,-116,12.5,12
629,COL,TANDERSON-L,125,106,12.5,12
629,BAL,YGALLARDO-R,-140,-141,8.5,9.5
629,SDG,CFRIEDRCH-L,120,126,8.5,9.5
629,CLE,DSALAZAR-R,-215,-212,8,8
629,ATL,DELACRUZ-R,185,182,8,8
629,KAN,EVOLQUEZ-R,155,153,8.5,8
629,STL,CMARTINEZ-R,-175,-173,8.5,8
629,SFO,JPEAVY-R,-120,118,8.5,8
629,OAK,SMANAEA-L,100,-133,8.5,8
629,PIT,JTAILLON-R,110,118,8.5,8.5
629,SEA,WMILEY-L,-130,-133,8.5,8.5
630,LOS,KMAEDA-R,-140,-142,8,8.5
630,MIL,ZDAVIES-R,120,127,8,8.5
630,CIN,BFINNEGAN-L,170,171,8.5,8.5
630,WAS,GGONZALEZ-L,-190,-201,8.5,8.5
630,CUB,JLACKEY-R,-120,-140,7.5,7.5
630,NYM,SMATZ-L,100,125,7.5,7.5
630,MIA,WCHEN-L,-137,-170,8,8.5
630,ATL,FOLTYNEWCZ-R,117,150,8,8.5
630,TEX,AGRIFFIN-R,110,146,9,9
630,NYY,MPINEDA-R,-130,-161,9,9
630,MIN,TMILONE-L,150,141,9.5,9
630,CWS,CRODON-L,-170,-156,9.5,9
630,CLE,CCARRASCO-R,-114,-122,8.5,8.5
630,TOR,RDICKEY-R,-106,112,8.5,8.5
630,DET,JZIMMERMN-R,-113,102,8,8.5
630,TAM,JODORIZZI-R,-107,-112,8,8.5
630,BAL,CTILLMAN-R,-114,106,8.5,8
630,SEA,TWALKER-R,-106,-116,8.5,8
630,KAN,CYOUNG-R,155,127,9,8.5
630,STL,MLEAKE-R,-175,-142,9,8.5
630,SFO,MBUMGARNR-L,-185,-150,7,7.5
630,OAK,DOVERTON-L,165,135,7,7.5
701,CIN,DESCLAFANI-R,170,160,8.5,8.5
701,WAS,TROARK-R,-200,-180,8.5,8.5
701,CUB,JHAMMEL-R,-114,109,7,7
701,NYM,JDEGROM-R,-106,-119,7,7
701,MIA,JNICOLINO-L,115,117,7.5,8.5
701,ATL,JTEHERAN-R,-135,-127,7.5,8.5
701,MIL,MGARZA-R,150,175,8.5,8.5
701,STL,JGARCIA-L,-170,-195,8.5,8.5
701,SFO,JCUETO-R,-175,-146,8.5,8
701,ARI,SMILLER-R,155,131,8.5,8
701,COL,JDELAROSA-L,130,160,7.5,7.5
701,LOS,BNORRIS-R,-150,-180,7.5,7.5
701,CLE,JTOMLIN-R,-105,125,8.5,9
701,TOR,MSTROMAN-R,-115,-140,8.5,9
701,DET,MFULMER-R,-115,104,8.5,8.5
701,TAM,DSMYLY-L,-105,-114,8.5,8.5
701,LAA,JCHACIN-R,190,175,10,10
701,BOS,SWRIGHT-R,-220,-205,10,10
701,CWS,MGONZALEZ-R,155,175,9,8.5
701,HOU,MFIERS-R,-175,-195,9,8.5
701,TEX,MPEREZ-L,-130,-122,9.5,9.5
701,MIN,ESANTANA-R,110,112,9.5,9.5
701,BAL,KGAUSMAN-R,-112,-113,8.5,8
701,SEA,WLEBLANC-L,-108,103,8.5,8
701,KAN,IKENNEDY-R,-108,-121,8.5,8
701,PHI,JHELICKSN-R,-112,111,8.5,8
701,PIT,JLOCKE-L,125,141,8,8
701,OAK,SGRAY-R,-145,-156,8,8
701,NYY,NEOVALDI-R,-125,-150,8,7.5
701,SDG,CREA-R,105,135,8,7.5
702,MIL,JNELSON-R,150,165,8,8
702,STL,WAINWRIGHT-R,-170,-185,8,8
702,MIA,JFERNANDZ-R,-230,-280,7.5,8
702,ATL,LHARRELL-R,200,240,7.5,8
702,CIN,DSTRAILY-R,185,185,8.5,8.5
702,WAS,JROSS-R,-215,-215,8.5,8.5
702,CUB,JARRIETA-R,-180,-230,7,7.5
702,NYM,BCOLON-R,160,200,7,7.5
702,SFO,SAMARDZIJA-R,-130,-107,8.5,8.5
702,ARI,PCORBIN-L,110,-103,8.5,8.5
702,COL,CBETTIS-R,155,157,8,7.5
702,LOS,SKAZMIR-L,-175,-177,8,7.5
702,CLE,MCALLISTER-R,110,153,9,9
702,TOR,MESTRADA-R,-130,-173,9,9
702,TEX,CGONZALEZ-R,-114,109,9.5,9.5
702,MIN,TDUFFEY-R,-106,-119,9.5,9.5
702,CWS,CSALE-L,-114,-105,8,7.5
702,HOU,DFISTER-R,-106,-105,8,7.5
702,DET,VERLANDER-R,-120,-127,8,8.5
702,TAM,BSNELL-L,100,117,8,8.5
702,LAA,HSANTIAGO-L,150,143,10,10.5
702,BOS,CBUCHHOLZ-R,-170,-158,10,10.5
702,BAL,TWILSON-R,110,130,8.5,8
702,SEA,JPAXTON-L,-130,-145,8.5,8
702,KAN,DDUFFY-L,-135,-153,8,7.5
702,PHI,ANOLA-R,115,138,8,7.5
702,PIT,CKUHL-R,140,141,8,8.5
702,OAK,RHILL-L,-160,-156,8,8.5
702,NYY,INOVA-R,110,129,8,7
702,SDG,DPOMERANZ-L,-130,-144,8,7
703,CUB,JLESTER-L,-120,-107,6.5,6.5
703,NYM,SYNDERGARD-R,100,-103,6.5,6.5
703,CIN,JLAMB-L,250,270,8,8
703,WAS,SSTRASBRG-R,-300,-320,8,8
703,MIL,CANDERSON-R,170,162,8.5,8
703,STL,MWACHA-R,-190,-182,8.5,8
703,SFO,ASUAREZ-R,-105,116,9,8.5
703,ARI,RRAY-L,-115,-126,9,8.5
703,COL,JGRAY-R,120,157,8,7.5
703,LOS,BMCCARTHY-R,-140,-177,8,7.5
703,MIA,ACONLEY-L,-140,-163,8.5,9
703,ATL,MWISLER-R,120,148,8.5,9
703,CLE,CKLUBER-R,-140,-111,8.5,8
703,TOR,JHAPP-L,120,101,8.5,8
703,DET,MPELFREY-R,125,163,8.5,8.5
703,TAM,CARCHER-R,-145,-183,8.5,8.5
703,LAA,MSHOEMAKR-R,100,-104,10,11
703,BOS,SOSULIVAN-R,-120,-106,10,11
703,CWS,JQUINTANA-L,140,105,8.5,7.5
703,HOU,CMCHUGH-R,-160,-115,8.5,7.5
703,TEX,CHAMELS-L,-160,-164,8.5,8.5
703,MIN,KGIBSON-R,140,149,8.5,8.5
703,BAL,UJIMENEZ-R,130,131,9,8.5
703,SEA,HIWAKUMA-R,-150,-146,9,8.5
703,KAN,YVENTURA-R,100,100,7.5,7.5
703,PHI,VVELASQEZ-R,-120,-110,7.5,7.5
703,PIT,FLIRIANO-L,120,128,8.5,8.5
703,OAK,DMENGDEN-R,-140,-143,8.5,8.5
703,NYY,CGREEN-R,-114,-126,9,8
703,SDG,ACASHNER-R,-106,116,9,8
704,MIL,JGUERRA-R,200,220,7,7
704,WAS,MSCHERZER-R,-230,-260,7,7
704,PIT,JNIESE-L,165,165,8.5,8.5
704,STL,CMARTINEZ-R,-185,-185,8.5,8.5
704,CIN,CREED-L,225,200,8.5,8.5
704,CUB,KHENDRCKS-R,-265,-230,8.5,8.5
704,ATL,DELACRUZ-R,135,164,8.5,8
704,PHI,JEICKHOFF-R,-155,-184,8.5,8
704,COL,TANDERSON-L,130,111,8,8
704,SFO,JPEAVY-R,-150,-121,8,8
704,MIA,TKOEHLER-R,140,159,7.5,8.5
704,NYM,MHARVEY-R,-160,-179,7.5,8.5
704,SDG,LPERDOMO-R,140,126,9.5,9.5
704,ARI,ABRADLEY-R,-160,-141,9.5,9.5
704,LAA,NTROPEANO-R,125,111,8,8.5
704,TAM,MMOORE-L,-145,-121,8,8.5
704,TEX,NMARTINEZ-R,140,190,10.5,11.5
704,BOS,RPORCELLO-R,-160,-220,10.5,11.5
704,SEA,WMILEY-L,140,128,8.5,8.5
704,HOU,LMcCULLRS-R,-160,-143,8.5,8.5
704,OAK,KGRAVEMAN-R,-114,102,9.5,10.5
704,MIN,RNOLASCO-R,-106,-112,9.5,10.5
704,NYY,CSABATHIA-L,-130,-120,9.5,10
704,CWS,JSHIELDS-R,110,110,9.5,10
704,KAN,EVOLQUEZ-R,160,172,9,8.5
704,TOR,ASANCHEZ-R,-180,-202,9,8.5
704,DET,DNORRIS-L,155,175,8,8.5
704,CLE,DSALAZAR-R,-175,-195,8,8.5
704,BAL,YGALLARDO-R,130,155,8,8
704,LOS,JURIAS-L,-150,-175,8,8
705,CIN,BFINNEGAN-L,200,275,9,9.5
705,CUB,JLACKEY-R,-240,-325,9,9.5
705,ATL,FOLTYNEWCZ-R,110,-109,8.5,9
705,PHI,ZEFLIN-R,-130,-101,8.5,9
705,MIL,ZDAVIES-R,150,150,8.5,8.5
705,WAS,GGONZALEZ-L,-170,-170,8.5,8.5
705,MIA,WCHEN-L,120,132,8.5,7.5
705,NYM,SMATZ-L,-140,-147,8.5,7.5
705,PIT,SBRAULT-L,120,125,8.5,9
705,STL,MLEAKE-R,-140,-140,8.5,9
705,SDG,CFRIEDRCH-L,120,138,9.5,10
705,ARI,ZGODLEY-R,-140,-153,9.5,10
705,COL,TCHATWOOD-R,190,185,6.5,7
705,SFO,MBUMGARNR-L,-220,-215,6.5,7
705,KAN,CYOUNG-R,155,135,9.5,9.5
705,TOR,RDICKEY-R,-175,-150,9.5,9.5
705,DET,ASANCHEZ-R,150,170,8,8.5
705,CLE,CCARRASCO-R,-170,-190,8,8.5
705,LAA,TLINCECUM-R,140,167,8.5,8.5
705,TAM,JODORIZZI-R,-160,-187,8.5,8.5
705,TEX,AGRIFFIN-R,150,185,9,9.5
705,BOS,DPRICE-L,-170,-215,9,9.5
705,SEA,TWALKER-R,130,127,8,7.5
705,HOU,DKEUCHEL-L,-150,-142,8,7.5
705,OAK,SMANAEA-L,-120,-120,9.5,10
705,MIN,TMILONE-L,100,110,9.5,10
705,NYY,MTANAKA-R,-140,-118,8.5,8
705,CWS,CRODON-L,120,108,8.5,8
705,BAL,CTILLMAN-R,130,127,7.5,7.5
705,LOS,KMAEDA-R,-150,-142,7.5,7.5
706,ATL,TJENKINS-R,-114,160,7.5,9
706,PHI,JHELICKSN-R,-106,-180,7.5,9
706,MIA,JNICOLINO-L,160,205,7.5,8
706,NYM,JDEGROM-R,-180,-245,7.5,8
706,CIN,DESCLAFANI-R,160,164,11,10.5
706,CUB,AWARREN-R,-180,-184,11,10.5
706,MIL,MGARZA-R,160,200,8.5,9.5
706,WAS,TROARK-R,-180,-230,8.5,9.5
706,PIT,JLOCKE-L,140,155,8,8.5
706,STL,JGARCIA-L,-160,-175,8,8.5
706,SDG,CREA-R,110,103,9.5,9.5
706,ARI,SMILLER-R,-130,-113,9.5,9.5
706,COL,JDELAROSA-L,200,175,7,7
706,SFO,JCUETO-R,-230,-205,7,7
706,DET,MFULMER-R,110,106,8.5,9
706,CLE,JTOMLIN-R,-130,-116,8.5,9
706,OAK,SGRAY-R,-114,-103,9,9
706,MIN,ESANTANA-R,-106,-107,9,9
706,KAN,IKENNEDY-R,160,155,9,8.5
706,TOR,MSTROMAN-R,-180,-175,9,8.5
706,LAA,JWEAVER-R,130,135,8.5,9
706,TAM,DSMYLY-L,-150,-150,8.5,9
706,TEX,MPEREZ-L,165,175,10.5,10.5
706,BOS,SWRIGHT-R,-185,-195,10.5,10.5
706,SEA,WLEBLANC-L,145,138,8.5,9
706,HOU,MFIERS-R,-165,-153,8.5,9
706,NYY,MPINEDA-R,-125,-170,9,8.5
706,CWS,MGONZALEZ-R,105,150,9,8.5
706,BAL,KGAUSMAN-R,130,-101,7.5,7.5
706,LOS,BNORRIS-R,-150,-109,7.5,7.5
707,PIT,TGLASNOW-R,140,117,8,8.5
707,STL,WAINWRIGHT-R,-160,-132,8,8.5
707,WAS,LGIOLITO-R,-105,-116,7.5,9
707,NYM,BCOLON-R,-115,106,7.5,9
707,PHI,AMORGAN-L,150,150,12,12.5
707,COL,CBETTIS-R,-170,-170,12,12.5
707,SDG,DPOMERANZ-L,140,133,7,7.5
707,LOS,HRYU-L,-160,-148,7,7.5
707,LAA,HSANTIAGO-L,-105,-101,9,8.5
707,TAM,BSNELL-L,-115,-109,9,8.5
707,DET,VERLANDER-R,100,115,9.5,9.5
707,TOR,DHUTCHSON-R,-120,-125,9.5,9.5
707,NYY,INOVA-R,140,128,8.5,9
707,CLE,TBAUER-R,-160,-143,8.5,9
707,MIN,TDUFFEY-R,110,108,10.5,11
707,TEX,CGONZALEZ-R,-130,-118,10.5,11
707,OAK,RHILL-L,110,108,8,8.5
707,HOU,DFISTER-R,-130,-118,8,8.5
707,SEA,JPAXTON-L,110,119,8.5,8.5
707,KAN,DDUFFY-L,-130,-134,8.5,8.5
707,ATL,LHARRELL-R,235,230,9.5,9.5
707,CUB,JHAMMEL-R,-275,-270,9.5,9.5
708,CUB,JARRIETA-R,-180,-207,7.5,8
708,PIT,FLIRIANO-L,160,177,7.5,8
708,CIN,DSTRAILY-R,230,235,7,7
708,MIA,JFERNANDZ-R,-270,-275,7,7
708,WAS,SSTRASBRG-R,-115,100,6.5,7
708,NYM,SYNDERGARD-R,-105,-110,6.5,7
708,PHI,VVELASQEZ-R,110,137,11,11
708,COL,JGRAY-R,-130,-152,11,11
708,STL,MWACHA-R,-135,-124,8.5,9
708,MIL,JNELSON-R,115,114,8.5,9
708,SDG,ACASHNER-R,165,165,8,8
708,LOS,SKAZMIR-L,-185,-185,8,8
708,ARI,PCORBIN-L,140,130,7.5,7.5
708,SFO,SAMARDZIJA-R,-160,-145,7.5,7.5
708,LAA,MSHOEMAKR-R,105,-103,9.5,10
708,BAL,UJIMENEZ-R,-125,-107,9.5,10
708,DET,MPELFREY-R,150,175,10,10.5
708,TOR,JHAPP-L,-170,-195,10,10.5
708,TAM,CARCHER-R,-112,-103,10,10.5
708,BOS,SOSULIVAN-R,-108,-107,10,10.5
708,NYY,CGREEN-R,165,150,8,8
708,CLE,CKLUBER-R,-185,-170,8,8
708,MIN,KGIBSON-R,190,175,9.5,9
708,TEX,CHAMELS-L,-220,-195,9.5,9
708,OAK,DMENGDEN-R,125,153,8.5,8.5
708,HOU,CMCHUGH-R,-145,-173,8.5,8.5
708,SEA,HIWAKUMA-R,-105,-113,8.5,8.5
708,KAN,YVENTURA-R,-115,103,8.5,8.5
708,ATL,MWISLER-R,250,250,8,8
708,CWS,CSALE-L,-300,-290,8,8
709,STL,CMARTINEZ-R,-154,-141,9,9
709,MIL,CANDERSON-R,134,126,9,9
709,ARI,RRAY-L,133,125,8,7.5
709,SFO,JPEAVY-R,-153,-140,8,7.5
709,CIN,JLAMB-L,170,151,9,9
709,MIA,ACONLEY-L,-200,-166,9,9
709,CUB,JLESTER-L,-156,-170,8,9
709,PIT,CKUHL-R,136,150,8,9
709,WAS,MSCHERZER-R,-175,-210,7.5,8
709,NYM,LVERRETT-R,155,180,7.5,8
709,SDG,LPERDOMO-R,200,209,8,8.5
709,LOS,BMCCARTHY-R,-230,-239,8,8.5
709,PHI,JEICKHOFF-R,120,145,11.5,11.5
709,COL,TANDERSON-L,-140,-160,11.5,11.5
709,DET,MBOYD-L,185,220,10,10
709,TOR,ASANCHEZ-R,-215,-260,10,10
709,LAA,NTROPEANO-R,114,112,10,10.5
709,BAL,YGALLARDO-R,-134,-122,10,10.5
709,TAM,MMOORE-L,141,167,10.5,10
709,BOS,RPORCELLO-R,-161,-187,10.5,10
709,NYY,CSABATHIA-L,136,154,8.5,7.5
709,CLE,DSALAZAR-R,-156,-169,8.5,7.5
709,OAK,KGRAVEMAN-R,175,180,8.5,8
709,HOU,LMcCULLRS-R,-195,-210,8.5,8
709,SEA,WMILEY-L,104,-117,8.5,9.5
709,KAN,EVOLQUEZ-R,-124,107,8.5,9.5
709,MIN,RNOLASCO-R,-105,144,11.5,10.5
709,TEX,KLOHSE-R,-115,-159,11.5,10.5
709,ATL,JTEHERAN-R,136,164,7.5,7.5
709,CWS,JQUINTANA-L,-156,-184,7.5,7.5
710,WAS,GGONZALEZ-L,100,-113,8,8
710,NYM,SMATZ-L,-120,103,8,8
710,CIN,CREED-L,160,124,9,9
710,MIA,TKOEHLER-R,-180,-139,9,9
710,CUB,JLACKEY-R,-155,-152,8.5,9
710,PIT,JNIESE-L,135,137,8.5,9
710,STL,MLEAKE-R,-105,125,8.5,8.5
710,MIL,JGUERRA-R,-115,-140,8.5,8.5
710,PHI,ZEFLIN-R,155,175,11.5,13.5
710,COL,TCHATWOOD-R,-175,-205,11.5,13.5
710,SDG,CFRIEDRCH-L,180,200,8.5,8
710,LOS,KMAEDA-R,-210,-230,8.5,8
710,ARI,ABRADLEY-R,200,215,7,7.5
710,SFO,MBUMGARNR-L,-240,-255,7,7.5
710,DET,ASANCHEZ-R,155,125,10.5,10
710,TOR,RDICKEY-R,-175,-140,10.5,10
710,NYY,MTANAKA-R,100,126,7.5,7.5
710,CLE,CCARRASCO-R,-120,-141,7.5,7.5
710,TAM,JODORIZZI-R,200,200,9.5,8.5
710,BOS,DPRICE-L,-230,-230,9.5,8.5
710,LAA,TLINCECUM-R,180,170,10,10.5
710,BAL,CTILLMAN-R,-210,-200,10,10.5
710,OAK,SMANAEA-L,170,175,8.5,8.5
710,HOU,DKEUCHEL-L,-190,-195,8.5,8.5
710,SEA,MONTGOMERY-L,-109,-122,9,10
710,KAN,DGEE-R,-111,112,9,10
710,MIN,TMILONE-L,160,148,10.5,10.5
710,TEX,AGRIFFIN-R,-180,-163,10.5,10.5
710,ATL,FOLTYNEWCZ-R,150,148,9.5,9.5
710,CWS,JSHIELDS-R,-170,-163,9.5,9.5
715,NYM,BCOLON-R,-124,-115,9,8.5
715,PHI,JHELICKSN-R,104,105,9,8.5
715,PIT,FLIRIANO-L,175,180,7.5,8
715,WAS,SSTRASBRG-R,-195,-210,7.5,8
715,MIL,MGARZA-R,128,140,9,9
715,CIN,DESCLAFANI-R,-148,-155,9,9
715,COL,JDELAROSA-L,-119,-106,8.5,8
715,ATL,LHARRELL-R,-101,-104,8.5,8
715,MIA,WCHEN-L,117,117,8,8
715,STL,JGARCIA-L,-137,-127,8,8
715,LOS,BNORRIS-R,-121,-134,9,9
715,ARI,PCORBIN-L,101,119,9,9
715,SFO,MBUMGARNR-L,-186,-220,7.5,7.5
715,SDG,ACASHNER-R,166,190,7.5,7.5
715,BOS,SWRIGHT-R,-103,132,9,9
715,NYY,MPINEDA-R,-117,-147,9,9
715,BAL,YGALLARDO-R,106,118,8.5,8.5
715,TAM,CARCHER-R,-126,-128,8.5,8.5
715,KAN,IKENNEDY-R,120,126,8.5,8.5
715,DET,VERLANDER-R,-140,-141,8.5,8.5
715,CLE,CCARRASCO-R,-145,-153,8.5,8.5
715,MIN,ESANTANA-R,125,138,8.5,8.5
715,CWS,MGONZALEZ-R,110,117,8,8
715,LAA,HSANTIAGO-L,-130,-132,8,8
715,TOR,MSTROMAN-R,-133,-150,8.5,8
715,OAK,DMENGDEN-R,113,135,8.5,8
715,HOU,DFISTER-R,111,107,8,8
715,SEA,JPAXTON-L,-131,-117,8,8
715,TEX,MPEREZ-L,170,170,8,8.5
715,CUB,KHENDRCKS-R,-190,-200,8,8.5
716,NYM,LVERRETT-R,-112,111,9,8.5
716,PHI,JEICKHOFF-R,-108,-121,9,8.5
716,PIT,GCOLE-R,100,114,8,8
716,WAS,TROARK-R,-120,-124,8,8
716,MIL,JNELSON-R,-111,-108,9.5,9.5
716,CIN,JLAMB-L,-109,-102,9.5,9.5
716,COL,CBETTIS-R,-114,-120,8.5,8
716,ATL,FOLTYNEWCZ-R,-106,110,8.5,8
716,MIA,TKOEHLER-R,145,175,8,8
716,STL,WAINWRIGHT-R,-165,-195,8,8
716,LOS,BMCCARTHY-R,-155,-170,9,9
716,ARI,ABRADLEY-R,135,150,9,9
716,SFO,SAMARDZIJA-R,-170,-158,8,8.5
716,SDG,LPERDOMO-R,150,143,8,8.5
716,TOR,RDICKEY-R,-115,-116,8.5,8.5
716,OAK,SGRAY-R,-105,106,8.5,8.5
716,BOS,ERODRIGUZ-L,110,115,9.5,10
716,NYY,CSABATHIA-L,-130,-125,9.5,10
716,HOU,LMcCULLRS-R,-110,-124,8,7.5
716,SEA,HIWAKUMA-R,-110,114,8,7.5
716,BAL,CTILLMAN-R,-135,-123,8.5,8
716,TAM,MMOORE-L,115,113,8.5,8
716,CLE,TBAUER-R,-130,-144,8.5,9
716,MIN,TDUFFEY-R,110,129,8.5,9
716,KAN,DDUFFY-L,-115,-145,9,9
716,DET,MPELFREY-R,-105,130,9,9
716,CWS,JSHIELDS-R,120,151,8.5,8.5
716,LAA,MSHOEMAKR-R,-140,-171,8.5,8.5
716,TEX,YDARVISH-R,120,110,8.5,7.5
716,CUB,JHAMMEL-R,-140,-120,8.5,7.5
717,MIL,ZDAVIES-R,100,-122,9,9
717,CIN,DSTRAILY-R,-120,112,9,9
717,PIT,CKUHL-R,205,220,8,7.5
717,WAS,MSCHERZER-R,-245,-260,8,7.5
717,NYM,JDEGROM-R,-165,-178,8,8
717,PHI,ZEFLIN-R,145,158,8,8
717,COL,JGRAY-R,100,-104,7.5,7
717,ATL,JTEHERAN-R,-120,-106,7.5,7
717,MIA,ACONLEY-L,125,130,8.5,8
717,STL,MWACHA-R,-145,-145,8.5,8
717,LOS,KMAEDA-R,-165,-148,9,7.5
717,ARI,RRAY-L,145,133,9,7.5
717,SFO,JCUETO-R,-215,-240,7.5,8.5
717,SDG,EJACKSON-R,185,200,7.5,8.5
717,KAN,YVENTURA-R,125,133,8.5,8.5
717,DET,MFULMER-R,-145,-148,8.5,8.5
717,BAL,DBUNDY-R,-115,-113,8.5,8
717,TAM,JODORIZZI-R,-105,103,8.5,8
717,CLE,JTOMLIN-R,-135,-141,9,9.5
717,MIN,KGIBSON-R,115,126,9,9.5
717,CWS,JTURNER-R,125,117,9,9.5
717,LAA,JWEAVER-R,-145,-127,9,9.5
717,TOR,JHAPP-L,100,-116,8.5,8
717,OAK,RHILL-L,-120,106,8.5,8
717,HOU,CMCHUGH-R,-105,-109,8,8
717,SEA,MONTGOMERY-L,-115,-101,8,8
717,BOS,DPRICE-L,-107,-117,8,7.5
717,NYY,MTANAKA-R,-113,107,8,7.5
717,TEX,CHAMELS-L,120,118,10,9
717,CUB,JLACKEY-R,-140,-133,10,9
718,MIA,JFERNANDZ-R,-210,-181,7.5,7
718,PHI,ANOLA-R,180,161,7.5,7
718,ATL,MWISLER-R,125,133,9,9
718,CIN,BFINNEGAN-L,-145,-148,9,9
718,NYM,SMATZ-L,145,130,7.5,8
718,CUB,JLESTER-L,-165,-145,7.5,8
718,SDG,CFRIEDRCH-L,155,175,8.5,9.5
718,STL,MLEAKE-R,-175,-195,8.5,9.5
718,BAL,KGAUSMAN-R,-115,103,9.5,9
718,NYY,INOVA-R,-105,-113,9.5,9
718,MIN,RNOLASCO-R,115,129,10,10
718,DET,MBOYD-L,-135,-144,10,10
718,CLE,CKLUBER-R,-135,-152,8,8
718,KAN,EVOLQUEZ-R,115,137,8,8
718,HOU,MFIERS-R,-130,-128,8.5,8.5
718,OAK,KGRAVEMAN-R,110,118,8.5,8.5
718,TEX,AGRIFFIN-R,110,105,8.5,8
718,LAA,NTROPEANO-R,-130,-115,8.5,8
718,CWS,CSALE-L,-145,-134,7.5,7.5
718,SEA,WLEBLANC-L,125,119,7.5,7.5
718,TAM,DSMYLY-L,120,119,12,11
718,COL,TANDERSON-L,-140,-129,12,11
719,MIA,JURENA-R,120,117,8,8.5
719,PHI,VVELASQEZ-R,-140,-132,8,8.5
719,MIL,JGUERRA-R,110,143,8,8
719,PIT,JTAILLON-R,-130,-158,8,8
719,LOS,SKAZMIR-L,100,-121,8.5,8.5
719,WAS,RLOPEZ-R,-120,111,8.5,8.5
719,ATL,TJENKINS-R,120,170,9,9
719,CIN,CREED-L,-140,-190,9,9
719,NYM,SYNDERGARD-R,140,146,7,6.5
719,CUB,JARRIETA-R,-160,-161,7,6.5
719,BAL,VWORLEY-R,-105,127,9.5,9
719,NYY,NEOVALDI-R,-115,-142,9.5,9
719,MIN,TMILONE-L,130,129,10,9.5
719,DET,ASANCHEZ-R,-150,-144,10,9.5
719,CLE,DSALAZAR-R,-160,-126,8.5,7.5
719,KAN,BFLYNN-L,140,116,8.5,7.5
719,HOU,DKEUCHEL-L,-155,-182,8,8.5
719,OAK,DOVERTON-L,135,162,8,8.5
719,TEX,KLOHSE-R,105,110,9,10
719,LAA,TLINCECUM-R,-125,-120,9,10
719,CWS,JQUINTANA-L,-115,-110,8,7.5
719,SEA,WMILEY-L,-105,100,8,7.5
719,SFO,JPEAVY-R,140,151,10.5,10
719,BOS,RPORCELLO-R,-160,-171,10.5,10
719,TAM,BSNELL-L,135,114,12,12
719,COL,TCHATWOOD-R,-155,-124,12,12
719,TOR,ASANCHEZ-R,-180,-173,9.5,9
719,ARI,ZGODLEY-R,160,153,9.5,9
720,ATL,LHARRELL-R,170,161,9,9
720,CIN,DESCLAFANI-R,-190,-181,9,9
720,NYM,BCOLON-R,150,180,9,9.5
720,CUB,KHENDRCKS-R,-170,-210,9,9.5
720,MIL,CANDERSON-R,145,138,8.5,9
720,PIT,JLOCKE-L,-165,-153,8.5,9
720,MIA,WCHEN-L,-130,-144,8,8.5
720,PHI,JHELICKSN-R,110,129,8,8.5
720,LOS,BNORRIS-R,130,119,9,8.5
720,WAS,GGONZALEZ-L,-150,-129,9,8.5
720,SDG,PCLEMENS-R,165,163,8.5,8.5
720,STL,JGARCIA-L,-185,-183,8.5,8.5
720,MIN,ESANTANA-R,160,150,9,8.5
720,DET,VERLANDER-R,-180,-170,9,8.5
720,CLE,CCARRASCO-R,-140,-132,8.5,8
720,KAN,IKENNEDY-R,120,117,8.5,8
720,HOU,DFISTER-R,-135,-115,8.5,8.5
720,OAK,DMENGDEN-R,115,105,8.5,8.5
720,CWS,MGONZALEZ-R,165,162,8,8
720,SEA,FHERNANDZ-R,-185,-182,8,8
720,BAL,YGALLARDO-R,120,200,9.5,8.5
720,NYY,MPINEDA-R,-140,-230,9.5,8.5
720,TEX,MPEREZ-L,120,132,8.5,9
720,LAA,HSANTIAGO-L,-140,-147,8.5,9
720,TAM,CARCHER-R,105,-119,11.5,12
720,COL,JDELAROSA-L,-125,109,11.5,12
720,TOR,MSTROMAN-R,-165,-171,9.5,9
720,ARI,PCORBIN-L,145,151,9.5,9
720,SFO,MCAIN-R,165,205,10.5,10
720,BOS,DPOMERANZ-L,-185,-245,10.5,10
721,LOS,JURIAS-L,175,163,8,7
721,WAS,SSTRASBRG-R,-205,-183,8,7
721,MIA,TKOEHLER-R,-113,113,8.5,8
721,PHI,JEICKHOFF-R,-107,-123,8.5,8
721,MIL,MGARZA-R,155,150,8.5,9.5
721,PIT,FLIRIANO-L,-175,-170,8.5,9.5
721,SDG,ACASHNER-R,200,180,8.5,8.5
721,STL,WAINWRIGHT-R,-230,-210,8.5,8.5
721,ATL,FOLTYNEWCZ-R,145,142,12,12
721,COL,CBETTIS-R,-165,-157,12,12
721,BAL,CTILLMAN-R,-115,113,9,8.5
721,NYY,CSABATHIA-L,-105,-123,9,8.5
721,MIN,TDUFFEY-R,200,191,10,10
721,BOS,SWRIGHT-R,-230,-221,10,10
721,DET,MPELFREY-R,120,118,10,10.5
721,CWS,JSHIELDS-R,-140,-133,10,10.5
721,TAM,MMOORE-L,125,125,8,8
721,OAK,SGRAY-R,-145,-140,8,8
722,PHI,ZEFLIN-R,185,230,8,8.5
722,PIT,GCOLE-R,-215,-270,8,8.5
722,SDG,LPERDOMO-R,205,191,9,9
722,WAS,TROARK-R,-235,-221,9,9
722,ARI,ABRADLEY-R,100,105,9.5,9.5
722,CIN,DSTRAILY-R,-120,-115,9.5,9.5
722,NYM,LVERRETT-R,115,129,8.5,8
722,MIA,ACONLEY-L,-135,-144,8.5,8
722,CUB,JHAMMEL-R,-170,-155,8.5,9.5
722,MIL,JNELSON-R,150,140,8.5,9.5
722,LOS,BMCCARTHY-R,-113,-140,8.5,8
722,STL,MWACHA-R,-107,125,8.5,8
722,ATL,JTEHERAN-R,115,160,11,10.5
722,COL,JGRAY-R,-135,-180,11,10.5
722,CLE,TBAUER-R,-114,-101,9,9.5
722,BAL,DBUNDY-R,-106,-109,9,9.5
722,SEA,JPAXTON-L,140,126,9,9.5
722,TOR,MESTRADA-R,-160,-141,9,9.5
722,MIN,KGIBSON-R,160,142,10.5,11
722,BOS,ERODRIGUZ-L,-180,-157,10.5,11
722,DET,MFULMER-R,-150,-143,9.5,9.5
722,CWS,JTURNER-R,130,128,9.5,9.5
722,LAA,MSHOEMAKR-R,125,125,8,7.5
722,HOU,LMcCULLRS-R,-145,-140,8,7.5
722,TEX,YDARVISH-R,-105,115,8,7.5
722,KAN,DDUFFY-L,-115,-125,8,7.5
722,TAM,JODORIZZI-R,110,-125,8,8
722,OAK,SMANAEA-L,-130,115,8,8
722,SFO,MBUMGARNR-L,-130,-114,8,7.5
722,NYY,MTANAKA-R,110,104,8,7.5
723,PHI,ANOLA-R,155,152,8.5,8
723,PIT,TGLASNOW-R,-175,-172,8.5,8
723,SDG,EJACKSON-R,250,308,7.5,9
723,WAS,MSCHERZER-R,-290,-368,7.5,9
723,ARI,RRAY-L,-113,-125,9.5,9.5
723,CIN,KSAMPSON-R,-107,115,9.5,9.5
723,CUB,JLACKEY-R,-160,-147,8.5,8.5
723,MIL,ZDAVIES-R,140,132,8.5,8.5
723,NYM,JDEGROM-R,130,150,6.5,6
723,MIA,JFERNANDZ-R,-150,-170,6.5,6
723,LOS,KMAEDA-R,-113,-139,8,7.5
723,STL,MLEAKE-R,-107,124,8,7.5
723,ATL,MWISLER-R,155,190,11.5,12
723,COL,TANDERSON-L,-175,-220,11.5,12
723,SEA,HIWAKUMA-R,130,111,9.5,9.5
723,TOR,RDICKEY-R,-150,-121,9.5,9.5
723,CLE,JTOMLIN-R,-103,125,9,9
723,BAL,KGAUSMAN-R,-117,-140,9,9
723,LAA,JWEAVER-R,155,170,9,9
723,HOU,CMCHUGH-R,-175,-200,9,9
723,DET,MBOYD-L,170,103,8.5,9.5
723,CWS,MALBERS-R,-200,-113,8.5,9.5
723,MIN,RNOLASCO-R,230,200,9.5,9.5
723,BOS,DPRICE-L,-270,-230,9.5,9.5
723,TEX,CHAMELS-L,-128,-124,7.5,9
723,KAN,YVENTURA-R,108,114,7.5,9
723,TAM,DSMYLY-L,-105,-123,8.5,8.5
723,OAK,KGRAVEMAN-R,-115,113,8.5,8.5
723,SFO,JCUETO-R,-105,-117,9,9
723,NYY,INOVA-R,-115,107,9,9
724,ARI,ZGODLEY-R,110,-118,9.5,10.5
724,CIN,BFINNEGAN-L,-130,108,9.5,10.5
724,NYM,SMATZ-L,-120,-113,8.5,8.5
724,MIA,JURENA-R,100,103,8.5,8.5
724,PHI,VVELASQEZ-R,130,133,8,8
724,PIT,JTAILLON-R,-150,-148,8,8
724,SDG,CFRIEDRCH-L,170,165,9,9.5
724,WAS,LGIOLITO-R,-200,-185,9,9.5
724,CUB,JLESTER-L,-160,-151,8.5,8
724,MIL,JGUERRA-R,140,136,8.5,8
724,LOS,SKAZMIR-L,-130,-146,9,9
724,STL,MMAYERS-R,110,131,9,9
724,ATL,TJENKINS-R,165,200,12,12.5
724,COL,TCHATWOOD-R,-185,-230,12,12.5
724,SEA,WMILEY-L,135,153,9.5,9.5
724,TOR,JHAPP-L,-155,-173,9.5,9.5
724,MIN,TMILONE-L,200,155,10,10
724,BOS,RPORCELLO-R,-230,-175,10,10
724,CLE,CKLUBER-R,-135,-145,8.5,9
724,BAL,VWORLEY-R,115,130,8.5,9
724,DET,ASANCHEZ-R,130,132,9,9
724,CWS,JQUINTANA-L,-150,-147,9,9
724,LAA,TLINCECUM-R,170,144,9.5,9.5
724,HOU,MFIERS-R,-200,-159,9.5,9.5
724,TEX,AGRIFFIN-R,105,106,9,9
724,KAN,EVOLQUEZ-R,-125,-116,9,9
724,TAM,BSNELL-L,-115,-129,8.5,9
724,OAK,JHAHN-R,-105,119,8.5,9
724,SFO,SAMARDZIJA-R,120,127,8.5,9.5
724,NYY,NEOVALDI-R,-140,-142,8.5,9.5
725,PHI,JHELICKSN-R,120,130,8.5,7.5
725,MIA,JCOSART-R,-140,-145,8.5,7.5
725,ARI,BSHIPLEY-R,110,110,9.5,9.5
725,MIL,CANDERSON-R,-130,-120,9.5,9.5
725,CIN,DESCLAFANI-R,130,114,8,7.5
725,SFO,JPEAVY-R,-150,-124,8,7.5
725,DET,VERLANDER-R,125,117,10,10
725,BOS,DPOMERANZ-L,-145,-132,10,10
725,OAK,DMENGDEN-R,125,114,10.5,10
725,TEX,MPEREZ-L,-145,-124,10.5,10
725,NYY,MPINEDA-R,135,135,8,7
725,HOU,DKEUCHEL-L,-155,-150,8,7
725,LAA,HSANTIAGO-L,100,109,8.5,9
725,KAN,IKENNEDY-R,-120,-119,8.5,9
725,COL,JDELAROSA-L,135,147,9.5,10.5
725,BAL,YGALLARDO-R,-155,-162,9.5,10.5
725,SDG,CREA-R,205,225,9.5,10
725,TOR,ASANCHEZ-R,-235,-265,9.5,10
725,CUB,JARRIETA-R,-200,-221,8.5,9
725,CWS,MGONZALEZ-R,170,191,8.5,9
726,STL,JGARCIA-L,-105,105,7.5,8
726,NYM,BCOLON-R,-115,-115,7.5,8
726,PHI,JEICKHOFF-R,140,118,8,7.5
726,MIA,TKOEHLER-R,-160,-133,8,7.5
726,ARI,PCORBIN-L,105,107,9.5,9
726,MIL,MGARZA-R,-125,-117,9.5,9
726,CIN,CREED-L,130,114,8,8
726,SFO,MCAIN-R,-150,-124,8,8
726,DET,MPELFREY-R,170,205,11,11
726,BOS,SWRIGHT-R,-200,-235,11,11
726,OAK,SGRAY-R,-113,-109,10,11
726,TEX,NMARTINEZ-R,-107,-101,10,11
726,NYY,CSABATHIA-L,130,134,8.5,8.5
726,HOU,DFISTER-R,-150,-149,8.5,8.5
726,LAA,TSKAGGS-L,-112,-120,9,9
726,KAN,DGEE-R,-108,110,9,9
726,SEA,FHERNANDZ-R,-113,126,8,7.5
726,PIT,FLIRIANO-L,-107,-141,8,7.5
726,COL,CBETTIS-R,200,161,9,9.5
726,BAL,CTILLMAN-R,-230,-181,9,9.5
726,SDG,ACASHNER-R,200,235,9.5,9.5
726,TOR,MSTROMAN-R,-230,-275,9.5,9.5
726,WAS,GGONZALEZ-L,120,130,8.5,8
726,CLE,DSALAZAR-R,-140,-145,8.5,8
726,ATL,LHARRELL-R,165,175,9,9.5
726,MIN,ESANTANA-R,-185,-205,9,9.5
726,CUB,KHENDRCKS-R,-160,-200,9.5,9
726,CWS,JSHIELDS-R,140,170,9.5,9
726,TAM,CARCHER-R,105,119,7.5,7.5
726,LOS,BNORRIS-R,-125,-129,7.5,7.5
727,PHI,ZEFLIN-R,140,160,8,7
727,MIA,ACONLEY-L,-160,-180,8,7
727,CIN,DSTRAILY-R,200,220,7.5,7
727,SFO,MBUMGARNR-L,-230,-260,7.5,7
727,STL,WAINWRIGHT-R,-135,-133,8,9
727,NYM,LVERRETT-R,115,118,8,9
727,ARI,ABRADLEY-R,120,125,9.5,9
727,MIL,JNELSON-R,-140,-140,9.5,9
727,DET,MFULMER-R,100,115,10.5,10.5
727,BOS,ERODRIGUZ-L,-120,-125,10.5,10.5
727,OAK,SMANAEA-L,150,155,9.5,8.5
727,TEX,YDARVISH-R,-170,-175,9.5,8.5
727,NYY,MTANAKA-R,110,116,7.5,7
727,HOU,LMcCULLRS-R,-130,-126,7.5,7
727,LAA,MSHOEMAKR-R,115,114,8.5,7.5
727,KAN,DDUFFY-L,-135,-124,8.5,7.5
727,WAS,SSTRASBRG-R,-114,109,7.5,7.5
727,CLE,CCARRASCO-R,-106,-119,7.5,7.5
727,SDG,LPERDOMO-R,220,173,10,9.5
727,TOR,RDICKEY-R,-260,-193,10,9.5
727,TAM,MMOORE-L,155,149,8,8
727,LOS,BMCCARTHY-R,-175,-164,8,8
727,SEA,JPAXTON-L,135,130,8,8.5
727,PIT,GCOLE-R,-155,-145,8,8.5
727,COL,JGRAY-R,125,138,9.5,9
727,BAL,DBUNDY-R,-145,-153,9.5,9
727,CWS,ARANAUDO-R,200,250,9,9
727,CUB,JHAMMEL-R,-230,-290,9,9
727,ATL,FOLTYNEWCZ-R,140,145,9,8
727,MIN,TDUFFEY-R,-160,-160,9,8
728,COL,TANDERSON-L,180,140,7,6.5
728,NYM,JDEGROM-R,-210,-155,7,6.5
728,ARI,RRAY-L,115,116,9,7.5
728,MIL,ZDAVIES-R,-135,-131,9,7.5
728,PHI,ANOLA-R,-125,-120,8,8
728,ATL,MWISLER-R,105,110,8,8
728,STL,MWACHA-R,165,200,7,6.5
728,MIA,JFERNANDZ-R,-185,-240,7,6.5
728,WAS,TROARK-R,119,134,7,7
728,SFO,JCUETO-R,-139,-149,7,7
728,KAN,YVENTURA-R,150,156,9,9
728,TEX,CHAMELS-L,-170,-176,9,9
728,BOS,DPRICE-L,-185,-177,8.5,9
728,LAA,JWEAVER-R,165,157,8.5,9
728,CWS,CSALE-L,100,130,6.5,7
728,CUB,JLACKEY-R,-120,-145,6.5,7
728,BAL,UJIMENEZ-R,105,-120,9.5,9
728,MIN,KGIBSON-R,-125,110,9.5,9
729,STL,MLEAKE-R,100,-111,8.5,7.5
729,MIA,JURENA-R,-120,101,8.5,7.5
729,COL,TCHATWOOD-R,140,165,7,8
729,NYM,SMATZ-L,-160,-185,7,8
729,PHI,VVELASQEZ-R,-140,-158,8,8.5
729,ATL,TJENKINS-R,120,143,8,8.5
729,PIT,SBRAULT-L,-112,-130,8.5,8.5
729,MIL,JGUERRA-R,-108,115,8.5,8.5
729,ARI,ZGODLEY-R,170,205,7.5,8
729,LOS,KMAEDA-R,-200,-235,7.5,8
729,WAS,MSCHERZER-R,-150,-160,7,7
729,SFO,SAMARDZIJA-R,130,145,7,7
729,CIN,BFINNEGAN-L,100,108,8.5,9.5
729,SDG,EJACKSON-R,-120,-118,8.5,9.5
729,BAL,KGAUSMAN-R,115,130,9.5,9
729,TOR,MESTRADA-R,-135,-145,9.5,9
729,NYY,INOVA-R,100,111,8,7.5
729,TAM,JODORIZZI-R,-120,-121,8,7.5
729,OAK,KGRAVEMAN-R,140,136,8.5,9
729,CLE,TBAUER-R,-160,-151,8.5,9
729,HOU,CMCHUGH-R,-114,-148,9,9
729,DET,MBOYD-L,-106,133,9,9
729,KAN,EVOLQUEZ-R,115,118,9.5,9
729,TEX,AGRIFFIN-R,-135,-128,9.5,9
729,CWS,JQUINTANA-L,-140,-123,8.5,8.5
729,MIN,RNOLASCO-R,120,113,8.5,8.5
729,BOS,RPORCELLO-R,-175,-176,9.5,9
729,LAA,TLINCECUM-R,155,156,9.5,9
729,SEA,HIWAKUMA-R,150,150,7,7.5
729,CUB,JLESTER-L,-170,-170,7,7.5
730,WAS,RLOPEZ-R,-101,117,8,8.5
730,SFO,JPEAVY-R,-119,-127,8,8.5
730,PHI,JHELICKSN-R,110,119,7.5,7.5
730,ATL,JTEHERAN-R,-130,-134,7.5,7.5
730,STL,JGARCIA-L,-108,-114,8.5,8
730,MIA,CREA-R,-112,104,8.5,8
730,PIT,JTAILLON-R,-140,-175,9,8.5
730,MIL,CANDERSON-R,120,155,9,8.5
730,COL,JDELAROSA-L,120,125,8,8
730,NYM,BCOLON-R,-140,-140,8,8
730,CIN,DESCLAFANI-R,-125,-122,8,8.5
730,SDG,CFRIEDRCH-L,105,112,8,8.5
730,ARI,BSHIPLEY-R,190,185,8,8
730,LOS,SKAZMIR-L,-220,-215,8,8
730,BAL,YGALLARDO-R,155,160,9.5,9.5
730,TOR,JHAPP-L,-175,-180,9.5,9.5
730,NYY,NEOVALDI-R,100,109,8,7
730,TAM,DSMYLY-L,-120,-119,8,7
730,CWS,MGONZALEZ-R,-120,113,9.5,9
730,MIN,TMILONE-L,100,-123,9.5,9
730,OAK,DOVERTON-L,165,145,9,9.5
730,CLE,JTOMLIN-R,-185,-160,9,9.5
730,HOU,MFIERS-R,120,117,8.5,8.5
730,DET,VERLANDER-R,-140,-132,8.5,8.5
730,KAN,IKENNEDY-R,125,110,10,10
730,TEX,MPEREZ-L,-145,-120,10,10
730,BOS,DPOMERANZ-L,-145,-118,8.5,8
730,LAA,HSANTIAGO-L,125,108,8.5,8
730,SEA,WMILEY-L,200,195,7.5,7.5
730,CUB,JARRIETA-R,-240,-225,7.5,7.5
731,STL,CMARTINEZ-R,-125,-117,8,7.5
731,MIA,ACASHNER-R,105,107,8,7.5
731,COL,CBETTIS-R,170,170,7,6.5
731,NYM,SYNDERGARD-R,-200,-200,7,6.5
731,PHI,JEICKHOFF-R,-133,-133,8,8.5
731,ATL,DELACRUZ-R,113,118,8,8.5
731,PIT,FLIRIANO-L,-135,-147,9,8.5
731,MIL,MGARZA-R,115,132,9,8.5
731,WAS,GGONZALEZ-L,-125,-117,8.5,8.5
731,SFO,MCAIN-R,105,107,8.5,8.5
731,ARI,PCORBIN-L,170,157,8.5,8
731,LOS,BNORRIS-R,-200,-177,8.5,8
731,CIN,HBAILEY-R,-120,-128,9,8.5
731,SDG,PCLEMENS-R,100,118,9,8.5
731,BAL,CTILLMAN-R,145,150,8.5,8.5
731,TOR,ASANCHEZ-R,-165,-170,8.5,8.5
731,NYY,MPINEDA-R,-105,-117,7,7
731,TAM,BSNELL-L,-115,107,7,7
731,OAK,SGRAY-R,165,170,8,8
731,CLE,CKLUBER-R,-185,-200,8,8
731,HOU,DKEUCHEL-L,-155,-153,9,9.5
731,DET,MPELFREY-R,135,138,9,9.5
731,CWS,CRODON-L,105,116,9,8.5
731,MIN,ESANTANA-R,-125,-126,9,8.5
731,KAN,DGEE-R,135,115,10,10
731,TEX,LHARRELL-R,-155,-130,10,10
731,BOS,SWRIGHT-R,-130,113,8.5,8.5
731,LAA,TSKAGGS-L,110,-123,8.5,8.5
731,SEA,FHERNANDZ-R,150,108,8,8.5
731,CUB,BMATUSZ-L,-170,-118,8,8.5
801,MIA,ACONLEY-L,160,160,8,7.5
801,CUB,KHENDRCKS-R,-180,-180,8,7.5
801,WAS,SSTRASBRG-R,-190,-215,8,8.5
801,ARI,ABRADLEY-R,170,185,8,8.5
801,MIL,JNELSON-R,100,-105,8,8
801,SDG,JCOSART-R,-120,-105,8,8
801,KAN,DDUFFY-L,100,115,7.5,7
801,TAM,CARCHER-R,-120,-125,7.5,7
801,MIN,JBERRIOS-R,190,190,8,8.5
801,CLE,DSALAZAR-R,-220,-220,8,8.5
801,TOR,MSTROMAN-R,-130,-105,9,8.5
801,HOU,DFISTER-R,110,-105,9,8.5
801,BOS,ERODRIGUZ-L,100,115,9,8.5
801,SEA,JPAXTON-L,-120,-130,9,8.5
801,NYY,CSABATHIA-L,100,-122,8,7.5
801,NYM,LVERRETT-R,-120,112,8,7.5
802,SFO,MBUMGARNR-L,-215,-260,7.5,7.5
802,PHI,ZEFLIN-R,185,220,7.5,7.5
802,PIT,GCOLE-R,-195,-174,7.5,7.5
802,ATL,FOLTYNEWCZ-R,175,154,7.5,7.5
802,STL,WAINWRIGHT-R,-155,-157,8.5,8.5
802,CIN,DSTRAILY-R,135,142,8.5,8.5
802,MIA,JFERNANDZ-R,-105,-115,7,7
802,CUB,JHAMMEL-R,-105,105,7,7
802,LOS,BMCCARTHY-R,-118,-142,10.5,10.5
802,COL,JGRAY-R,-102,127,10.5,10.5
802,WAS,TROARK-R,-140,-122,9,8.5
802,ARI,RRAY-L,120,112,9,8.5
802,MIL,ZDAVIES-R,-121,-114,7.5,7.5
802,SDG,LPERDOMO-R,101,104,7.5,7.5
802,TEX,YDARVISH-R,-109,-126,8.5,8.5
802,BAL,DBUNDY-R,-111,116,8.5,8.5
802,MIN,KGIBSON-R,175,180,8,8
802,CLE,CCARRASCO-R,-205,-210,8,8
802,KAN,YVENTURA-R,-105,107,7.5,7.5
802,TAM,MANDRIESE-R,-115,-117,7.5,7.5
802,CWS,JSHIELDS-R,110,139,9.5,9.5
802,DET,ASANCHEZ-R,-130,-154,9.5,9.5
802,TOR,RDICKEY-R,140,148,8.5,8
802,HOU,LMcCULLRS-R,-160,-163,8.5,8
802,OAK,SMANAEA-L,128,135,7.5,7.5
802,LAA,MSHOEMAKR-R,-148,-150,7.5,7.5
802,BOS,DPRICE-L,-174,-170,8,8
802,SEA,WLEBLANC-L,154,150,8,8
802,NYY,MTANAKA-R,106,101,6.5,6.5
802,NYM,JDEGROM-R,-126,-111,6.5,6.5
803,MIA,TKOEHLER-R,165,200,8.5,9
803,CUB,JLACKEY-R,-185,-230,8.5,9
803,WAS,MSCHERZER-R,-235,-207,8.5,8
803,ARI,ZGODLEY-R,205,177,8.5,8
803,MIL,JGUERRA-R,-140,-124,8,8.5
803,SDG,EJACKSON-R,120,114,8,8.5
803,SFO,JCUETO-R,-200,-200,7.5,8
803,PHI,PKLEIN-R,170,170,7.5,8
803,PIT,JLOCKE-L,-140,-118,8.5,8.5
803,ATL,RWHALEN-R,120,108,8.5,8.5
803,STL,MWACHA-R,-140,-141,9,9
803,CIN,CREED-L,120,126,9,9
803,LOS,BSTEWART-R,-130,-105,11,11.5
803,COL,TANDERSON-L,110,-105,11,11.5
803,TEX,CHAMELS-L,-120,102,8.5,8
803,BAL,KGAUSMAN-R,100,-112,8.5,8
803,MIN,TDUFFEY-R,165,160,9,9
803,CLE,TBAUER-R,-185,-180,9,9
803,CWS,CSALE-L,105,126,8.5,8
803,DET,MFULMER-R,-125,-141,8.5,8
803,KAN,EVOLQUEZ-R,110,130,7.5,7
803,TAM,JODORIZZI-R,-130,-145,7.5,7
803,TOR,MESTRADA-R,-105,-101,8.5,8
803,HOU,CMCHUGH-R,-115,-109,8.5,8
803,OAK,KGRAVEMAN-R,110,114,9,9
803,LAA,JWEAVER-R,-130,-124,9,9
803,BOS,RPORCELLO-R,-120,-117,8,8
803,SEA,HIWAKUMA-R,100,107,8,8
803,NYM,SMATZ-L,-125,-106,8.5,8
803,NYY,CGREEN-R,105,-104,8.5,8
804,STL,MLEAKE-R,-140,-149,9,9.5
804,CIN,BFINNEGAN-L,120,134,9,9.5
804,SFO,MMOORE-L,-130,-117,8,8
804,PHI,VVELASQEZ-R,110,107,8,8
804,PIT,VOGELSONG-R,-135,-128,9,9
804,ATL,TJENKINS-R,115,118,9,9
804,LOS,KMAEDA-R,-125,-170,10.5,10.5
804,COL,TCHATWOOD-R,105,150,10.5,10.5
804,MIN,HSANTIAGO-L,135,140,9,9.5
804,CLE,MCLEVNGER-R,-155,-155,9,9.5
804,KAN,IKENNEDY-R,115,119,7.5,7.5
804,TAM,DSMYLY-L,-135,-129,7.5,7.5
804,CWS,JQUINTANA-L,125,113,8.5,8.5
804,DET,JZIMMERMN-R,-145,-123,8.5,8.5
804,OAK,JHAHN-R,110,108,8.5,8.5
804,LAA,RNOLASCO-R,-130,-118,8.5,8.5
804,TEX,AGRIFFIN-R,110,117,9,10
804,BAL,WMILEY-L,-130,-127,9,10
804,TOR,JHAPP-L,-120,-112,8.5,8.5
804,HOU,MFIERS-R,100,102,8.5,8.5
804,BOS,DPOMERANZ-L,-145,-140,8.5,8.5
804,SEA,AMIRANDA-L,125,125,8.5,8.5
804,NYM,BCOLON-R,110,129,8.5,8.5
804,NYY,NEOVALDI-R,-130,-144,8.5,8.5
805,CIN,DESCLAFANI-R,140,143,8,8
805,PIT,JTAILLON-R,-160,-158,8,8
805,SFO,SAMARDZIJA-R,130,145,8.5,8.5
805,WAS,GGONZALEZ-L,-150,-160,8.5,8.5
805,ATL,DELACRUZ-R,180,200,8.5,8.5
805,STL,JGARCIA-L,-210,-230,8.5,8.5
805,MIA,DPHELPS-R,110,-122,11.5,11.5
805,COL,JDELAROSA-L,-130,112,11.5,11.5
805,MIL,CANDERSON-R,115,106,9.5,9.5
805,ARI,BSHIPLEY-R,-135,-116,9.5,9.5
805,PHI,JHELICKSN-R,-125,-105,8,8
805,SDG,CFRIEDRCH-L,105,-105,8,8
805,CLE,JTOMLIN-R,-114,103,8.5,8
805,NYY,MPINEDA-R,-106,-113,8.5,8
805,MIN,ESANTANA-R,105,115,7.5,7.5
805,TAM,BSNELL-L,-125,-130,7.5,7.5
805,BAL,YGALLARDO-R,-105,-117,9,9.5
805,CWS,MGONZALEZ-R,-115,107,9,9.5
805,TEX,MPEREZ-L,155,157,8.5,8.5
805,HOU,DKEUCHEL-L,-175,-177,8.5,8.5
805,TOR,FLIRIANO-L,-130,-155,9,9
805,KAN,DGEE-R,110,140,9,9
805,LAA,TLINCECUM-R,160,190,8.5,9
805,SEA,FHERNANDZ-R,-180,-220,8.5,9
805,NYM,SYNDERGARD-R,115,133,7.5,7.5
805,DET,VERLANDER-R,-135,-148,7.5,7.5
805,CUB,JLESTER-L,-210,-215,8.5,8.5
805,OAK,DOVERTON-L,180,185,8.5,8.5
805,BOS,SWRIGHT-R,-114,125,8,7.5
805,LOS,SKAZMIR-L,-106,-140,8,7.5
806,CIN,HBAILEY-R,105,115,8.5,8.5
806,PIT,INOVA-R,-125,-130,8.5,8.5
806,SFO,MCAIN-R,200,185,8,8.5
806,WAS,SSTRASBRG-R,-240,-215,8,8.5
806,ATL,RHERNANDZ-R,230,200,8.5,9
806,STL,CMARTINEZ-R,-270,-240,8.5,9
806,MIA,ACASHNER-R,-105,107,11.5,12
806,COL,CBETTIS-R,-115,-117,11.5,12
806,MIL,MGARZA-R,100,118,9.5,9.5
806,ARI,PCORBIN-L,-120,-128,9.5,9.5
806,PHI,JTHOMPSON-R,-112,100,8.5,8.5
806,SDG,PCLEMENS-R,-108,-110,8.5,8.5
806,CLE,CKLUBER-R,-160,-195,8,8.5
806,NYY,CSABATHIA-L,140,175,8,8.5
806,MIN,JBERRIOS-R,125,126,7.5,7
806,TAM,CARCHER-R,-145,-141,7.5,7
806,BAL,CTILLMAN-R,-145,-147,9,9
806,CWS,CRODON-L,125,132,9,9
806,TEX,LHARRELL-R,125,131,9,9
806,HOU,DFISTER-R,-145,-146,9,9
806,TOR,ASANCHEZ-R,-140,-154,7.5,7.5
806,KAN,DDUFFY-L,120,139,7.5,7.5
806,LAA,TSKAGGS-L,-112,-117,8,7.5
806,SEA,TWALKER-R,-108,107,8,7.5
806,BOS,ERODRIGUZ-L,110,101,8.5,9
806,LOS,RSTRIPLNG-R,-130,-111,8.5,9
806,CUB,JARRIETA-R,-210,-206,7.5,7.5
806,OAK,SGRAY-R,180,176,7.5,7.5
806,NYM,LVERRETT-R,140,165,9.5,9.5
806,DET,MBOYD-L,-160,-185,9.5,9.5
807,CIN,DSTRAILY-R,155,155,7.5,8
807,PIT,GCOLE-R,-175,-175,7.5,8
807,SFO,MBUMGARNR-L,-105,-140,7.5,7.5
807,WAS,TROARK-R,-115,125,7.5,7.5
807,ATL,FOLTYNEWCZ-R,215,175,8,8
807,STL,WAINWRIGHT-R,-255,-205,8,8
807,MIA,ACONLEY-L,115,130,11,10.5
807,COL,JGRAY-R,-135,-145,11,10.5
807,MIL,JNELSON-R,-114,114,9.5,9.5
807,ARI,ABRADLEY-R,-106,-124,9.5,9.5
807,PHI,JEICKHOFF-R,-105,-101,8,8.5
807,SDG,JCOSART-R,-115,-109,8,8.5
807,CLE,CCARRASCO-R,-115,-110,8.5,8
807,NYY,MTANAKA-R,-105,100,8.5,8
807,MIN,KGIBSON-R,120,116,8,8
807,TAM,MANDRIESE-R,-140,-126,8,8
807,BAL,DBUNDY-R,-130,-170,9.5,9
807,CWS,JSHIELDS-R,110,150,9.5,9
807,TEX,YDARVISH-R,-115,-123,8,7.5
807,HOU,JMUSGROVE-R,-105,113,8,7.5
807,TOR,MSTROMAN-R,-145,-154,8.5,8.5
807,KAN,YVENTURA-R,125,139,8.5,8.5
807,LAA,MSHOEMAKR-R,105,119,8,7.5
807,SEA,JPAXTON-L,-125,-129,8,7.5
807,NYM,JDEGROM-R,-125,-130,8.5,8.5
807,DET,ASANCHEZ-R,105,115,8.5,8.5
807,CUB,KHENDRCKS-R,-170,-180,8,8
807,OAK,SMANAEA-L,150,160,8,8
807,BOS,DPRICE-L,-105,-111,7,7
807,LOS,BMCCARTHY-R,-105,101,7,7
808,SFO,JCUETO-R,130,129,6.5,6.5
808,MIA,JFERNANDZ-R,-150,-144,6.5,6.5
808,ATL,RWHALEN-R,150,147,9,8.5
808,MIL,ZDAVIES-R,-170,-162,9,8.5
808,CIN,CREED-L,170,176,9,8.5
808,STL,MWACHA-R,-200,-196,9,8.5
808,PHI,ZEFLIN-R,180,225,8,8
808,LOS,JURIAS-L,-210,-265,8,8
808,TAM,JODORIZZI-R,125,138,9,9
808,TOR,RDICKEY-R,-145,-153,9,9
808,HOU,CMCHUGH-R,-135,-126,9,8.5
808,MIN,TDUFFEY-R,115,116,9,8.5
808,BAL,KGAUSMAN-R,-125,-152,8.5,8
808,OAK,KGRAVEMAN-R,105,137,8.5,8
808,DET,MFULMER-R,-105,119,7.5,7.5
808,SEA,HIWAKUMA-R,-115,-134,7.5,7.5
808,TEX,CHAMELS-L,-125,-124,10.5,10.5
808,COL,TANDERSON-L,105,114,10.5,10.5
809,SDG,LPERDOMO-R,145,141,8.5,9
809,PIT,CKUHL-R,-165,-156,8.5,9
809,SFO,MMOORE-L,-114,-103,8,8.5
809,MIA,TKOEHLER-R,-106,-107,8,8.5
809,ARI,ZGREINKE-R,-114,118,7,7
809,NYM,SMATZ-L,-106,-133,7,7
809,ATL,TJENKINS-R,120,110,9,10
809,MIL,WPERALTA-R,-140,-120,9,10
809,CIN,BFINNEGAN-L,150,170,8.5,9
809,STL,MLEAKE-R,-170,-200,8.5,9
809,PHI,VVELASQEZ-R,165,185,7,7
809,LOS,KMAEDA-R,-185,-215,7,7
809,TAM,DSMYLY-L,165,170,9,9
809,TOR,MESTRADA-R,-185,-200,9,9
809,NYY,LSEVERINO-R,160,141,9.5,9
809,BOS,RPORCELLO-R,-180,-156,9.5,9
809,HOU,MFIERS-R,-114,-132,9,9
809,MIN,HSANTIAGO-L,-106,117,9,9
809,CWS,CSALE-L,-145,-147,7.5,7.5
809,KAN,EVOLQUEZ-R,125,132,7.5,7.5
809,BAL,WMILEY-L,-135,-140,8.5,9
809,OAK,ZNEAL-R,115,125,8.5,9
809,DET,DNORRIS-L,-105,109,8.5,8.5
809,SEA,WLEBLANC-L,-115,-119,8.5,8.5
809,TEX,AGRIFFIN-R,100,-108,11.5,12.5
809,COL,TCHATWOOD-R,-120,-102,11.5,12.5
809,CLE,TBAUER-R,185,160,7.5,7
809,WAS,MSCHERZER-R,-215,-180,7.5,7
809,LAA,JWEAVER-R,190,200,9,9
809,CUB,JLACKEY-R,-220,-230,9,9
810,SFO,SAMARDZIJA-R,120,-112,8.5,7.5
810,MIA,DPHELPS-R,-140,102,8.5,7.5
810,PHI,JHELICKSN-R,170,175,8,7.5
810,LOS,SKAZMIR-L,-190,-205,8,7.5
810,SDG,EJACKSON-R,150,165,9,9.5
810,PIT,VOGELSONG-R,-170,-185,9,9.5
810,ARI,RRAY-L,140,104,7.5,7.5
810,NYM,BCOLON-R,-160,-114,7.5,7.5
810,CIN,DESCLAFANI-R,155,148,8.5,8
810,STL,JGARCIA-L,-175,-163,8.5,8
810,ATL,DELACRUZ-R,120,126,9,9.5
810,MIL,CANDERSON-R,-140,-141,9,9.5
810,TAM,BSNELL-L,170,166,9,8.5
810,TOR,JHAPP-L,-200,-186,9,8.5
810,NYY,NEOVALDI-R,160,175,9.5,9.5
810,BOS,DPOMERANZ-L,-180,-195,9.5,9.5
810,CWS,JQUINTANA-L,-114,100,8,8
810,KAN,IKENNEDY-R,-106,-110,8,8
810,BAL,YGALLARDO-R,-150,-140,9,9
810,OAK,RDETWILER-L,130,125,9,9
810,DET,VERLANDER-R,-114,-113,7.5,7
810,SEA,FHERNANDZ-R,-106,103,7.5,7
810,CLE,JTOMLIN-R,115,114,8.5,8
810,WAS,GGONZALEZ-L,-135,-124,8.5,8
810,LAA,RNOLASCO-R,200,175,8.5,9
810,CUB,JHAMMEL-R,-230,-205,8.5,9
810,COL,JDELAROSA-L,125,175,10,10.5
810,TEX,MPEREZ-L,-145,-195,10,10.5
811,ARI,BSHIPLEY-R,200,200,7.5,7.5
811,NYM,SYNDERGARD-R,-230,-240,7.5,7.5
811,SDG,CFRIEDRCH-L,150,170,8.5,8.5
811,PIT,JTAILLON-R,-170,-200,8.5,8.5
811,ATL,RHERNANDZ-R,130,117,9,9.5
811,MIL,MGARZA-R,-150,-127,9,9.5
811,STL,CMARTINEZ-R,150,153,9,9
811,CUB,JLESTER-L,-170,-173,9,9
811,HOU,DFISTER-R,-125,-109,9,9
811,MIN,JBERRIOS-R,105,-101,9,9
811,BAL,CTILLMAN-R,-150,-140,8.5,8
811,OAK,ATRIGGS-R,130,125,8.5,8
811,NYY,MPINEDA-R,150,119,9,9
811,BOS,ERODRIGUZ-L,-170,-129,9,9
811,LAA,JCHACIN-R,200,215,8,8.5
811,CLE,CKLUBER-R,-230,-255,8,8.5
811,CWS,MGONZALEZ-R,140,145,8,7.5
811,KAN,DDUFFY-L,-160,-160,8,7.5
811,COL,CBETTIS-R,130,125,10.5,10.5
811,TEX,LHARRELL-R,-150,-140,10.5,10.5
811,HOU,CDEVENSKI-R,-120,-122,9,9.5
811,MIN,TMILONE-L,100,112,9,9.5
812,STL,WAINWRIGHT-R,165,160,7.5,8
812,CUB,JARRIETA-R,-185,-180,7.5,8
812,ATL,FOLTYNEWCZ-R,240,215,7.5,7.5
812,WAS,SSTRASBRG-R,-280,-255,7.5,7.5
812,COL,JGRAY-R,-140,-149,8.5,8.5
812,PHI,JTHOMPSON-R,120,134,8.5,8.5
812,SDG,PCLEMENS-R,125,135,8.5,9
812,NYM,LVERRETT-R,-145,-150,8.5,9
812,CIN,HBAILEY-R,-105,-105,8.5,8.5
812,MIL,JNELSON-R,-115,-105,8.5,8.5
812,PIT,INOVA-R,150,150,8,8
812,LOS,RSTRIPLNG-R,-170,-170,8,8
812,TAM,CARCHER-R,-125,-110,8.5,8.5
812,NYY,CSABATHIA-L,105,100,8.5,8.5
812,HOU,JMUSGROVE-R,105,-106,9,9
812,TOR,FLIRIANO-L,-125,-104,9,9
812,LAA,TSKAGGS-L,130,143,8,8
812,CLE,CCARRASCO-R,-150,-158,8,8
812,DET,ASANCHEZ-R,155,180,9.5,9
812,TEX,YDARVISH-R,-175,-210,9.5,9
812,KAN,YVENTURA-R,-114,112,8.5,8.5
812,MIN,KGIBSON-R,-106,-122,8.5,8.5
812,SEA,JWIELAND-R,125,114,8.5,8
812,OAK,SMANAEA-L,-145,-124,8.5,8
812,CWS,CRODON-L,130,118,8.5,7.5
812,MIA,ACASHNER-R,-150,-133,8.5,7.5
812,ARI,PCORBIN-L,200,220,9.5,9.5
812,BOS,DPRICE-L,-230,-260,9.5,9.5
812,BAL,DBUNDY-R,-115,-117,8,7.5
812,SFO,MCAIN-R,-105,107,8,7.5
813,STL,LWEAVER-R,185,180,8.5,9
813,CUB,KHENDRCKS-R,-215,-210,8.5,9
813,PIT,GCOLE-R,107,-101,7.5,7.5
813,LOS,BMCCARTHY-R,-127,-109,7.5,7.5
813,ATL,RWHALEN-R,150,152,9,9
813,WAS,RLOPEZ-R,-170,-172,9,9
813,COL,TANDERSON-L,-120,-124,8,8
813,PHI,JEICKHOFF-R,100,114,8,8
813,SDG,JCOSART-R,190,200,7,7.5
813,NYM,JDEGROM-R,-220,-240,7,7.5
813,CIN,DSTRAILY-R,105,115,8.5,8.5
813,MIL,ZDAVIES-R,-125,-125,8.5,8.5
813,TAM,MANDRIESE-R,135,126,8,8
813,NYY,MTANAKA-R,-155,-141,8,8
813,HOU,CMCHUGH-R,160,139,8.5,8
813,TOR,ASANCHEZ-R,-180,-154,8.5,8
813,KAN,DGEE-R,110,125,9,9
813,MIN,TDUFFEY-R,-130,-140,9,9
813,LAA,MSHOEMAKR-R,115,114,9,9
813,CLE,MCLEVNGER-R,-135,-124,9,9
813,DET,MBOYD-L,165,162,9.5,9.5
813,TEX,CHAMELS-L,-185,-182,9.5,9.5
813,SEA,HIWAKUMA-R,-130,-145,7.5,8
813,OAK,KGRAVEMAN-R,110,130,7.5,8
813,CWS,JSHIELDS-R,165,150,9,8.5
813,MIA,ACONLEY-L,-185,-170,9,8.5
813,ARI,ABRADLEY-R,160,180,10,10.5
813,BOS,CBUCHHOLZ-R,-180,-210,10,10.5
813,BAL,KGAUSMAN-R,160,140,7,6.5
813,SFO,MBUMGARNR-L,-180,-155,7,6.5
814,STL,MLEAKE-R,161,150,9,8.5
814,CUB,JLACKEY-R,-181,-170,9,8.5
814,SDG,CRICHARD-L,150,150,8.5,8.5
814,NYM,SMATZ-L,-170,-170,8.5,8.5
814,COL,TCHATWOOD-R,-136,-109,9,9
814,PHI,AMORGAN-L,116,-101,9,9
814,ATL,TJENKINS-R,185,200,8.5,9
814,WAS,TROARK-R,-215,-240,8.5,9
814,CIN,CREED-L,-101,-108,9.5,9.5
814,MIL,WPERALTA-R,-119,-102,9.5,9.5
814,PIT,CKUHL-R,124,157,8.5,8.5
814,LOS,BANDERSON-L,-144,-177,8.5,8.5
814,TAM,JODORIZZI-R,-105,100,8.5,8.5
814,NYY,LSEVERINO-R,-115,-110,8.5,8.5
814,HOU,MFIERS-R,127,143,9,8.5
814,TOR,MSTROMAN-R,-147,-158,9,8.5
814,LAA,JWEAVER-R,165,200,9.5,9.5
814,CLE,TBAUER-R,-185,-240,9.5,9.5
814,KAN,EVOLQUEZ-R,111,103,9,9
814,MIN,HSANTIAGO-L,-131,-113,9,9
814,DET,MFULMER-R,-105,125,9.5,9.5
814,TEX,AGRIFFIN-R,-105,-140,9.5,9.5
814,SEA,WLEBLANC-L,-115,-117,9,9
814,OAK,ZNEAL-R,-105,107,9,9
814,CWS,CSALE-L,-120,-153,7,7
814,MIA,TKOEHLER-R,100,138,7,7
814,ARI,ZGREINKE-R,129,160,9,9.5
814,BOS,RPORCELLO-R,-149,-180,9,9.5
814,BAL,WMILEY-L,125,132,7.5,7.5
814,SFO,JCUETO-R,-145,-147,7.5,7.5
815,MIA,DPHELPS-R,-120,-121,8.5,8.5
815,CIN,BFINNEGAN-L,100,111,8.5,8.5
815,WAS,MSCHERZER-R,-170,-205,9.5,11
815,COL,JDELAROSA-L,150,175,9.5,11
815,NYM,BCOLON-R,100,112,9,9
815,ARI,RRAY-L,-120,-122,9,9
815,PIT,VOGELSONG-R,130,119,7.5,8
815,SFO,MMOORE-L,-150,-129,7.5,8
815,BOS,DPOMERANZ-L,-113,-110,9,9
815,CLE,JTOMLIN-R,-107,100,9,9
815,TOR,RDICKEY-R,-134,-107,9.5,9.5
815,NYY,CGREEN-R,114,-103,9.5,9.5
815,KAN,IKENNEDY-R,125,118,9,8.5
815,DET,DNORRIS-L,-145,-128,9,8.5
815,OAK,RDETWILER-L,140,160,10,10.5
815,TEX,MPEREZ-L,-160,-180,10,10.5
815,SEA,FHERNANDZ-R,-150,-131,8,9
815,LAA,RNOLASCO-R,130,116,8,9
815,SDG,LPERDOMO-R,150,175,8,8
815,TAM,DSMYLY-L,-170,-205,8,8
816,MIL,MGARZA-R,190,185,9,9
816,CUB,TCAHILL-R,-220,-215,9,9
816,LOS,KMAEDA-R,-160,-190,8,8.5
816,PHI,VVELASQEZ-R,140,170,8,8.5
816,MIA,JURENA-R,125,102,8.5,8.5
816,CIN,DESCLAFANI-R,-145,-112,8.5,8.5
816,MIL,CANDERSON-R,210,171,9,8.5
816,CUB,JHAMMEL-R,-250,-191,9,8.5
816,WAS,GGONZALEZ-L,-140,-134,11.5,12
816,COL,CBETTIS-R,120,119,11.5,12
816,NYM,SYNDERGARD-R,-150,-159,8.5,8.5
816,ARI,BSHIPLEY-R,130,144,8.5,8.5
816,PIT,JTAILLON-R,100,105,7.5,7
816,SFO,SAMARDZIJA-R,-120,-115,7.5,7
816,TOR,MESTRADA-R,-130,-107,8.5,8
816,NYY,MPINEDA-R,110,-103,8.5,8
816,BOS,ERODRIGUZ-L,-112,-119,10,9.5
816,BAL,YGALLARDO-R,-108,109,10,9.5
816,KAN,DDUFFY-L,125,103,7.5,7
816,DET,VERLANDER-R,-145,-113,7.5,7
816,CWS,JQUINTANA-L,155,155,7.5,7
816,CLE,CKLUBER-R,-175,-175,7.5,7
816,OAK,ATRIGGS-R,140,118,10.5,10.5
816,TEX,LHARRELL-R,-160,-128,10.5,10.5
816,SEA,AMIRANDA-L,-145,-107,8,9.5
816,LAA,JCHACIN-R,125,-103,8,9.5
816,MIN,ESANTANA-R,-140,-125,8,8.5
816,ATL,DELACRUZ-R,120,115,8,8.5
816,SDG,EJACKSON-R,130,170,8,8
816,TAM,BSNELL-L,-150,-190,8,8
816,STL,JGARCIA-L,120,157,8.5,7.5
816,HOU,DKEUCHEL-L,-140,-177,8.5,7.5
817,WAS,SSTRASBRG-R,-163,-161,10.5,10.5
817,COL,JGRAY-R,143,146,10.5,10.5
817,PIT,INOVA-R,105,127,8,8.5
817,SFO,MCAIN-R,-125,-142,8,8.5
817,LOS,SKAZMIR-L,-170,-195,9,9
817,PHI,JTHOMPSON-R,150,175,9,9
817,MIA,ACASHNER-R,100,-105,9,8.5
817,CIN,HBAILEY-R,-120,-105,9,8.5
817,MIL,JNELSON-R,225,285,9,9
817,CUB,JLESTER-L,-265,-335,9,9
817,NYM,JNIESE-L,-105,110,9.5,10
817,ARI,ZGODLEY-R,-115,-120,9.5,10
817,TOR,JHAPP-L,-165,-170,9,9
817,NYY,CSABATHIA-L,145,150,9,9
817,BOS,DPRICE-L,-117,-113,9,8.5
817,BAL,DBUNDY-R,-103,103,9,8.5
817,CWS,ARANAUDO-R,205,230,9,9
817,CLE,CCARRASCO-R,-245,-270,9,9
817,KAN,YVENTURA-R,110,103,9,8
817,DET,ASANCHEZ-R,-130,-113,9,8
817,OAK,SMANAEA-L,185,211,9,8.5
817,TEX,YDARVISH-R,-215,-251,9,8.5
817,SEA,CMARTIN-R,115,118,9,9
817,LAA,TSKAGGS-L,-135,-133,9,9
817,SDG,CFRIEDRCH-L,180,175,8,7.5
817,TAM,CARCHER-R,-210,-205,8,7.5
817,STL,CMARTINEZ-R,-108,-103,8,8
817,HOU,DFISTER-R,-112,-107,8,8
817,MIN,KGIBSON-R,-114,-105,8.5,8.5
817,ATL,FOLTYNEWCZ-R,-106,-105,8.5,8.5
818,MIL,ZDAVIES-R,250,235,9,8
818,CUB,JARRIETA-R,-300,-275,9,8
818,LOS,RSTRIPLNG-R,-150,-161,8.5,9
818,PHI,JEICKHOFF-R,130,146,8.5,9
818,MIA,JFERNANDZ-R,-160,-183,7.5,7
818,CIN,DSTRAILY-R,140,163,7.5,7
818,WAS,RLOPEZ-R,-145,-140,9,9
818,ATL,RWHALEN-R,125,125,9,9
818,ARI,ABRADLEY-R,-114,-114,8.5,9
818,SDG,PCLEMENS-R,-106,104,8.5,9
818,NYM,JDEGROM-R,130,155,6.5,6
818,SFO,MBUMGARNR-L,-150,-175,6.5,6
818,BOS,CBUCHHOLZ-R,-114,114,9,10
818,DET,MBOYD-L,-106,-124,9,10
818,HOU,JMUSGROVE-R,-114,109,8.5,8.5
818,BAL,KGAUSMAN-R,-106,-119,8.5,8.5
818,CWS,CRODON-L,170,175,8.5,8.5
818,CLE,DSALAZAR-R,-190,-195,8.5,8.5
818,MIN,TDUFFEY-R,-101,111,9,9.5
818,KAN,DGEE-R,-119,-121,9,9.5
818,SEA,HIWAKUMA-R,-105,-111,8,8
818,LAA,MSHOEMAKR-R,-105,101,8,8
819,MIA,TKOEHLER-R,140,190,7.5,7.5
819,PIT,GCOLE-R,-160,-220,7.5,7.5
819,STL,WAINWRIGHT-R,-170,-174,9,9
819,PHI,AMORGAN-L,150,154,9,9
819,LOS,BNORRIS-R,-150,-171,9.5,9.5
819,CIN,TADLEMAN-R,130,151,9.5,9.5
819,WAS,TROARK-R,-140,-126,7.5,7.5
819,ATL,JTEHERAN-R,120,116,7.5,7.5
819,CUB,KHENDRCKS-R,-160,-134,11,10
819,COL,TANDERSON-L,140,119,11,10
819,NYM,SLUGO-R,130,170,7,7.5
819,SFO,JCUETO-R,-150,-200,7,7.5
819,ARI,ZGREINKE-R,-130,-155,7.5,8
819,SDG,JCOSART-R,110,140,7.5,8
819,HOU,CMCHUGH-R,101,-105,9,10
819,BAL,WMILEY-L,-121,-105,9,10
819,TEX,CHAMELS-L,-140,-141,7.5,7.5
819,TAM,MANDRIESE-R,120,126,7.5,7.5
819,BOS,RPORCELLO-R,-105,-114,8.5,9
819,DET,MFULMER-R,-115,104,8.5,9
819,TOR,FLIRIANO-L,110,132,9.5,8.5
819,CLE,TBAUER-R,-130,-147,9.5,8.5
819,OAK,KGRAVEMAN-R,-113,-121,9.5,9.5
819,CWS,JSHIELDS-R,-107,111,9.5,9.5
819,MIN,JBERRIOS-R,115,128,9,9
819,KAN,EVOLQUEZ-R,-135,-143,9,9
819,NYY,MTANAKA-R,-140,-148,8,8.5
819,LAA,JWEAVER-R,120,133,8,8.5
819,MIL,BSUTER-L,170,170,9,9
819,SEA,WLEBLANC-L,-200,-200,9,9
820,NYM,BCOLON-R,140,135,8,8.5
820,SFO,MMOORE-L,-160,-150,8,8.5
820,MIA,DPHELPS-R,110,111,8,8.5
820,PIT,CKUHL-R,-130,-121,8,8.5
820,STL,LWEAVER-R,-124,-123,8.5,8.5
820,PHI,JHELICKSN-R,104,113,8.5,8.5
820,WAS,MSCHERZER-R,-260,-279,7.5,8.5
820,ATL,TJENKINS-R,220,239,7.5,8.5
820,LOS,BANDERSON-L,-157,-141,9.5,9
820,CIN,BFINNEGAN-L,137,126,9.5,9
820,CUB,MONTGOMERY-L,-150,-140,12,12
820,COL,JHOFFMAN-R,130,125,12,12
820,ARI,RRAY-L,-140,-140,8.5,8.5
820,SDG,CRICHARD-L,120,125,8.5,8.5
820,TEX,AGRIFFIN-R,101,101,8,8
820,TAM,JODORIZZI-R,-121,-111,8,8
820,HOU,MFIERS-R,130,126,9.5,9
820,BAL,CTILLMAN-R,-150,-141,9.5,9
820,BOS,DPOMERANZ-L,-140,-140,9,9.5
820,DET,DNORRIS-L,120,125,9,9.5
820,TOR,ASANCHEZ-R,-119,106,8.5,8.5
820,CLE,JTOMLIN-R,-101,-116,8.5,8.5
820,OAK,RDETWILER-L,175,163,8.5,9
820,CWS,CSALE-L,-205,-183,8.5,9
820,MIN,HSANTIAGO-L,135,175,9,8.5
820,KAN,IKENNEDY-R,-155,-195,9,8.5
820,NYY,LCESSA-R,112,103,9,9
820,LAA,RNOLASCO-R,-132,-113,9,9
820,MIL,WPERALTA-R,185,205,8,8.5
820,SEA,FHERNANDZ-R,-215,-235,8,8.5
821,LOS,JURIAS-L,-135,-149,9,8.5
821,CIN,DESCLAFANI-R,115,134,9,8.5
821,STL,MLEAKE-R,-125,-119,8.5,8.5
821,PHI,VVELASQEZ-R,105,109,8.5,8.5
821,WAS,GGONZALEZ-L,-160,-173,8.5,8.5
821,ATL,DELACRUZ-R,140,153,8.5,8.5
821,MIA,JURENA-R,130,139,9,9.5
821,PIT,VOGELSONG-R,-150,-154,9,9.5
821,NYM,SYNDERGARD-R,-115,-130,7.5,7.5
821,SFO,SAMARDZIJA-R,-105,115,7.5,7.5
821,CUB,JHAMMEL-R,-150,-159,11,13
821,COL,JDELAROSA-L,130,144,11,13
821,ARI,BSHIPLEY-R,-120,107,9,8.5
821,SDG,LPERDOMO-R,100,-117,9,8.5
821,BOS,HOWENS-L,120,144,9,9.5
821,DET,VERLANDER-R,-140,-159,9,9.5
821,TOR,MSTROMAN-R,140,147,7.5,7.5
821,CLE,CKLUBER-R,-160,-162,7.5,7.5
821,TEX,MPEREZ-L,105,104,8.5,8.5
821,TAM,DSMYLY-L,-125,-114,8.5,8.5
821,HOU,DKEUCHEL-L,-120,-110,9.5,9.5
821,BAL,YGALLARDO-R,100,100,9.5,9.5
821,OAK,ZNEAL-R,150,163,8.5,8.5
821,CWS,JQUINTANA-L,-170,-183,8.5,8.5
821,MIN,ESANTANA-R,140,157,7.5,7.5
821,KAN,DDUFFY-L,-160,-177,7.5,7.5
821,NYY,CGREEN-R,-115,-132,9,9
821,LAA,JCHACIN-R,-105,117,9,9
821,MIL,MGARZA-R,145,158,9,9
821,SEA,AMIRANDA-L,-165,-178,9,9
822,LOS,SKAZMIR-L,-140,-132,9,8.5
822,CIN,HBAILEY-R,120,117,9,8.5
822,COL,CBETTIS-R,-114,-108,9,9
822,MIL,JNELSON-R,-106,-102,9,9
822,ATL,FOLTYNEWCZ-R,150,108,9.5,10
822,ARI,ZGODLEY-R,-170,-118,9.5,10
822,CUB,JLESTER-L,-220,-270,8,8
822,SDG,EJACKSON-R,190,230,8,8
822,BOS,DPRICE-L,-145,-154,7.5,7.5
822,TAM,BSNELL-L,125,139,7.5,7.5
822,CLE,CCARRASCO-R,-155,-173,8,7
822,OAK,ATRIGGS-R,135,153,8,7
822,NYY,MPINEDA-R,-110,-116,8.5,8
822,SEA,CMARTIN-R,-110,106,8.5,8
822,HOU,DFISTER-R,145,126,8,7.5
822,PIT,JTAILLON-R,-165,-141,8,7.5
822,WAS,ACOLE-R,-114,145,9,9.5
822,BAL,DBUNDY-R,-106,-160,9,9.5
823,COL,JGRAY-R,-135,-116,9,9
823,MIL,CANDERSON-R,115,106,9,9
823,NYM,JNIESE-L,155,145,8.5,8.5
823,STL,JGARCIA-L,-175,-160,8.5,8.5
823,ATL,RWHALEN-R,135,109,9.5,9.5
823,ARI,ABRADLEY-R,-155,-119,9.5,9.5
823,CUB,JARRIETA-R,-245,-260,7.5,8
823,SDG,CFRIEDRCH-L,205,220,7.5,8
823,SFO,MBUMGARNR-L,-106,-112,7,6.5
823,LOS,KMAEDA-R,-114,102,7,6.5
823,LAA,TSKAGGS-L,145,130,9.5,9
823,TOR,RDICKEY-R,-165,-145,9.5,9
823,BOS,CBUCHHOLZ-R,-105,113,8,8
823,TAM,CARCHER-R,-115,-123,8,8
823,DET,ASANCHEZ-R,-115,-108,9.5,9.5
823,MIN,KGIBSON-R,-105,-102,9.5,9.5
823,CLE,DSALAZAR-R,-150,-149,7.5,8
823,OAK,SMANAEA-L,130,134,7.5,8
823,NYY,CSABATHIA-L,125,139,8,8
823,SEA,TWALKER-R,-145,-154,8,8
823,HOU,JMUSGROVE-R,-115,-121,8.5,8.5
823,PIT,INOVA-R,-105,111,8.5,8.5
823,WAS,RLOPEZ-R,115,144,9.5,9.5
823,BAL,KGAUSMAN-R,-135,-159,9.5,9.5
823,TEX,DHOLLAND-L,-115,-115,9,9
823,CIN,DSTRAILY-R,-105,105,9,9
823,KAN,YVENTURA-R,-110,-106,8,7.5
823,MIA,ACASHNER-R,-110,-104,8,7.5
823,PHI,JTHOMPSON-R,140,144,9.5,9
823,CWS,CRODON-L,-160,-159,9.5,9
824,COL,TANDERSON-L,109,-111,8.5,8
824,MIL,ZDAVIES-R,-129,101,8.5,8
824,CUB,KHENDRCKS-R,-253,-260,8,8.5
824,SDG,PCLEMENS-R,213,220,8,8.5
824,NYM,JDEGROM-R,105,-108,7.5,7.5
824,STL,CMARTINEZ-R,-125,-102,7.5,7.5
824,ATL,JTEHERAN-R,117,119,8.5,8
824,ARI,ZGREINKE-R,-137,-129,8.5,8
824,SFO,JCUETO-R,115,125,7,7
824,LOS,RHILL-L,-135,-140,7,7
824,CLE,TBAUER-R,-141,-121,8,7.5
824,OAK,KGRAVEMAN-R,121,111,8,7.5
824,NYY,MTANAKA-R,-109,-105,7,7
824,SEA,HIWAKUMA-R,-111,-105,7,7
824,LAA,MSHOEMAKR-R,135,145,8.5,8.5
824,TOR,MESTRADA-R,-155,-160,8.5,8.5
824,BOS,RPORCELLO-R,-153,-131,8,8
824,TAM,MANDRIESE-R,133,116,8,8
824,DET,MBOYD-L,-106,-105,9.5,9.5
824,MIN,TDUFFEY-R,-114,-105,9.5,9.5
824,HOU,CMCHUGH-R,111,116,7.5,7.5
824,PIT,GCOLE-R,-131,-131,7.5,7.5
824,BAL,WMILEY-L,141,144,8.5,8.5
824,WAS,TROARK-R,-161,-159,8.5,8.5
824,KAN,DGEE-R,191,170,7,7
824,MIA,JFERNANDZ-R,-221,-200,7,7
824,TEX,YDARVISH-R,-185,-210,8.5,8.5
824,CIN,TADLEMAN-R,165,180,8.5,8.5
824,PHI,JEICKHOFF-R,-110,-105,9.5,9.5
824,CWS,JSHIELDS-R,-110,-105,9.5,9.5
825,NYM,SLUGO-R,150,150,8.5,8.5
825,STL,WAINWRIGHT-R,-170,-170,8.5,8.5
825,PIT,CKUHL-R,-130,-120,9,9.5
825,MIL,WPERALTA-R,110,110,9,9.5
825,ATL,MWISLER-R,145,161,9.5,9
825,ARI,RRAY-L,-165,-181,9.5,9
825,SFO,MMOORE-L,115,101,8.5,8
825,LOS,RSTRIPLNG-R,-135,-111,8.5,8
825,DET,DNORRIS-L,-114,-140,9.5,10
825,MIN,JBERRIOS-R,-106,125,9.5,10
825,BOS,DPOMERANZ-L,-120,-120,7.5,7
825,TAM,JODORIZZI-R,100,110,7.5,7
825,LAA,JWEAVER-R,210,236,9.5,10
825,TOR,JHAPP-L,-250,-276,9.5,10
825,CLE,JTOMLIN-R,130,136,9,9
825,TEX,CHAMELS-L,-150,-151,9,9
825,SEA,JPAXTON-L,-150,-155,9.5,9.5
825,CWS,ARANAUDO-R,130,140,9.5,9.5
825,BAL,UJIMENEZ-R,200,180,8.5,8.5
825,WAS,MSCHERZER-R,-230,-210,8.5,8.5
825,KAN,EVOLQUEZ-R,-114,105,8,7.5
825,MIA,TKOEHLER-R,-106,-115,8,7.5
826,COL,JHOFFMAN-R,165,171,9,9
826,WAS,GGONZALEZ-L,-185,-201,9,9
826,SDG,JCOSART-R,165,159,7.5,7.5
826,MIA,DPHELPS-R,-185,-179,7.5,7.5
826,PHI,AMORGAN-L,150,149,8.5,8
826,NYM,BCOLON-R,-170,-164,8.5,8
826,PIT,VOGELSONG-R,-120,-126,9.5,9
826,MIL,MGARZA-R,100,116,9.5,9
826,CIN,BFINNEGAN-L,-114,119,10,10.5
826,ARI,BSHIPLEY-R,-106,-134,10,10.5
826,CUB,MONTGOMERY-L,-105,-148,8.5,8
826,LOS,BNORRIS-R,-105,133,8.5,8
826,ATL,DELACRUZ-R,170,190,8,8.5
826,SFO,SAMARDZIJA-R,-200,-220,8,8.5
826,BAL,YGALLARDO-R,-105,-105,9.5,10
826,NYY,LCESSA-R,-115,-105,9.5,10
826,MIN,PDEAN-L,175,200,10,10
826,TOR,FLIRIANO-L,-195,-240,10,10
826,KAN,IKENNEDY-R,130,145,9,9
826,BOS,SWRIGHT-R,-150,-160,9,9
826,LAA,RNOLASCO-R,178,175,8.5,9
826,DET,VERLANDER-R,-208,-205,8.5,9
826,CLE,CKLUBER-R,-135,-153,9,8.5
826,TEX,MPEREZ-L,115,138,9,8.5
826,TAM,DSMYLY-L,122,139,8.5,8
826,HOU,MFIERS-R,-142,-154,8.5,8
826,SEA,FHERNANDZ-R,110,138,8,7.5
826,CWS,CSALE-L,-130,-153,8,7.5
826,OAK,RDETWILER-L,146,185,9,9
826,STL,LWEAVER-R,-166,-215,9,9
827,COL,JDELAROSA-L,140,155,9,10
827,WAS,ACOLE-R,-160,-175,9,10
827,CUB,JHAMMEL-R,-110,118,7.5,8.5
827,LOS,JURIAS-L,-110,-133,7.5,8.5
827,PIT,JTAILLON-R,-150,-161,8.5,8.5
827,MIL,JNELSON-R,130,146,8.5,8.5
827,PHI,JHELICKSN-R,205,180,7,7
827,NYM,SYNDERGARD-R,-235,-210,7,7
827,SDG,CRICHARD-L,155,107,8.5,8.5
827,MIA,JURENA-R,-175,-117,8.5,8.5
827,CIN,DESCLAFANI-R,-114,-109,9.5,9
827,ARI,ZGODLEY-R,-106,-101,9.5,9
827,ATL,FOLTYNEWCZ-R,155,116,8,8.5
827,SFO,ASUAREZ-R,-175,-126,8,8.5
827,BAL,DBUNDY-R,-112,110,9,9
827,NYY,CGREEN-R,-108,-120,9,9
827,MIN,ESANTANA-R,165,175,9,8.5
827,TOR,MSTROMAN-R,-185,-205,9,8.5
827,KAN,DDUFFY-L,145,141,8.5,8
827,BOS,DPRICE-L,-165,-156,8.5,8
827,LAA,OBERHOLTZR-L,200,180,9,9
827,DET,MFULMER-R,-230,-210,9,9
827,TAM,BSNELL-L,160,175,8,7.5
827,HOU,DKEUCHEL-L,-180,-195,8,7.5
827,SEA,AMIRANDA-L,120,130,8.5,8.5
827,CWS,JQUINTANA-L,-140,-145,8.5,8.5
827,CLE,CCARRASCO-R,-130,-147,9.5,9
827,TEX,AGRIFFIN-R,110,132,9.5,9
827,OAK,ZNEAL-R,180,185,8.5,8.5
827,STL,AREYES-R,-210,-215,8.5,8.5
828,PHI,VVELASQEZ-R,120,116,8.5,8.5
828,NYM,RGSELLMAN-R,-140,-131,8.5,8.5
828,SDG,LPERDOMO-R,147,135,8.5,8.5
828,MIA,JNICOLINO-L,-167,-150,8.5,8.5
828,COL,CBETTIS-R,155,135,9,9.5
828,WAS,LGIOLITO-R,-175,-150,9,9.5
828,PIT,INOVA-R,-120,-141,9,9
828,MIL,CANDERSON-R,100,126,9,9
828,ATL,ABLAIR-R,235,265,7.5,8
828,SFO,MBUMGARNR-L,-275,-315,7.5,8
828,CIN,HBAILEY-R,-109,-118,9.5,9.5
828,ARI,ABRADLEY-R,-111,108,9.5,9.5
828,CUB,JLESTER-L,-170,-168,8.5,8
828,LOS,BSTEWART-R,150,153,8.5,8
828,BAL,KGAUSMAN-R,-113,-121,9.5,9
828,NYY,CSABATHIA-L,-107,111,9.5,9
828,MIN,KGIBSON-R,176,152,9.5,10.5
828,TOR,RDICKEY-R,-196,-172,9.5,10.5
828,LAA,TSKAGGS-L,130,127,9.5,9.5
828,DET,ASANCHEZ-R,-150,-142,9.5,9.5
828,KAN,YVENTURA-R,126,135,9,9
828,BOS,ERODRIGUZ-L,-146,-150,9,9
828,TAM,CARCHER-R,100,107,8,7.5
828,HOU,DFISTER-R,-120,-117,8,7.5
828,SEA,TWALKER-R,105,-101,9.5,9
828,CWS,CRODON-L,-125,-109,9.5,9
828,CLE,DSALAZAR-R,-114,-116,9.5,10
828,TEX,DHOLLAND-L,-106,106,9.5,10
828,OAK,ATRIGGS-R,165,136,8,8.5
828,STL,JGARCIA-L,-185,-151,8,8.5
829,WAS,TROARK-R,-200,-195,9,9
829,PHI,JTHOMPSON-R,170,175,9,9
829,MIA,JFERNANDZ-R,-160,-156,7,7.5
829,NYM,RMONTERO-R,140,141,7,7.5
829,STL,CMARTINEZ-R,-140,-134,8.5,8
829,MIL,ZDAVIES-R,120,119,8.5,8
829,PIT,SBRAULT-L,230,200,7.5,8.5
829,CUB,JARRIETA-R,-270,-240,7.5,8.5
829,LOS,KMAEDA-R,-140,-122,11,10.5
829,COL,JGRAY-R,120,112,11,10.5
829,TOR,MESTRADA-R,-120,-142,9.5,11
829,BAL,WMILEY-L,100,127,9.5,11
829,TAM,MANDRIESE-R,190,151,9,9.5
829,BOS,RPORCELLO-R,-220,-171,9,9.5
829,MIN,HSANTIAGO-L,165,175,9,9
829,CLE,TBAUER-R,-185,-195,9,9
829,CWS,JSHIELDS-R,185,170,10,10
829,DET,MBOYD-L,-215,-200,10,10
829,SEA,HIWAKUMA-R,135,149,8.5,8.5
829,TEX,YDARVISH-R,-155,-164,8.5,8.5
829,OAK,SMANAEA-L,135,157,8.5,8.5
829,HOU,JMUSGROVE-R,-155,-177,8.5,8.5
829,NYY,MPINEDA-R,-113,-125,8.5,8
829,KAN,DGEE-R,-107,115,8.5,8
829,CIN,DSTRAILY-R,120,157,8,8
829,LAA,MSHOEMAKR-R,-140,-177,8,8
830,WAS,MSCHERZER-R,-260,-215,8,7.5
830,PHI,JEICKHOFF-R,220,185,8,7.5
830,MIA,TKOEHLER-R,105,116,8,7.5
830,NYM,SLUGO-R,-125,-126,8,7.5
830,SDG,EJACKSON-R,145,170,8,8.5
830,ATL,JTEHERAN-R,-165,-190,8,8.5
830,PIT,CKUHL-R,200,180,8.5,8
830,CUB,KHENDRCKS-R,-230,-210,8.5,8
830,STL,WAINWRIGHT-R,-155,-163,9,9.5
830,MIL,WPERALTA-R,135,148,9,9.5
830,ARI,ZGREINKE-R,140,148,6.5,7
830,SFO,JCUETO-R,-160,-163,6.5,7
830,TOR,JHAPP-L,-145,-144,9.5,10
830,BAL,UJIMENEZ-R,125,129,9.5,10
830,TAM,JODORIZZI-R,155,151,9,9.5
830,BOS,DPOMERANZ-L,-175,-171,9,9.5
830,CWS,ARANAUDO-R,180,162,10,10
830,DET,DNORRIS-L,-210,-182,10,10
830,MIN,AALBERS-L,200,175,9.5,10
830,CLE,JTOMLIN-R,-230,-195,9.5,10
830,SEA,JPAXTON-L,140,139,9,8.5
830,TEX,CHAMELS-L,-160,-154,9,8.5
830,OAK,KGRAVEMAN-R,150,175,8.5,8
830,HOU,CMCHUGH-R,-170,-195,8.5,8
830,NYY,MTANAKA-R,-130,-141,7.5,7.5
830,KAN,EVOLQUEZ-R,110,126,7.5,7.5
830,CIN,TADLEMAN-R,120,128,9,9.5
830,LAA,JWEAVER-R,-140,-143,9,9.5
831,LOS,RSTRIPLNG-R,-140,132,12,11
831,COL,TANDERSON-L,120,-147,12,11
831,ARI,SMILLER-R,135,154,7.5,8.5
831,SFO,MMOORE-L,-155,-174,7.5,8.5
831,WAS,GGONZALEZ-L,-180,-210,9,9.5
831,PHI,AMORGAN-L,160,180,9,9.5
831,MIA,JESCH-R,100,147,7.5,8.5
831,NYM,BCOLON-R,-120,-162,7.5,8.5
831,SDG,PCLEMENS-R,110,128,8.5,9
831,ATL,MWISLER-R,-130,-143,8.5,9
831,PIT,VOGELSONG-R,150,156,7.5,8.5
831,CUB,JHAMMEL-R,-170,-176,7.5,8.5
831,STL,LWEAVER-R,-140,-148,9,9
831,MIL,MGARZA-R,120,133,9,9
831,CWS,CSALE-L,115,109,7.5,7.5
831,DET,VERLANDER-R,-135,-119,7.5,7.5
831,TAM,DSMYLY-L,155,146,9.5,10
831,BOS,SWRIGHT-R,-175,-161,9.5,10
831,SEA,FHERNANDZ-R,-125,-104,9,9.5
831,TEX,MPEREZ-L,105,-106,9,9.5
831,OAK,RDETWILER-L,175,200,8.5,9
831,HOU,MFIERS-R,-205,-230,8.5,9
831,TOR,ASANCHEZ-R,-150,-160,9.5,9.5
831,BAL,YGALLARDO-R,130,145,9.5,9.5
831,MIN,PDEAN-L,265,270,8,9
831,CLE,CKLUBER-R,-315,-320,8,9
831,NYY,LCESSA-R,120,135,8.5,8
831,KAN,IKENNEDY-R,-140,-150,8.5,8
831,CIN,BFINNEGAN-L,120,-113,9,8.5
831,LAA,RNOLASCO-R,-140,103,9,8.5
831,LOS,BNORRIS-R,-175,-160,11.5,12
831,COL,JHOFFMAN-R,155,145,11.5,12
901,SDG,JCOSART-R,110,130,8.5,9
901,ATL,FOLTYNEWCZ-R,-130,-145,8.5,9
901,MIA,JURENA-R,175,221,7.5,7.5
901,NYM,JDEGROM-R,-195,-261,7.5,7.5
901,SFO,SAMARDZIJA-R,144,125,7.5,8
901,CUB,MONTGOMERY-L,-164,-140,7.5,8
901,CWS,JQUINTANA-L,-120,-113,8,8
901,MIN,ESANTANA-R,100,103,8,8
902,SFO,ASUAREZ-R,200,205,8,8
902,CUB,JLESTER-L,-240,-235,8,8
902,MIL,JGUERRA-R,170,164,8,7
902,PIT,JTAILLON-R,-200,-184,8,7
902,ATL,DELACRUZ-R,130,126,8.5,8.5
902,PHI,JHELICKSN-R,-150,-141,8.5,8.5
902,WAS,ACOLE-R,150,145,7.5,7.5
902,NYM,SYNDERGARD-R,-170,-160,7.5,7.5
902,STL,AREYES-R,-130,-142,8.5,8
902,CIN,DESCLAFANI-R,110,127,8.5,8
902,ARI,RRAY-L,100,-119,11.5,11.5
902,COL,JDELAROSA-L,-120,109,11.5,11.5
902,SDG,CRICHARD-L,170,215,7.5,7.5
902,LOS,JURIAS-L,-200,-255,7.5,7.5
902,NYY,CGREEN-R,120,128,9,9
902,BAL,DBUNDY-R,-140,-143,9,9
902,TOR,MSTROMAN-R,-140,-155,8.5,8
902,TAM,ACOBB-R,120,140,8.5,8
902,HOU,DFISTER-R,-102,-101,9.5,9.5
902,TEX,AGRIFFIN-R,-118,-109,9.5,9.5
902,CWS,CRODON-L,-115,-116,9,8.5
902,MIN,KGIBSON-R,-105,106,9,8.5
902,DET,ASANCHEZ-R,150,129,8,7.5
902,KAN,DDUFFY-L,-170,-144,8,7.5
902,BOS,DPRICE-L,-170,-160,7.5,7.5
902,OAK,ATRIGGS-R,150,145,7.5,7.5
902,LAA,OBERHOLTZR-L,110,119,8.5,9
902,SEA,AMIRANDA-L,-130,-129,8.5,9
902,MIA,ACASHNER-R,175,271,8.5,7.5
902,CLE,CCARRASCO-R,-195,-321,8.5,7.5
903,SFO,MBUMGARNR-L,140,116,7,7
903,CUB,JARRIETA-R,-160,-131,7,7
903,STL,JGARCIA-L,-120,-120,9,9
903,CIN,DSTRAILY-R,100,110,9,9
903,ATL,JGANT-R,130,109,8.5,8
903,PHI,VVELASQEZ-R,-150,-119,8.5,8
903,MIL,JNELSON-R,160,175,8.5,8
903,PIT,INOVA-R,-180,-195,8.5,8
903,WAS,TROARK-R,-130,-134,8,8
903,NYM,RGSELLMAN-R,110,119,8,8
903,ARI,BSHIPLEY-R,115,161,12,13
903,COL,TCHATWOOD-R,-135,-181,12,13
903,SDG,LPERDOMO-R,235,245,7.5,7.5
903,LOS,RHILL-L,-275,-285,7.5,7.5
903,HOU,JMUSGROVE-R,-115,-140,9,10
903,TEX,DHOLLAND-L,-105,125,9,10
903,TOR,MESTRADA-R,-154,-141,8,8.5
903,TAM,BSNELL-L,134,126,8,8.5
903,NYY,CSABATHIA-L,120,150,9,8.5
903,BAL,KGAUSMAN-R,-140,-170,9,8.5
903,CWS,JSHIELDS-R,120,126,10,10
903,MIN,HSANTIAGO-L,-140,-141,10,10
903,DET,MFULMER-R,-105,114,8,8
903,KAN,YVENTURA-R,-105,-124,8,8
903,BOS,RPORCELLO-R,-190,-205,8.5,8
903,OAK,DMENGDEN-R,170,175,8.5,8
903,LAA,TSKAGGS-L,100,116,8.5,8.5
903,SEA,TWALKER-R,-120,-126,8.5,8.5
903,MIA,JFERNANDZ-R,-115,102,7.5,7
903,CLE,TBAUER-R,-105,-112,7.5,7
904,STL,CMARTINEZ-R,-160,-210,8.5,8.5
904,CIN,TADLEMAN-R,140,180,8.5,8.5
904,WAS,RLOPEZ-R,-175,106,7,8
904,NYM,SLUGO-R,155,-116,7,8
904,ATL,JTEHERAN-R,-145,-176,8.5,8
904,PHI,JTHOMPSON-R,125,156,8.5,8
904,MIL,CANDERSON-R,145,165,8.5,9
904,PIT,SBRAULT-L,-165,-185,8.5,9
904,SFO,JCUETO-R,120,127,8,8
904,CUB,JLACKEY-R,-140,-142,8,8
904,SDG,CFRIEDRCH-L,180,181,8,8
904,LOS,JDELEON-R,-210,-211,8,8
904,ARI,ABRADLEY-R,150,175,11.5,12.5
904,COL,JGRAY-R,-170,-195,11.5,12.5
904,TOR,JHAPP-L,-120,-111,7.5,7
904,TAM,CARCHER-R,100,101,7.5,7
904,NYY,MPINEDA-R,-114,106,9,9
904,BAL,WMILEY-L,-106,-116,9,9
904,CWS,ARANAUDO-R,-114,119,10,10.5
904,MIN,AALBERS-L,-106,-134,10,10.5
904,DET,DNORRIS-L,105,-105,8.5,9
904,KAN,EVOLQUEZ-R,-125,-105,8.5,9
904,HOU,CMCHUGH-R,160,144,9,9
904,TEX,YDARVISH-R,-180,-159,9,9
904,BOS,ERODRIGUZ-L,-145,-121,8.5,8.5
904,OAK,KGRAVEMAN-R,125,111,8.5,8.5
904,LAA,MSHOEMAKR-R,120,105,8,8
904,SEA,HIWAKUMA-R,-140,-115,8,8
904,MIA,TKOEHLER-R,185,185,8.5,8.5
904,CLE,DSALAZAR-R,-215,-215,8.5,8.5
905,PHI,JEICKHOFF-R,105,-116,8.5,8
905,MIA,JESCH-R,-125,106,8.5,8
905,NYM,BCOLON-R,-125,-105,9,9
905,CIN,STEPHENSON-R,105,-105,9,9
905,CUB,KHENDRCKS-R,-210,-183,8,8
905,MIL,ZDAVIES-R,180,163,8,8
905,STL,WAINWRIGHT-R,-120,-105,8.5,8.5
905,PIT,CKUHL-R,100,-105,8.5,8.5
905,ATL,RWEBER-R,290,227,7.5,7.5
905,WAS,MSCHERZER-R,-350,-267,7.5,7.5
905,SFO,MMOORE-L,-125,-105,11.5,13
905,COL,CBETTIS-R,105,-105,11.5,13
905,ARI,ZGREINKE-R,125,149,7,7.5
905,LOS,KMAEDA-R,-145,-164,7,7.5
905,TOR,RDICKEY-R,115,138,8.5,8.5
905,NYY,MTANAKA-R,-135,-153,8.5,8.5
905,BAL,UJIMENEZ-R,-112,103,9,8.5
905,TAM,MANDRIESE-R,-108,-113,9,8.5
905,KAN,IKENNEDY-R,-145,-134,9,9
905,MIN,JBERRIOS-R,125,119,9,9
905,LAA,JWEAVER-R,-114,115,9,9
905,OAK,RALCANTRA-R,-106,-130,9,9
905,DET,VERLANDER-R,100,-108,7.5,8
905,CWS,CSALE-L,-120,-102,7.5,8
905,TEX,CHAMELS-L,-112,-122,7.5,7.5
905,SEA,FHERNANDZ-R,-108,112,7.5,7.5
905,HOU,MFIERS-R,105,-105,8.5,9
905,CLE,MCLEVNGER-R,-125,-105,8.5,9
905,BOS,DPOMERANZ-L,-220,-210,8,8
905,SDG,EJACKSON-R,190,180,8,8
906,ATL,WPEREZ-R,190,200,8.5,9
906,WAS,GGONZALEZ-L,-220,-230,8.5,9
906,STL,LWEAVER-R,-112,-117,8.5,8.5
906,PIT,VOGELSONG-R,-108,107,8.5,8.5
906,NYM,RMONTERO-R,-112,110,9,9
906,CIN,BFINNEGAN-L,-108,-120,9,9
906,PHI,AMORGAN-L,150,125,8.5,8
906,MIA,JURENA-R,-170,-140,8.5,8
906,CUB,JHAMMEL-R,-180,-168,9,9
906,MIL,WPERALTA-R,160,153,9,9
906,SFO,SAMARDZIJA-R,100,145,11.5,11
906,COL,TANDERSON-L,-120,-160,11.5,11
906,ARI,SMILLER-R,150,170,8.5,8
906,LOS,RSTRIPLNG-R,-170,-190,8.5,8
906,TOR,ASANCHEZ-R,-150,-161,8.5,9
906,NYY,LCESSA-R,130,146,8.5,9
906,BAL,YGALLARDO-R,120,119,8.5,8
906,TAM,JODORIZZI-R,-140,-134,8.5,8
906,HOU,BPEACOCK-R,150,175,7.5,8.5
906,CLE,CKLUBER-R,-170,-205,7.5,8.5
906,DET,MBOYD-L,-120,-123,9.5,9.5
906,CWS,MGONZALEZ-R,100,113,9.5,9.5
906,KAN,DGEE-R,-114,112,8.5,9
906,MIN,ESANTANA-R,-106,-122,8.5,9
906,LAA,RNOLASCO-R,-114,-109,8.5,9
906,OAK,ZNEAL-R,-106,-101,8.5,9
906,TEX,MPEREZ-L,100,140,8.5,8.5
906,SEA,JPAXTON-L,-120,-155,8.5,8.5
906,BOS,CBUCHHOLZ-R,-185,-195,8.5,8.5
906,SDG,PCLEMENS-R,165,175,8.5,8.5
907,NYM,SYNDERGARD-R,-160,-161,8,7.5
907,CIN,DESCLAFANI-R,140,146,8,7.5
907,STL,MLEAKE-R,110,111,8,8.5
907,PIT,JTAILLON-R,-130,-121,8,8.5
907,ATL,FOLTYNEWCZ-R,200,200,8,8.5
907,WAS,SSTRASBRG-R,-240,-230,8,8.5
907,PHI,JHELICKSN-R,120,118,8,8
907,MIA,ACASHNER-R,-140,-133,8,8
907,CUB,MONTGOMERY-L,-160,-175,9,9.5
907,MIL,MGARZA-R,140,155,9,9.5
907,SFO,ASUAREZ-R,-105,-119,12,11.5
907,COL,JDELAROSA-L,-115,109,12,11.5
907,ARI,RRAY-L,140,116,8,7.5
907,LOS,BSTEWART-R,-160,-126,8,7.5
907,BAL,DBUNDY-R,-113,-122,8,7.5
907,TAM,DSMYLY-L,-107,112,8,7.5
907,DET,ASANCHEZ-R,105,116,9,9
907,CWS,JQUINTANA-L,-125,-126,9,9
907,LAA,AMEYER-R,105,134,9,8.5
907,OAK,JCOTTON-R,-125,-149,9,8.5
907,TOR,MSTROMAN-R,-160,-176,9,9
907,NYY,BMITCHELL-R,140,156,9,9
907,HOU,DFISTER-R,140,161,8.5,8.5
907,CLE,CCARRASCO-R,-160,-181,8.5,8.5
907,KAN,DDUFFY-L,-145,-157,9,8.5
907,MIN,KGIBSON-R,125,142,9,8.5
907,TEX,AGRIFFIN-R,-115,106,8.5,9
907,SEA,AMIRANDA-L,-105,-116,8.5,9
907,BOS,DPRICE-L,-230,-241,7.5,7.5
907,SDG,JCOSART-R,200,201,7.5,7.5
908,PHI,AASHER-R,175,180,8.5,9.5
908,WAS,ACOLE-R,-205,-210,8.5,9.5
908,CIN,DSTRAILY-R,125,153,8,8.5
908,PIT,INOVA-R,-145,-173,8,8.5
908,MIL,JGUERRA-R,140,141,8,8
908,STL,JGARCIA-L,-160,-156,8,8
908,COL,JHOFFMAN-R,100,119,8,8
908,SDG,CRICHARD-L,-120,-129,8,8
908,HOU,DPAULINO-R,130,125,8.5,9
908,CLE,TBAUER-R,-150,-140,8.5,9
908,TAM,ACOBB-R,110,119,8.5,8.5
908,NYY,CSABATHIA-L,-130,-129,8.5,8.5
908,TEX,DHOLLAND-L,-114,119,8.5,8.5
908,SEA,TWALKER-R,-106,-134,8.5,8.5
909,PHI,JTHOMPSON-R,225,235,9,9
909,WAS,TROARK-R,-265,-275,9,9
909,CIN,TADLEMAN-R,140,146,9,9
909,PIT,SBRAULT-L,-160,-161,9,9
909,LOS,CKERSHAW-L,-150,-163,6.5,6
909,MIA,JFERNANDZ-R,130,148,6.5,6
909,NYM,RGSELLMAN-R,-105,116,8,8.5
909,ATL,JTEHERAN-R,-115,-126,8,8.5
909,MIL,JNELSON-R,190,225,8,8
909,STL,CMARTINEZ-R,-220,-265,8,8
909,SFO,MBUMGARNR-L,-200,-205,8.5,9.5
909,ARI,RDELAROSA-R,170,175,8.5,9.5
909,COL,TCHATWOOD-R,-140,-113,8.5,8
909,SDG,LPERDOMO-R,120,103,8.5,8
909,TAM,BSNELL-L,125,154,8.5,8.5
909,NYY,MPINEDA-R,-145,-174,8.5,8.5
909,BOS,RPORCELLO-R,-112,-109,8.5,9
909,TOR,MESTRADA-R,-108,-101,8.5,9
909,BAL,KGAUSMAN-R,110,-107,8.5,8.5
909,DET,MFULMER-R,-130,-103,8.5,8.5
909,KAN,YVENTURA-R,-114,108,8.5,7.5
909,CWS,CRODON-L,-106,-118,8.5,7.5
909,CLE,DSALAZAR-R,-160,-157,9,8.5
909,MIN,TDUFFEY-R,140,142,9,8.5
909,TEX,YDARVISH-R,-150,-134,8.5,7.5
909,LAA,TSKAGGS-L,130,119,8.5,7.5
909,SEA,HIWAKUMA-R,-160,-142,8.5,8.5
909,OAK,DMENGDEN-R,140,127,8.5,8.5
909,CUB,JLESTER-L,-150,-144,8,8
909,HOU,JMUSGROVE-R,130,129,8,8
910,CIN,STEPHENSON-R,135,150,9,9
910,PIT,DHUTCHSON-R,-155,-170,9,9
910,PHI,JEICKHOFF-R,250,255,7.5,7
910,WAS,MSCHERZER-R,-290,-305,7.5,7
910,NYM,BCOLON-R,-130,-130,8.5,9
910,ATL,JGANT-R,110,115,8.5,9
910,LOS,RHILL-L,-175,-215,8,7.5
910,MIA,TKOEHLER-R,155,185,8,7.5
910,MIL,CANDERSON-R,171,175,8.5,8.5
910,STL,WAINWRIGHT-R,-201,-195,8.5,8.5
910,SFO,JCUETO-R,-160,-186,8.5,9
910,ARI,ABRADLEY-R,140,166,8.5,9
910,COL,JGRAY-R,-140,-123,8,8
910,SDG,CFRIEDRCH-L,120,113,8,8
910,TAM,CARCHER-R,135,126,7.5,8
910,NYY,MTANAKA-R,-155,-141,7.5,8
910,BOS,ERODRIGUZ-L,120,141,9,9.5
910,TOR,JHAPP-L,-140,-156,9,9.5
910,SEA,FHERNANDZ-R,-125,-106,8,8
910,OAK,KGRAVEMAN-R,105,-104,8,8
910,BAL,UJIMENEZ-R,110,114,9.5,10
910,DET,JZIMMERMN-R,-130,-124,9.5,10
910,CLE,MCLEVNGER-R,-125,-134,9,9.5
910,MIN,HSANTIAGO-L,105,119,9,9.5
910,KAN,EVOLQUEZ-R,-130,-133,9.5,9.5
910,CWS,JSHIELDS-R,110,118,9.5,9.5
910,TEX,CHAMELS-L,-185,-149,8.5,9
910,LAA,DWRIGHT-R,165,134,8.5,9
910,CUB,JLACKEY-R,-120,100,8.5,7.5
910,HOU,CMCHUGH-R,100,-110,8.5,7.5
911,LOS,KMAEDA-R,-175,-200,8,7.5
911,MIA,JURENA-R,155,170,8,7.5
911,CIN,BFINNEGAN-L,120,134,9,8.5
911,PIT,VOGELSONG-R,-140,-149,9,8.5
911,NYM,SLUGO-R,-140,-132,9,9
911,ATL,WPEREZ-R,120,117,9,9
911,PHI,AMORGAN-L,215,205,9,8.5
911,WAS,GGONZALEZ-L,-255,-235,9,8.5
911,MIL,ZDAVIES-R,140,154,8.5,8.5
911,STL,LWEAVER-R,-160,-174,8.5,8.5
911,SFO,MMOORE-L,100,104,9,9.5
911,ARI,ZGREINKE-R,-120,-114,9,9.5
911,COL,CBETTIS-R,-135,-131,8,9
911,SDG,EJACKSON-R,115,116,8,9
911,TAM,MANDRIESE-R,120,113,9,10
911,NYY,LCESSA-R,-140,-123,9,10
911,BOS,CBUCHHOLZ-R,130,136,9.5,9
911,TOR,ASANCHEZ-R,-150,-151,9.5,9
911,BAL,CTILLMAN-R,130,148,8.5,8
911,DET,VERLANDER-R,-150,-163,8.5,8
911,KAN,IKENNEDY-R,140,146,8,7.5
911,CWS,CSALE-L,-160,-161,8,7.5
911,CLE,CKLUBER-R,-230,-215,9,8.5
911,MIN,JBERRIOS-R,200,185,9,8.5
911,TEX,CLEWIS-R,-130,-112,9.5,9.5
911,LAA,JWEAVER-R,110,102,9.5,9.5
911,SEA,JPAXTON-L,-140,-155,9,9
911,OAK,RALCANTRA-R,120,140,9,9
911,CUB,JARRIETA-R,-170,-143,7.5,7.5
911,HOU,MFIERS-R,150,128,7.5,7.5
912,PIT,GCOLE-R,-140,-140,8,7.5
912,PHI,JHELICKSN-R,120,125,8,7.5
912,NYM,RMONTERO-R,115,116,9,9.5
912,WAS,MLATOS-R,-135,-131,9,9.5
912,MIA,ACASHNER-R,100,108,8.5,8.5
912,ATL,FOLTYNEWCZ-R,-120,-118,8.5,8.5
912,MIL,WPERALTA-R,130,-103,8.5,9
912,CIN,KSAMPSON-R,-150,-107,8.5,9
912,CUB,KHENDRCKS-R,-150,-142,8,7.5
912,STL,MLEAKE-R,130,127,8,7.5
912,COL,TANDERSON-L,-125,-134,9.5,10
912,ARI,SMILLER-R,105,119,9.5,10
912,SDG,PCLEMENS-R,200,255,8,8.5
912,SFO,SAMARDZIJA-R,-240,-305,8,8.5
912,TAM,JODORIZZI-R,130,150,9,9
912,TOR,FLIRIANO-L,-150,-170,9,9
912,BAL,WMILEY-L,190,175,9.5,9.5
912,BOS,DPRICE-L,-220,-205,9.5,9.5
912,MIN,ESANTANA-R,140,122,9,9
912,DET,DNORRIS-L,-160,-137,9,9
912,OAK,RDETWILER-L,140,131,8.5,9
912,KAN,DGEE-R,-160,-146,8.5,9
912,CLE,CCARRASCO-R,-145,-195,8.5,8
912,CWS,MGONZALEZ-R,125,175,8.5,8
912,TEX,MPEREZ-L,110,119,9,9.5
912,HOU,DFISTER-R,-130,-134,9,9.5
912,SEA,AMIRANDA-L,100,106,9,9
912,LAA,RNOLASCO-R,-120,-116,9,9
912,LOS,JDELEON-R,-114,-155,9,8.5
912,NYY,BMITCHELL-R,-106,140,9,8.5
913,NYM,SYNDERGARD-R,-140,-115,7.5,8
913,WAS,ACOLE-R,120,105,7.5,8
913,PIT,INOVA-R,-155,-151,8.5,9
913,PHI,AASHER-R,135,136,8.5,9
913,MIL,MGARZA-R,120,113,8.5,9
913,CIN,DSTRAILY-R,-140,-123,8.5,9
913,MIA,JESCH-R,100,115,9,9
913,ATL,MWISLER-R,-120,-125,9,9
913,CUB,JHAMMEL-R,-125,102,8.5,8.5
913,STL,JGARCIA-L,105,-112,8.5,8.5
913,COL,JDELAROSA-L,120,148,9.5,10
913,ARI,RRAY-L,-140,-163,9.5,10
913,SDG,CRICHARD-L,130,135,8,8
913,SFO,ASUAREZ-R,-150,-150,8,8
913,TAM,DSMYLY-L,165,155,9,9
913,TOR,MSTROMAN-R,-185,-175,9,9
913,BAL,DBUNDY-R,135,141,9.5,10
913,BOS,DPOMERANZ-L,-155,-156,9.5,10
913,MIN,KGIBSON-R,160,149,9,9
913,DET,MBOYD-L,-180,-164,9,9
913,OAK,JCOTTON-R,160,150,8,8
913,KAN,DDUFFY-L,-180,-170,8,8
913,CLE,TBAUER-R,100,109,8.5,8
913,CWS,JQUINTANA-L,-120,-119,8.5,8
913,TEX,AGRIFFIN-R,105,131,9.5,9
913,HOU,BPEACOCK-R,-125,-146,9.5,9
913,SEA,TWALKER-R,-125,-130,9,9
913,LAA,AMEYER-R,105,115,9,9
913,LOS,JURIAS-L,-145,-106,8.5,8
913,NYY,CSABATHIA-L,125,-104,8.5,8
914,CUB,JLESTER-L,-135,-134,7.5,7
914,STL,CMARTINEZ-R,115,119,7.5,7
914,SDG,LPERDOMO-R,250,225,7.5,7.5
914,SFO,MBUMGARNR-L,-290,-265,7.5,7.5
914,NYM,RGSELLMAN-R,150,165,9,9
914,WAS,TROARK-R,-170,-185,9,9
914,PIT,SBRAULT-L,-140,-111,8.5,9
914,PHI,JTHOMPSON-R,120,101,8.5,9
914,MIL,JGUERRA-R,-120,106,9,9
914,CIN,TADLEMAN-R,100,-116,9,9
914,MIA,JFERNANDZ-R,-135,-145,7,7
914,ATL,JTEHERAN-R,115,130,7,7
914,COL,JHOFFMAN-R,120,115,10,10.5
914,ARI,RDELAROSA-R,-140,-130,10,10.5
914,TAM,ACOBB-R,170,128,9,8.5
914,TOR,MESTRADA-R,-200,-143,9,8.5
914,BAL,KGAUSMAN-R,145,142,9,9.5
914,BOS,RPORCELLO-R,-165,-157,9,9.5
914,MIN,TDUFFEY-R,150,155,9.5,9
914,DET,ASANCHEZ-R,-170,-175,9.5,9
914,OAK,SMANAEA-L,135,112,8,7.5
914,KAN,YVENTURA-R,-155,-122,8,7.5
914,CLE,JTOMLIN-R,-112,-114,8.5,8.5
914,CWS,CRODON-L,-108,104,8.5,8.5
914,TEX,DHOLLAND-L,-125,151,8,8.5
914,HOU,JMUSGROVE-R,105,-171,8,8.5
914,SEA,HIWAKUMA-R,-112,-157,8.5,8.5
914,LAA,JCHACIN-R,-108,142,8.5,8.5
914,LOS,CKERSHAW-L,-200,-171,7.5,7
914,NYY,MPINEDA-R,170,151,7.5,7
915,PIT,CKUHL-R,-113,112,8.5,8
915,PHI,JEICKHOFF-R,-107,-122,8.5,8
915,MIL,JNELSON-R,180,190,9,9
915,CUB,MONTGOMERY-L,-210,-220,9,9
915,LOS,RHILL-L,-220,-220,9,10
915,ARI,ABRADLEY-R,190,190,9,10
915,STL,WAINWRIGHT-R,140,145,7.5,7
915,SFO,JCUETO-R,-160,-160,7.5,7
915,MIN,HSANTIAGO-L,120,135,9.5,9.5
915,DET,MPELFREY-R,-140,-150,9.5,9.5
915,CLE,MCLEVNGER-R,-160,-142,10,9.5
915,CWS,JSHIELDS-R,140,127,10,9.5
915,TAM,BSNELL-L,125,110,9,9
915,BAL,YGALLARDO-R,-145,-120,9,9
915,NYY,MTANAKA-R,100,118,9,8
915,BOS,ERODRIGUZ-L,-120,-128,9,8
915,OAK,DMENGDEN-R,140,134,9,9
915,KAN,EVOLQUEZ-R,-160,-149,9,9
915,TOR,JHAPP-L,-170,-170,9,9
915,LAA,DWRIGHT-R,150,150,9,9
916,MIL,CANDERSON-R,120,148,9.5,9
916,CUB,JLACKEY-R,-140,-163,9.5,9
916,MIA,TKOEHLER-R,-115,-141,8.5,8.5
916,PHI,AMORGAN-L,-105,126,8.5,8.5
916,PIT,VOGELSONG-R,-105,-119,9.5,10
916,CIN,STEPHENSON-R,-105,109,9.5,10
916,WAS,MSCHERZER-R,-260,-265,7.5,7.5
916,ATL,JGANT-R,220,225,7.5,7.5
916,SDG,CFRIEDRCH-L,150,144,12,12.5
916,COL,TCHATWOOD-R,-170,-159,12,12.5
916,LOS,KMAEDA-R,-130,-141,9,9
916,ARI,ZGREINKE-R,110,126,9,9
916,STL,LWEAVER-R,110,105,7.5,7.5
916,SFO,MMOORE-L,-130,-115,7.5,7.5
916,TAM,CARCHER-R,-105,-104,9,9
916,BAL,UJIMENEZ-R,-115,-106,9,9
916,NYY,LCESSA-R,140,153,10,10
916,BOS,CBUCHHOLZ-R,-160,-173,10,10
916,DET,MFULMER-R,140,165,7.5,8
916,CLE,CKLUBER-R,-160,-185,7.5,8
916,OAK,KGRAVEMAN-R,165,171,9,9
916,TEX,CHAMELS-L,-185,-201,9,9
916,CWS,CSALE-L,-130,-127,7,7
916,KAN,IKENNEDY-R,110,117,7,7
916,TOR,RDICKEY-R,-145,-145,9,9
916,LAA,JWEAVER-R,125,130,9,9
916,HOU,CMCHUGH-R,140,116,8,8
916,SEA,FHERNANDZ-R,-160,-131,8,8
916,MIN,JBERRIOS-R,179,154,8.5,8.5
916,NYM,BCOLON-R,-209,-174,8.5,8.5
917,WAS,GGONZALEZ-L,-176,-164,9.5,9
917,ATL,COLLMENTER-R,156,149,9.5,9
917,MIL,ZDAVIES-R,235,178,9,8.5
917,CUB,JARRIETA-R,-275,-208,9,8.5
917,PIT,JTAILLON-R,-120,-113,8.5,8.5
917,CIN,DESCLAFANI-R,100,103,8.5,8.5
917,MIA,JURENA-R,-114,-101,8,8
917,PHI,JHELICKSN-R,-106,-109,8,8
917,LOS,BSTEWART-R,-150,-154,10.5,11
917,ARI,SMILLER-R,130,139,10.5,11
917,SDG,EJACKSON-R,160,170,12,12.5
917,COL,JGRAY-R,-180,-200,12,12.5
917,STL,MLEAKE-R,110,118,7.5,7.5
917,SFO,SAMARDZIJA-R,-130,-128,7.5,7.5
917,NYY,BMITCHELL-R,225,222,9,9.5
917,BOS,DPRICE-L,-265,-262,9,9.5
917,DET,VERLANDER-R,105,119,8,8
917,CLE,CCARRASCO-R,-125,-134,8,8
917,TAM,MANDRIESE-R,140,125,9,9
917,BAL,CTILLMAN-R,-160,-140,9,9
917,CWS,MGONZALEZ-R,-114,118,9,9
917,KAN,JVARGAS-L,-106,-128,9,9
917,OAK,RALCANTRA-R,200,213,9,9.5
917,TEX,YDARVISH-R,-240,-253,9,9.5
917,TOR,FLIRIANO-L,-145,-140,9,9
917,LAA,RNOLASCO-R,125,125,9,9
917,HOU,MFIERS-R,110,126,8.5,8
917,SEA,JPAXTON-L,-130,-141,8.5,8
917,MIN,ESANTANA-R,135,135,8,8
917,NYM,SLUGO-R,-155,-150,8,8
917,PIT,TWILLIAMS-R,110,-116,9,9
917,CIN,BFINNEGAN-L,-130,106,9,9
918,PIT,INOVA-R,-135,-133,8.5,8.5
918,CIN,DSTRAILY-R,115,118,8.5,8.5
918,MIA,ACASHNER-R,-114,-120,8.5,9
918,PHI,AASHER-R,-106,110,8.5,9
918,WAS,JROSS-R,-150,-143,9,9
918,ATL,MWISLER-R,130,128,9,9
918,MIL,WPERALTA-R,220,290,8.5,8.5
918,CUB,KHENDRCKS-R,-260,-350,8.5,8.5
918,STL,AREYES-R,-115,-115,8,8.5
918,SFO,ASUAREZ-R,-105,105,8,8.5
918,SDG,JCOSART-R,140,166,12.5,12.5
918,COL,CBETTIS-R,-160,-186,12.5,12.5
918,LOS,JDELEON-R,-130,-129,10,9
918,ARI,RRAY-L,110,119,10,9
918,NYY,CSABATHIA-L,160,159,9.5,9
918,BOS,DPOMERANZ-L,-180,-179,9.5,9
918,DET,DNORRIS-L,120,126,9,9
918,CLE,TBAUER-R,-140,-141,9,9
918,TAM,JODORIZZI-R,-114,139,9,9
918,BAL,WMILEY-L,-106,-154,9,9
918,CWS,JQUINTANA-L,105,107,8,7.5
918,KAN,DDUFFY-L,-125,-117,8,7.5
918,OAK,RDETWILER-L,175,152,10.5,11
918,TEX,CLEWIS-R,-195,-172,10.5,11
918,TOR,MSTROMAN-R,-180,-158,9,9.5
918,LAA,AMEYER-R,160,143,9,9.5
918,HOU,DFISTER-R,-109,100,8.5,9
918,SEA,AMIRANDA-L,-111,-110,8.5,9
918,MIN,KGIBSON-R,170,117,8,8.5
918,NYM,JDEGROM-R,-200,-132,8,8.5
919,WAS,ACOLE-R,-130,119,8.5,8.5
919,MIA,WCHEN-L,110,-129,8.5,8.5
919,ATL,ABLAIR-R,235,225,7,7
919,NYM,SYNDERGARD-R,-275,-265,7,7
919,CIN,TADLEMAN-R,205,235,10,9.5
919,CUB,JHAMMEL-R,-235,-275,10,9.5
919,STL,CMARTINEZ-R,-115,-116,11.5,11
919,COL,TANDERSON-L,-105,106,11.5,11
919,ARI,BSHIPLEY-R,-105,138,8.5,8.5
919,SDG,CRICHARD-L,-115,-153,8.5,8.5
919,SFO,MBUMGARNR-L,155,161,6,5.5
919,LOS,CKERSHAW-L,-175,-181,6,5.5
919,CWS,CRODON-L,105,113,8.5,8.5
919,KAN,YVENTURA-R,-125,-123,8.5,8.5
919,BOS,RPORCELLO-R,-130,-126,9,9
919,BAL,DBUNDY-R,110,116,9,9
919,LAA,JCHACIN-R,150,117,10,10.5
919,TEX,MPEREZ-L,-170,-132,10,10.5
919,HOU,BPEACOCK-R,-112,-114,8.5,8
919,OAK,JCOTTON-R,-108,104,8.5,8
919,TOR,MESTRADA-R,-105,107,8.5,8.5
919,SEA,TWALKER-R,-115,-117,8.5,8.5
920,ATL,JTEHERAN-R,100,113,8,8
920,NYM,RGSELLMAN-R,-120,-123,8,8
920,WAS,TROARK-R,130,159,7,7
920,MIA,JFERNANDZ-R,-150,-179,7,7
920,CIN,JSMITH-R,250,255,8.5,8
920,CUB,JLESTER-L,-300,-295,8.5,8
920,PIT,SBRAULT-L,-105,-123,9,9
920,MIL,MGARZA-R,-105,113,9,9
920,STL,WAINWRIGHT-R,-130,-123,12,12
920,COL,JDELAROSA-L,110,113,12,12
920,ARI,ABRADLEY-R,-115,-120,8.5,8.5
920,SDG,PCLEMENS-R,-105,110,8.5,8.5
920,SFO,JCUETO-R,145,132,7,7
920,LOS,RHILL-L,-165,-147,7,7
920,BOS,ERODRIGUZ-L,100,138,9,8.5
920,BAL,KGAUSMAN-R,-120,-153,9,8.5
920,NYY,MPINEDA-R,-105,-115,7.5,7
920,TAM,DSMYLY-L,-115,105,7.5,7
920,KAN,EVOLQUEZ-R,150,142,9,8.5
920,CLE,JTOMLIN-R,-170,-157,9,8.5
920,LAA,DWRIGHT-R,155,173,10.5,10.5
920,TEX,AGRIFFIN-R,-175,-193,10.5,10.5
920,DET,MBOYD-L,-120,-111,9.5,9.5
920,MIN,HSANTIAGO-L,100,101,9.5,9.5
920,HOU,JMUSGROVE-R,-125,-130,8,7.5
920,OAK,SMANAEA-L,105,115,8,7.5
920,TOR,JHAPP-L,-120,-114,8,7.5
920,SEA,HIWAKUMA-R,100,104,8,7.5
920,CWS,JSHIELDS-R,110,-102,9.5,9
920,PHI,JTHOMPSON-R,-130,-108,9.5,9
921,STL,LWEAVER-R,-140,-130,12.5,12.5
921,COL,GMARQUEZ-R,120,115,12.5,12.5
921,ATL,RWEBER-R,185,158,8.5,8.5
921,NYM,BCOLON-R,-215,-178,8.5,8.5
921,WAS,MSCHERZER-R,-200,-210,7.5,7.5
921,MIA,TKOEHLER-R,170,180,7.5,7.5
921,CIN,STEPHENSON-R,205,251,9,9
921,CUB,JLACKEY-R,-245,-291,9,9
921,PIT,CKUHL-R,-120,-132,9,9
921,MIL,JNELSON-R,100,117,9,9
921,ARI,ZGREINKE-R,-140,-127,7.5,7.5
921,SDG,LPERDOMO-R,120,117,7.5,7.5
921,SFO,MMOORE-L,140,136,7.5,7.5
921,LOS,KMAEDA-R,-160,-151,7.5,7.5
921,HOU,CMCHUGH-R,-140,-174,8.5,8
921,OAK,DMENGDEN-R,120,154,8.5,8
921,TOR,ASANCHEZ-R,-105,-124,8,8
921,SEA,FHERNANDZ-R,-105,114,8,8
921,BOS,CBUCHHOLZ-R,-120,-105,10,10
921,BAL,UJIMENEZ-R,100,-105,10,10
921,NYY,MTANAKA-R,-130,-124,7,7
921,TAM,ACOBB-R,110,114,7,7
921,KAN,IKENNEDY-R,170,165,7.5,7.5
921,CLE,CKLUBER-R,-200,-185,7.5,7.5
921,LAA,JWEAVER-R,170,134,10,11
921,TEX,DHOLLAND-L,-200,-149,10,11
921,CWS,CSALE-L,-165,-149,7.5,7
921,PHI,JEICKHOFF-R,145,134,7.5,7
922,ATL,COLLMENTER-R,140,125,8.5,9
922,MIA,JURENA-R,-160,-140,8.5,9
922,PHI,AMORGAN-L,185,144,8,8
922,NYM,SLUGO-R,-215,-159,8,8
922,PIT,VOGELSONG-R,-112,-121,9.5,9
922,MIL,CANDERSON-R,-108,111,9.5,9
922,SFO,SAMARDZIJA-R,-155,-157,8,7.5
922,SDG,CFRIEDRCH-L,135,142,8,7.5
922,COL,TCHATWOOD-R,165,218,8,8
922,LOS,BANDERSON-L,-185,-258,8,8
922,BOS,DPRICE-L,-145,-124,8.5,8.5
922,BAL,CTILLMAN-R,125,114,8.5,8.5
922,NYY,LCESSA-R,105,116,8,8
922,TAM,BSNELL-L,-125,-131,8,8
922,KAN,JVARGAS-L,145,127,9,8.5
922,CLE,MCLEVNGER-R,-165,-142,9,8.5
922,DET,VERLANDER-R,-145,-152,8.5,7.5
922,MIN,ESANTANA-R,125,137,8.5,7.5
922,LAA,RNOLASCO-R,160,147,8.5,8.5
922,HOU,MFIERS-R,-180,-162,8.5,8.5
922,DET,ASANCHEZ-R,-140,-145,10,10
922,MIN,PDEAN-L,120,130,10,10
923,STL,MLEAKE-R,190,175,7,7.5
923,CUB,JARRIETA-R,-220,-195,7,7.5
923,WAS,GGONZALEZ-L,100,108,8.5,8
923,PIT,JTAILLON-R,-120,-118,8.5,8
923,ATL,MWISLER-R,120,135,8.5,8.5
923,MIA,ACASHNER-R,-140,-150,8.5,8.5
923,PHI,JHELICKSN-R,150,134,7.5,8
923,NYM,GYNOA-R,-170,-149,7.5,8
923,CIN,DESCLAFANI-R,105,106,8.5,8
923,MIL,ZDAVIES-R,-125,-116,8.5,8
923,COL,JGRAY-R,130,155,7.5,7.5
923,LOS,SKAZMIR-L,-150,-175,7.5,7.5
923,SFO,ASUAREZ-R,-145,-156,8.5,8
923,SDG,EJACKSON-R,125,141,8.5,8
923,NYY,BMITCHELL-R,170,185,9.5,9.5
923,TOR,FLIRIANO-L,-200,-215,9.5,9.5
923,BOS,DPOMERANZ-L,-125,-116,7.5,7.5
923,TAM,CARCHER-R,105,106,7.5,7.5
923,KAN,DDUFFY-L,115,116,8,8
923,DET,MFULMER-R,-135,-131,8,8
923,CWS,MGONZALEZ-R,135,160,8.5,9
923,CLE,TBAUER-R,-155,-180,8.5,9
923,LAA,AMEYER-R,155,131,9,9
923,HOU,DFISTER-R,-175,-146,9,9
923,SEA,JPAXTON-L,-140,-176,9,9
923,MIN,KGIBSON-R,120,156,9,9
923,TEX,CHAMELS-L,-146,-156,8,8
923,OAK,KGRAVEMAN-R,126,141,8,8
923,ARI,SMILLER-R,150,200,10,10.5
923,BAL,YGALLARDO-R,-170,-230,10,10.5
924,STL,AREYES-R,130,126,8,8
924,CUB,JHAMMEL-R,-150,-141,8,8
924,WAS,JROSS-R,110,100,8.5,8
924,PIT,INOVA-R,-130,-110,8.5,8
924,ATL,ABLAIR-R,125,175,8.5,8.5
924,MIA,WCHEN-L,-145,-205,8.5,8.5
924,PHI,AASHER-R,200,181,7,8.5
924,NYM,SGILMARTN-L,-240,-211,7,8.5
924,CIN,DSTRAILY-R,-114,-104,9,9
924,MIL,TJUNGMANN-R,-106,-106,9,9
924,SFO,MBUMGARNR-L,-220,-240,7,7
924,SDG,JCOSART-R,190,200,7,7
924,COL,CBETTIS-R,250,290,6,6.5
924,LOS,CKERSHAW-L,-300,-340,6,6.5
924,NYY,CSABATHIA-L,175,205,9,8.5
924,TOR,MSTROMAN-R,-195,-235,9,8.5
924,TEX,YDARVISH-R,-125,-117,9,8
924,OAK,RALCANTRA-R,105,107,9,8
924,BOS,RPORCELLO-R,-160,-145,8,8
924,TAM,MANDRIESE-R,140,130,8,8
924,LAA,JCHACIN-R,140,126,9,8.5
924,HOU,BPEACOCK-R,-160,-141,9,8.5
924,CWS,JQUINTANA-L,-105,129,8.5,8.5
924,CLE,CANDERSON-R,-115,-144,8.5,8.5
924,KAN,YVENTURA-R,110,146,9,8
924,DET,DNORRIS-L,-130,-161,9,8
924,SEA,AMIRANDA-L,-130,-140,9.5,9.5
924,MIN,TDUFFEY-R,110,125,9.5,9.5
924,ARI,RRAY-L,120,136,9.5,9
924,BAL,WMILEY-L,-140,-151,9.5,9
925,PHI,JTHOMPSON-R,165,175,8.5,8.5
925,NYM,RGSELLMAN-R,-185,-195,8.5,8.5
925,WAS,ACOLE-R,145,125,8,8
925,PIT,TGLASNOW-R,-165,-140,8,8
925,CIN,BFINNEGAN-L,110,116,9,8.5
925,MIL,WPERALTA-R,-130,-131,9,8.5
925,STL,CMARTINEZ-R,150,153,9.5,8.5
925,CUB,JLESTER-L,-170,-173,9.5,8.5
925,COL,TANDERSON-L,125,129,8,8
925,LOS,BMCCARTHY-R,-145,-144,8,8
925,SFO,TBLACH-L,-120,-119,8,8.5
925,SDG,CRICHARD-L,100,109,8,8.5
925,NYY,MPINEDA-R,140,116,9,8.5
925,TOR,MESTRADA-R,-160,-126,9,8.5
925,BOS,ERODRIGUZ-L,-139,-124,8,8
925,TAM,JODORIZZI-R,119,114,8,8
925,KAN,EVOLQUEZ-R,130,138,9,9
925,DET,MBOYD-L,-150,-153,9,9
925,CWS,CRODON-L,130,149,8.5,8.5
925,CLE,JTOMLIN-R,-150,-164,8.5,8.5
925,LAA,DWRIGHT-R,165,165,9,9
925,HOU,JMUSGROVE-R,-185,-185,9,9
925,SEA,TWALKER-R,-135,-146,9,9
925,MIN,HSANTIAGO-L,115,131,9,9
925,TEX,CLEWIS-R,-114,101,8.5,8.5
925,OAK,JCOTTON-R,-106,-111,8.5,8.5
925,ARI,BSHIPLEY-R,185,220,9.5,9.5
925,BAL,DBUNDY-R,-215,-260,9.5,9.5
926,ARI,ABRADLEY-R,170,156,8.5,8
926,WAS,TROARK-R,-200,-176,8.5,8
926,CUB,KHENDRCKS-R,-155,-163,7.5,7.5
926,PIT,CKUHL-R,135,148,7.5,7.5
926,NYM,BCOLON-R,-120,109,8.5,8
926,MIA,ACONLEY-L,100,-119,8.5,8
926,CIN,TADLEMAN-R,170,215,8.5,8.5
926,STL,JGARCIA-L,-200,-255,8.5,8.5
926,NYY,LSEVERINO-R,170,180,8.5,8.5
926,TOR,JHAPP-L,-200,-210,8.5,8.5
926,CLE,CKLUBER-R,-126,-177,8.5,8.5
926,DET,BFARMER-R,106,157,8.5,8.5
926,TAM,DSMYLY-L,-120,-130,9,9
926,CWS,JSHIELDS-R,100,115,9,9
926,SEA,HIWAKUMA-R,110,113,8.5,8
926,HOU,CMCHUGH-R,-130,-123,8.5,8
926,OAK,SMANAEA-L,-120,-108,8.5,9
926,LAA,JWEAVER-R,100,-102,8.5,9
926,MIL,MGARZA-R,155,160,10,9.5
926,TEX,MPEREZ-L,-175,-180,10,9.5
927,CUB,JLACKEY-R,-165,-148,8,8.5
927,PIT,VOGELSONG-R,145,133,8,8.5
927,ARI,MKOCH-R,250,230,7.5,7.5
927,WAS,MSCHERZER-R,-300,-270,7.5,7.5
927,NYM,SYNDERGARD-R,-165,-174,7.5,7.5
927,MIA,TKOEHLER-R,145,154,7.5,7.5
927,PHI,JEICKHOFF-R,135,133,8,7.5
927,ATL,JTEHERAN-R,-155,-148,8,7.5
927,CIN,STEPHENSON-R,200,200,8.5,8.5
927,STL,WAINWRIGHT-R,-230,-230,8.5,8.5
927,LOS,KMAEDA-R,-155,-235,8,8
927,SDG,PCLEMENS-R,135,205,8,8
927,COL,GMARQUEZ-R,170,170,8,8
927,SFO,MMOORE-L,-200,-200,8,8
927,BOS,DPRICE-L,-200,-220,8.5,8.5
927,NYY,LCESSA-R,170,190,8.5,8.5
927,BAL,KGAUSMAN-R,130,115,8.5,8.5
927,TOR,ASANCHEZ-R,-150,-125,8.5,8.5
927,CLE,MCLEVNGER-R,200,240,8.5,8.5
927,DET,VERLANDER-R,-230,-280,8.5,8.5
927,MIN,JBERRIOS-R,150,152,8.5,8.5
927,KAN,IKENNEDY-R,-170,-172,8.5,8.5
927,SEA,FHERNANDZ-R,-105,100,8,8
927,HOU,MFIERS-R,-105,-110,8,8
927,TAM,ACOBB-R,150,152,8,7.5
927,CWS,CSALE-L,-170,-172,8,7.5
927,OAK,DMENGDEN-R,120,109,8.5,8.5
927,LAA,RNOLASCO-R,-140,-119,8.5,8.5
927,MIL,JNELSON-R,160,170,10,9.5
927,TEX,AGRIFFIN-R,-180,-190,10,9.5
928,CUB,JARRIETA-R,-175,-172,7,7.5
928,PIT,JTAILLON-R,155,152,7,7.5
928,ARI,SMILLER-R,165,148,8.5,8.5
928,WAS,GGONZALEZ-L,-185,-163,8.5,8.5
928,PHI,AMORGAN-L,115,136,9,8.5
928,ATL,FOLTYNEWCZ-R,-135,-151,9,8.5
928,NYM,SLUGO-R,-130,105,8.5,8.5
928,MIA,JURENA-R,110,-115,8.5,8.5
928,CIN,DESCLAFANI-R,155,158,8.5,8
928,STL,MLEAKE-R,-175,-178,8.5,8
928,LOS,JDELEON-R,-155,-185,8,8
928,SDG,LPERDOMO-R,135,165,8,8
928,COL,TCHATWOOD-R,175,161,7.5,7.5
928,SFO,SAMARDZIJA-R,-205,-181,7.5,7.5
928,SEA,JPAXTON-L,-120,-127,8.5,8.5
928,HOU,DFISTER-R,100,117,8.5,8.5
928,BOS,CBUCHHOLZ-R,-170,-124,9,9
928,NYY,BMITCHELL-R,150,114,9,9
928,BAL,CTILLMAN-R,115,136,9,9
928,TOR,FLIRIANO-L,-135,-151,9,9
928,CLE,MCALLISTER-R,125,115,9,8.5
928,DET,MFULMER-R,-145,-130,9,8.5
928,MIN,ESANTANA-R,110,115,8.5,8
928,KAN,JVARGAS-L,-130,-130,8.5,8
928,TAM,BSNELL-L,100,-113,8.5,8.5
928,CWS,MGONZALEZ-R,-120,103,8.5,8.5
928,OAK,SGRAY-R,-105,104,8.5,8.5
928,LAA,AMEYER-R,-105,-114,8.5,8.5
928,MIL,CANDERSON-R,180,185,9,9
928,TEX,CHAMELS-L,-210,-215,9,9
929,ARI,RRAY-L,145,119,8.5,7.5
929,WAS,JROSS-R,-165,-134,8.5,7.5
929,CUB,ZASTRYZNY-L,-111,135,8.5,7.5
929,PIT,INOVA-R,-109,-150,8.5,7.5
929,PHI,JHELICKSN-R,110,110,8.5,8.5
929,ATL,COLLMENTER-R,-130,-120,8.5,8.5
929,CIN,DSTRAILY-R,170,176,8.5,7
929,STL,AREYES-R,-200,-196,8.5,7
929,LOS,JURIAS-L,-170,-158,8,7.5
929,SDG,CFRIEDRCH-L,150,143,8,7.5
929,COL,JGRAY-R,170,175,7,7
929,SFO,JCUETO-R,-190,-205,7,7
929,BOS,HOWENS-L,155,146,9,9
929,NYY,CSABATHIA-L,-175,-161,9,9
929,BAL,UJIMENEZ-R,150,170,9,8.5
929,TOR,MSTROMAN-R,-170,-200,9,8.5
929,MIN,KGIBSON-R,150,174,8,7.5
929,KAN,DDUFFY-L,-170,-194,8,7.5
929,TAM,CARCHER-R,105,109,7.5,7.5
929,CWS,JQUINTANA-L,-125,-119,7.5,7.5
929,OAK,KGRAVEMAN-R,125,143,8,8
929,SEA,AMIRANDA-L,-145,-158,8,8
930,MIA,ACASHNER-R,120,130,8.5,8.5
930,WAS,ACOLE-R,-140,-145,8.5,8.5
930,NYM,RGSELLMAN-R,-150,-176,8.5,8.5
930,PHI,AASHER-R,130,156,8.5,8.5
930,CUB,JBUCHANAN-R,-125,-172,9.5,9.5
930,CIN,JSMITH-R,105,152,9.5,9.5
930,MIL,BSUTER-L,150,125,12,11.5
930,COL,CBETTIS-R,-170,-140,12,11.5
930,PIT,TGLASNOW-R,170,166,8,7.5
930,STL,CMARTINEZ-R,-190,-186,8,7.5
930,SDG,EJACKSON-R,125,114,10.5,10.5
930,ARI,BSHIPLEY-R,-145,-124,10.5,10.5
930,LOS,RHILL-L,110,145,6,6.5
930,SFO,MBUMGARNR-L,-130,-160,6,6.5
930,BAL,YGALLARDO-R,110,145,9,8
930,NYY,MPINEDA-R,-130,-160,9,8
930,TOR,MESTRADA-R,125,140,9.5,8.5
930,BOS,RPORCELLO-R,-145,-155,9.5,8.5
930,TAM,MANDRIESE-R,180,185,9,8.5
930,TEX,YDARVISH-R,-210,-215,9,8.5
930,MIN,TDUFFEY-R,150,139,9,8.5
930,CWS,CRODON-L,-170,-154,9,8.5
930,CLE,RMERRITT-L,110,-127,8.5,8.5
930,KAN,YVENTURA-R,-130,117,8.5,8.5
930,HOU,BPEACOCK-R,-130,-130,8.5,8.5
930,LAA,DWRIGHT-R,110,115,8.5,8.5
930,OAK,RALCANTRA-R,170,179,8.5,8.5
930,SEA,TWALKER-R,-200,-199,8.5,8.5
930,DET,DNORRIS-L,-145,-140,8.5,8.5
930,ATL,MWISLER-R,125,125,8.5,8.5
1001,MIA,WCHEN-L,155,150,8,8
1001,WAS,TROARK-R,-175,-170,8,8
1001,LOS,CKERSHAW-L,-200,-215,7,7
1001,SFO,TBLACH-L,170,185,7,7
1001,CUB,JLESTER-L,-200,-220,8.5,8
1001,CIN,TADLEMAN-R,170,190,8.5,8
1001,PIT,CKUHL-R,140,153,8.5,8.5
1001,STL,MWACHA-R,-160,-173,8.5,8.5
1001,NYM,BCOLON-R,-185,-170,9,8.5
1001,PHI,PKLEIN-R,165,150,9,8.5
1001,MIL,WPERALTA-R,160,116,12,12.5
1001,COL,JHOFFMAN-R,-180,-131,12,12.5
1001,SDG,CRICHARD-L,105,116,9.5,9.5
1001,ARI,ABRADLEY-R,-125,-131,9.5,9.5
1001,TOR,JHAPP-L,105,-118,9.5,9
1001,BOS,ERODRIGUZ-L,-125,108,9.5,9
1001,BAL,WMILEY-L,-105,-115,9,8.5
1001,NYY,LSEVERINO-R,-115,105,9,8.5
1001,CLE,TBAUER-R,-115,-143,9,9
1001,KAN,EVOLQUEZ-R,-105,128,9,9
1001,MIN,HSANTIAGO-L,100,112,9,9
1001,CWS,JSHIELDS-R,-120,-122,9,9
1001,TAM,JODORIZZI-R,-115,-116,9,9
1001,TEX,CLEWIS-R,-105,106,9,9
1001,HOU,CMCHUGH-R,-114,-115,8.5,8
1001,LAA,TSKAGGS-L,-106,105,8.5,8
1001,OAK,JCOTTON-R,135,151,8,7.5
1001,SEA,HIWAKUMA-R,-155,-171,8,7.5
1001,DET,JZIMMERMN-R,-155,-188,9,9
1001,ATL,ABLAIR-R,135,168,9,9
1002,NYM,SYNDERGARD-R,125,136,8.5,8.5
1002,PHI,JEICKHOFF-R,-145,-151,8.5,8.5
1002,MIA,TKOEHLER-R,210,220,7,7
1002,WAS,MSCHERZER-R,-250,-260,7,7
1002,LOS,KMAEDA-R,105,106,7.5,7.5
1002,SFO,MMOORE-L,-125,-116,7.5,7.5
1002,SDG,PCLEMENS-R,125,141,10,10
1002,ARI,MKOCH-R,-145,-156,10,10
1002,MIL,UNDECIDED,120,136,10.5,11
1002,COL,GMARQUEZ-R,-140,-151,10.5,11
1002,CUB,KHENDRCKS-R,-230,-240,8.5,8.5
1002,CIN,STEPHENSON-R,200,200,8.5,8.5
1002,PIT,VOGELSONG-R,170,185,8.5,8.5
1002,STL,WAINWRIGHT-R,-200,-215,8.5,8.5
1002,BAL,UNDECIDED,-131,-142,8.5,8.5
1002,NYY,LCESSA-R,111,127,8.5,8.5
1002,OAK,SMANAEA-L,125,111,8,7.5
1002,SEA,FHERNANDZ-R,-145,-121,8,7.5
1002,TOR,ASANCHEZ-R,111,104,8.5,8.5
1002,BOS,DPRICE-L,-131,-114,8.5,8.5
1002,TAM,CWHITLEY-R,140,140,9.5,9.5
1002,TEX,MPEREZ-L,-160,-155,9.5,9.5
1002,HOU,UNDECIDED,-104,114,8.5,8.5
1002,LAA,UNDECIDED,-116,-124,8.5,8.5
1002,MIN,JBERRIOS-R,201,225,8,7.5
1002,CWS,CSALE-L,-231,-265,8,7.5
1002,CLE,JTOMLIN-R,-112,-120,8.5,8
1002,KAN,IKENNEDY-R,-108,110,8.5,8
1002,DET,VERLANDER-R,-150,-153,8,7.5
1002,ATL,JTEHERAN-R,130,138,8,7.5
1004,BAL,CTILLMAN-R,130,150,8.5,8.5
1004,TOR,MSTROMAN-R,-150,-170,8.5,8.5
1005,SFO,MBUMGARNR-L,-112,-118,6,6
1005,NYM,SYNDERGARD-R,-108,108,6,6
1006,BOS,RPORCELLO-R,-130,-130,8.5,8.5
1006,CLE,TBAUER-R,110,115,8.5,8.5
1006,TOR,MESTRADA-R,130,103,9,9.5
1006,TEX,CHAMELS-L,-150,-113,9,9.5
1007,LOS,CKERSHAW-L,-135,-161,6,5.5
1007,WAS,MSCHERZER-R,115,146,6,5.5
1007,SFO,JCUETO-R,165,150,7,6.5
1007,CUB,JLESTER-L,-185,-170,7,6.5
1007,BOS,DPRICE-L,-105,104,7,7.5
1007,CLE,CKLUBER-R,-105,-114,7,7.5
1007,TOR,JHAPP-L,100,126,9,8
1007,TEX,YDARVISH-R,-120,-141,9,8
1008,SFO,SAMARDZIJA-R,155,175,7,7.5
1008,CUB,KHENDRCKS-R,-175,-195,7,7.5
1009,TEX,CLEWIS-R,170,175,9.5,9
1009,TOR,ASANCHEZ-R,-200,-205,9.5,9
1009,LOS,RHILL-L,-115,-140,7.5,7.5
1009,WAS,TROARK-R,-105,125,7.5,7.5
1010,WAS,GGONZALEZ-L,130,125,7.5,7.5
1010,LOS,KMAEDA-R,-150,-140,7.5,7.5
1010,CUB,JARRIETA-R,111,-102,6,6.5
1010,SFO,MBUMGARNR-L,-131,-108,6,6.5
1010,CLE,JTOMLIN-R,120,130,9.5,9
1010,BOS,CBUCHHOLZ-R,-140,-145,9.5,9
1011,WAS,JROSS-R,225,230,6.5,7
1011,LOS,CKERSHAW-L,-265,-270,6.5,7
1011,CUB,JLACKEY-R,-130,-120,7.5,7.5
1011,SFO,MMOORE-L,110,110,7.5,7.5
1013,LOS,RHILL-L,120,117,7,7
1013,WAS,MSCHERZER-R,-140,-132,7,7
1014,TOR,MESTRADA-R,110,125,7.5,7.5
1014,CLE,CKLUBER-R,-130,-140,7.5,7.5
1015,LOS,KMAEDA-R,170,190,7,7.5
1015,CUB,JLESTER-L,-200,-220,7,7.5
1015,TOR,JHAPP-L,-125,-134,8.5,8.5
1015,CLE,JTOMLIN-R,105,119,8.5,8.5
1016,LOS,CKERSHAW-L,-131,-140,6.5,6.5
1016,CUB,KHENDRCKS-R,111,125,6.5,6.5
1017,CLE,TBAUER-R,170,157,9,8.5
1017,TOR,MSTROMAN-R,-200,-177,9,8.5
1018,CUB,JARRIETA-R,-115,107,6.5,6.5
1018,LOS,RHILL-L,-105,-117,6.5,6.5
1018,CLE,CKLUBER-R,-107,104,7.5,7.5
1018,TOR,ASANCHEZ-R,-113,-114,7.5,7.5
1019,CUB,JLACKEY-R,-120,104,7.5,7.5
1019,LOS,JURIAS-L,100,-114,7.5,7.5
1019,CLE,RMERRITT-L,150,154,8,8.5
1019,TOR,MESTRADA-R,-170,-174,8,8.5
1020,CUB,JLESTER-L,-157,-170,7,7
1020,LOS,KMAEDA-R,137,150,7,7
1022,LOS,CKERSHAW-L,-140,-130,6.5,6
1022,CUB,KHENDRCKS-R,120,115,6.5,6
1025,CUB,JLESTER-L,-115,101,6.5,6.5
1025,CLE,CKLUBER-R,-105,-111,6.5,6.5
1026,CUB,JARRIETA-R,-132,-164,7,8
1026,CLE,TBAUER-R,112,149,7,8
1028,CLE,JTOMLIN-R,165,190,7.5,8.5
1028,CUB,KHENDRCKS-R,-185,-220,7.5,8.5
1029,CLE,CKLUBER-R,110,111,6.5,6.5
1029,CUB,JLACKEY-R,-130,-121,6.5,6.5
1030,CLE,TBAUER-R,184,190,6.5,6.5
1030,CUB,JLESTER-L,-214,-220,6.5,6.5
1101,CUB,JARRIETA-R,-137,-156,7,7.5
1101,CLE,JTOMLIN-R,117,141,7,7.5
1102,CUB,KHENDRCKS-R,-110,-134,7,6.5
1102,CLE,CKLUBER-R,-110,119,7,6.5
