Date,Team,Pitcher,Open,Close,OpenOU,CloseOU
404,NYY,CSABATHIA-L,-106,-103,9,9
404,BOS,JBECKETT-R,-114,-117,9,9
405,PHI,RHALLADAY-R,-200,-200,7.5,7.5
405,WAS,JLANNAN-L,170,170,7.5,7.5
405,MIA,JJOHNSON-R,-105,-112,7,7
405,NYM,JOSANTANA-L,-115,-108,7,7
405,STL,CARPENTER-R,-155,-143,7.5,7.5
405,CIN,AHARANG-R,135,123,7.5,7.5
405,LOS,VPADILLA-R,-155,-126,8.5,8.5
405,PIT,ZDUKE-L,135,106,8.5,8.5
405,COL,UJIMENEZ-R,105,-105,7.5,7.5
405,MIL,YGALLARDO-R,-125,-105,7.5,7.5
405,CUB,CZAMBRANO-R,110,105,8.5,8.5
405,ATL,DLOWE-R,-130,-125,8.5,8.5
405,SDG,JGARLAND-R,155,166,8,8
405,ARI,DHAREN-R,-175,-186,8,8
405,SFO,TLINCECUM-R,-130,-147,7.5,7
405,HOU,ROSWALT-R,110,127,7.5,7
405,CLE,WESTBROOK-R,150,122,9,9
405,CWS,MBUEHRLE-L,-170,-142,9,9
405,TOR,SMARCUM-R,115,130,9.5,9
405,TEX,SFELDMAN-R,-135,-150,9.5,9
405,DET,VERLANDER-R,-105,102,7,7
405,KAN,ZGREINKE-R,-115,-122,7,7
405,MIN,SBAKER-R,115,108,8.5,8.5
405,LAA,JERWEAVER-R,-135,-128,8.5,8.5
405,SEA,FHERNANDZ-R,-125,-152,7,7
405,OAK,BSHEETS-R,105,132,7,7
406,SFO,BZITO-L,125,104,8,8
406,HOU,WRODRIGEZ-L,-145,-124,8,8
406,COL,GSMITH-L,120,138,8.5,9
406,MIL,RWOLF-L,-140,-158,8.5,9
406,SDG,CYOUNG-R,150,122,9,9.5
406,ARI,EJACKSON-R,-170,-142,9,9.5
406,BAL,KMILLWOOD-R,135,200,8.5,9
406,TAM,JSHIELDS-R,-155,-230,8.5,9
406,NYY,ABURNETT-R,115,114,9.5,9.5
406,BOS,JLESTER-L,-135,-134,9.5,9.5
406,MIN,NBLACKBUR-R,105,119,9,10
406,LAA,JSAUNDERS-L,-125,-139,9,10
406,SEA,ISNELL-R,130,105,8.5,8.5
406,OAK,DBRADEN-L,-150,-125,8.5,8.5
407,COL,ACOOK-R,-105,-114,9,9
407,MIL,DDAVIS-L,-105,-106,9,9
407,SFO,MCAIN-R,-130,-134,7.5,7.5
407,HOU,BMYERS-R,110,114,7.5,7.5
407,LOS,CKERSHAW-L,-132,-170,8,8
407,PIT,ROHLENDOR-R,112,150,8,8
407,PHI,CHAMELS-L,-157,-185,9,9
407,WAS,JMARQUIS-R,137,165,9,9
407,CUB,RDEMPSTER-R,140,123,8.5,8
407,ATL,JJURRJENS-R,-160,-143,8.5,8
407,STL,WAINWRIGHT-R,-125,-144,8,8
407,CIN,JCUETO-R,105,124,8,8
407,MIA,RNOLASCO-R,-110,-132,8.5,8.5
407,NYM,JMAINE-R,-110,112,8.5,8.5
407,SDG,KCORREIA-R,101,111,9.5,9.5
407,ARI,IKENNEDY-R,-121,-131,9.5,9.5
407,NYY,APETTITTE-L,115,118,10,10
407,BOS,JLACKEY-R,-135,-138,10,10
407,BAL,JGUTHRIE-R,165,190,9,9
407,TAM,MGARZA-R,-185,-220,9,9
407,TOR,BTALLET-L,138,156,9,9
407,TEX,RHARDEN-R,-158,-176,9,9
407,CLE,FCARMONA-R,145,130,8.5,8
407,CWS,JPEAVY-R,-165,-150,8.5,8
407,DET,MSCHERZER-R,-118,-127,9,8.5
407,KAN,LHOCHEVAR-R,-102,107,9,8.5
407,MIN,CPAVANO-R,110,115,9.5,9.5
407,LAA,ESANTANA-R,-130,-135,9.5,9.5
407,SEA,RWLND-SMTH-L,-105,102,8,7.5
407,OAK,DUCHSHERER-R,-105,-122,8,7.5
408,LOS,BILLNGSLEY-R,124,-144,8.5,8
408,PIT,PMAHOLM-L,-144,124,8.5,8
408,STL,BPENNY-R,-110,-107,8.5,9
408,CIN,BARROYO-R,-110,-113,8.5,9
408,PHI,KKENDRICK-R,-150,-153,9.5,10.5
408,WAS,CSTAMMEN-R,130,133,9.5,10.5
408,CUB,RWELLS-R,148,154,8,8
408,ATL,THANSON-R,-168,-174,8,8
408,MIA,ROBERTSON-L,-105,-106,9,9
408,NYM,JNIESE-L,-105,-114,9,9
408,TOR,RROMERO-L,110,131,9,9
408,TEX,CWILSON-L,-130,-151,9,9
408,DET,DWILLIS-L,-105,-101,9.5,9
408,KAN,BBANNISTR-R,-105,-119,9.5,9
408,SEA,DFISTER-R,125,131,8,8
408,OAK,BANDERSON-L,-145,-151,8,8
408,BAL,BMATUSZ-L,169,140,9.5,9.5
408,TAM,JNIEMANN-R,-189,-160,9.5,9.5
408,CLE,MASTERSON-R,123,118,8.5,8.5
408,CWS,GFLOYD-R,-143,-138,8.5,8.5
408,MIN,KSLOWEY-R,118,102,9.5,9.5
408,LAA,JPINEIRO-R,-138,-122,9.5,9.5
409,SDG,CRICHARD-L,145,160,9.5,9.5
409,COL,DELAROSA-L,-165,-180,9.5,9.5
409,ATL,THUDSON-R,-120,100,8,8
409,SFO,JSANCHEZ-L,100,-120,8,8
409,CUB,CSILVA-R,-102,119,9.5,9
409,CIN,HBAILEY-R,-118,-139,9.5,9
409,WAS,GMOCK-R,140,112,9,9
409,NYM,MPELFREY-R,-160,-132,9,9
409,LOS,HKURODA-R,-109,-120,9,8.5
409,MIA,CVOLSTAD-R,-111,100,9,8.5
409,PHI,JHAPP-L,-152,-164,8.5,8.5
409,HOU,BNORRIS-R,132,144,8.5,8.5
409,STL,KLOHSE-R,-110,-105,9.5,9.5
409,MIL,DBUSH-R,-110,-105,9.5,9.5
409,PIT,CMORTON-R,108,145,10,10
409,ARI,RLOPEZ-R,-128,-165,10,10
409,CLE,DHUFF-L,112,157,9,9
409,DET,RPORCELLO-R,-132,-177,9,9
409,TOR,BMORROW-R,115,135,9,9
409,BAL,BBERGESEN-R,-135,-155,9,9
409,NYY,JVAZQUEZ-R,-106,-115,9,9.5
409,TAM,DPRICE-L,-114,-105,9,9.5
409,SEA,JVARGAS-L,120,116,9,9
409,TEX,CLEWIS-R,-140,-136,9,9
409,BOS,WAKEFIELD-R,-149,-151,9.5,9.5
409,KAN,KDAVIES-R,129,131,9.5,9.5
409,MIN,FLIRIANO-L,110,-110,8.5,8
409,CWS,JDANKS-L,-130,-110,8.5,8
409,OAK,GGONZALEZ-L,125,112,9,9
409,LAA,MPALMER-R,-145,-132,9,9
410,CUB,CZAMBRANO-R,100,-110,8.5,8.5
410,CIN,AHARANG-R,-120,-110,8.5,8.5
410,WAS,JLANNAN-L,102,-103,9,8.5
410,NYM,OLPEREZ-L,-122,-117,9,8.5
410,STL,JGARCIA-L,127,132,8.5,8.5
410,MIL,YGALLARDO-R,-147,-152,8.5,8.5
410,PHI,JMOYER-L,-135,-155,9.5,9.5
410,HOU,FPAULINO-R,115,135,9.5,9.5
410,LOS,VPADILLA-R,115,133,8,8.5
410,MIA,JJOHNSON-R,-135,-153,8,8.5
410,SDG,MLATOS-R,136,142,9.5,9.5
410,COL,JHAMMEL-R,-156,-162,9.5,9.5
410,PIT,ZDUKE-L,203,220,8.5,8.5
410,ARI,DHAREN-R,-243,-260,8.5,8.5
410,ATL,DLOWE-R,-120,-117,8.5,9
410,SFO,WELLEMEYER-R,100,-103,8.5,9
410,CLE,MTALBOT-R,147,102,9.5,9.5
410,DET,BONDERMAN-R,-167,-122,9.5,9.5
410,MIN,SBAKER-R,-113,-137,9,9.5
410,CWS,FGARCIA-R,-107,117,9,9.5
410,NYY,CSABATHIA-L,-142,-145,9.5,9
410,TAM,WDAVIS-R,122,125,9.5,9
410,SEA,FHERNANDZ-R,-135,-141,8.5,8.5
410,TEX,MHARRISON-L,115,121,8.5,8.5
410,TOR,DEVELAND-L,132,120,9,9.5
410,BAL,DHERNANDZ-R,-152,-140,9,9.5
410,BOS,JBECKETT-R,-120,-110,7.5,7.5
410,KAN,ZGREINKE-R,100,-110,7.5,7.5
410,OAK,BSHEETS-R,121,146,8.5,8
410,LAA,JERWEAVER-R,-141,-166,8.5,8
411,WAS,LHERNADEZ-R,200,220,7.5,7.5
411,NYM,JOSANTANA-L,-230,-260,7.5,7.5
411,LOS,CHAEGER-R,100,120,9,9
411,MIA,ASANCHEZ-R,-120,-140,9,9
411,CUB,GORZELANNY-L,100,-113,9,9
411,CIN,MLEAKE-R,-120,-107,9,9
411,PHI,RHALLADAY-R,-180,-220,7.5,7.5
411,HOU,ROSWALT-R,160,190,7.5,7.5
411,SDG,JGARLAND-R,205,210,9,9
411,COL,UJIMENEZ-R,-235,-250,9,9
411,ATL,KKAWAKAMI-R,171,160,7,7
411,SFO,TLINCECUM-R,-201,-180,7,7
411,PIT,DMCCUTCHE-R,170,170,9.5,9.5
411,ARI,EJACKSON-R,-200,-200,9.5,9.5
411,STL,CARPENTER-R,-130,-140,7.5,7
411,MIL,RWOLF-L,110,120,7.5,7
411,CLE,WESTBROOK-R,170,190,8,8
411,DET,VERLANDER-R,-200,-220,8,8
411,TOR,SMARCUM-R,110,-107,9,8.5
411,BAL,KMILLWOOD-R,-130,-113,9,8.5
411,NYY,ABURNETT-R,105,-115,9,9
411,TAM,JSHIELDS-R,-125,-105,9,9
411,MIN,NBLACKBUR-R,-103,111,8.5,8.5
411,CWS,MBUEHRLE-L,-117,-131,8.5,8.5
411,BOS,CBUCHHOLZ-R,-120,-167,9,9
411,KAN,GMECHE-R,100,147,9,9
411,SEA,ISNELL-R,125,146,9,9
411,TEX,SFELDMAN-R,-145,-166,9,9
411,OAK,DBRADEN-L,110,132,9,9
411,LAA,JSAUNDERS-L,-130,-152,9,9
412,MIL,DDAVIS-L,125,146,9,9
412,CUB,RDEMPSTER-R,-145,-166,9,9
412,WAS,JMARQUIS-R,230,230,9.5,9
412,PHI,CHAMELS-L,-270,-270,9.5,9
412,HOU,WRODRIGEZ-L,170,190,7.5,7
412,STL,WAINWRIGHT-R,-200,-220,7.5,7
412,ATL,JJURRJENS-R,-145,-130,7.5,7
412,SDG,KCORREIA-R,125,110,7.5,7
412,CIN,JCUETO-R,130,116,8,7.5
412,MIA,RNOLASCO-R,-150,-136,8,7.5
412,PIT,BBURRES-L,155,168,8,8.5
412,SFO,BZITO-L,-175,-188,8,8.5
412,KAN,LHOCHEVAR-R,163,165,8,8
412,DET,MSCHERZER-R,-183,-185,8,8
412,TEX,RHARDEN-R,-112,-126,8,8
412,CLE,FCARMONA-R,-108,106,8,8
412,BOS,JLESTER-L,-143,-126,9,9
412,MIN,CPAVANO-R,123,106,9,9
412,OAK,DUCHSHERER-R,-106,104,8,7.5
412,SEA,RWLND-SMTH-L,-114,-124,8,7.5
412,TAM,MGARZA-R,-155,-144,8.5,9
412,BAL,JGUTHRIE-R,135,124,8.5,9
412,CWS,JPEAVY-R,-118,-127,8,8
412,TOR,BTALLET-L,-102,107,8,8
413,ARI,IKENNEDY-R,160,149,8.5,8
413,LOS,CKERSHAW-L,-180,-169,8.5,8
413,CIN,BARROYO-R,-105,-102,8.5,9
413,MIA,ROBERTSON-L,-105,-118,8.5,9
413,NYM,JMAINE-R,118,127,10,10.5
413,COL,GSMITH-L,-138,-147,10,10.5
413,PIT,PMAHOLM-L,165,170,7.5,7.5
413,SFO,MCAIN-R,-185,-200,7.5,7.5
413,KAN,BBANNISTR-R,110,-104,9,9.5
413,DET,DWILLIS-L,-130,-116,9,9.5
413,LAA,ESANTANA-R,135,170,10,10
413,NYY,APETTITTE-L,-155,-200,10,10
413,TAM,JNIEMANN-R,-110,-120,9,8.5
413,BAL,BMATUSZ-L,-110,100,9,8.5
413,CWS,GFLOYD-R,-107,102,8,8.5
413,TOR,RROMERO-L,-113,-122,8,8.5
413,OAK,BANDERSON-L,-117,-143,8,7.5
413,SEA,DFISTER-R,-103,123,8,7.5
414,MIL,DBUSH-R,120,118,11,10.5
414,CUB,RWELLS-R,-140,-138,11,10.5
414,PIT,CMORTON-R,146,160,8.5,8.5
414,SFO,JSANCHEZ-L,-166,-180,8.5,8.5
414,WAS,CSTAMMEN-R,200,158,10.5,10
414,PHI,KKENDRICK-R,-230,-178,10.5,10
414,CIN,HBAILEY-R,-108,120,9,9
414,MIA,CVOLSTAD-R,-112,-140,9,9
414,HOU,BMYERS-R,165,210,8.5,8.5
414,STL,BPENNY-R,-185,-250,8.5,8.5
414,NYM,JNIESE-L,170,152,10,9.5
414,COL,ACOOK-R,-200,-172,10,9.5
414,ATL,THANSON-R,-148,-133,7,7
414,SDG,CRICHARD-L,128,113,7,7
414,ARI,RLOPEZ-R,135,155,8.5,8
414,LOS,BILLNGSLEY-R,-155,-175,8.5,8
414,KAN,KDAVIES-R,155,156,9,9.5
414,DET,RPORCELLO-R,-175,-176,9,9.5
414,LAA,JPINEIRO-R,160,175,10,10
414,NYY,JVAZQUEZ-R,-180,-195,10,10
414,BOS,JLACKEY-R,-130,-115,8.5,9
414,MIN,KSLOWEY-R,110,-105,8.5,9
414,TAM,DPRICE-L,-150,-155,9,9
414,BAL,BBERGESEN-R,130,135,9,9
414,CWS,JDANKS-L,-106,-121,8.5,8
414,TOR,BMORROW-R,-114,101,8.5,8
414,TEX,CLEWIS-R,-107,-106,8,8.5
414,CLE,MASTERSON-R,-113,-114,8,8.5
414,OAK,GGONZALEZ-L,-111,-105,8,7.5
414,SEA,JVARGAS-L,-109,-105,8,7.5
415,HOU,BNORRIS-R,190,180,9,8.5
415,STL,KLOHSE-R,-220,-210,9,8.5
415,MIL,JSUPPAN-R,138,143,11,11.5
415,CUB,CZAMBRANO-R,-158,-163,11,11.5
415,WAS,SOLSEN-L,215,220,9.5,9.5
415,PHI,JHAPP-L,-255,-260,9.5,9.5
415,NYM,MPELFREY-R,170,175,9,9
415,COL,DELAROSA-L,-190,-195,9,9
415,ATL,THUDSON-R,-130,-125,7.5,7
415,SDG,MLATOS-R,110,105,7.5,7
415,CIN,AHARANG-R,130,128,8.5,8
415,MIA,JJOHNSON-R,-150,-148,8.5,8
415,ARI,DHAREN-R,-113,113,7.5,7.5
415,LOS,HKURODA-R,-107,-133,7.5,7.5
415,TEX,MHARRISON-L,-125,-112,8.5,8.5
415,CLE,DHUFF-L,105,-108,8.5,8.5
415,BOS,WAKEFIELD-R,110,101,9,9.5
415,MIN,FLIRIANO-L,-130,-121,9,9.5
415,CWS,FGARCIA-R,103,-102,8.5,9
415,TOR,DEVELAND-L,-123,-118,8.5,9
415,LAA,SKAZMIR-L,160,140,10,10
415,NYY,PHUGHES-R,-180,-160,10,10
415,BAL,DHERNANDZ-R,110,135,8.5,8.5
415,OAK,BSHEETS-R,-130,-155,8.5,8.5
416,HOU,FPAULINO-R,159,151,9,9
416,CUB,CSILVA-R,-179,-171,9,9
416,CIN,MLEAKE-R,-110,108,8.5,8
416,PIT,ZDUKE-L,-110,-128,8.5,8
416,MIL,YGALLARDO-R,-157,-148,8.5,9.5
416,WAS,JLANNAN-L,137,128,8.5,9.5
416,MIA,ASANCHEZ-R,200,250,8.5,8.5
416,PHI,RHALLADAY-R,-240,-300,8.5,8.5
416,COL,JHAMMEL-R,109,120,8.5,8.5
416,ATL,DLOWE-R,-129,-140,8.5,8.5
416,NYM,OLPEREZ-L,209,200,8,8.5
416,STL,CARPENTER-R,-249,-230,8,8.5
416,ARI,EJACKSON-R,-110,-109,8,7.5
416,SDG,JGARLAND-R,-110,-111,8,7.5
416,SFO,WELLEMEYER-R,125,132,9,9
416,LOS,VPADILLA-R,-145,-152,9,9
416,TEX,CWILSON-L,180,190,9,8.5
416,NYY,CSABATHIA-L,-210,-220,9,8.5
416,CWS,MBUEHRLE-L,-145,-155,9,8.5
416,CLE,MTALBOT-R,125,135,9,8.5
416,LAA,JERWEAVER-R,-115,-117,8.5,8.5
416,TOR,SMARCUM-R,-105,-103,8.5,8.5
416,TAM,WDAVIS-R,146,145,9.5,9
416,BOS,JBECKETT-R,-166,-165,9.5,9
416,KAN,ZGREINKE-R,-102,114,7.5,7.5
416,MIN,SBAKER-R,-118,-134,7.5,7.5
416,BAL,KMILLWOOD-R,135,131,7.5,7.5
416,OAK,DBRADEN-L,-155,-151,7.5,7.5
416,DET,BONDERMAN-R,160,148,7,7
416,SEA,FHERNANDZ-R,-180,-168,7,7
417,HOU,ROSWALT-R,120,119,7.5,7.5
417,CUB,GORZELANNY-L,-140,-139,7.5,7.5
417,MIL,RWOLF-L,-152,-153,9,10
417,WAS,LHERNADEZ-R,132,133,9,10
417,NYM,JOSANTANA-L,-112,-110,8,7.5
417,STL,JGARCIA-L,-108,-110,8,7.5
417,SFO,TLINCECUM-R,-150,-155,7.5,7.5
417,LOS,CHAEGER-R,130,135,7.5,7.5
417,MIA,RNOLASCO-R,108,-110,9.5,10.5
417,PHI,JMOYER-L,-128,-110,9.5,10.5
417,CIN,JCUETO-R,-135,-133,8.5,8.5
417,PIT,DMCCUTCHE-R,115,113,8.5,8.5
417,COL,UJIMENEZ-R,-110,-130,8,8
417,ATL,KKAWAKAMI-R,-110,110,8,8
417,ARI,KBENSON-R,110,130,7.5,8
417,SDG,KCORREIA-R,-130,-150,7.5,8
417,LAA,JSAUNDERS-L,-124,-109,9.5,10
417,TOR,BTALLET-L,104,-111,9.5,10
417,TEX,SFELDMAN-R,151,150,9.5,9.5
417,NYY,ABURNETT-R,-171,-170,9.5,9.5
417,KAN,GMECHE-R,150,162,9,9.5
417,MIN,NBLACKBUR-R,-170,-182,9,9.5
417,BAL,JGUTHRIE-R,138,138,8,7.5
417,OAK,DUCHSHERER-R,-158,-158,8,7.5
417,CWS,JPEAVY-R,-115,-132,8,8
417,CLE,WESTBROOK-R,-105,112,8,8
417,TAM,JSHIELDS-R,107,105,9,9
417,BOS,CBUCHHOLZ-R,-127,-125,9,9
417,DET,VERLANDER-R,-124,-140,7,7.5
417,SEA,RWLND-SMTH-L,104,120,7,7.5
418,MIA,ROBERTSON-L,170,167,10,9.5
418,PHI,CHAMELS-L,-200,-187,10,9.5
418,CIN,BARROYO-R,-119,-117,7.5,8
418,PIT,PMAHOLM-L,-101,-103,7.5,8
418,MIL,DDAVIS-L,-119,-105,10,9.5
418,WAS,JMARQUIS-R,-101,-115,10,9.5
418,COL,GSMITH-L,124,122,9,9
418,ATL,JJURRJENS-R,-144,-142,9,9
418,HOU,WRODRIGEZ-L,145,169,7.5,7
418,CUB,RDEMPSTER-R,-165,-189,7.5,7
418,ARI,IKENNEDY-R,-101,-105,8,8
418,SDG,WLEBLANC-L,-119,-105,8,8
418,SFO,BZITO-L,133,147,8.5,8.5
418,LOS,CKERSHAW-L,-153,-167,8.5,8.5
418,NYM,JMAINE-R,201,240,8,7.5
418,STL,WAINWRIGHT-R,-241,-280,8,7.5
418,TEX,RHARDEN-R,140,148,9,9
418,NYY,APETTITTE-L,-160,-168,9,9
418,CWS,GFLOYD-R,-104,-109,7.5,7.5
418,CLE,FCARMONA-R,-116,-111,7.5,7.5
418,LAA,ESANTANA-R,118,119,9,8.5
418,TOR,RROMERO-L,-138,-139,9,8.5
418,TAM,MGARZA-R,117,117,8.5,8.5
418,BOS,JLESTER-L,-137,-137,8.5,8.5
418,KAN,LHOCHEVAR-R,161,162,9.5,9.5
418,MIN,CPAVANO-R,-181,-182,9.5,9.5
418,BAL,BMATUSZ-L,154,156,7,7
418,OAK,BANDERSON-L,-174,-176,7,7
418,DET,MSCHERZER-R,-121,-128,8,8
418,SEA,ISNELL-R,101,108,8,8
419,COL,ACOOK-R,-165,-144,10,9.5
419,WAS,CSTAMMEN-R,145,124,10,9.5
419,CUB,RWELLS-R,-133,-140,8.5,8
419,NYM,JNIESE-L,113,120,8.5,8
419,STL,BPENNY-R,-138,-134,9.5,10
419,ARI,RLOPEZ-R,118,114,9.5,10
419,SFO,MCAIN-R,-146,-115,7,7
419,SDG,CRICHARD-L,126,-105,7,7
419,TAM,JNIEMANN-R,148,150,9,8.5
419,BOS,JLACKEY-R,-168,-170,9,8.5
419,KAN,BBANNISTR-R,-107,-107,9.5,9.5
419,TOR,BMORROW-R,-113,-113,9.5,9.5
419,DET,DWILLIS-L,145,161,9.5,9.5
419,LAA,JPINEIRO-R,-165,-181,9.5,9.5
419,BAL,BBERGESEN-R,152,135,8,8
419,SEA,DFISTER-R,-172,-155,8,8
420,COL,DELAROSA-L,-150,-155,9,9
420,WAS,SOLSEN-L,130,135,9,9
420,MIL,DBUSH-R,-122,-118,9,9
420,PIT,CMORTON-R,102,-102,9,9
420,LOS,BILLNGSLEY-R,-126,-137,9,9.5
420,CIN,HBAILEY-R,106,117,9,9.5
420,CUB,CZAMBRANO-R,-116,-105,8,8
420,NYM,MPELFREY-R,-104,-105,8,8
420,PHI,KKENDRICK-R,130,135,8.5,8.5
420,ATL,THANSON-R,-150,-155,8.5,8.5
420,MIA,CVOLSTAD-R,-105,-110,8.5,8.5
420,HOU,BMYERS-R,-105,-110,8.5,8.5
420,STL,KLOHSE-R,111,132,9,8.5
420,ARI,DHAREN-R,-131,-152,9,8.5
420,SFO,JSANCHEZ-L,-113,-117,7,7
420,SDG,MLATOS-R,-107,-103,7,7
420,KAN,KDAVIES-R,108,126,9,9
420,TOR,DEVELAND-L,-128,-146,9,9
420,TEX,CLEWIS-R,120,115,9.5,9.5
420,BOS,WAKEFIELD-R,-140,-135,9.5,9.5
420,CLE,MASTERSON-R,137,132,9,9.5
420,MIN,KSLOWEY-R,-157,-152,9,9.5
420,TAM,DPRICE-L,-113,-113,8,8
420,CWS,JDANKS-L,-107,-107,8,8
420,NYY,JVAZQUEZ-R,-142,-160,8.5,8.5
420,OAK,GGONZALEZ-L,122,140,8.5,8.5
420,DET,RPORCELLO-R,108,110,9,9
420,LAA,SKAZMIR-L,-128,-130,9,9
420,BAL,DHERNANDZ-R,114,126,8,8
420,SEA,JVARGAS-L,-134,-146,8,8
421,SFO,WELLEMEYER-R,-102,108,8,8
421,SDG,JGARLAND-R,-118,-128,8,8
421,COL,JHAMMEL-R,-114,-109,9,9
421,WAS,JLANNAN-L,-106,-111,9,9
421,MIL,YGALLARDO-R,-125,-131,8,8.5
421,PIT,ZDUKE-L,105,111,8,8.5
421,LOS,HKURODA-R,-115,-155,8.5,8.5
421,CIN,AHARANG-R,-105,135,8.5,8.5
421,PHI,RHALLADAY-R,-130,-155,7.5,7.5
421,ATL,THUDSON-R,110,135,7.5,7.5
421,CUB,CSILVA-R,-107,-105,8.5,8.5
421,NYM,OLPEREZ-L,-113,-105,8.5,8.5
421,MIA,JJOHNSON-R,-143,-155,8,8.5
421,HOU,BNORRIS-R,123,135,8,8.5
421,STL,CARPENTER-R,-140,-140,9,9
421,ARI,EJACKSON-R,120,120,9,9
421,KAN,ZGREINKE-R,-107,-107,7.5,7.5
421,TOR,SMARCUM-R,-113,-113,7.5,7.5
421,TEX,MHARRISON-L,160,175,8.5,8.5
421,BOS,JBECKETT-R,-180,-195,8.5,8.5
421,CLE,DHUFF-L,149,155,8.5,8.5
421,MIN,FLIRIANO-L,-169,-175,8.5,8.5
421,TAM,WDAVIS-R,-110,-111,8.5,8
421,CWS,MBUEHRLE-L,-110,-109,8.5,8
421,NYY,PHUGHES-R,-135,-155,8.5,8.5
421,OAK,BSHEETS-R,115,135,8.5,8.5
421,DET,BONDERMAN-R,144,150,9,9
421,LAA,JERWEAVER-R,-164,-170,9,9
421,BAL,KMILLWOOD-R,170,170,7,7
421,SEA,FHERNANDZ-R,-190,-200,7,7
422,MIL,RWOLF-L,-155,-170,9.5,9
422,PIT,DMCCUTCHE-R,135,150,9.5,9
422,COL,UJIMENEZ-R,-172,-167,8,8.5
422,WAS,LHERNADEZ-R,152,147,8,8.5
422,LOS,VPADILLA-R,-106,-120,9.5,10
422,CIN,MLEAKE-R,-114,100,9.5,10
422,CUB,GORZELANNY-L,135,145,7,7
422,NYM,JOSANTANA-L,-155,-165,7,7
422,PHI,JMOYER-L,114,133,9.5,9.5
422,ATL,DLOWE-R,-134,-153,9.5,9.5
422,MIA,ASANCHEZ-R,-127,-110,9,9.5
422,HOU,FPAULINO-R,107,-110,9,9.5
422,CLE,MTALBOT-R,170,170,9,9
422,MIN,SBAKER-R,-200,-200,9,9
422,NYY,CSABATHIA-L,-162,-185,8,7.5
422,OAK,DBRADEN-L,142,165,8,7.5
422,TEX,CWILSON-L,122,130,9,9
422,BOS,CBUCHHOLZ-R,-142,-150,9,9
422,TAM,JSHIELDS-R,-108,-110,8,8
422,CWS,JPEAVY-R,-112,-110,8,8
422,DET,VERLANDER-R,-118,-109,8.5,8.5
422,LAA,JSAUNDERS-L,-102,-111,8.5,8.5
423,LOS,CHAEGER-R,-134,-127,10,10
423,WAS,LATILANO-R,114,107,10,10
423,ATL,KKAWAKAMI-R,-130,-125,8.5,8.5
423,NYM,JMAINE-R,110,105,8.5,8.5
423,SDG,KCORREIA-R,-102,111,8.5,8
423,CIN,BARROYO-R,-118,-131,8.5,8
423,PIT,PMAHOLM-L,145,138,7.5,7.5
423,HOU,ROSWALT-R,-165,-158,7.5,7.5
423,CUB,RDEMPSTER-R,-110,-114,9,9
423,MIL,JSUPPAN-R,-110,-106,9,9
423,PHI,CHAMELS-L,-170,-179,10.5,10.5
423,ARI,KBENSON-R,150,159,10.5,10.5
423,STL,JGARCIA-L,145,135,6.5,6.5
423,SFO,TLINCECUM-R,-165,-155,6.5,6.5
423,TOR,BCECIL-L,200,200,8.5,8.5
423,TAM,MGARZA-R,-230,-240,8.5,8.5
423,BAL,JGUTHRIE-R,185,200,8.5,8.5
423,BOS,JLESTER-L,-215,-230,8.5,8.5
423,DET,MSCHERZER-R,100,101,9,9
423,TEX,RHARDEN-R,-120,-121,9,9
423,MIN,CPAVANO-R,-145,-128,9.5,10
423,KAN,GMECHE-R,125,108,9.5,10
423,SEA,RWLND-SMTH-L,105,130,8.5,8.5
423,CWS,GFLOYD-R,-125,-150,8.5,8.5
423,CLE,WESTBROOK-R,135,130,8,7.5
423,OAK,DUCHSHERER-R,-155,-150,8,7.5
423,NYY,ABURNETT-R,-130,-135,9.5,9.5
423,LAA,ESANTANA-R,110,115,9.5,9.5
424,LOS,CKERSHAW-L,-151,-170,9.5,9
424,WAS,CSTAMMEN-R,131,150,9.5,9
424,ATL,JJURRJENS-R,-135,-130,8.5,8.5
424,NYM,JNIESE-L,115,110,8.5,8.5
424,SDG,WLEBLANC-L,110,-106,9,9
424,CIN,JCUETO-R,-130,-114,9,9
424,PIT,CJAKUBAUS-R,135,160,9,9
424,HOU,WRODRIGEZ-L,-155,-180,9,9
424,CUB,TLILLY-L,-109,-110,9,9
424,MIL,DDAVIS-L,-111,-110,9,9
424,PHI,NFIGUEROA-R,-117,-111,11,11
424,ARI,IKENNEDY-R,-103,-109,11,11
424,MIA,ROBERTSON-L,135,130,10,10
424,COL,ACOOK-R,-155,-150,10,10
424,STL,WAINWRIGHT-R,-145,-160,7,7
424,SFO,BZITO-L,125,140,7,7
424,CLE,FCARMONA-R,121,153,7.5,7.5
424,OAK,BANDERSON-L,-141,-173,7.5,7.5
424,SEA,DFISTER-R,-106,-108,9,8.5
424,CWS,FGARCIA-R,-114,-112,9,8.5
424,NYY,APETTITTE-L,-108,-132,9.5,9.5
424,LAA,JPINEIRO-R,-112,112,9.5,9.5
424,TOR,RROMERO-L,115,132,9,8.5
424,TAM,JNIEMANN-R,-135,-152,9,8.5
424,BAL,BMATUSZ-L,190,154,9,8.5
424,BOS,JLACKEY-R,-220,-174,9,8.5
424,MIN,NBLACKBUR-R,-122,-112,9.5,10
424,KAN,LHOCHEVAR-R,102,-108,9.5,10
424,DET,BTHOMAS-L,145,163,9.5,9.5
424,TEX,SFELDMAN-R,-165,-183,9.5,9.5
424,MIA,RNOLASCO-R,-108,-104,9.5,10
424,COL,GSMITH-L,-112,-116,9.5,10
425,SDG,CRICHARD-L,-108,-113,9,9
425,CIN,HBAILEY-R,-112,-107,9,9
425,LOS,BILLNGSLEY-R,-145,-150,9.5,9.5
425,WAS,SOLSEN-L,125,130,9.5,9.5
425,PIT,CMORTON-R,155,130,9.5,9
425,HOU,BMYERS-R,-175,-150,9.5,9
425,CUB,RWELLS-R,-106,100,8.5,8.5
425,MIL,DBUSH-R,-114,-120,8.5,8.5
425,MIA,CVOLSTAD-R,151,135,9.5,9.5
425,COL,DELAROSA-L,-171,-155,9.5,9.5
425,STL,BPENNY-R,101,-116,7.5,7.5
425,SFO,MCAIN-R,-121,-104,7.5,7.5
425,PHI,KKENDRICK-R,-114,-108,11,11
425,ARI,RLOPEZ-R,-106,-112,11,11
425,ATL,THANSON-R,-122,-116,7.5,7
425,NYM,MPELFREY-R,102,-104,7.5,7
425,BAL,DHERNANDZ-R,140,137,10,10.5
425,BOS,WAKEFIELD-R,-160,-157,10,10.5
425,TOR,BMORROW-R,190,170,9,8.5
425,TAM,DPRICE-L,-220,-200,9,8.5
425,SEA,JVARGAS-L,130,150,7.5,8
425,CWS,JDANKS-L,-150,-170,7.5,8
425,MIN,KSLOWEY-R,-128,-138,9,9
425,KAN,BBANNISTR-R,108,118,9,9
425,DET,RPORCELLO-R,106,130,9,9.5
425,TEX,CLEWIS-R,-126,-150,9,9.5
425,NYY,JVAZQUEZ-R,-135,-120,10,9.5
425,LAA,SKAZMIR-L,115,100,10,9.5
425,CLE,MASTERSON-R,-105,117,8.5,8.5
425,OAK,GGONZALEZ-L,-115,-137,8.5,8.5
426,SDG,MLATOS-R,129,139,8,8
426,MIA,JJOHNSON-R,-149,-159,8,8
426,WAS,JLANNAN-L,140,135,7.5,8
426,CUB,CSILVA-R,-160,-155,7.5,8
426,PIT,ZDUKE-L,180,180,8.5,8.5
426,MIL,YGALLARDO-R,-210,-210,8.5,8.5
426,ATL,THUDSON-R,102,-110,8,8
426,STL,KLOHSE-R,-122,-110,8,8
426,ARI,DHAREN-R,-112,-110,9,9
426,COL,JHAMMEL-R,-108,-110,9,9
426,PHI,RHALLADAY-R,-165,-148,6.5,6.5
426,SFO,JSANCHEZ-L,145,128,6.5,6.5
426,BOS,JBECKETT-R,-138,-140,8.5,9
426,TOR,DEVELAND-L,118,120,8.5,9
426,DET,BONDERMAN-R,125,113,9.5,10
426,TEX,MHARRISON-L,-145,-133,9.5,10
426,SEA,FHERNANDZ-R,-180,-165,7.5,7.5
426,KAN,KDAVIES-R,160,145,7.5,7.5
426,CLE,DHUFF-L,155,175,8.5,8.5
426,LAA,JERWEAVER-R,-175,-195,8.5,8.5
427,LOS,CHAEGER-R,140,-112,8,9
427,NYM,OLPEREZ-L,-160,-108,8,9
427,SDG,JGARLAND-R,104,109,9,9
427,MIA,ASANCHEZ-R,-124,-129,9,9
427,WAS,LHERNADEZ-R,135,140,8,8
427,CUB,GORZELANNY-L,-155,-160,8,8
427,CIN,AHARANG-R,-105,112,9,9
427,HOU,BNORRIS-R,-115,-132,9,9
427,PIT,JKARSTENS-R,200,200,9,9
427,MIL,RWOLF-L,-240,-230,9,9
427,ATL,DLOWE-R,150,156,7.5,7.5
427,STL,CARPENTER-R,-170,-176,7.5,7.5
427,ARI,EJACKSON-R,172,180,8.5,8.5
427,COL,UJIMENEZ-R,-192,-210,8.5,8.5
427,PHI,JMOYER-L,-113,-143,9.5,9.5
427,SFO,WELLEMEYER-R,-107,123,9.5,9.5
427,BOS,CBUCHHOLZ-R,-108,-105,8.5,8.5
427,TOR,SMARCUM-R,-112,-105,8.5,8.5
427,MIN,FLIRIANO-L,110,-110,8,8.5
427,DET,VERLANDER-R,-130,-110,8,8.5
427,NYY,PHUGHES-R,-150,-183,8.5,9
427,BAL,KMILLWOOD-R,130,163,8.5,9
427,OAK,BSHEETS-R,135,156,8.5,8.5
427,TAM,WDAVIS-R,-155,-176,8.5,8.5
427,CWS,MBUEHRLE-L,-102,117,9,9
427,TEX,CWILSON-L,-118,-137,9,9
427,SEA,ISNELL-R,145,170,7.5,7.5
427,KAN,ZGREINKE-R,-165,-200,7.5,7.5
427,CLE,MTALBOT-R,135,133,9,9.5
427,LAA,JSAUNDERS-L,-155,-153,9,9.5
427,LOS,HKURODA-R,120,119,7.5,7
427,NYM,JOSANTANA-L,-140,-139,7.5,7
428,SDG,KCORREIA-R,-105,-136,9,8.5
428,MIA,ROBERTSON-L,-115,116,9,8.5
428,PIT,PMAHOLM-L,116,131,9.5,9.5
428,MIL,CNARVESON-L,-136,-151,9.5,9.5
428,LOS,JELY-R,-106,-106,9.5,9
428,NYM,JMAINE-R,-114,-114,9.5,9
428,WAS,LATILANO-R,180,170,8.5,8
428,CUB,RDEMPSTER-R,-210,-200,8.5,8
428,ARI,KBENSON-R,135,128,10.5,11
428,COL,GSMITH-L,-155,-148,10.5,11
428,PHI,CHAMELS-L,134,127,7,7
428,SFO,TLINCECUM-R,-154,-147,7,7
428,CIN,MLEAKE-R,-102,-105,9,9
428,HOU,FPAULINO-R,-118,-105,9,9
428,ATL,KKAWAKAMI-R,124,132,8.5,8.5
428,STL,JGARCIA-L,-144,-152,8.5,8.5
428,SEA,RWLND-SMTH-L,-110,-117,9.5,9.5
428,KAN,GMECHE-R,-110,-103,9.5,9.5
428,MIN,SBAKER-R,-114,-108,8.5,8.5
428,DET,MSCHERZER-R,-106,-112,8.5,8.5
428,CLE,WESTBROOK-R,132,149,9,9
428,LAA,ESANTANA-R,-152,-169,9,9
428,NYY,CSABATHIA-L,-200,-250,8.5,8.5
428,BAL,JGUTHRIE-R,170,210,8.5,8.5
428,BOS,JLESTER-L,-157,-146,9,8.5
428,TOR,BCECIL-L,137,126,9,8.5
428,OAK,DBRADEN-L,138,135,8.5,8.5
428,TAM,JSHIELDS-R,-158,-155,8.5,8.5
428,CWS,JPEAVY-R,-102,100,9,9
428,TEX,RHARDEN-R,-118,-120,9,9
429,ATL,JJURRJENS-R,170,141,7,7
429,STL,WAINWRIGHT-R,-200,-161,7,7
429,ARI,IKENNEDY-R,134,135,12.5,13
429,CUB,TLILLY-L,-154,-155,12.5,13
429,CIN,BARROYO-R,150,145,7.5,7.5
429,HOU,ROSWALT-R,-170,-165,7.5,7.5
429,MIL,DDAVIS-L,112,117,7,7.5
429,SDG,WLEBLANC-L,-132,-137,7,7.5
429,PIT,BBURRES-L,189,250,8,8.5
429,LOS,CKERSHAW-L,-219,-300,8,8.5
429,MIN,CPAVANO-R,-145,-128,9.5,9.5
429,DET,DWILLIS-L,125,108,9.5,9.5
429,CWS,GFLOYD-R,110,101,9.5,9
429,TEX,SFELDMAN-R,-130,-121,9.5,9
429,NYY,ABURNETT-R,-190,-152,8.5,8.5
429,BAL,BMATUSZ-L,170,132,8.5,8.5
429,OAK,DUCHSHERER-R,115,138,7.5,7.5
429,TOR,RROMERO-L,-135,-158,7.5,7.5
429,KAN,LHOCHEVAR-R,200,200,8.5,8.5
429,TAM,MGARZA-R,-240,-240,8.5,8.5
430,ARI,RLOPEZ-R,135,140,14.5,14.5
430,CUB,RWELLS-R,-155,-160,14.5,14.5
430,NYM,JNIESE-L,130,115,10.5,10.5
430,PHI,KKENDRICK-R,-150,-135,10.5,10.5
430,WAS,SOLSEN-L,190,180,9,8.5
430,MIA,RNOLASCO-R,-220,-210,9,8.5
430,HOU,BMYERS-R,170,180,8,8
430,ATL,THANSON-R,-200,-210,8,8
430,CIN,JCUETO-R,170,170,7.5,8
430,STL,BPENNY-R,-190,-200,7.5,8
430,MIL,DBUSH-R,-104,114,7.5,7.5
430,SDG,CRICHARD-L,-116,-134,7.5,7.5
430,PIT,CMORTON-R,215,220,8.5,8.5
430,LOS,BILLNGSLEY-R,-255,-260,8.5,8.5
430,COL,ACOOK-R,104,113,7.5,7.5
430,SFO,BZITO-L,-124,-133,7.5,7.5
430,CWS,FGARCIA-R,195,210,9,9.5
430,NYY,APETTITTE-L,-225,-250,9,9.5
430,MIN,KSLOWEY-R,100,-114,9,9
430,CLE,FCARMONA-R,-120,-106,9,9
430,OAK,TCAHILL-R,113,105,9,9
430,TOR,BMORROW-R,-133,-125,9,9
430,BOS,JLACKEY-R,-152,-155,9,9
430,BAL,DHERNANDZ-R,132,135,9,9
430,LAA,JPINEIRO-R,-117,-110,9.5,9
430,DET,RPORCELLO-R,-103,-110,9.5,9
430,KAN,BBANNISTR-R,175,220,9,9.5
430,TAM,JNIEMANN-R,-205,-260,9,9.5
430,TEX,CLEWIS-R,128,113,7,7
430,SEA,CLEE-L,-148,-133,7,7
501,ARI,DHAREN-R,-106,-113,11,11
501,CUB,CSILVA-R,-114,-107,11,11
501,CIN,HBAILEY-R,150,137,9,9
501,STL,KLOHSE-R,-170,-157,9,9
501,HOU,WRODRIGEZ-L,170,135,8,8
501,ATL,THUDSON-R,-190,-155,8,8
501,NYM,MPELFREY-R,170,190,8,7.5
501,PHI,RHALLADAY-R,-200,-220,8,7.5
501,COL,EROGERS-R,127,129,8,8
501,SFO,MCAIN-R,-147,-149,8,8
501,WAS,CSTAMMEN-R,144,124,9.5,9.5
501,MIA,CVOLSTAD-R,-164,-144,9.5,9.5
501,MIL,YGALLARDO-R,-124,-123,7,7
501,SDG,MLATOS-R,104,103,7,7
501,PIT,ZDUKE-L,152,150,8.5,9
501,LOS,CMONASTER-R,-172,-170,8.5,9
501,CWS,JDANKS-L,134,130,9.5,9
501,NYY,JVAZQUEZ-R,-154,-150,9.5,9
501,OAK,GGONZALEZ-L,-102,-112,9,9
501,TOR,DEVELAND-L,-118,-108,9,9
501,LAA,SKAZMIR-L,-106,-104,10,9.5
501,DET,BONDERMAN-R,-114,-116,10,9.5
501,TEX,MHARRISON-L,190,180,7,7
501,SEA,FHERNANDZ-R,-220,-210,7,7
501,KAN,KDAVIES-R,210,250,8.5,9
501,TAM,DPRICE-L,-250,-290,8.5,9
501,BOS,DMATSUZAK-R,-161,-158,10,10
501,BAL,BBERGESEN-R,141,138,10,10
501,MIN,JMANSHIP-R,-112,-112,9.5,10
501,CLE,MASTERSON-R,-108,-108,9.5,10
502,WAS,JLANNAN-L,170,180,8.5,8.5
502,MIA,JJOHNSON-R,-200,-210,8.5,8.5
502,HOU,BNORRIS-R,150,150,9,9
502,ATL,DLOWE-R,-170,-170,9,9
502,CIN,AHARANG-R,201,200,7.5,7.5
502,STL,CARPENTER-R,-241,-230,7.5,7.5
502,ARI,EJACKSON-R,123,113,10,10
502,CUB,GORZELANNY-L,-143,-133,10,10
502,MIL,RWOLF-L,-120,-108,8,7
502,SDG,JGARLAND-R,100,-112,8,7
502,COL,JCHACIN-R,155,128,8,8
502,SFO,JSANCHEZ-L,-175,-148,8,8
502,PIT,JKARSTENS-R,200,210,8.5,8.5
502,LOS,HKURODA-R,-230,-250,8.5,8.5
502,NYM,JOSANTANA-L,-136,-134,9,9
502,PHI,JMOYER-L,116,114,9,9
502,MIN,FLIRIANO-L,-175,-154,8,8
502,CLE,DHUFF-L,155,134,8,8
502,LAA,JERWEAVER-R,100,-106,8.5,8
502,DET,VERLANDER-R,-120,-114,8.5,8
502,CWS,MBUEHRLE-L,171,180,9.5,9.5
502,NYY,PHUGHES-R,-191,-210,9.5,9.5
502,OAK,BSHEETS-R,130,140,8.5,8.5
502,TOR,SMARCUM-R,-150,-160,8.5,8.5
502,BOS,JBECKETT-R,-155,-154,8.5,9
502,BAL,KMILLWOOD-R,135,134,8.5,9
502,KAN,ZGREINKE-R,120,124,8,8
502,TAM,WDAVIS-R,-140,-144,8,8
502,TEX,CWILSON-L,-108,-105,7,7.5
502,SEA,DFISTER-R,-112,-115,7,7.5
503,STL,JGARCIA-L,-135,-111,9,9.5
503,PHI,JBLANTON-R,115,-109,9,9.5
503,NYM,OLPEREZ-L,-105,128,9,9.5
503,CIN,MLEAKE-R,-115,-148,9,9.5
503,ARI,CVALDEZ-R,-120,-105,9,9.5
503,HOU,FPAULINO-R,100,-105,9,9.5
503,COL,UJIMENEZ-R,-154,-140,6.5,6.5
503,SDG,KCORREIA-R,134,120,6.5,6.5
503,BAL,JGUTHRIE-R,250,270,9,9
503,NYY,CSABATHIA-L,-300,-320,9,9
503,TOR,BCECIL-L,105,-113,8.5,9
503,CLE,MTALBOT-R,-125,-107,8.5,9
503,LAA,JSAUNDERS-L,140,157,9,10
503,BOS,CBUCHHOLZ-R,-160,-177,9,10
503,KAN,GMECHE-R,150,156,9.5,9
503,CWS,JPEAVY-R,-170,-176,9.5,9
503,DET,MSCHERZER-R,115,113,9,9
503,MIN,SBAKER-R,-135,-133,9,9
503,TEX,RHARDEN-R,104,114,8,8
503,OAK,DBRADEN-L,-124,-134,8,8
504,ATL,KKAWAKAMI-R,-108,-117,8.5,9
504,WAS,LHERNADEZ-R,-112,-103,8.5,9
504,CUB,RDEMPSTER-R,-154,-153,8,8
504,PIT,PMAHOLM-L,134,133,8,8
504,STL,WAINWRIGHT-R,-136,-106,8.5,8.5
504,PHI,CHAMELS-L,116,-114,8.5,8.5
504,NYM,JMAINE-R,107,110,9.5,9
504,CIN,BARROYO-R,-127,-130,9.5,9
504,SFO,TLINCECUM-R,-169,-170,7,7.5
504,MIA,ASANCHEZ-R,149,150,7,7.5
504,ARI,IKENNEDY-R,120,-103,8,8
504,HOU,ROSWALT-R,-140,-117,8,8
504,COL,GSMITH-L,118,121,7.5,7
504,SDG,WLEBLANC-L,-138,-141,7.5,7
504,MIL,CNARVESON-L,170,160,8.5,8.5
504,LOS,CKERSHAW-L,-200,-180,8.5,8.5
504,TOR,RROMERO-L,-125,-130,8,8
504,CLE,WESTBROOK-R,105,110,8,8
504,BAL,BMATUSZ-L,200,200,9,9
504,NYY,ABURNETT-R,-230,-240,9,9
504,LAA,ESANTANA-R,160,155,9.5,9
504,BOS,JLESTER-L,-180,-175,9.5,9
504,DET,DWILLIS-L,114,113,10,10
504,MIN,NBLACKBUR-R,-134,-133,10,10
504,KAN,LHOCHEVAR-R,158,151,9,9.5
504,CWS,GFLOYD-R,-178,-171,9,9.5
504,TEX,SFELDMAN-R,-120,-110,8,8
504,OAK,VMAZZARO-R,100,-110,8,8
504,TAM,JSHIELDS-R,-138,-142,7.5,7.5
504,SEA,JVARGAS-L,118,122,7.5,7.5
505,NYM,JNIESE-L,100,-102,9,8.5
505,CIN,JCUETO-R,-120,-118,9,8.5
505,CUB,TLILLY-L,-160,-160,9,9
505,PIT,CMORTON-R,140,140,9,9
505,STL,BPENNY-R,-128,-125,10,10
505,PHI,KKENDRICK-R,108,105,10,10
505,ATL,THANSON-R,-144,-172,8,8
505,WAS,LATILANO-R,124,152,8,8
505,SFO,BZITO-L,-133,-120,8.5,8.5
505,MIA,ROBERTSON-L,113,100,8.5,8.5
505,ARI,RLOPEZ-R,-110,-105,9,9
505,HOU,BMYERS-R,-110,-105,9,9
505,COL,ACOOK-R,-106,122,7.5,7
505,SDG,CRICHARD-L,-114,-142,7.5,7
505,MIL,DDAVIS-L,155,144,9,9
505,LOS,BILLNGSLEY-R,-175,-164,9,9
505,TOR,BMORROW-R,-101,114,8.5,8.5
505,CLE,FCARMONA-R,-119,-134,8.5,8.5
505,DET,RPORCELLO-R,125,123,10,9.5
505,MIN,KSLOWEY-R,-145,-143,10,9.5
505,TEX,CLEWIS-R,-126,-133,8.5,8.5
505,OAK,TCAHILL-R,106,113,8.5,8.5
505,BAL,DHERNANDZ-R,230,250,9.5,9.5
505,NYY,APETTITTE-L,-270,-300,9.5,9.5
505,LAA,JPINEIRO-R,145,140,10,9.5
505,BOS,JLACKEY-R,-165,-160,10,9.5
505,KAN,BBANNISTR-R,114,120,9,9
505,CWS,FGARCIA-R,-134,-140,9,9
505,TAM,MGARZA-R,-113,-111,6.5,6.5
505,SEA,CLEE-L,-107,-109,6.5,6.5
506,STL,KLOHSE-R,210,190,8.5,8
506,PHI,RHALLADAY-R,-250,-220,8.5,8
506,ATL,THUDSON-R,-140,-132,8.5,8.5
506,WAS,SOLSEN-L,120,112,8.5,8.5
506,CUB,RWELLS-R,-155,-195,9,8.5
506,PIT,BBURRES-L,135,175,9,8.5
506,SFO,MCAIN-R,100,102,7.5,7.5
506,MIA,RNOLASCO-R,-120,-122,7.5,7.5
506,ARI,DHAREN-R,-140,-126,8,7.5
506,HOU,WRODRIGEZ-L,120,106,8,7.5
506,MIL,DBUSH-R,105,108,9,9
506,LOS,JELY-R,-125,-128,9,9
506,LAA,SKAZMIR-L,125,108,10.5,10.5
506,BOS,DMATSUZAK-R,-145,-128,10.5,10.5
506,KAN,KDAVIES-R,150,127,9,9.5
506,TEX,MHARRISON-L,-170,-147,9,9.5
506,BAL,BBERGESEN-R,199,180,10,9.5
506,MIN,CPAVANO-R,-229,-210,10,9.5
506,TOR,DEVELAND-L,164,155,8.5,8.5
506,CWS,JDANKS-L,-184,-175,8.5,8.5
506,TAM,JNIEMANN-R,-150,-150,8,8
506,SEA,RWLND-SMTH-L,130,130,8,8
507,ATL,DLOWE-R,108,105,10,10
507,PHI,JMOYER-L,-128,-125,10,10
507,MIA,CVOLSTAD-R,-117,-107,9.5,9
507,WAS,CSTAMMEN-R,-103,-113,9.5,9
507,STL,CARPENTER-R,-230,-183,8,8
507,PIT,ZDUKE-L,200,163,8,8
507,SFO,JSANCHEZ-L,-103,100,7,7.5
507,NYM,MPELFREY-R,-117,-120,7,7.5
507,CUB,CSILVA-R,-114,105,9,9
507,CIN,HBAILEY-R,-106,-125,9,9
507,SDG,MLATOS-R,-117,-123,9,8.5
507,HOU,BNORRIS-R,-103,103,9,8.5
507,MIL,YGALLARDO-R,-134,-133,9.5,10
507,ARI,EJACKSON-R,114,113,9.5,10
507,COL,EROGERS-R,144,145,8.5,8.5
507,LOS,HKURODA-R,-164,-165,8.5,8.5
507,NYY,PHUGHES-R,-111,-108,9,9.5
507,BOS,JBECKETT-R,-109,-112,9,9.5
507,KAN,ZGREINKE-R,100,-110,7.5,8
507,TEX,CWILSON-L,-120,-110,7.5,8
507,TOR,SMARCUM-R,-113,-107,8.5,8.5
507,CWS,MBUEHRLE-L,-107,-113,8.5,8.5
507,TAM,DPRICE-L,-150,-130,7,7.5
507,OAK,GGONZALEZ-L,130,110,7,7.5
507,LAA,JERWEAVER-R,121,107,7,6.5
507,SEA,FHERNANDZ-R,-141,-127,7,6.5
508,MIA,JJOHNSON-R,-168,-189,8.5,8.5
508,WAS,MCHICO-L,148,169,8.5,8.5
508,SFO,WELLEMEYER-R,160,170,8,8
508,NYM,JOSANTANA-L,-180,-200,8,8
508,ATL,KMEDLEN-R,130,133,10,10
508,PHI,JBLANTON-R,-150,-153,10,10
508,SDG,JGARLAND-R,-124,-150,9,8.5
508,HOU,FPAULINO-R,104,130,9,8.5
508,STL,JGARCIA-L,-173,-183,8,8
508,PIT,JKARSTENS-R,153,163,8,8
508,CUB,GORZELANNY-L,-114,-108,8.5,8.5
508,CIN,AHARANG-R,-106,-112,8.5,8.5
508,MIL,RWOLF-L,-110,-112,10,11
508,ARI,CVALDEZ-R,-110,-108,10,11
508,COL,JCHACIN-R,-112,-113,8.5,8.5
508,LOS,CHAEGER-R,-108,-107,8.5,8.5
508,DET,VERLANDER-R,-144,-153,8,8
508,CLE,MASTERSON-R,124,133,8,8
508,BAL,JGUTHRIE-R,190,230,7,8
508,MIN,FLIRIANO-L,-220,-270,7,8
508,NYY,CSABATHIA-L,-135,-136,9,9
508,BOS,CBUCHHOLZ-R,115,116,9,9
508,TAM,WDAVIS-R,-144,-159,8.5,8.5
508,OAK,BSHEETS-R,124,139,8.5,8.5
508,TOR,BCECIL-L,110,116,8,8
508,CWS,JPEAVY-R,-130,-136,8,8
508,KAN,GMECHE-R,164,170,10,9.5
508,TEX,RHARDEN-R,-184,-200,10,9.5
508,LAA,JSAUNDERS-L,111,114,7.5,8
508,SEA,DFISTER-R,-131,-134,7.5,8
508,BAL,KMILLWOOD-R,175,160,9,8.5
508,MIN,SBAKER-R,-195,-180,9,8.5
509,CUB,RDEMPSTER-R,-135,-118,8,8
509,CIN,MLEAKE-R,115,-102,8,8
509,SFO,TLINCECUM-R,-190,-195,7,7.5
509,NYM,OLPEREZ-L,170,175,7,7.5
509,MIA,ASANCHEZ-R,104,-110,9,9
509,WAS,LHERNADEZ-R,-124,-110,9,9
509,STL,WAINWRIGHT-R,-200,-180,7.5,7.5
509,PIT,PMAHOLM-L,170,160,7.5,7.5
509,ATL,KKAWAKAMI-R,160,190,9.5,9
509,PHI,CHAMELS-L,-180,-220,9.5,9
509,SDG,TSTAUFFER-R,100,122,7.5,7.5
509,HOU,ROSWALT-R,-120,-142,7.5,7.5
509,COL,UJIMENEZ-R,-135,-122,7,7
509,LOS,CKERSHAW-L,115,102,7,7
509,MIL,CNARVESON-L,140,122,10.5,10.5
509,ARI,IKENNEDY-R,-160,-142,10.5,10.5
509,DET,MSCHERZER-R,-112,-112,8.5,9
509,CLE,MTALBOT-R,-108,-108,8.5,9
509,TOR,RROMERO-L,-125,-109,8,8.5
509,CWS,GFLOYD-R,105,-111,8,8.5
509,BAL,BMATUSZ-L,124,130,9,8.5
509,MIN,NBLACKBUR-R,-144,-150,9,8.5
509,KAN,LHOCHEVAR-R,145,145,10,9.5
509,TEX,SFELDMAN-R,-165,-165,10,9.5
509,TAM,JSHIELDS-R,-150,-149,8,7.5
509,OAK,DBRADEN-L,130,129,8,7.5
509,LAA,ESANTANA-R,-105,-126,7.5,7.5
509,SEA,JVARGAS-L,-115,106,7.5,7.5
509,NYY,ABURNETT-R,-106,-105,9,9
509,BOS,JLESTER-L,-114,-105,9,9
510,CIN,BARROYO-R,-113,-118,8.5,8.5
510,PIT,ROHLENDOR-R,-107,-102,8.5,8.5
510,WAS,LATILANO-R,116,150,8.5,8.5
510,NYM,JMAINE-R,-136,-170,8.5,8.5
510,MIA,ROBERTSON-L,130,131,9,9
510,CUB,TLILLY-L,-150,-151,9,9
510,ATL,THANSON-R,-138,-133,8.5,8.5
510,MIL,DDAVIS-L,118,113,8.5,8.5
510,PHI,KKENDRICK-R,-107,-111,11,11
510,COL,GSMITH-L,-113,-109,11,11
510,LOS,BILLNGSLEY-R,-118,-110,11,10.5
510,ARI,RLOPEZ-R,-102,-110,11,10.5
510,NYY,SMITRE-R,-125,-155,10,10.5
510,DET,BTHOMAS-L,105,135,10,10.5
510,TOR,BMORROW-R,150,165,9.5,9.5
510,BOS,JLACKEY-R,-170,-185,9.5,9.5
510,TAM,MGARZA-R,-150,-145,8.5,8.5
510,LAA,JPINEIRO-R,130,125,8.5,8.5
511,CIN,JCUETO-R,-124,-121,8.5,8.5
511,PIT,CMORTON-R,104,101,8.5,8.5
511,WAS,SOLSEN-L,118,116,8.5,8
511,NYM,JNIESE-L,-138,-136,8.5,8
511,MIA,RNOLASCO-R,-113,105,8.5,8.5
511,CUB,RWELLS-R,-107,-125,8.5,8.5
511,HOU,BMYERS-R,180,200,8,7.5
511,STL,BPENNY-R,-210,-230,8,7.5
511,ATL,THUDSON-R,-109,-125,8.5,9
511,MIL,DBUSH-R,-111,105,8.5,9
511,LOS,JELY-R,140,147,9,9
511,ARI,DHAREN-R,-160,-167,9,9
511,SDG,WLEBLANC-L,116,125,7.5,7.5
511,SFO,BZITO-L,-136,-145,7.5,7.5
511,SEA,CLEE-L,-134,-161,8.5,8
511,BAL,DHERNANDZ-R,114,141,8.5,8
511,TOR,DEVELAND-L,144,126,10,10.5
511,BOS,DMATSUZAK-R,-164,-146,10,10.5
511,OAK,TCAHILL-R,140,156,9,9
511,TEX,CLEWIS-R,-160,-176,9,9
511,CLE,WESTBROOK-R,-113,100,9,9
511,KAN,BBANNISTR-R,-107,-120,9,9
511,CWS,FGARCIA-R,137,155,9.5,9
511,MIN,KSLOWEY-R,-157,-175,9.5,9
511,TAM,JNIEMANN-R,-114,-143,8.5,9
511,LAA,SKAZMIR-L,-106,123,8.5,9
512,CIN,HBAILEY-R,-106,-110,8.5,9
512,PIT,ZDUKE-L,-114,-110,8.5,9
512,WAS,CSTAMMEN-R,140,145,8.5,8.5
512,NYM,MPELFREY-R,-160,-165,8.5,8.5
512,ATL,DLOWE-R,124,143,8.5,8.5
512,MIL,YGALLARDO-R,-144,-163,8.5,8.5
512,MIA,CVOLSTAD-R,102,-102,8,8
512,CUB,CSILVA-R,-122,-118,8,8
512,PHI,RHALLADAY-R,-110,-184,11,8.5
512,COL,ACOOK-R,-110,164,11,8.5
512,HOU,WRODRIGEZ-L,142,154,8.5,8
512,STL,KLOHSE-R,-162,-174,8.5,8
512,LOS,HKURODA-R,-114,-125,9.5,10
512,ARI,EJACKSON-R,-106,105,9.5,10
512,SDG,CRICHARD-L,124,145,7.5,7
512,SFO,MCAIN-R,-144,-165,7.5,7
512,CWS,JDANKS-L,102,120,8,8
512,MIN,CPAVANO-R,-122,-140,8,8
512,TOR,SMARCUM-R,-103,-114,9.5,9.5
512,BOS,WAKEFIELD-R,-117,-106,9.5,9.5
512,TAM,DPRICE-L,-113,-108,8,8
512,LAA,JERWEAVER-R,-107,-112,8,8
512,NYY,PHUGHES-R,-160,-170,9.5,9.5
512,DET,BONDERMAN-R,140,150,9.5,9.5
512,OAK,GGONZALEZ-L,100,123,9,9
512,TEX,DHOLLAND-L,-120,-143,9,9
512,SEA,RWLND-SMTH-L,-105,-101,8.5,9
512,BAL,BBERGESEN-R,-105,-119,8.5,9
512,CLE,FCARMONA-R,-107,-108,9,9
512,KAN,KDAVIES-R,-113,-112,9,9
512,NYY,JVAZQUEZ-R,-145,-145,10,10
512,DET,RPORCELLO-R,125,125,10,10
513,HOU,BNORRIS-R,230,270,7.5,7.5
513,STL,CARPENTER-R,-270,-320,7.5,7.5
513,SDG,MLATOS-R,120,142,7.5,7.5
513,SFO,JSANCHEZ-L,-140,-162,7.5,7.5
513,NYM,JOSANTANA-L,100,108,7.5,7
513,MIA,JJOHNSON-R,-120,-128,7.5,7
513,WAS,JLANNAN-L,165,163,9.5,10
513,COL,JCHACIN-R,-185,-183,9.5,10
513,SEA,FHERNANDZ-R,-140,-135,7.5,7.5
513,BAL,KMILLWOOD-R,120,115,7.5,7.5
513,NYY,CSABATHIA-L,-120,-128,8,7.5
513,DET,VERLANDER-R,100,108,8,7.5
513,OAK,BSHEETS-R,155,168,9,8.5
513,TEX,CWILSON-L,-175,-188,9,8.5
513,CLE,DHUFF-L,170,175,7.5,8
513,KAN,ZGREINKE-R,-200,-195,7.5,8
514,PIT,BBURRES-L,170,170,10,10
514,CUB,GORZELANNY-L,-200,-200,10,10
514,STL,JGARCIA-L,-134,-124,8.5,8.5
514,CIN,AHARANG-R,114,104,8.5,8.5
514,NYM,OLPEREZ-L,115,120,9,9
514,MIA,ASANCHEZ-R,-135,-140,9,9
514,ARI,IKENNEDY-R,-105,107,9,9
514,ATL,KKAWAKAMI-R,-115,-127,9,9
514,PHI,JMOYER-L,100,100,9,9.5
514,MIL,RWOLF-L,-120,-120,9,9.5
514,LOS,RORTIZ-R,125,115,7.5,7.5
514,SDG,JGARLAND-R,-145,-135,7.5,7.5
514,HOU,FPAULINO-R,114,118,8.5,8.5
514,SFO,WELLEMEYER-R,-134,-138,8.5,8.5
514,CLE,MASTERSON-R,114,-103,8.5,8.5
514,BAL,JGUTHRIE-R,-134,-117,8.5,8.5
514,TEX,RHARDEN-R,115,-110,8.5,8.5
514,TOR,BCECIL-L,-135,-110,8.5,8.5
514,BOS,CBUCHHOLZ-R,-124,-121,9.5,9
514,DET,MSCHERZER-R,104,101,9.5,9
514,MIN,SBAKER-R,150,145,9.5,9.5
514,NYY,ABURNETT-R,-170,-165,9.5,9.5
514,SEA,DFISTER-R,145,160,8,8.5
514,TAM,WDAVIS-R,-165,-180,8,8.5
514,CWS,MBUEHRLE-L,-140,-130,9,9
514,KAN,GMECHE-R,120,110,9,9
514,OAK,DBRADEN-L,-110,-103,8.5,9
514,LAA,JSAUNDERS-L,-110,-117,8.5,9
515,PIT,PMAHOLM-L,170,200,8,7.5
515,CUB,RDEMPSTER-R,-200,-230,8,7.5
515,HOU,ROSWALT-R,170,170,6.5,6
515,SFO,TLINCECUM-R,-200,-200,6.5,6
515,PHI,JBLANTON-R,-113,-114,9.5,10
515,MIL,CNARVESON-L,-107,-106,9.5,10
515,NYM,JMAINE-R,-104,-111,9,9.5
515,MIA,ROBERTSON-L,-116,-109,9,9.5
515,ARI,RLOPEZ-R,175,170,8.5,8.5
515,ATL,THANSON-R,-195,-200,8.5,8.5
515,STL,WAINWRIGHT-R,-147,-141,8,7.5
515,CIN,MLEAKE-R,127,121,8,7.5
515,WAS,LATILANO-R,144,124,10.5,10.5
515,COL,JHAMMEL-R,-164,-144,10.5,10.5
515,LOS,CKERSHAW-L,-114,-115,7,7
515,SDG,KCORREIA-R,-106,-105,7,7
515,TEX,SFELDMAN-R,111,119,8.5,9
515,TOR,RROMERO-L,-131,-139,8.5,9
515,MIN,FLIRIANO-L,111,119,9,9
515,NYY,APETTITTE-L,-131,-139,9,9
515,SEA,JVARGAS-L,175,190,8.5,8.5
515,TAM,JSHIELDS-R,-205,-220,8.5,8.5
515,CLE,MTALBOT-R,112,120,9,8.5
515,BAL,BMATUSZ-L,-132,-140,9,8.5
515,BOS,JLESTER-L,-156,-178,9,9
515,DET,DWILLIS-L,136,158,9,9
515,CWS,JPEAVY-R,-130,-144,8.5,8
515,KAN,LHOCHEVAR-R,110,124,8.5,8
515,OAK,TROSS,110,120,8.5,8.5
515,LAA,ESANTANA-R,-130,-140,8.5,8.5
515,WAS,LHERNADEZ-R,134,210,8.5,8.5
515,COL,UJIMENEZ-R,-154,-250,8.5,8.5
516,NYM,JNIESE-L,170,145,8.5,8.5
516,MIA,RNOLASCO-R,-200,-165,8.5,8.5
516,STL,BPENNY-R,-135,-120,8,8
516,CIN,BARROYO-R,115,100,8,8
516,ARI,DHAREN-R,110,102,8.5,8
516,ATL,THUDSON-R,-130,-122,8.5,8
516,PIT,ROHLENDOR-R,180,180,7.5,8
516,CUB,TLILLY-L,-210,-210,7.5,8
516,WAS,SOLSEN-L,130,108,9.5,9.5
516,COL,JFRANCIS-L,-150,-128,9.5,9.5
516,LOS,BILLNGSLEY-R,-110,-110,7.5,7
516,SDG,WLEBLANC-L,-110,-110,7.5,7
516,HOU,BMYERS-R,170,142,7,7
516,SFO,BZITO-L,-200,-162,7,7
516,PHI,CHAMELS-L,-145,-152,10,10
516,MIL,DBUSH-R,125,132,10,10
516,TEX,CLEWIS-R,-119,-121,9,9
516,TOR,BMORROW-R,-101,101,9,9
516,MIN,NBLACKBUR-R,130,112,10.5,10.5
516,NYY,SMITRE-R,-150,-132,10.5,10.5
516,BOS,JLACKEY-R,-150,-134,9.5,9.5
516,DET,AGALARRAG-R,130,114,9.5,9.5
516,CLE,WESTBROOK-R,-105,-118,9,9.5
516,BAL,HENDRIKSON-L,-115,-102,9,9.5
516,SEA,CLEE-L,115,127,7,6.5
516,TAM,MGARZA-R,-135,-147,7,6.5
516,CWS,GFLOYD-R,-105,-106,9,9
516,KAN,BBANNISTR-R,-115,-114,9,9
516,OAK,TCAHILL-R,130,137,8.5,9
516,LAA,JPINEIRO-R,-150,-157,8.5,9
517,PIT,CMORTON-R,175,175,10.5,10
517,PHI,KKENDRICK-R,-205,-195,10.5,10
517,NYM,MPELFREY-R,104,134,8.5,8.5
517,ATL,DLOWE-R,-124,-154,8.5,8.5
517,MIL,YGALLARDO-R,-107,-113,7.5,8
517,CIN,JCUETO-R,-113,-107,7.5,8
517,ARI,EJACKSON-R,120,124,9,9
517,MIA,CVOLSTAD-R,-140,-144,9,9
517,COL,ACOOK-R,118,103,7.5,7.5
517,CUB,RWELLS-R,-138,-123,7.5,7.5
517,WAS,CSTAMMEN-R,140,138,9,8.5
517,STL,KLOHSE-R,-160,-158,9,8.5
517,SFO,MCAIN-R,-120,-116,6.5,6.5
517,SDG,CRICHARD-L,100,-104,6.5,6.5
517,HOU,WRODRIGEZ-L,139,135,8,7.5
517,LOS,JELY-R,-159,-155,8,7.5
517,MIN,KSLOWEY-R,-120,-107,9.5,9.5
517,TOR,DEVELAND-L,100,-113,9.5,9.5
517,KAN,KDAVIES-R,107,112,9,9
517,BAL,BBERGESEN-R,-127,-132,9,9
517,BOS,DMATSUZAK-R,170,160,9.5,9
517,NYY,PHUGHES-R,-190,-180,9.5,9
517,CLE,FCARMONA-R,170,169,8.5,8.5
517,TAM,JNIEMANN-R,-190,-189,8.5,8.5
517,LAA,SKAZMIR-L,110,138,9,9.5
517,TEX,DHOLLAND-L,-130,-158,9,9.5
517,SEA,RWLND-SMTH-L,109,142,8,7.5
517,OAK,GGONZALEZ-L,-129,-162,8,7.5
518,MIL,MPARRA-L,100,115,9.5,9.5
518,CIN,HBAILEY-R,-120,-135,9.5,9.5
518,ARI,BBUCKNER-R,170,156,8.5,8
518,MIA,JJOHNSON-R,-200,-176,8.5,8
518,PIT,ZDUKE-L,260,290,8.5,8
518,PHI,RHALLADAY-R,-310,-350,8.5,8
518,NYM,JOSANTANA-L,-113,-105,8,7.5
518,ATL,KMEDLEN-R,-107,-105,8,7.5
518,COL,JCHACIN-R,-107,-106,8,8
518,CUB,CSILVA-R,-113,-114,8,8
518,WAS,JLANNAN-L,220,230,8,8
518,STL,CARPENTER-R,-260,-270,8,8
518,SFO,JSANCHEZ-L,-106,-102,6.5,6
518,SDG,MLATOS-R,-114,-118,6.5,6
518,HOU,BNORRIS-R,180,169,7.5,7
518,LOS,HKURODA-R,-210,-189,7.5,7
518,MIN,CPAVANO-R,-103,-102,8,8
518,TOR,SMARCUM-R,-117,-118,8,8
518,CWS,FGARCIA-R,116,123,7.5,9
518,DET,RPORCELLO-R,-136,-143,7.5,9
518,CLE,DHUFF-L,200,220,8.5,8.5
518,TAM,DPRICE-L,-240,-260,8.5,8.5
518,BOS,JBECKETT-R,160,158,9.5,8.5
518,NYY,CSABATHIA-L,-180,-178,9.5,8.5
518,KAN,ZGREINKE-R,-114,-142,7.5,7.5
518,BAL,KMILLWOOD-R,-106,122,7.5,7.5
518,LAA,JERWEAVER-R,104,110,8.5,8.5
518,TEX,CWILSON-L,-124,-130,8.5,8.5
518,SEA,FHERNANDZ-R,-134,-113,7,7
518,OAK,BSHEETS-R,114,-107,7,7
519,NYM,RDICKEY-R,110,118,9,9
519,WAS,LHERNADEZ-R,-130,-138,9,9
519,MIL,RWOLF-L,-155,-133,9,9
519,PIT,BBURRES-L,135,113,9,9
519,CUB,GORZELANNY-L,114,116,10,9.5
519,PHI,JMOYER-L,-134,-136,10,9.5
519,CIN,AHARANG-R,116,-106,9,8.5
519,ATL,KKAWAKAMI-R,-136,-114,9,8.5
519,COL,GSMITH-L,-114,-107,9,9
519,HOU,FPAULINO-R,-106,-113,9,9
519,MIA,ASANCHEZ-R,146,145,8,7.5
519,STL,JGARCIA-L,-166,-165,8,7.5
519,SFO,WELLEMEYER-R,130,142,9.5,10
519,ARI,IKENNEDY-R,-150,-162,9.5,10
519,SDG,JGARLAND-R,-110,-106,8,8
519,LOS,RMORTIZ-R,-110,-114,8,8
519,TAM,WDAVIS-R,128,130,9,9.5
519,NYY,ABURNETT-R,-148,-150,9,9.5
519,KAN,GMECHE-R,100,115,9.5,9
519,CLE,MASTERSON-R,-120,-135,9.5,9
519,MIN,SBAKER-R,113,100,9,9.5
519,BOS,CBUCHHOLZ-R,-133,-120,9,9.5
519,BAL,JGUTHRIE-R,136,150,9.5,9.5
519,TEX,RHARDEN-R,-156,-170,9.5,9.5
519,LAA,JSAUNDERS-L,118,128,8.5,8.5
519,CWS,JDANKS-L,-138,-148,8.5,8.5
519,DET,VERLANDER-R,-119,-115,7.5,7
519,OAK,DBRADEN-L,-101,-105,7.5,7
519,TOR,BCECIL-L,110,-104,7.5,7.5
519,SEA,DFISTER-R,-130,-116,7.5,7.5
520,CIN,MLEAKE-R,150,144,7.5,7.5
520,ATL,THANSON-R,-170,-164,7.5,7.5
520,CUB,RDEMPSTER-R,-110,125,9,9
520,PHI,JBLANTON-R,-110,-145,9,9
520,MIA,ROBERTSON-L,200,200,7.5,7.5
520,STL,WAINWRIGHT-R,-230,-230,7.5,7.5
520,MIL,CNARVESON-L,-120,-113,9.5,9
520,PIT,PMAHOLM-L,100,-107,9.5,9
520,NYM,JMAINE-R,-105,-108,9,9.5
520,WAS,LATILANO-R,-115,-112,9,9.5
520,COL,UJIMENEZ-R,-165,-141,6.5,6
520,HOU,ROSWALT-R,145,121,6.5,6
520,SFO,TLINCECUM-R,-180,-160,7.5,8
520,ARI,RLOPEZ-R,160,140,7.5,8
520,SDG,KCORREIA-R,150,131,7,7
520,LOS,CKERSHAW-L,-170,-151,7,7
520,KAN,LHOCHEVAR-R,115,120,9,9
520,CLE,MTALBOT-R,-135,-140,9,9
520,DET,BONDERMAN-R,-130,-105,8.5,8
520,OAK,TROSS-R,110,-105,8.5,8
520,TOR,RROMERO-L,-115,-118,7,7
520,SEA,JVARGAS-L,-105,-102,7,7
520,TAM,JSHIELDS-R,135,119,9,9
520,NYY,APETTITTE-L,-155,-139,9,9
520,MIN,FLIRIANO-L,115,119,9,8
520,BOS,JLESTER-L,-135,-139,9,8
520,BAL,BMATUSZ-L,115,126,9.5,9.5
520,TEX,SFELDMAN-R,-135,-146,9.5,9.5
520,LAA,ESANTANA-R,115,120,9,8.5
520,CWS,JPEAVY-R,-135,-140,9,8.5
521,ATL,THUDSON-R,-164,-150,8.5,8
521,PIT,ROHLENDOR-R,144,130,8.5,8
521,CIN,BARROYO-R,-115,-110,9,9
521,CLE,WESTBROOK-R,-105,-110,9,9
521,BOS,JLACKEY-R,117,126,9,9.5
521,PHI,CHAMELS-L,-137,-146,9,9.5
521,BAL,DHERNANDZ-R,145,138,9,9
521,WAS,SOLSEN-L,-165,-158,9,9
521,NYY,JVAZQUEZ-R,-170,-160,9,9
521,NYM,HTAKAHASH-L,150,140,9,9
521,TAM,MGARZA-R,-175,-172,7.5,7.5
521,HOU,BMYERS-R,155,152,7.5,7.5
521,CUB,TLILLY-L,117,145,9,9
521,TEX,CLEWIS-R,-137,-165,9,9
521,MIA,RNOLASCO-R,-106,-103,8,8
521,CWS,MBUEHRLE-L,-114,-117,8,8
521,COL,JHAMMEL-R,-114,-119,9.5,9.5
521,KAN,BBANNISTR-R,-106,-101,9.5,9.5
521,MIL,DBUSH-R,135,156,10,9.5
521,MIN,NBLACKBUR-R,-155,-176,10,9.5
521,LAA,JPINEIRO-R,134,112,8,8
521,STL,BPENNY-R,-154,-132,8,8
521,TOR,BMORROW-R,160,126,9.5,9.5
521,ARI,DHAREN-R,-180,-146,9.5,9.5
521,SFO,BZITO-L,-130,-105,7,7.5
521,OAK,TCAHILL-R,110,-105,7,7.5
521,DET,DWILLIS-L,160,158,8.5,8.5
521,LOS,BILLNGSLEY-R,-180,-178,8.5,8.5
521,SDG,WLEBLANC-L,160,145,6.5,6.5
521,SEA,CLEE-L,-180,-165,6.5,6.5
522,ATL,DLOWE-R,-138,-150,9,9
522,PIT,CMORTON-R,118,130,9,9
522,MIA,CVOLSTAD-R,100,108,8.5,9
522,CWS,GFLOYD-R,-120,-128,8.5,9
522,LAA,SKAZMIR-L,116,120,9,9
522,STL,KLOHSE-R,-136,-140,9,9
522,BAL,BBERGESEN-R,104,123,9,9
522,WAS,CSTAMMEN-R,-124,-143,9,9
522,SFO,MCAIN-R,-113,-106,7.5,7.5
522,OAK,GGONZALEZ-L,-107,-114,7.5,7.5
522,COL,JFRANCIS-L,-118,-116,9,9
522,KAN,KDAVIES-R,-102,-104,9,9
522,MIL,YGALLARDO-R,-103,108,9,9
522,MIN,KSLOWEY-R,-117,-128,9,9
522,TAM,JNIEMANN-R,-147,-153,8,8
522,HOU,WRODRIGEZ-L,127,133,8,8
522,CIN,JCUETO-R,-113,-107,8.5,8.5
522,CLE,FCARMONA-R,-107,-113,8.5,8.5
522,CUB,RWELLS-R,124,127,9,9.5
522,TEX,DHOLLAND-L,-144,-147,9,9.5
522,DET,AGALARRAG-R,120,115,8,8
522,LOS,JELY-R,-140,-135,8,8
522,BOS,DMATSUZAK-R,108,100,10.5,10.5
522,PHI,KKENDRICK-R,-128,-120,10.5,10.5
522,NYY,PHUGHES-R,-154,-162,8,7.5
522,NYM,MPELFREY-R,134,142,8,7.5
522,TOR,DEVELAND-L,104,138,10.5,11
522,ARI,EJACKSON-R,-124,-158,10.5,11
522,SDG,CRICHARD-L,-108,-130,7.5,8
522,SEA,ISNELL-R,-112,110,7.5,8
523,ATL,KMEDLEN-R,-155,-128,8.5,8
523,PIT,ZDUKE-L,135,108,8.5,8
523,CIN,HBAILEY-R,-140,-133,9.5,9.5
523,CLE,DHUFF-L,120,113,9.5,9.5
523,BAL,KMILLWOOD-R,-110,101,8.5,8.5
523,WAS,JLANNAN-L,-110,-121,8.5,8.5
523,BOS,WAKEFIELD-R,200,175,8.5,8
523,PHI,RHALLADAY-R,-230,-195,8.5,8
523,TAM,DPRICE-L,-200,-175,7.5,7.5
523,HOU,BNORRIS-R,170,155,7.5,7.5
523,CUB,CSILVA-R,155,164,9,9.5
523,TEX,CWILSON-L,-175,-184,9,9.5
523,MIA,JJOHNSON-R,-129,-141,8.5,8.5
523,CWS,FGARCIA-R,109,121,8.5,8.5
523,COL,ACOOK-R,125,128,8.5,8
523,KAN,ZGREINKE-R,-145,-148,8.5,8
523,MIL,MESTRADA-R,160,158,9.5,10
523,MIN,CPAVANO-R,-180,-178,9.5,10
523,LAA,JERWEAVER-R,140,110,7,7
523,STL,CARPENTER-R,-160,-130,7,7
523,SFO,JSANCHEZ-L,-120,-105,7.5,7.5
523,OAK,BSHEETS-R,100,-115,7.5,7.5
523,SDG,MLATOS-R,125,118,7,7
523,SEA,FHERNANDZ-R,-145,-138,7,7
523,DET,RPORCELLO-R,140,133,8,8
523,LOS,HKURODA-R,-160,-153,8,8
523,TOR,SMARCUM-R,-145,-130,9.5,10
523,ARI,BBUCKNER-R,125,110,9.5,10
523,NYY,CSABATHIA-L,-145,-140,7.5,7
523,NYM,JOSANTANA-L,125,120,7.5,7
524,PIT,BBURRES-L,165,159,9.5,9.5
524,CIN,AHARANG-R,-185,-179,9.5,9.5
524,CWS,JDANKS-L,-154,-134,8,8
524,CLE,MASTERSON-R,134,114,8,8
524,BOS,CBUCHHOLZ-R,100,116,9,9
524,TAM,WDAVIS-R,-120,-136,9,9
524,TOR,BCECIL-L,-101,110,9,9
524,LAA,JSAUNDERS-L,-119,-130,9,9
525,PIT,PMAHOLM-L,135,148,8.5,8.5
525,CIN,MLEAKE-R,-155,-168,8.5,8.5
525,ATL,KKAWAKAMI-R,-103,107,9,9
525,MIA,ASANCHEZ-R,-117,-127,9,9
525,PHI,JMOYER-L,-122,-128,9,9.5
525,NYM,RDICKEY-R,102,108,9,9.5
525,LOS,CKERSHAW-L,-114,-112,8,7.5
525,CUB,RDEMPSTER-R,-106,-108,8,7.5
525,HOU,FPAULINO-R,144,138,9.5,9.5
525,MIL,RWOLF-L,-164,-158,9.5,9.5
525,ARI,IKENNEDY-R,-128,120,9.5,9.5
525,COL,JCHACIN-R,108,-140,9.5,9.5
525,STL,WAINWRIGHT-R,-130,-140,6.5,6.5
525,SDG,JGARLAND-R,110,120,6.5,6.5
525,WAS,LHERNADEZ-R,-105,102,8,8.5
525,SFO,WELLEMEYER-R,-115,-122,8,8.5
525,CWS,JPEAVY-R,-124,-135,8.5,9
525,CLE,MTALBOT-R,104,115,8.5,9
525,OAK,DBRADEN-L,-113,-118,8,8
525,BAL,JGUTHRIE-R,-107,-102,8,8
525,BOS,JLESTER-L,-110,-112,8,8
525,TAM,JSHIELDS-R,-110,-108,8,8
525,NYY,ABURNETT-R,-119,-105,9.5,9.5
525,MIN,SBAKER-R,-101,-105,9.5,9.5
525,TEX,RHARDEN-R,-138,-140,9.5,9.5
525,KAN,GMECHE-R,118,120,9.5,9.5
525,TOR,RROMERO-L,-107,-111,8.5,8
525,LAA,ESANTANA-R,-113,-109,8.5,8
525,DET,VERLANDER-R,-113,-120,6.5,6.5
525,SEA,DFISTER-R,-107,100,6.5,6.5
526,ATL,THANSON-R,-147,-145,8.5,8.5
526,MIA,ROBERTSON-L,127,125,8.5,8.5
526,PIT,ROHLENDOR-R,147,150,8.5,9
526,CIN,BARROYO-R,-167,-170,8.5,9
526,PHI,JBLANTON-R,-114,-120,9,8.5
526,NYM,HTAKAHASH-L,-106,100,9,8.5
526,LOS,BILLNGSLEY-R,-113,-113,8,7.5
526,CUB,GORZELANNY-L,-107,-107,8,7.5
526,HOU,ROSWALT-R,-113,-113,8,8
526,MIL,CNARVESON-L,-107,-107,8,8
526,ARI,RLOPEZ-R,200,220,8.5,8.5
526,COL,UJIMENEZ-R,-240,-260,8.5,8.5
526,STL,JGARCIA-L,-117,-138,6.5,6.5
526,SDG,KCORREIA-R,-103,118,6.5,6.5
526,WAS,LATILANO-R,210,220,7,7
526,SFO,TLINCECUM-R,-250,-260,7,7
526,CWS,MBUEHRLE-L,-114,-111,8.5,8
526,CLE,WESTBROOK-R,-106,-109,8.5,8
526,TEX,SFELDMAN-R,-114,-117,9.5,9.5
526,KAN,LHOCHEVAR-R,-106,-103,9.5,9.5
526,DET,BONDERMAN-R,-112,-103,7.5,7.5
526,SEA,JVARGAS-L,-108,-117,7.5,7.5
526,TOR,BMORROW-R,134,117,9,9.5
526,LAA,JPINEIRO-R,-154,-137,9,9.5
526,OAK,TCAHILL-R,-113,-110,8.5,9
526,BAL,BMATUSZ-L,-107,-110,8.5,9
526,BOS,JLACKEY-R,134,146,8,8.5
526,TAM,MGARZA-R,-154,-166,8,8.5
526,NYY,APETTITTE-L,-113,114,9,8.5
526,MIN,FLIRIANO-L,-107,-134,9,8.5
527,HOU,BMYERS-R,120,110,9,9
527,MIL,DBUSH-R,-140,-130,9,9
527,LOS,JELY-R,105,105,7,7
527,CUB,TLILLY-L,-125,-125,7,7
527,ARI,DHAREN-R,-120,-112,9.5,9.5
527,COL,JHAMMEL-R,100,-108,9.5,9.5
527,WAS,CSTAMMEN-R,155,139,8,7.5
527,SFO,BZITO-L,-175,-159,8,7.5
527,STL,PWALTERS-R,105,-105,7,7
527,SDG,WLEBLANC-L,-125,-115,7,7
527,PIT,CMORTON-R,170,150,8.5,8
527,CIN,JCUETO-R,-200,-170,8.5,8
527,ATL,THUDSON-R,-110,-113,8,8
527,MIA,RNOLASCO-R,-110,-107,8,8
527,PHI,CHAMELS-L,-135,-125,8,7.5
527,NYM,MPELFREY-R,115,105,8,7.5
527,OAK,GGONZALEZ-L,-120,-142,8.5,9
527,BAL,BBERGESEN-R,100,122,8.5,9
527,CWS,GFLOYD-R,145,163,8.5,8.5
527,TAM,JNIEMANN-R,-165,-183,8.5,8.5
527,KAN,BBANNISTR-R,150,180,10,9.5
527,BOS,DMATSUZAK-R,-170,-210,10,9.5
527,NYY,JVAZQUEZ-R,-125,-109,10,9
527,MIN,NBLACKBUR-R,105,-111,10,9
528,STL,CARPENTER-R,-129,-110,7,6.5
528,CUB,RWELLS-R,109,-110,7,6.5
528,HOU,WRODRIGEZ-L,101,110,8.5,8.5
528,CIN,SLECURE-R,-121,-130,8.5,8.5
528,PHI,KKENDRICK-R,104,-109,9.5,9.5
528,MIA,CVOLSTAD-R,-124,-111,9.5,9.5
528,PIT,ZDUKE-L,150,151,8.5,8.5
528,ATL,DLOWE-R,-170,-171,8.5,8.5
528,NYM,JOSANTANA-L,-110,-105,7,7.5
528,MIL,YGALLARDO-R,-110,-115,7,7.5
528,LOS,CMONASTER-R,122,135,9.5,10
528,COL,JFRANCIS-L,-142,-155,9.5,10
528,WAS,JLANNAN-L,135,121,6.5,6.5
528,SDG,CRICHARD-L,-155,-141,6.5,6.5
528,ARI,EJACKSON-R,120,122,7.5,7.5
528,SFO,MCAIN-R,-140,-142,7.5,7.5
528,BAL,KMILLWOOD-R,150,159,8,8
528,TOR,SMARCUM-R,-170,-179,8,8
528,CLE,FCARMONA-R,220,210,9,9
528,NYY,PHUGHES-R,-260,-250,9,9
528,OAK,BSHEETS-R,-103,-105,9,9
528,DET,DWILLIS-L,-117,-105,9,9
528,CWS,FGARCIA-R,171,190,8.5,8.5
528,TAM,DPRICE-L,-201,-220,8.5,8.5
528,KAN,KDAVIES-R,159,165,9.5,9.5
528,BOS,WAKEFIELD-R,-179,-185,9.5,9.5
528,TEX,CLEWIS-R,100,106,9,9
528,MIN,KSLOWEY-R,-120,-126,9,9
528,SEA,CLEE-L,-111,-109,8,7.5
528,LAA,SKAZMIR-L,-109,-111,8,7.5
529,STL,AOTTAVINO-R,110,110,8.5,8.5
529,CUB,CSILVA-R,-130,-130,8.5,8.5
529,NYM,FNIEVE-R,105,105,9,10
529,MIL,MPARRA-L,-125,-125,9,10
529,PIT,BBURRES-L,170,180,9,9
529,ATL,KMEDLEN-R,-200,-210,9,9
529,HOU,BMOEHLER-R,155,148,9,9
529,CIN,AHARANG-R,-175,-168,9,9
529,PHI,RHALLADAY-R,-125,-114,7,6.5
529,MIA,JJOHNSON-R,105,-106,7,6.5
529,LOS,HKURODA-R,110,-101,9.5,9.5
529,COL,ACOOK-R,-130,-119,9.5,9.5
529,WAS,JMARTIN-R,160,166,7,7
529,SDG,MLATOS-R,-180,-186,7,7
529,ARI,BBUCKNER-R,145,135,8.5,8
529,SFO,JSANCHEZ-L,-165,-155,8.5,8
529,BAL,CTILLMAN-R,170,149,9,9
529,TOR,BCECIL-L,-190,-169,9,9
529,CLE,DHUFF-L,270,280,9.5,9
529,NYY,CSABATHIA-L,-320,-330,9.5,9
529,SEA,FHERNANDZ-R,165,116,8.5,7.5
529,LAA,JERWEAVER-R,-185,-136,8.5,7.5
529,TEX,CWILSON-L,105,101,8.5,8.5
529,MIN,CPAVANO-R,-125,-121,8.5,8.5
529,OAK,BANDERSON-L,105,100,8.5,9
529,DET,RPORCELLO-R,-125,-120,8.5,9
529,CWS,JDANKS-L,110,123,8.5,8
529,TAM,WDAVIS-R,-130,-143,8.5,8
529,KAN,ZGREINKE-R,115,129,8.5,8.5
529,BOS,CBUCHHOLZ-R,-135,-149,8.5,8.5
530,PHI,JMOYER-L,105,115,9.5,8.5
530,MIA,ASANCHEZ-R,-125,-135,9.5,8.5
530,HOU,FPAULINO-R,155,170,8.5,8.5
530,CIN,MLEAKE-R,-175,-200,8.5,8.5
530,PIT,PMAHOLM-L,155,142,9,8.5
530,ATL,KKAWAKAMI-R,-175,-162,9,8.5
530,NYM,RDICKEY-R,115,121,9,10
530,MIL,RWOLF-L,-135,-141,9,10
530,STL,WAINWRIGHT-R,-110,-117,8,7
530,CUB,RDEMPSTER-R,-110,-103,8,7
530,LOS,CKERSHAW-L,-110,-105,9,9
530,COL,JCHACIN-R,-110,-115,9,9
530,WAS,LHERNADEZ-R,120,144,6.5,7
530,SDG,JGARLAND-R,-140,-164,6.5,7
530,ARI,IKENNEDY-R,-105,-112,8.5,8.5
530,SFO,WELLEMEYER-R,-115,-108,8.5,8.5
530,CLE,MASTERSON-R,245,250,10,10
530,NYY,ABURNETT-R,-285,-290,10,10
530,OAK,DBRADEN-L,105,108,9,8.5
530,DET,MSCHERZER-R,-125,-128,9,8.5
530,BAL,JGUTHRIE-R,170,150,8,8
530,TOR,RROMERO-L,-190,-170,8,8
530,KAN,BCHEN-L,250,250,9,9
530,BOS,JLESTER-L,-300,-290,9,9
530,CWS,JPEAVY-R,155,157,8,8
530,TAM,JSHIELDS-R,-175,-177,8,8
530,SEA,ISNELL-R,145,125,9,9
530,LAA,JSAUNDERS-L,-165,-145,9,9
530,TEX,DHOLLAND-L,120,111,8.5,8.5
530,MIN,SBAKER-R,-140,-131,8.5,8.5
531,PHI,JBLANTON-R,130,138,8.5,7.5
531,ATL,THANSON-R,-150,-158,8.5,7.5
531,MIL,CNARVESON-L,110,105,9.5,9.5
531,MIA,ROBERTSON-L,-130,-125,9.5,9.5
531,CUB,RWELLS-R,-130,-131,8.5,8.5
531,PIT,ROHLENDOR-R,110,111,8.5,8.5
531,WAS,LATILANO-R,170,134,8,7.5
531,HOU,ROSWALT-R,-190,-154,8,7.5
531,COL,UJIMENEZ-R,-114,-106,6,6
531,SFO,TLINCECUM-R,-106,-114,6,6
531,CIN,BARROYO-R,120,148,7.5,7.5
531,STL,JGARCIA-L,-140,-168,7.5,7.5
531,ARI,RLOPEZ-R,140,166,8.5,8.5
531,LOS,BILLNGSLEY-R,-160,-186,8.5,8.5
531,NYM,HTAKAHASH-L,-111,-105,6.5,6.5
531,SDG,KCORREIA-R,-109,-115,6.5,6.5
531,CLE,MTALBOT-R,220,210,9.5,9.5
531,NYY,APETTITTE-L,-260,-250,9.5,9.5
531,OAK,TCAHILL-R,145,161,8,8
531,DET,VERLANDER-R,-165,-181,8,8
531,LAA,ESANTANA-R,-113,-110,9,9
531,KAN,LHOCHEVAR-R,-107,-110,9,9
531,TAM,MGARZA-R,-140,-135,8.5,9
531,TOR,BMORROW-R,120,115,8.5,9
531,MIN,FLIRIANO-L,-113,-125,7,7
531,SEA,DFISTER-R,-107,105,7,7
601,CUB,TLILLY-L,-153,-145,8.5,8
601,PIT,JKARSTENS-R,133,125,8.5,8
601,PHI,CHAMELS-L,115,102,7.5,7.5
601,ATL,THUDSON-R,-135,-122,7.5,7.5
601,MIL,DBUSH-R,131,130,9,9
601,MIA,RNOLASCO-R,-151,-150,9,9
601,WAS,CSTAMMEN-R,103,100,8.5,8.5
601,HOU,BMYERS-R,-123,-120,8.5,8.5
601,CIN,JCUETO-R,-110,-104,7.5,8
601,STL,PWALTERS-R,-110,-116,7.5,8
601,NYM,MPELFREY-R,-125,-114,6.5,6.5
601,SDG,WLEBLANC-L,105,-106,6.5,6.5
601,ARI,DHAREN-R,110,118,8.5,7.5
601,LOS,JELY-R,-130,-138,8.5,7.5
601,COL,JHAMMEL-R,125,113,8,8
601,SFO,BZITO-L,-145,-133,8,8
601,BAL,BMATUSZ-L,200,200,10,10
601,NYY,JVAZQUEZ-R,-230,-230,10,10
601,CLE,WESTBROOK-R,128,157,8.5,9
601,DET,BONDERMAN-R,-148,-177,8.5,9
601,TAM,JNIEMANN-R,-165,-152,9,9
601,TOR,BTALLET-L,145,132,9,9
601,OAK,GGONZALEZ-L,125,137,9,9
601,BOS,JLACKEY-R,-145,-157,9,9
601,LAA,JPINEIRO-R,-105,-109,9,9.5
601,KAN,BBANNISTR-R,-105,-111,9,9.5
601,TEX,RHARDEN-R,105,105,9,8.5
601,CWS,MBUEHRLE-L,-125,-125,9,8.5
601,MIN,NBLACKBUR-R,-105,-111,7.5,8
601,SEA,JVARGAS-L,-115,-109,7.5,8
602,PHI,KKENDRICK-R,114,126,9,9
602,ATL,DLOWE-R,-134,-146,9,9
602,ARI,EJACKSON-R,125,123,8.5,8.5
602,LOS,CMONASTER-R,-145,-143,8.5,8.5
602,NYM,JOSANTANA-L,-110,-120,6.5,6
602,SDG,CRICHARD-L,-110,100,6.5,6
602,MIL,YGALLARDO-R,-114,-122,8.5,8.5
602,MIA,CVOLSTAD-R,-106,102,8.5,8.5
602,WAS,JLANNAN-L,-111,-107,8.5,8.5
602,HOU,WRODRIGEZ-L,-109,-113,8.5,8.5
602,CIN,SLECURE-R,170,180,8,8
602,STL,CARPENTER-R,-200,-210,8,8
602,COL,JFRANCIS-L,100,122,7,7
602,SFO,MCAIN-R,-120,-142,7,7
602,BAL,BBERGESEN-R,265,280,9,9.5
602,NYY,PHUGHES-R,-315,-330,9,9.5
602,CLE,FCARMONA-R,108,140,9,9
602,DET,AGALARRAG-R,-128,-160,9,9
602,TAM,DPRICE-L,-106,-113,8,7.5
602,TOR,SMARCUM-R,-114,-107,8,7.5
602,OAK,BSHEETS-R,129,127,9.5,9.5
602,BOS,DMATSUZAK-R,-149,-147,9.5,9.5
602,LAA,SKAZMIR-L,-106,-106,9.5,9.5
602,KAN,KDAVIES-R,-114,-114,9.5,9.5
602,TEX,SFELDMAN-R,100,107,9,9
602,CWS,GFLOYD-R,-120,-127,9,9
602,MIN,KSLOWEY-R,121,118,7,7
602,SEA,CLEE-L,-141,-138,7,7
603,WAS,JMARTIN-R,-115,-131,9,9
603,HOU,BMOEHLER-R,-105,111,9,9
603,MIL,CCAPUANO-L,200,210,8,8.5
603,MIA,JJOHNSON-R,-240,-250,8,8.5
603,ATL,KMEDLEN-R,110,115,8,8
603,LOS,HKURODA-R,-130,-135,8,8
603,BAL,KMILLWOOD-R,270,250,9,9
603,NYY,CSABATHIA-L,-320,-300,9,9
603,CLE,DHUFF-L,170,169,9.5,9.5
603,DET,RPORCELLO-R,-200,-189,9.5,9.5
603,OAK,BANDERSON-L,110,-107,9,9
603,BOS,WAKEFIELD-R,-130,-113,9,9
603,LAA,JERWEAVER-R,100,-104,7.5,7
603,KAN,ZGREINKE-R,-120,-116,7.5,7
603,TEX,CLEWIS-R,-125,-116,9,9
603,CWS,FGARCIA-R,105,-104,9,9
603,MIN,CPAVANO-R,115,105,7,7
603,SEA,FHERNANDZ-R,-135,-125,7,7
604,SDG,MLATOS-R,170,180,7.5,7
604,PHI,RHALLADAY-R,-190,-210,7.5,7
604,CIN,AHARANG-R,-106,-115,9,8.5
604,WAS,LHERNADEZ-R,-114,-105,9,8.5
604,SFO,JSANCHEZ-L,-130,-123,8,7.5
604,PIT,ZDUKE-L,110,103,8,7.5
604,MIA,ASANCHEZ-R,-120,-113,8.5,8.5
604,NYM,RDICKEY-R,100,-107,8.5,8.5
604,CUB,CZAMBRANO-R,-119,-127,8.5,8
604,HOU,FPAULINO-R,-101,107,8.5,8
604,MIL,RWOLF-L,170,200,8,8
604,STL,WAINWRIGHT-R,-200,-230,8,8
604,COL,ACOOK-R,-105,-104,10,10
604,ARI,IKENNEDY-R,-115,-116,10,10
604,ATL,KKAWAKAMI-R,145,162,8,7.5
604,LOS,CKERSHAW-L,-165,-182,8,7.5
604,NYY,ABURNETT-R,-132,-133,9,9
604,TOR,BCECIL-L,112,113,9,9
604,BOS,CBUCHHOLZ-R,-180,-172,9,9.5
604,BAL,CTILLMAN-R,160,152,9,9.5
604,TAM,WDAVIS-R,100,110,9.5,10
604,TEX,CWILSON-L,-120,-130,9.5,10
604,CLE,MASTERSON-R,190,158,8.5,8.5
604,CWS,JDANKS-L,-220,-178,8.5,8.5
604,DET,MSCHERZER-R,-139,-139,9.5,9
604,KAN,BCHEN-L,119,119,9.5,9
604,MIN,SBAKER-R,-113,-111,7.5,7.5
604,OAK,DBRADEN-L,-107,-109,7.5,7.5
604,LAA,JSAUNDERS-L,-110,-106,8.5,8.5
604,SEA,ISNELL-R,-110,-114,8.5,8.5
605,MIA,ROBERTSON-L,107,102,9.5,9.5
605,NYM,JNIESE-L,-127,-122,9.5,9.5
605,MIL,CNARVESON-L,125,122,9.5,9.5
605,STL,AOTTAVINO-R,-145,-142,9.5,9.5
605,CUB,RDEMPSTER-R,-105,-106,7,6.5
605,HOU,ROSWALT-R,-105,-114,7,6.5
605,CIN,MLEAKE-R,-117,-135,8.5,9
605,WAS,LATILANO-R,-103,115,8.5,9
605,SDG,JGARLAND-R,118,112,9,9
605,PHI,JMOYER-L,-138,-132,9,9
605,SFO,WELLEMEYER-R,-114,106,8.5,8
605,PIT,PMAHOLM-L,-106,-126,8.5,8
605,COL,JCHACIN-R,-120,-133,10.5,10.5
605,ARI,DWILLIS-L,100,113,10.5,10.5
605,ATL,THANSON-R,-112,106,7,7
605,LOS,BILLNGSLEY-R,-108,-126,7,7
605,NYY,APETTITTE-L,-115,-134,8.5,8.5
605,TOR,RROMERO-L,-105,114,8.5,8.5
605,LAA,ESANTANA-R,-106,-145,7.5,8.5
605,SEA,RWLND-SMTH-L,-114,125,7.5,8.5
605,CLE,MTALBOT-R,150,134,9,9
605,CWS,JPEAVY-R,-170,-154,9,9
605,BOS,JLESTER-L,-180,-200,8.5,8.5
605,BAL,JGUTHRIE-R,160,170,8.5,8.5
605,DET,VERLANDER-R,-138,-151,9,8.5
605,KAN,LHOCHEVAR-R,118,131,9,8.5
605,TAM,JSHIELDS-R,-130,-145,9.5,9.5
605,TEX,THUNTER-R,110,125,9.5,9.5
605,MIN,FLIRIANO-L,-120,-113,7.5,7.5
605,OAK,TCAHILL-R,100,-107,7.5,7.5
606,MIA,RNOLASCO-R,-110,-110,8,8
606,NYM,HTAKAHASH-L,-110,-110,8,8
606,SDG,KCORREIA-R,111,132,9,9.5
606,PHI,JBLANTON-R,-131,-152,9,9.5
606,CIN,BARROYO-R,-135,-113,9,9
606,WAS,CSTAMMEN-R,115,-107,9,9
606,SFO,TLINCECUM-R,-180,-170,7,7
606,PIT,ROHLENDOR-R,160,150,7,7
606,CUB,RWELLS-R,-135,-119,8,7.5
606,HOU,BMYERS-R,115,-101,8,7.5
606,MIL,MPARRA-L,195,170,8.5,8.5
606,STL,JGARCIA-L,-225,-200,8.5,8.5
606,COL,UJIMENEZ-R,-210,-220,8.5,8
606,ARI,RLOPEZ-R,180,190,8.5,8
606,ATL,THUDSON-R,105,-102,7.5,7
606,LOS,JELY-R,-125,-118,7.5,7
606,NYY,JVAZQUEZ-R,-120,-132,9.5,9.5
606,TOR,BMORROW-R,100,112,9.5,9.5
606,BOS,JLACKEY-R,-175,-161,9.5,9.5
606,BAL,BMATUSZ-L,155,141,9.5,9.5
606,CLE,WESTBROOK-R,140,140,9,9
606,CWS,MBUEHRLE-L,-160,-160,9,9
606,DET,BONDERMAN-R,-135,-124,9,9
606,KAN,BBANNISTR-R,115,104,9,9
606,TAM,MGARZA-R,-130,-135,9.5,10
606,TEX,RHARDEN-R,110,115,9.5,10
606,MIN,NBLACKBUR-R,105,135,8,8
606,OAK,GGONZALEZ-L,-125,-155,8,8
606,LAA,JPINEIRO-R,-101,-103,8,8
606,SEA,JVARGAS-L,-119,-117,8,8
607,SDG,WLEBLANC-L,155,158,9,9
607,PHI,CHAMELS-L,-175,-178,9,9
607,SFO,BZITO-L,110,122,8,8
607,CIN,JCUETO-R,-130,-142,8,8
607,HOU,WRODRIGEZ-L,134,165,9,9
607,COL,JHAMMEL-R,-154,-185,9,9
607,ATL,DLOWE-R,105,101,9,8.5
607,ARI,DHAREN-R,-125,-121,9,8.5
607,STL,BHAWKSWOR-R,123,124,8.5,8.5
607,LOS,CMONASTER-R,-143,-144,8.5,8.5
607,BOS,DMATSUZAK-R,-139,-150,9,9
607,CLE,FCARMONA-R,119,130,9,9
607,SEA,CLEE-L,-117,-113,8.5,9
607,TEX,SFELDMAN-R,-103,-107,8.5,9
607,LAA,SKAZMIR-L,-103,110,8.5,8.5
607,OAK,BSHEETS-R,-117,-130,8.5,8.5
607,CUB,CSILVA-R,-138,-149,8.5,8.5
607,PIT,DEVELAND-L,118,129,8.5,8.5
608,PIT,JKARSTENS-R,144,170,8.5,8.5
608,WAS,SSTRASBUR-R,-164,-200,8.5,8.5
608,MIA,CVOLSTAD-R,118,123,9.5,9.5
608,PHI,KKENDRICK-R,-138,-143,9.5,9.5
608,SFO,MCAIN-R,-117,-119,8.5,8.5
608,CIN,SLECURE-R,-103,-101,8.5,8.5
608,SDG,CRICHARD-L,120,125,7.5,7
608,NYM,MPELFREY-R,-140,-145,7.5,7
608,CUB,TLILLY-L,-103,136,7.5,7.5
608,MIL,YGALLARDO-R,-117,-156,7.5,7.5
608,HOU,BMOEHLER-R,180,200,9.5,9.5
608,COL,JFRANCIS-L,-210,-240,9.5,9.5
608,ATL,KMEDLEN-R,-115,-106,9.5,9.5
608,ARI,EJACKSON-R,-105,-114,9.5,9.5
608,STL,CARPENTER-R,-125,-127,7.5,7
608,LOS,HKURODA-R,105,107,7.5,7
608,BOS,WAKEFIELD-R,-165,-160,10,9.5
608,CLE,DHUFF-L,145,140,10,9.5
608,NYY,PHUGHES-R,-220,-220,8.5,8.5
608,BAL,KMILLWOOD-R,190,190,8.5,8.5
608,TOR,BTALLET-L,170,154,9,9
608,TAM,JNIEMANN-R,-200,-174,9,9
608,SEA,FHERNANDZ-R,100,108,8.5,8
608,TEX,CLEWIS-R,-120,-128,8.5,8
608,DET,AGALARRAG-R,105,103,9,9
608,CWS,GFLOYD-R,-125,-123,9,9
608,KAN,ZGREINKE-R,105,123,8,8
608,MIN,KSLOWEY-R,-125,-143,8,8
608,LAA,JERWEAVER-R,-150,-149,8.5,8
608,OAK,VMAZZARO-R,130,129,8.5,8
609,PIT,BLINCOLN-R,138,115,9,9
609,WAS,JLANNAN-L,-158,-135,9,9
609,SFO,JSANCHEZ-L,-111,100,8.5,8
609,CIN,AHARANG-R,-109,-120,8.5,8
609,CUB,CZAMBRANO-R,-107,-108,9,8.5
609,MIL,RWOLF-L,-113,-112,9,8.5
609,HOU,FPAULINO-R,145,159,9,9
609,COL,ACOOK-R,-165,-179,9,9
609,ATL,KKAWAKAMI-R,-110,-105,9.5,9.5
609,ARI,IKENNEDY-R,-110,-115,9.5,9.5
609,STL,WAINWRIGHT-R,-107,-120,6.5,6.5
609,LOS,CKERSHAW-L,-113,100,6.5,6.5
609,NYY,CSABATHIA-L,-240,-260,9.5,9
609,BAL,CTILLMAN-R,200,220,9.5,9
609,BOS,CBUCHHOLZ-R,-160,-175,9,9
609,CLE,MASTERSON-R,140,155,9,9
609,TOR,SMARCUM-R,120,129,8,7.5
609,TAM,DPRICE-L,-140,-149,8,7.5
609,SEA,ISNELL-R,160,180,9.5,9.5
609,TEX,CWILSON-L,-180,-210,9.5,9.5
609,DET,RPORCELLO-R,-109,100,9.5,9.5
609,CWS,FGARCIA-R,-111,-120,9.5,9.5
609,KAN,KDAVIES-R,165,154,9,9
609,MIN,CPAVANO-R,-185,-174,9,9
609,LAA,JSAUNDERS-L,-106,105,8,8
609,OAK,DBRADEN-L,-114,-125,8,8
610,SFO,WELLEMEYER-R,134,167,8.5,8.5
610,CIN,MLEAKE-R,-154,-187,8.5,8.5
610,SDG,JGARLAND-R,-106,102,8,8
610,NYM,JNIESE-L,-114,-122,8,8
610,CUB,RDEMPSTER-R,-110,-142,8.5,8.5
610,MIL,DBUSH-R,-110,122,8.5,8.5
610,HOU,ROSWALT-R,105,138,8.5,8.5
610,COL,JCHACIN-R,-125,-158,8.5,8.5
610,ATL,THANSON-R,-164,-166,9.5,9.5
610,ARI,DWILLIS-L,144,146,9.5,9.5
610,PIT,ZDUKE-L,131,131,8.5,8.5
610,WAS,LHERNADEZ-R,-151,-151,8.5,8.5
610,MIA,JJOHNSON-R,110,140,9.5,6.5
610,PHI,RHALLADAY-R,-130,-160,9.5,6.5
610,DET,MSCHERZER-R,104,108,8.5,9
610,CWS,JDANKS-L,-124,-128,8.5,9
610,LAA,ESANTANA-R,-110,-108,8,8
610,OAK,TCAHILL-R,-110,-112,8,8
610,BOS,JLESTER-L,-200,-210,9,8.5
610,CLE,MTALBOT-R,170,180,9,8.5
610,NYY,ABURNETT-R,-250,-220,9.5,9.5
610,BAL,JARRIETA-R,210,190,9.5,9.5
610,TOR,BCECIL-L,120,117,9,9
610,TAM,WDAVIS-R,-140,-137,9,9
610,SEA,RWLND-SMTH-L,149,180,10,10
610,TEX,THUNTER-R,-169,-210,10,10
610,KAN,BCHEN-L,170,175,9,9
610,MIN,SBAKER-R,-200,-195,9,9
610,SDG,MLATOS-R,-106,129,8,6.5
610,NYM,JOSANTANA-L,-114,-149,8,6.5
611,STL,JGARCIA-L,-130,-149,9.5,9.5
611,ARI,RLOPEZ-R,110,129,9.5,9.5
611,CWS,JPEAVY-R,-102,-112,11.5,10.5
611,CUB,RWELLS-R,-118,-108,11.5,10.5
611,HOU,BMYERS-R,240,200,9,8.5
611,NYY,APETTITTE-L,-280,-240,9,8.5
611,NYM,RDICKEY-R,-113,-108,8.5,9
611,BAL,JGUTHRIE-R,-107,-112,8.5,9
611,WAS,LATILANO-R,-107,101,9,9.5
611,CLE,WESTBROOK-R,-113,-121,9,9.5
611,PIT,ROHLENDOR-R,208,220,8,8
611,DET,VERLANDER-R,-248,-260,8,8
611,MIA,ASANCHEZ-R,155,162,8.5,8.5
611,TAM,JSHIELDS-R,-175,-182,8.5,8.5
611,PHI,JMOYER-L,130,122,10,10
611,BOS,JLACKEY-R,-150,-142,10,10
611,KAN,LHOCHEVAR-R,135,137,9,9
611,CIN,BARROYO-R,-155,-157,9,9
611,ATL,THUDSON-R,105,132,8,7.5
611,MIN,FLIRIANO-L,-125,-152,8,7.5
611,TEX,RHARDEN-R,-125,-113,9.5,9.5
611,MIL,CNARVESON-L,105,-107,9.5,9.5
611,TOR,RROMERO-L,173,159,7.5,7
611,COL,UJIMENEZ-R,-203,-179,7.5,7
611,SEA,JVARGAS-L,110,120,7,6.5
611,SDG,KCORREIA-R,-130,-140,7,6.5
611,LAA,JPINEIRO-R,130,153,8.5,8
611,LOS,BILLNGSLEY-R,-150,-173,8.5,8
611,OAK,GGONZALEZ-L,155,159,6.5,6.5
611,SFO,TLINCECUM-R,-175,-179,6.5,6.5
612,STL,AOTTAVINO-R,120,126,9.5,9.5
612,ARI,DHAREN-R,-140,-146,9.5,9.5
612,HOU,WRODRIGEZ-L,190,220,9.5,9
612,NYY,JVAZQUEZ-R,-220,-260,9.5,9
612,CWS,MBUEHRLE-L,122,128,8.5,8.5
612,CUB,CSILVA-R,-142,-148,8.5,8.5
612,PHI,JBLANTON-R,122,135,10,10
612,BOS,SATCHISON-R,-142,-155,10,10
612,WAS,JMARTIN-R,110,102,9,9
612,CLE,FCARMONA-R,-130,-122,9,9
612,NYM,HTAKAHASH-L,-112,-106,9,9
612,BAL,BMATUSZ-L,-108,-114,9,9
612,PIT,PMAHOLM-L,155,154,8.5,8.5
612,DET,BONDERMAN-R,-175,-174,8.5,8.5
612,MIA,RNOLASCO-R,146,169,8.5,8.5
612,TAM,MGARZA-R,-166,-189,8.5,8.5
612,ATL,DLOWE-R,-103,-102,9.5,9.5
612,MIN,NBLACKBUR-R,-117,-118,9.5,9.5
612,TEX,SFELDMAN-R,-105,-110,10,10.5
612,MIL,MPARRA-L,-105,-110,10,10.5
612,KAN,BBANNISTR-R,152,155,8.5,8.5
612,CIN,JCUETO-R,-172,-175,8.5,8.5
612,TOR,BMORROW-R,110,105,9.5,9
612,COL,JHAMMEL-R,-130,-125,9.5,9
612,SEA,CLEE-L,-120,-140,6.5,6
612,SDG,WLEBLANC-L,100,120,6.5,6
612,OAK,BSHEETS-R,-102,100,7.5,7.5
612,SFO,BZITO-L,-118,-120,7.5,7.5
612,LAA,SKAZMIR-L,130,130,8.5,8
612,LOS,JELY-R,-150,-150,8.5,8
613,STL,CARPENTER-R,-150,-142,9,8.5
613,ARI,EJACKSON-R,130,122,9,8.5
613,WAS,SSTRASBUR-R,-200,-180,8,8
613,CLE,DHUFF-L,170,160,8,8
613,HOU,BMOEHLER-R,250,290,9,9
613,NYY,PHUGHES-R,-300,-350,9,9
613,PIT,JKARSTENS-R,170,164,9,9
613,DET,AGALARRAG-R,-190,-184,9,9
613,KAN,ZGREINKE-R,-106,-109,8.5,8.5
613,CIN,SLECURE-R,-114,-111,8.5,8.5
613,PHI,CHAMELS-L,-103,-108,9.5,9.5
613,BOS,WAKEFIELD-R,-117,-112,9.5,9.5
613,NYM,MPELFREY-R,-133,-136,8,8.5
613,BAL,KMILLWOOD-R,113,116,8,8.5
613,MIA,CVOLSTAD-R,170,180,8.5,9
613,TAM,JNIEMANN-R,-190,-210,8.5,9
613,ATL,KMEDLEN-R,120,120,9,8.5
613,MIN,KSLOWEY-R,-140,-140,9,8.5
613,TEX,CLEWIS-R,116,115,8.5,8
613,MIL,YGALLARDO-R,-136,-135,8.5,8
613,CWS,GFLOYD-R,128,116,8.5,8.5
613,CUB,TLILLY-L,-148,-136,8.5,8.5
613,TOR,JLITSCH-R,150,136,9.5,9.5
613,COL,JFRANCIS-L,-170,-156,9.5,9.5
613,OAK,VMAZZARO-R,165,159,7.5,8
613,SFO,MCAIN-R,-185,-179,7.5,8
613,SEA,FHERNANDZ-R,102,-107,6.5,6
613,SDG,CRICHARD-L,-122,-113,6.5,6
613,LAA,JERWEAVER-R,102,-105,8,8
613,LOS,CMONASTER-R,-122,-105,8,8
614,SEA,LFRENCH-L,225,250,7.5,7.5
614,STL,WAINWRIGHT-R,-265,-300,7.5,7.5
614,TOR,SMARCUM-R,-105,-106,6.5,6.5
614,SDG,JGARLAND-R,-115,-114,6.5,6.5
614,MIL,RWOLF-L,140,126,9.5,10
614,LAA,JSAUNDERS-L,-160,-146,9.5,10
614,BAL,CTILLMAN-R,164,180,8,7.5
614,SFO,JSANCHEZ-L,-184,-210,8,7.5
615,LOS,HKURODA-R,-106,-120,9,9
615,CIN,AHARANG-R,-114,100,9,9
615,CWS,FGARCIA-R,-122,-119,9,8.5
615,PIT,BLINCOLN-R,102,-101,9,8.5
615,PHI,RHALLADAY-R,-101,-107,7.5,7.5
615,NYY,CSABATHIA-L,-119,-113,7.5,7.5
615,WAS,JLANNAN-L,127,154,9.5,9.5
615,DET,MSCHERZER-R,-147,-174,9.5,9.5
615,NYM,JOSANTANA-L,-140,-133,8,8
615,CLE,MASTERSON-R,120,113,8,8
615,TEX,CWILSON-L,128,143,7,7.5
615,MIA,JJOHNSON-R,-148,-163,7,7.5
615,TAM,DPRICE-L,-121,-128,8.5,8.5
615,ATL,KKAWAKAMI-R,101,108,8.5,8.5
615,ARI,IKENNEDY-R,152,169,9.5,9.5
615,BOS,CBUCHHOLZ-R,-172,-189,9.5,9.5
615,OAK,TCAHILL-R,114,103,8.5,8.5
615,CUB,CZAMBRANO-R,-134,-123,8.5,8.5
615,HOU,FPAULINO-R,-107,-107,8.5,9
615,KAN,KDAVIES-R,-113,-113,8.5,9
615,COL,ACOOK-R,123,135,9,9
615,MIN,CPAVANO-R,-143,-155,9,9
615,SEA,RWLND-SMTH-L,130,150,9,9.5
615,STL,JSUPPAN-R,-150,-170,9,9.5
615,TOR,BCECIL-L,110,100,6,6
615,SDG,MLATOS-R,-130,-120,6,6
615,MIL,DBUSH-R,134,167,9,9.5
615,LAA,ESANTANA-R,-154,-187,9,9.5
615,BAL,JARRIETA-R,120,130,8.5,8.5
615,SFO,JMARTINEZ-R,-140,-150,8.5,8.5
616,LOS,CKERSHAW-L,-113,-120,8.5,8.5
616,CIN,MLEAKE-R,-107,100,8.5,8.5
616,BAL,JGUTHRIE-R,210,240,6.5,6.5
616,SFO,TLINCECUM-R,-250,-280,6.5,6.5
616,TOR,RROMERO-L,-114,-114,6.5,6.5
616,SDG,KCORREIA-R,-106,-106,6.5,6.5
616,MIL,CNARVESON-L,128,126,10,9.5
616,LAA,JPINEIRO-R,-148,-146,10,9.5
616,WAS,LHERNADEZ-R,160,190,7.5,8
616,DET,VERLANDER-R,-180,-220,7.5,8
616,CWS,JDANKS-L,-130,-140,8.5,7.5
616,PIT,ZDUKE-L,110,120,8.5,7.5
616,PHI,JMOYER-L,145,170,10,10
616,NYY,ABURNETT-R,-165,-200,10,10
616,NYM,JNIESE-L,-107,-110,8.5,9
616,CLE,MTALBOT-R,-113,-110,8.5,9
616,TEX,THUNTER-R,-101,-106,8.5,8.5
616,MIA,ASANCHEZ-R,-119,-114,8.5,8.5
616,TAM,WDAVIS-R,113,117,8.5,8.5
616,ATL,THANSON-R,-133,-137,8.5,8.5
616,ARI,RLOPEZ-R,210,250,9,9
616,BOS,JLESTER-L,-250,-290,9,9
616,OAK,GGONZALEZ-L,117,114,8.5,8
616,CUB,RDEMPSTER-R,-137,-134,8.5,8
616,HOU,ROSWALT-R,-121,-115,8,8.5
616,KAN,BCHEN-L,101,-105,8,8.5
616,COL,JCHACIN-R,128,121,9,9
616,MIN,SBAKER-R,-148,-141,9,9
616,SEA,JVARGAS-L,160,175,7.5,7.5
616,STL,JGARCIA-L,-180,-195,7.5,7.5
617,LOS,JELY-R,-105,-103,9,9
617,CIN,BARROYO-R,-105,-117,9,9
617,WAS,LATILANO-R,157,164,9,9
617,DET,BONDERMAN-R,-177,-184,9,9
617,COL,UJIMENEZ-R,-118,-113,6.5,7
617,MIN,FLIRIANO-L,-102,-107,6.5,7
617,OAK,DBRADEN-L,-104,111,9,8.5
617,CUB,RWELLS-R,-116,-131,9,8.5
617,CWS,MBUEHRLE-L,-130,-128,8.5,8.5
617,PIT,ROHLENDOR-R,110,108,8.5,8.5
617,NYM,RDICKEY-R,-107,-112,9,9
617,CLE,WESTBROOK-R,-113,-108,9,9
617,PHI,KKENDRICK-R,170,200,10,10
617,NYY,APETTITTE-L,-190,-230,10,10
617,TEX,DNIPPERT-R,125,125,9,9
617,MIA,RNOLASCO-R,-145,-145,9,9
617,TAM,JSHIELDS-R,-107,100,8.5,8.5
617,ATL,THUDSON-R,-113,-120,8.5,8.5
617,ARI,DHAREN-R,115,126,9.5,9
617,BOS,JLACKEY-R,-135,-146,9.5,9
617,HOU,BMYERS-R,-105,-110,8.5,9.5
617,KAN,ALEREW-R,-115,-110,8.5,9.5
618,MIL,MPARRA-L,134,137,9.5,9.5
618,COL,JHAMMEL-R,-154,-157,9.5,9.5
618,LAA,SKAZMIR-L,121,105,11.5,11.5
618,CUB,CSILVA-R,-141,-125,11.5,11.5
618,MIN,NBLACKBUR-R,104,114,10,10
618,PHI,JBLANTON-R,-124,-134,10,10
618,NYM,HTAKAHASH-L,160,170,9.5,9.5
618,NYY,JVAZQUEZ-R,-180,-200,9.5,9.5
618,CWS,GFLOYD-R,133,153,7.5,7.5
618,WAS,SSTRASBUR-R,-153,-173,7.5,7.5
618,CLE,FCARMONA-R,-110,100,8,8
618,PIT,PMAHOLM-L,-110,-120,8,8
618,ARI,DWILLIS-L,170,180,9.5,9.5
618,DET,AGALARRAG-R,-190,-210,9.5,9.5
618,SFO,BZITO-L,105,130,8.5,8.5
618,TOR,BMORROW-R,-125,-150,8.5,8.5
618,LOS,CMONASTER-R,116,116,9.5,10.5
618,BOS,FDOUBRONT-L,-136,-136,9.5,10.5
618,TAM,MGARZA-R,-160,-168,9,9
618,MIA,ROBERTSON-L,140,148,9,9
618,KAN,BBANNISTR-R,170,180,9,9
618,ATL,DLOWE-R,-190,-210,9,9
618,TEX,SFELDMAN-R,-135,-136,9,9
618,HOU,WRODRIGEZ-L,115,116,9,9
618,OAK,VMAZZARO-R,200,210,8,8
618,STL,CARPENTER-R,-240,-250,8,8
618,BAL,BMATUSZ-L,145,145,7,7
618,SDG,WLEBLANC-L,-165,-165,7,7
618,CIN,JCUETO-R,124,134,6.5,6.5
618,SEA,CLEE-L,-144,-154,6.5,6.5
619,MIL,YGALLARDO-R,-107,-105,9,8.5
619,COL,JFRANCIS-L,-113,-105,9,8.5
619,LAA,JERWEAVER-R,-111,-107,9,8.5
619,CUB,TLILLY-L,-109,-113,9,8.5
619,SFO,MCAIN-R,-129,-159,8.5,8.5
619,TOR,JLITSCH-R,109,139,8.5,8.5
619,NYM,MPELFREY-R,160,175,8.5,8.5
619,NYY,PHUGHES-R,-180,-195,8.5,8.5
619,MIN,KSLOWEY-R,125,140,9,9.5
619,PHI,CHAMELS-L,-145,-160,9,9.5
619,LOS,VPADILLA-R,115,130,10.5,11
619,BOS,WAKEFIELD-R,-135,-150,10.5,11
619,ARI,EJACKSON-R,110,114,9.5,9.5
619,DET,RPORCELLO-R,-130,-134,9.5,9.5
619,CLE,DHUFF-L,-107,105,9,9
619,PIT,JKARSTENS-R,-113,-125,9,9
619,CWS,JPEAVY-R,-109,-120,8.5,8.5
619,WAS,JMARTIN-R,-111,100,8.5,8.5
619,TEX,CLEWIS-R,-162,-210,9,9
619,HOU,BMOEHLER-R,142,180,9,9
619,KAN,ZGREINKE-R,110,120,8,7.5
619,ATL,KMEDLEN-R,-130,-140,8,7.5
619,TAM,JNIEMANN-R,-144,-146,9,9
619,MIA,CVOLSTAD-R,124,126,9,9
619,OAK,BSHEETS-R,180,200,7.5,7
619,STL,WAINWRIGHT-R,-210,-230,7.5,7
619,BAL,KMILLWOOD-R,147,170,6.5,6.5
619,SDG,CRICHARD-L,-167,-200,6.5,6.5
619,CIN,SLECURE-R,154,160,7,7
619,SEA,FHERNANDZ-R,-174,-180,7,7
620,MIL,RWOLF-L,135,104,9.5,10
620,COL,ACOOK-R,-155,-124,9.5,10
620,ARI,IKENNEDY-R,140,131,9.5,9
620,DET,MSCHERZER-R,-160,-151,9.5,9
620,SFO,JSANCHEZ-L,114,127,8,7.5
620,TOR,SMARCUM-R,-134,-147,8,7.5
620,TAM,DPRICE-L,115,-106,7.5,7
620,MIA,JJOHNSON-R,-135,-114,7.5,7
620,KAN,KDAVIES-R,160,155,9.5,9.5
620,ATL,KKAWAKAMI-R,-180,-175,9.5,9.5
620,MIN,CPAVANO-R,170,170,8,8
620,PHI,RHALLADAY-R,-190,-200,8,8
620,CWS,FGARCIA-R,-110,-115,9.5,9.5
620,WAS,JLANNAN-L,-110,-105,9.5,9.5
620,CLE,MASTERSON-R,-130,-123,9,8.5
620,PIT,BLINCOLN-R,110,103,9,8.5
620,LOS,HKURODA-R,135,129,9.5,9.5
620,BOS,CBUCHHOLZ-R,-155,-149,9.5,9.5
620,TEX,CWILSON-L,-160,-173,8.5,8
620,HOU,FPAULINO-R,140,153,8.5,8
620,OAK,TCAHILL-R,100,-114,9,9
620,STL,JSUPPAN-R,-120,-106,9,9
620,LAA,JSAUNDERS-L,102,120,9,9
620,CUB,CZAMBRANO-R,-122,-140,9,9
620,BAL,JARRIETA-R,145,140,7,7
620,SDG,JGARLAND-R,-165,-160,7,7
620,CIN,AHARANG-R,-130,-122,9,8.5
620,SEA,RWLND-SMTH-L,110,102,9,8.5
620,NYM,JOSANTANA-L,127,160,8.5,8.5
620,NYY,CSABATHIA-L,-147,-180,8.5,8.5
621,KAN,BCHEN-L,125,119,9,9
621,WAS,LHERNADEZ-R,-145,-139,9,9
621,NYY,ABURNETT-R,-158,-164,10.5,10.5
621,ARI,RLOPEZ-R,138,144,10.5,10.5
621,CIN,MLEAKE-R,100,115,8,7.5
621,OAK,GGONZALEZ-L,-120,-135,8,7.5
622,SFO,TLINCECUM-R,-141,-140,6.5,6.5
622,HOU,ROSWALT-R,121,120,6.5,6.5
622,STL,JGARCIA-L,-113,-105,7.5,8
622,TOR,BCECIL-L,-107,-105,7.5,8
622,KAN,ALEREW-R,-105,-110,9,9
622,WAS,LATILANO-R,-105,-110,9,9
622,MIA,ASANCHEZ-R,-126,-116,8.5,8.5
622,BAL,JGUTHRIE-R,106,-104,8.5,8.5
622,CLE,MTALBOT-R,145,169,10,10
622,PHI,JMOYER-L,-165,-189,10,10
622,DET,VERLANDER-R,-124,-141,7.5,7.5
622,NYM,JNIESE-L,104,121,7.5,7.5
622,SDG,MLATOS-R,107,119,8,8
622,TAM,WDAVIS-R,-127,-139,8,8
622,PIT,ROHLENDOR-R,190,210,10,10.5
622,TEX,THUNTER-R,-220,-250,10,10.5
622,MIN,SBAKER-R,-124,-135,9.5,9
622,MIL,CNARVESON-L,104,115,9.5,9
622,ATL,THANSON-R,-110,-113,8,8
622,CWS,JDANKS-L,-110,-107,8,8
622,BOS,JLESTER-L,-134,-142,8.5,8.5
622,COL,JCHACIN-R,114,122,8.5,8.5
622,NYY,APETTITTE-L,-130,-130,9.5,9.5
622,ARI,DHAREN-R,110,110,9.5,9.5
622,CIN,BARROYO-R,-109,110,8,7.5
622,OAK,DBRADEN-L,-111,-130,8,7.5
622,LOS,CKERSHAW-L,-114,-133,8,8
622,LAA,ESANTANA-R,-106,113,8,8
622,CUB,RDEMPSTER-R,-113,-106,6.5,7
622,SEA,JVARGAS-L,-107,-114,6.5,7
623,SFO,BZITO-L,-110,-120,7.5,7.5
623,HOU,BMYERS-R,-110,100,7.5,7.5
623,CIN,JCUETO-R,-106,-112,8.5,8.5
623,OAK,VMAZZARO-R,-114,-108,8.5,8.5
623,KAN,BBANNISTR-R,195,210,7.5,7.5
623,WAS,SSTRASBUR-R,-225,-250,7.5,7.5
623,MIA,RNOLASCO-R,-124,-120,9,9
623,BAL,BMATUSZ-L,104,100,9,9
623,CLE,WESTBROOK-R,157,164,10,10
623,PHI,KKENDRICK-R,-177,-184,10,10
623,STL,CARPENTER-R,-106,-110,7.5,7.5
623,TOR,RROMERO-L,-114,-110,7.5,7.5
623,DET,BONDERMAN-R,-110,-102,8,8.5
623,NYM,RDICKEY-R,-110,-118,8,8.5
623,SDG,KCORREIA-R,160,175,8.5,8.5
623,TAM,JSHIELDS-R,-180,-195,8.5,8.5
623,PIT,PMAHOLM-L,147,155,10,10.5
623,TEX,DNIPPERT-R,-167,-175,10,10.5
623,MIN,FLIRIANO-L,-136,-137,8.5,8.5
623,MIL,MPARRA-L,116,117,8.5,8.5
623,ATL,THUDSON-R,-110,-115,8.5,8.5
623,CWS,MBUEHRLE-L,-110,-105,8.5,8.5
623,BOS,JLACKEY-R,148,143,8,8
623,COL,UJIMENEZ-R,-168,-163,8,8
623,NYY,JVAZQUEZ-R,-190,-210,10.5,10.5
623,ARI,DWILLIS-L,170,180,10.5,10.5
623,LOS,JELY-R,-106,100,9,9
623,LAA,JPINEIRO-R,-114,-120,9,9
623,CUB,RWELLS-R,144,156,6.5,6.5
623,SEA,CLEE-L,-164,-176,6.5,6.5
624,SFO,MCAIN-R,-155,-152,7,7.5
624,HOU,WRODRIGEZ-L,135,132,7,7.5
624,SDG,WLEBLANC-L,160,157,8.5,8
624,TAM,MGARZA-R,-180,-177,8.5,8
624,CLE,FCARMONA-R,135,130,9.5,9.5
624,PHI,JBLANTON-R,-155,-150,9.5,9.5
624,ATL,DLOWE-R,-110,-107,9,9
624,CWS,GFLOYD-R,-110,-113,9,9
624,MIN,NBLACKBUR-R,160,139,8.5,8.5
624,MIL,YGALLARDO-R,-180,-159,8.5,8.5
624,CUB,TLILLY-L,130,141,6.5,6.5
624,SEA,FHERNANDZ-R,-150,-161,6.5,6.5
624,MIA,ROBERTSON-L,-120,-110,9.5,9.5
624,BAL,KMILLWOOD-R,100,-110,9.5,9.5
624,STL,WAINWRIGHT-R,-135,-136,7.5,7.5
624,TOR,BMORROW-R,115,116,7.5,7.5
624,DET,AGALARRAG-R,100,110,8,8
624,NYM,HTAKAHASH-L,-120,-130,8,8
624,PIT,JKARSTENS-R,210,240,10.5,10.5
624,TEX,SFELDMAN-R,-250,-280,10.5,10.5
624,BOS,DMATSUZAK-R,-105,-109,9,9.5
624,COL,JHAMMEL-R,-115,-111,9,9.5
624,LOS,CHAEGER-R,130,125,9.5,10.5
624,LAA,SKAZMIR-L,-150,-145,9.5,10.5
625,SDG,CRICHARD-L,-107,-113,8.5,8.5
625,MIA,CVOLSTAD-R,-113,-107,8.5,8.5
625,CUB,CZAMBRANO-R,118,142,9,8.5
625,CWS,JPEAVY-R,-138,-162,9,8.5
625,PHI,RHALLADAY-R,-240,-200,9,8.5
625,TOR,JLITSCH-R,200,170,9,8.5
625,WAS,JMARTIN-R,-115,-112,9,9
625,BAL,JARRIETA-R,-105,-108,9,9
625,MIN,KSLOWEY-R,111,100,8.5,8
625,NYM,MPELFREY-R,-131,-120,8.5,8
625,CLE,ALAFFEY-L,148,170,9.5,9.5
625,CIN,AHARANG-R,-168,-200,9.5,9.5
625,ARI,EJACKSON-R,171,162,9,8.5
625,TAM,JNIEMANN-R,-191,-182,9,8.5
625,DET,AOLIVER-L,140,139,9,9
625,ATL,KMEDLEN-R,-160,-159,9,9
625,HOU,BMOEHLER-R,250,250,9.5,9.5
625,TEX,CLEWIS-R,-300,-300,9.5,9.5
625,STL,JSUPPAN-R,135,132,9,8.5
625,KAN,ZGREINKE-R,-155,-152,9,8.5
625,SEA,RWLND-SMTH-L,130,139,9.5,9.5
625,MIL,DBUSH-R,-150,-159,9.5,9.5
625,PIT,BLINCOLN-R,160,159,8,8
625,OAK,BSHEETS-R,-180,-179,8,8
625,COL,JFRANCIS-L,140,149,8,7.5
625,LAA,JERWEAVER-R,-160,-169,8,7.5
625,NYY,CSABATHIA-L,-190,-158,8.5,8.5
625,LOS,VPADILLA-R,170,138,8.5,8.5
625,BOS,WAKEFIELD-R,-101,107,8.5,8
625,SFO,JSANCHEZ-L,-119,-127,8.5,8
626,SDG,JGARLAND-R,170,180,7,7
626,MIA,JJOHNSON-R,-200,-210,7,7
626,PHI,CHAMELS-L,-134,-135,9,9
626,TOR,SMARCUM-R,114,115,9,9
626,MIN,CPAVANO-R,110,107,7.5,7.5
626,NYM,JOSANTANA-L,-130,-127,7.5,7.5
626,STL,BHAWKSWOR-R,-120,-118,9.5,10
626,KAN,KDAVIES-R,100,-102,9.5,10
626,HOU,JBANKS-R,220,250,10.5,10.5
626,TEX,CWILSON-L,-260,-300,10.5,10.5
626,ARI,IKENNEDY-R,170,170,8.5,8.5
626,TAM,DPRICE-L,-200,-200,8.5,8.5
626,DET,MSCHERZER-R,-101,-105,9,9
626,ATL,KKAWAKAMI-R,-119,-105,9,9
626,SEA,DFISTER-R,110,129,8.5,9
626,MIL,RWOLF-L,-130,-149,8.5,9
626,WAS,LHERNADEZ-R,-113,-122,9,9.5
626,BAL,BBERGESEN-R,-107,102,9,9.5
626,CLE,MASTERSON-R,114,118,9.5,9.5
626,CIN,SLECURE-R,-134,-138,9.5,9.5
626,BOS,CBUCHHOLZ-R,-149,-142,8.5,8
626,SFO,MBUMGARNR-L,129,122,8.5,8
626,NYY,ABURNETT-R,-113,-105,8.5,8.5
626,LOS,HKURODA-R,-107,-115,8.5,8.5
626,CUB,CSILVA-R,-101,113,9,9
626,CWS,FGARCIA-R,-119,-133,9,9
626,PIT,DMCCUTCHE-R,154,200,8,8.5
626,OAK,TCAHILL-R,-174,-240,8,8.5
626,COL,ACOOK-R,110,122,9.5,9.5
626,LAA,JSAUNDERS-L,-130,-142,9.5,9.5
627,SDG,MLATOS-R,-108,-113,7.5,7.5
627,MIA,ASANCHEZ-R,-112,-107,7.5,7.5
627,PHI,JMOYER-L,-133,-105,9.5,9.5
627,TOR,BCECIL-L,113,-105,9.5,9.5
627,CLE,MTALBOT-R,155,155,9.5,9.5
627,CIN,BARROYO-R,-175,-175,9.5,9.5
627,MIN,SBAKER-R,-110,-113,8.5,8
627,NYM,JNIESE-L,-110,-107,8.5,8
627,DET,VERLANDER-R,108,-107,8,7
627,ATL,THANSON-R,-128,-113,8,7
627,WAS,LATILANO-R,100,-105,9.5,9.5
627,BAL,JGUTHRIE-R,-120,-115,9.5,9.5
627,ARI,RLOPEZ-R,175,162,9.5,9.5
627,TAM,WDAVIS-R,-195,-182,9.5,9.5
627,CUB,RDEMPSTER-R,112,120,8,7.5
627,CWS,JDANKS-L,-132,-140,8,7.5
627,SEA,JVARGAS-L,100,-104,9,8.5
627,MIL,CNARVESON-L,-120,-116,9,8.5
627,STL,JGARCIA-L,-165,-142,8.5,9
627,KAN,BCHEN-L,145,122,8.5,9
627,COL,JCHACIN-R,120,116,8.5,8.5
627,LAA,ESANTANA-R,-140,-136,8.5,8.5
627,PIT,ROHLENDOR-R,200,200,9,8.5
627,OAK,GGONZALEZ-L,-230,-240,9,8.5
627,BOS,JLESTER-L,108,-102,7,6.5
627,SFO,TLINCECUM-R,-128,-118,7,6.5
627,HOU,ROSWALT-R,140,153,9,9
627,TEX,THUNTER-R,-160,-173,9,9
627,NYY,APETTITTE-L,-110,-112,7.5,7
627,LOS,CKERSHAW-L,-110,-108,7.5,7
628,NYM,RDICKEY-R,-106,-109,9,8.5
628,MIA,RNOLASCO-R,-114,-111,9,8.5
628,PHI,KKENDRICK-R,110,108,9.5,9.5
628,CIN,JCUETO-R,-130,-128,9.5,9.5
628,WAS,SSTRASBUR-R,-101,102,7,6.5
628,ATL,THUDSON-R,-119,-122,7,6.5
628,PIT,PMAHOLM-L,170,165,8,8
628,CUB,RWELLS-R,-190,-185,8,8
628,HOU,BNORRIS-R,158,175,9.5,8.5
628,MIL,MPARRA-L,-178,-195,9.5,8.5
628,ARI,DHAREN-R,150,157,7.5,7
628,STL,CARPENTER-R,-170,-177,7.5,7
628,COL,UJIMENEZ-R,-149,-150,6,6
628,SDG,KCORREIA-R,129,130,6,6
628,LOS,BILLNGSLEY-R,-106,-112,7.5,7.5
628,SFO,BZITO-L,-114,-108,7.5,7.5
628,TOR,RROMERO-L,-145,-157,8.5,8.5
628,CLE,WESTBROOK-R,125,137,8.5,8.5
628,DET,BONDERMAN-R,132,149,8,8
628,MIN,FLIRIANO-L,-152,-169,8,8
628,CWS,MBUEHRLE-L,-127,-125,9.5,9.5
628,KAN,ALEREW-R,107,105,9.5,9.5
629,NYM,HTAKAHASH-L,-120,-113,9.5,10
629,MIA,ROBERTSON-L,100,-107,9.5,10
629,PHI,JBLANTON-R,-107,104,9.5,9.5
629,CIN,MLEAKE-R,-113,-124,9.5,9.5
629,WAS,CSTAMMEN-R,160,180,9,9
629,ATL,DLOWE-R,-180,-210,9,9
629,PIT,JKARSTENS-R,200,170,7.5,7.5
629,CUB,TLILLY-L,-230,-200,7.5,7.5
629,HOU,BMYERS-R,190,200,7.5,7.5
629,MIL,YGALLARDO-R,-220,-230,7.5,7.5
629,ARI,DWILLIS-L,240,280,8,8.5
629,STL,WAINWRIGHT-R,-280,-330,8,8.5
629,COL,JHAMMEL-R,-109,-102,6.5,7
629,SDG,WLEBLANC-L,-111,-118,6.5,7
629,LOS,JELY-R,123,114,7.5,7.5
629,SFO,MCAIN-R,-143,-134,7.5,7.5
629,SEA,CLEE-L,118,142,7.5,7.5
629,NYY,PHUGHES-R,-138,-162,7.5,7.5
629,OAK,VMAZZARO-R,-106,-107,8.5,8.5
629,BAL,BMATUSZ-L,-114,-113,8.5,8.5
629,TOR,BMORROW-R,-111,-117,8.5,8
629,CLE,FCARMONA-R,-109,-103,8.5,8
629,TAM,JSHIELDS-R,101,-110,9.5,9.5
629,BOS,JLACKEY-R,-121,-110,9.5,9.5
629,DET,AGALARRAG-R,104,123,10,9.5
629,MIN,NBLACKBUR-R,-124,-143,10,9.5
629,CWS,GFLOYD-R,104,-129,9,8.5
629,KAN,BBANNISTR-R,-124,109,9,8.5
629,TEX,SFELDMAN-R,100,100,9.5,9.5
629,LAA,JPINEIRO-R,-120,-120,9.5,9.5
630,PHI,RHALLADAY-R,-160,-152,8.5,7.5
630,CIN,AHARANG-R,140,132,8.5,7.5
630,HOU,WRODRIGEZ-L,141,126,9,9
630,MIL,DBUSH-R,-161,-146,9,9
630,ARI,BENRIGHT-R,115,133,9.5,9.5
630,STL,JSUPPAN-R,-135,-153,9.5,9.5
630,PIT,BLINCOLN-R,171,151,9,9
630,CUB,GORZELANNY-L,-191,-171,9,9
630,COL,JFRANCIS-L,110,117,6.5,6.5
630,SDG,CRICHARD-L,-130,-137,6.5,6.5
630,LOS,VPADILLA-R,-105,108,8.5,7.5
630,SFO,JSANCHEZ-L,-115,-128,8.5,7.5
630,NYM,MPELFREY-R,-111,-119,9,9.5
630,MIA,CVOLSTAD-R,-109,-101,9,9.5
630,WAS,JMARTIN-R,150,145,9,8.5
630,ATL,JJURRJENS-R,-170,-165,9,8.5
630,DET,AOLIVER-L,135,118,9.5,9
630,MIN,KSLOWEY-R,-155,-138,9.5,9
630,OAK,BSHEETS-R,-118,-114,8.5,9
630,BAL,KMILLWOOD-R,-102,-106,8.5,9
630,TOR,JLITSCH-R,110,-122,9.5,10
630,CLE,ALAFFEY-L,-130,102,9.5,10
630,SEA,FHERNANDZ-R,120,135,8,8
630,NYY,JVAZQUEZ-R,-140,-155,8,8
630,TAM,MGARZA-R,-106,-111,9.5,9.5
630,BOS,DMATSUZAK-R,-114,-109,9.5,9.5
630,CWS,JPEAVY-R,-105,102,7.5,7
630,KAN,ZGREINKE-R,-115,-122,7.5,7
630,TEX,OBELTRE-R,103,-104,9.5,10
630,LAA,SKAZMIR-L,-123,-116,9.5,10
630,CIN,TWOOD-L,110,112,9,8
701,CUB,CSILVA-R,-130,-132,9,8
701,PHI,CHAMELS-L,-200,-180,9,8.5
701,PIT,DMCCUTCHE-R,170,160,9,8.5
701,NYM,JOSANTANA-L,-135,-130,8,8
701,WAS,LHERNADEZ-R,115,110,8,8
701,MIL,RWOLF-L,105,118,9.5,9.5
701,STL,BHAWKSWOR-R,-125,-138,9.5,9.5
701,SFO,MBUMGARNR-L,130,124,9.5,9
701,COL,ACOOK-R,-150,-144,9.5,9
701,HOU,BMOEHLER-R,170,190,7.5,7.5
701,SDG,JGARLAND-R,-200,-220,7.5,7.5
701,TOR,SMARCUM-R,-150,-127,8.5,8
701,CLE,MASTERSON-R,130,107,8.5,8
701,SEA,RWLND-SMTH-L,270,320,9,8.5
701,NYY,CSABATHIA-L,-320,-400,9,8.5
701,OAK,TCAHILL-R,-150,-142,8.5,8.5
701,BAL,JARRIETA-R,130,122,8.5,8.5
701,TAM,JNIEMANN-R,-105,-103,8.5,8
701,MIN,CPAVANO-R,-115,-117,8.5,8
701,TEX,CWILSON-L,105,110,8,8.5
701,LAA,JERWEAVER-R,-125,-130,8,8.5
702,CIN,BARROYO-R,107,118,9,9
702,CUB,RDEMPSTER-R,-127,-138,9,9
702,PHI,JMOYER-L,-160,-140,9,8.5
702,PIT,ROHLENDOR-R,140,120,9,8.5
702,NYM,JNIESE-L,-116,-115,9,8.5
702,WAS,LATILANO-R,-104,-105,9,8.5
702,MIA,JJOHNSON-R,-125,-115,7,7
702,ATL,KMEDLEN-R,105,-105,7,7
702,SFO,TLINCECUM-R,-130,-106,8,8
702,COL,JCHACIN-R,110,-114,8,8
702,MIL,CNARVESON-L,153,144,8.5,8.5
702,STL,JGARCIA-L,-173,-164,8.5,8.5
702,LOS,HKURODA-R,-105,-129,9.5,9
702,ARI,EJACKSON-R,-105,109,9.5,9
702,HOU,ROSWALT-R,140,146,6,6
702,SDG,MLATOS-R,-160,-166,6,6
702,TOR,BCECIL-L,128,159,9.5,9.5
702,NYY,ABURNETT-R,-148,-179,9.5,9.5
702,SEA,DFISTER-R,123,145,8.5,8
702,DET,MSCHERZER-R,-143,-165,8.5,8
702,OAK,GGONZALEZ-L,-110,-115,8,8.5
702,CLE,MTALBOT-R,-110,-105,8,8.5
702,BAL,BBERGESEN-R,185,200,10,10
702,BOS,WAKEFIELD-R,-215,-230,10,10
702,CWS,FGARCIA-R,150,168,9.5,9.5
702,TEX,CLEWIS-R,-170,-188,9.5,9.5
702,TAM,DPRICE-L,-113,-122,8,8
702,MIN,SBAKER-R,-107,102,8,8
702,KAN,KDAVIES-R,140,135,9.5,9.5
702,LAA,JSAUNDERS-L,-160,-155,9.5,9.5
703,CIN,JCUETO-R,-113,-121,9,9
703,CUB,RWELLS-R,-107,101,9,9
703,MIL,MPARRA-L,180,170,8,8
703,STL,CARPENTER-R,-210,-200,8,8
703,MIA,ASANCHEZ-R,147,137,8.5,8
703,ATL,THANSON-R,-167,-157,8.5,8
703,NYM,RDICKEY-R,170,165,7,6.5
703,WAS,SSTRASBUR-R,-190,-185,7,6.5
703,PHI,KKENDRICK-R,-122,-110,8.5,8
703,PIT,PMAHOLM-L,102,-110,8.5,8
703,SFO,BZITO-L,180,200,7.5,7.5
703,COL,UJIMENEZ-R,-210,-230,7.5,7.5
703,HOU,BNORRIS-R,134,127,7.5,7
703,SDG,KCORREIA-R,-154,-147,7.5,7
703,LOS,CKERSHAW-L,-146,-155,9.5,9
703,ARI,RLOPEZ-R,126,135,9.5,9
703,TOR,RROMERO-L,148,155,8.5,8.5
703,NYY,APETTITTE-L,-168,-175,8.5,8.5
703,TAM,WDAVIS-R,125,125,8.5,8.5
703,MIN,FLIRIANO-L,-145,-145,8.5,8.5
703,OAK,CMORTENSE-R,-108,-110,8.5,9
703,CLE,WESTBROOK-R,-112,-110,8.5,9
703,SEA,JVARGAS-L,154,167,7.5,7.5
703,DET,VERLANDER-R,-174,-187,7.5,7.5
703,BAL,JGUTHRIE-R,240,250,8.5,8.5
703,BOS,JLESTER-L,-280,-300,8.5,8.5
703,CWS,JDANKS-L,-103,143,9.5,9.5
703,TEX,THUNTER-R,-117,-163,9.5,9.5
703,KAN,BCHEN-L,151,159,9.5,9
703,LAA,ESANTANA-R,-171,-179,9.5,9
704,NYM,HTAKAHASH-L,-113,-106,8.5,8.5
704,WAS,CSTAMMEN-R,-107,-114,8.5,8.5
704,PHI,JBLANTON-R,-130,-136,8.5,8.5
704,PIT,JKARSTENS-R,110,116,8.5,8.5
704,MIL,YGALLARDO-R,125,140,7,6.5
704,STL,WAINWRIGHT-R,-145,-160,7,6.5
704,CIN,MLEAKE-R,104,106,10,11
704,CUB,TLILLY-L,-124,-126,10,11
704,SFO,MCAIN-R,-106,-105,8,8
704,COL,JHAMMEL-R,-114,-115,8,8
704,HOU,BMYERS-R,134,135,7,7
704,SDG,WLEBLANC-L,-154,-155,7,7
704,LOS,BILLNGSLEY-R,-111,104,9.5,8.5
704,ARI,DHAREN-R,-109,-124,9.5,8.5
704,MIA,RNOLASCO-R,146,143,8,7.5
704,ATL,THUDSON-R,-166,-163,8,7.5
704,SEA,CLEE-L,-116,-118,7,7.5
704,DET,BONDERMAN-R,-104,-102,7,7.5
704,OAK,VMAZZARO-R,110,-107,8.5,9
704,CLE,FCARMONA-R,-130,-113,8.5,9
704,TOR,BMORROW-R,180,200,9,9
704,NYY,PHUGHES-R,-210,-230,9,9
704,BAL,BMATUSZ-L,180,180,9.5,9.5
704,BOS,JLACKEY-R,-210,-210,9.5,9.5
704,TAM,JSHIELDS-R,-119,-113,9.5,9.5
704,MIN,NBLACKBUR-R,-101,-107,9.5,9.5
704,CWS,MBUEHRLE-L,125,134,10.5,10
704,TEX,SFELDMAN-R,-145,-154,10.5,10
704,KAN,ALEREW-R,158,168,9,9
704,LAA,JPINEIRO-R,-178,-188,9,9
705,SFO,JSANCHEZ-L,100,-106,8.5,9
705,MIL,DBUSH-R,-120,-114,8.5,9
705,CUB,GORZELANNY-L,-107,105,9,9
705,ARI,IKENNEDY-R,-113,-125,9,9
705,ATL,DLOWE-R,140,167,8,7.5
705,PHI,RHALLADAY-R,-160,-187,8,7.5
705,CIN,TWOOD-L,110,136,8.5,8.5
705,NYM,MPELFREY-R,-130,-156,8.5,8.5
705,MIA,ROBERTSON-L,150,160,8.5,8.5
705,LOS,JELY-R,-170,-180,8.5,8.5
705,BAL,KMILLWOOD-R,152,169,9.5,9
705,DET,AOLIVER-L,-172,-189,9.5,9
705,LAA,SKAZMIR-L,130,134,9.5,9
705,CWS,GFLOYD-R,-150,-154,9.5,9
705,BOS,DMATSUZAK-R,113,145,9,9
705,TAM,MGARZA-R,-133,-165,9,9
705,CLE,ALAFFEY-L,152,180,10.5,10.5
705,TEX,OBELTRE-R,-172,-210,10.5,10.5
705,NYY,JVAZQUEZ-R,-148,-145,8.5,8
705,OAK,BSHEETS-R,128,125,8.5,8
705,KAN,BBANNISTR-R,172,190,7,7
705,SEA,FHERNANDZ-R,-192,-220,7,7
706,SDG,CRICHARD-L,-107,-116,7.5,7.5
706,WAS,LHERNADEZ-R,-113,-104,7.5,7.5
706,ATL,JJURRJENS-R,112,111,8.5,8.5
706,PHI,CHAMELS-L,-132,-131,8.5,8.5
706,CIN,MMALONEY-L,125,156,7.5,8.5
706,NYM,JOSANTANA-L,-145,-176,7.5,8.5
706,PIT,BLINCOLN-R,117,124,8,8
706,HOU,WRODRIGEZ-L,-137,-144,8,8
706,SFO,MBUMGARNR-L,127,117,9,8.5
706,MIL,RWOLF-L,-147,-137,9,8.5
706,STL,BHAWKSWOR-R,116,119,9.5,9.5
706,COL,JFRANCIS-L,-136,-139,9.5,9.5
706,CUB,CSILVA-R,-106,-114,9.5,9.5
706,ARI,BENRIGHT-R,-114,-106,9.5,9.5
706,MIA,CVOLSTAD-R,134,148,8.5,8.5
706,LOS,VPADILLA-R,-154,-168,8.5,8.5
706,MIN,CPAVANO-R,-127,-132,9,9
706,TOR,JLITSCH-R,107,112,9,9
706,BAL,JARRIETA-R,152,169,9.5,10
706,DET,AGALARRAG-R,-172,-189,9.5,10
706,BOS,FDOUBRONT-L,135,150,9,9
706,TAM,JNIEMANN-R,-155,-170,9,9
706,CLE,MASTERSON-R,200,200,9.5,9.5
706,TEX,CWILSON-L,-240,-230,9.5,9.5
706,LAA,JERWEAVER-R,-114,-108,7.5,7.5
706,CWS,JPEAVY-R,-106,-112,7.5,7.5
706,NYY,CSABATHIA-L,-150,-149,7.5,7.5
706,OAK,TCAHILL-R,130,129,7.5,7.5
706,KAN,ZGREINKE-R,-105,-145,7,7.5
706,SEA,RWLND-SMTH-L,-105,125,7,7.5
707,SDG,JGARLAND-R,-114,-110,8,8.5
707,WAS,JMARTIN-R,-106,-110,8,8.5
707,ATL,KMEDLEN-R,-109,-105,8.5,9
707,PHI,JMOYER-L,-111,-105,8.5,9
707,CIN,BARROYO-R,-101,106,8.5,8.5
707,NYM,JNIESE-L,-119,-126,8.5,8.5
707,PIT,DMCCUTCHE-R,-105,110,9,9
707,HOU,BMOEHLER-R,-115,-130,9,9
707,SFO,TLINCECUM-R,-134,-132,7.5,8
707,MIL,CNARVESON-L,114,112,7.5,8
707,STL,JGARCIA-L,-113,-106,9,8.5
707,COL,ACOOK-R,-107,-114,9,8.5
707,CUB,RDEMPSTER-R,-107,-105,9,9
707,ARI,EJACKSON-R,-113,-105,9,9
707,MIA,JJOHNSON-R,-113,-122,7,6.5
707,LOS,HKURODA-R,-107,102,7,6.5
707,MIN,KSLOWEY-R,-114,-110,9.5,9
707,TOR,RZEPZNSKI-L,-106,-110,9.5,9
707,BAL,BBERGESEN-R,200,200,9.5,9.5
707,DET,MSCHERZER-R,-240,-230,9.5,9.5
707,BOS,WAKEFIELD-R,148,155,8.5,8.5
707,TAM,DPRICE-L,-168,-175,8.5,8.5
707,CLE,MTALBOT-R,200,200,9.5,9.5
707,TEX,CLEWIS-R,-240,-230,9.5,9.5
707,LAA,JSAUNDERS-L,-107,106,9.5,9.5
707,CWS,FGARCIA-R,-113,-126,9.5,9.5
707,NYY,ABURNETT-R,-108,-122,8.5,8
707,OAK,GGONZALEZ-L,-112,102,8.5,8
707,KAN,KDAVIES-R,120,130,7.5,8
707,SEA,DFISTER-R,-140,-150,7.5,8
708,PIT,ROHLENDOR-R,160,150,7,7
708,HOU,ROSWALT-R,-180,-170,7,7
708,SFO,BZITO-L,-114,-108,9,9
708,MIL,MPARRA-L,-106,-112,9,9
708,STL,CARPENTER-R,120,118,7.5,7.5
708,COL,UJIMENEZ-R,-140,-138,7.5,7.5
708,SDG,MLATOS-R,-130,-162,7.5,7.5
708,WAS,LATILANO-R,110,142,7.5,7.5
708,CIN,JCUETO-R,-114,-114,9,9.5
708,PHI,KKENDRICK-R,-106,-106,9,9.5
708,MIA,ASANCHEZ-R,-113,-115,9.5,10
708,ARI,RLOPEZ-R,-107,-105,9.5,10
708,CUB,RWELLS-R,160,160,7,7
708,LOS,CKERSHAW-L,-180,-180,7,7
708,LAA,ESANTANA-R,120,107,8.5,8
708,CWS,JDANKS-L,-140,-127,8.5,8
708,MIN,SBAKER-R,-102,-106,9,9
708,TOR,BCECIL-L,-118,-114,9,9
708,CLE,WESTBROOK-R,180,180,9,9
708,TAM,WDAVIS-R,-210,-210,9,9
708,BAL,JGUTHRIE-R,219,220,9.5,9.5
708,TEX,THUNTER-R,-259,-260,9.5,9.5
708,NYY,APETTITTE-L,-154,-157,7.5,7.5
708,SEA,JVARGAS-L,134,137,7.5,7.5
709,SFO,MCAIN-R,120,130,6.5,6.5
709,WAS,SSTRASBUR-R,-140,-150,6.5,6.5
709,CIN,MLEAKE-R,-110,-108,9.5,9
709,PHI,JBLANTON-R,-110,-112,9.5,9
709,ATL,THANSON-R,-110,-115,7.5,7.5
709,NYM,RDICKEY-R,-110,-105,7.5,7.5
709,STL,WAINWRIGHT-R,-190,-176,7.5,7.5
709,HOU,BNORRIS-R,170,156,7.5,7.5
709,PIT,PMAHOLM-L,123,131,9,9
709,MIL,DDAVIS-L,-143,-151,9,9
709,SDG,KCORREIA-R,138,134,9.5,9.5
709,COL,DELAROSA-L,-158,-154,9.5,9.5
709,MIA,RNOLASCO-R,110,128,9.5,8.5
709,ARI,DHAREN-R,-130,-148,9.5,8.5
709,CUB,TLILLY-L,120,136,7.5,7
709,LOS,BILLNGSLEY-R,-140,-156,7.5,7
709,BOS,JLESTER-L,-127,-138,7.5,7.5
709,TOR,RROMERO-L,107,118,7.5,7.5
709,MIN,FLIRIANO-L,101,120,7.5,7.5
709,DET,VERLANDER-R,-121,-140,7.5,7.5
709,CLE,FCARMONA-R,175,170,8.5,8
709,TAM,JSHIELDS-R,-205,-200,8.5,8
709,BAL,BMATUSZ-L,190,170,10,10
709,TEX,SFELDMAN-R,-220,-200,10,10
709,KAN,BCHEN-L,132,130,9,9
709,CWS,MBUEHRLE-L,-152,-150,9,9
709,LAA,JPINEIRO-R,-113,-113,8,8
709,OAK,VMAZZARO-R,-107,-107,8,8
709,NYY,PHUGHES-R,-107,-185,7,8.5
709,SEA,DPAULEY-R,-113,165,7,8.5
710,ATL,THUDSON-R,-114,-118,7.5,7.5
710,NYM,MPELFREY-R,-106,-102,7.5,7.5
710,CUB,GORZELANNY-L,128,123,8.5,8
710,LOS,JELY-R,-148,-143,8.5,8
710,SFO,JSANCHEZ-L,-108,-110,8.5,8.5
710,WAS,CSTAMMEN-R,-112,-110,8.5,8.5
710,CIN,TWOOD-L,190,180,7.5,7.5
710,PHI,RHALLADAY-R,-220,-210,7.5,7.5
710,STL,JSUPPAN-R,-110,110,9,9
710,HOU,BMYERS-R,-110,-130,9,9
710,PIT,JKARSTENS-R,160,149,9.5,9.5
710,MIL,DBUSH-R,-180,-169,9.5,9.5
710,SDG,WLEBLANC-L,130,125,9,9.5
710,COL,JHAMMEL-R,-150,-145,9,9.5
710,MIA,ROBERTSON-L,115,130,10.5,10.5
710,ARI,IKENNEDY-R,-135,-150,10.5,10.5
710,BOS,JLACKEY-R,-110,-107,9,9
710,TOR,BMORROW-R,-110,-113,9,9
710,MIN,NBLACKBUR-R,120,118,9.5,9.5
710,DET,BONDERMAN-R,-140,-138,9.5,9.5
710,KAN,BBANNISTR-R,160,159,9,8.5
710,CWS,GFLOYD-R,-180,-179,9,8.5
710,CLE,ALAFFEY-L,210,210,9,9
710,TAM,MGARZA-R,-250,-250,9,9
710,BAL,CTILLMAN-R,200,320,10.5,8.5
710,TEX,CLEE-L,-240,-400,10.5,8.5
710,LAA,SKAZMIR-L,100,115,9,8.5
710,OAK,BSHEETS-R,-120,-135,9,8.5
710,NYY,JVAZQUEZ-R,-105,-117,7,7
710,SEA,FHERNANDZ-R,-105,-103,7,7
711,ATL,DLOWE-R,130,120,7.5,7
711,NYM,JOSANTANA-L,-150,-140,7.5,7
711,SFO,MBUMGARNR-L,100,-110,8.5,8.5
711,WAS,LHERNADEZ-R,-120,-110,8.5,8.5
711,CIN,MMALONEY-L,150,145,9,9
711,PHI,CHAMELS-L,-170,-165,9,9
711,STL,BHAWKSWOR-R,-110,-103,8.5,8.5
711,HOU,WRODRIGEZ-L,-110,-117,8.5,8.5
711,PIT,BLINCOLN-R,170,164,9.5,9.5
711,MIL,RWOLF-L,-200,-184,9.5,9.5
711,SDG,CRICHARD-L,110,-101,9.5,9
711,COL,JFRANCIS-L,-130,-119,9.5,9
711,MIA,ASANABIA-R,-113,-114,10.5,10.5
711,ARI,BENRIGHT-R,-107,-106,10.5,10.5
711,CUB,CSILVA-R,120,125,7.5,7.5
711,LOS,VPADILLA-R,-140,-145,7.5,7.5
711,MIN,CPAVANO-R,-125,-105,9.5,9
711,DET,AOLIVER-L,105,-105,9.5,9
711,BOS,DMATSUZAK-R,-130,-116,9.5,10
711,TOR,JLITSCH-R,110,-104,9.5,10
711,CLE,MASTERSON-R,200,200,8.5,8.5
711,TAM,JNIEMANN-R,-240,-240,8.5,8.5
711,KAN,ALEREW-R,-130,150,8.5,9.5
711,CWS,DHUDSON-R,110,-170,8.5,9.5
711,BAL,JARRIETA-R,250,220,9.5,10
711,TEX,CWILSON-L,-290,-260,9.5,10
711,LAA,JERWEAVER-R,-115,-111,7,7
711,OAK,TCAHILL-R,-105,-109,7,7
711,NYY,CSABATHIA-L,-230,-270,8,8
711,SEA,RWLND-SMTH-L,200,230,8,8
715,MIL,DBUSH-R,130,156,8.5,8.5
715,ATL,JJURRJENS-R,-150,-176,8.5,8.5
715,PHI,JMOYER-L,105,113,9,8.5
715,CUB,RDEMPSTER-R,-125,-133,9,8.5
715,LOS,CKERSHAW-L,105,105,7,7
715,STL,CARPENTER-R,-125,-125,7,7
715,NYM,RDICKEY-R,155,151,7,7
715,SFO,TLINCECUM-R,-175,-171,7,7
715,TEX,THUNTER-R,-114,-113,9.5,9.5
715,BOS,WAKEFIELD-R,-106,-107,9.5,9.5
715,CWS,JDANKS-L,-107,-106,8.5,8.5
715,MIN,KSLOWEY-R,-113,-114,8.5,8.5
715,SEA,DFISTER-R,140,138,8.5,8.5
715,LAA,JPINEIRO-R,-160,-158,8.5,8.5
716,PHI,JBLANTON-R,100,105,10,10
716,CUB,TLILLY-L,-120,-125,10,10
716,HOU,BMYERS-R,-115,-110,8.5,8
716,PIT,ZDUKE-L,-105,-110,8.5,8
716,COL,JHAMMEL-R,104,106,9,8.5
716,CIN,BARROYO-R,-124,-126,9,8.5
716,WAS,SSTRASBUR-R,-130,-122,7,7
716,MIA,RNOLASCO-R,110,102,7,7
716,MIL,RWOLF-L,154,162,8.5,8.5
716,ATL,THANSON-R,-174,-182,8.5,8.5
716,LOS,BILLNGSLEY-R,120,111,7.5,7.5
716,STL,JGARCIA-L,-140,-131,7.5,7.5
716,ARI,DHAREN-R,-106,-110,7,6.5
716,SDG,JGARLAND-R,-114,-110,7,6.5
716,NYM,JNIESE-L,104,-105,7.5,7.5
716,SFO,BZITO-L,-124,-115,7.5,7.5
716,DET,MSCHERZER-R,-130,-150,9,8.5
716,CLE,WESTBROOK-R,110,130,9,8.5
716,TOR,RROMERO-L,-159,-150,8.5,9.5
716,BAL,BBERGESEN-R,139,130,8.5,9.5
716,TAM,JSHIELDS-R,150,154,8.5,8.5
716,NYY,CSABATHIA-L,-170,-174,8.5,8.5
716,TEX,CLEWIS-R,-124,-127,9.5,9.5
716,BOS,FDOUBRONT-L,104,107,9.5,9.5
716,OAK,GGONZALEZ-L,115,141,7.5,7.5
716,KAN,ZGREINKE-R,-135,-161,7.5,7.5
716,CWS,GFLOYD-R,110,115,8,8
716,MIN,FLIRIANO-L,-130,-135,8,8
716,SEA,FHERNANDZ-R,105,113,6.5,6.5
716,LAA,JERWEAVER-R,-125,-133,6.5,6.5
717,PHI,CHAMELS-L,-117,-116,8.5,9
717,CUB,RWELLS-R,-103,-104,8.5,9
717,LOS,HKURODA-R,144,147,8,7.5
717,STL,WAINWRIGHT-R,-164,-167,8,7.5
717,HOU,BNORRIS-R,-106,113,8.5,8
717,PIT,ROHLENDOR-R,-114,-133,8.5,8
717,WAS,LHERNADEZ-R,200,210,7,7
717,MIA,JJOHNSON-R,-230,-250,7,7
717,COL,DELAROSA-L,-106,103,9,8.5
717,CIN,EVOLQUEZ-R,-114,-123,9,8.5
717,MIL,CNARVESON-L,171,180,8.5,8
717,ATL,THUDSON-R,-191,-210,8.5,8
717,ARI,RLOPEZ-R,139,135,7,7
717,SDG,CRICHARD-L,-159,-155,7,7
717,NYM,HTAKAHASH-L,110,130,7,7
717,SFO,MCAIN-R,-130,-150,7,7
717,TAM,JNIEMANN-R,110,111,9.5,9.5
717,NYY,ABURNETT-R,-130,-131,9.5,9.5
717,TOR,BMORROW-R,-126,-135,9,9.5
717,BAL,JGUTHRIE-R,106,115,9,9.5
717,DET,RPORCELLO-R,-120,-130,9,9.5
717,CLE,MTALBOT-R,100,110,9,9.5
717,OAK,TCAHILL-R,-114,-125,8.5,8.5
717,KAN,BCHEN-L,-106,105,8.5,8.5
717,CWS,MBUEHRLE-L,125,123,8.5,8.5
717,MIN,CPAVANO-R,-145,-143,8.5,8.5
717,TEX,CLEE-L,-120,-143,9,9
717,BOS,JLACKEY-R,100,123,9,9
717,SEA,RWLND-SMTH-L,155,160,9,9
717,LAA,JSAUNDERS-L,-175,-180,9,9
717,DET,VERLANDER-R,-147,-150,8,8
717,CLE,FCARMONA-R,127,130,8,8
718,WAS,CSTAMMEN-R,125,120,9,9
718,MIA,ASANABIA-R,-145,-140,9,9
718,COL,ACOOK-R,120,123,8.5,8.5
718,CIN,TWOOD-L,-140,-143,8.5,8.5
718,HOU,ROSWALT-R,-155,-130,7,7
718,PIT,PMAHOLM-L,135,110,7,7
718,MIL,MPARRA-L,160,156,9,9
718,ATL,DLOWE-R,-180,-176,9,9
718,LOS,VPADILLA-R,-127,-155,9,9
718,STL,JSUPPAN-R,107,135,9,9
718,NYM,JOSANTANA-L,-120,-113,7,6.5
718,SFO,JSANCHEZ-L,100,-107,7,6.5
718,ARI,EJACKSON-R,120,115,7.5,7.5
718,SDG,KCORREIA-R,-140,-135,7.5,7.5
718,PHI,RHALLADAY-R,-165,-179,7.5,7.5
718,CUB,GORZELANNY-L,145,159,7.5,7.5
718,DET,AOLIVER-L,-130,-137,9.5,10
718,CLE,JGOMEZ-R,110,117,9.5,10
718,TAM,DPRICE-L,110,112,8.5,8.5
718,NYY,APETTITTE-L,-130,-132,8.5,8.5
718,TOR,SMARCUM-R,-140,-135,9,9
718,BAL,BMATUSZ-L,120,115,9,9
718,TEX,CWILSON-L,130,137,8.5,8.5
718,BOS,JLESTER-L,-150,-157,8.5,8.5
718,OAK,VMAZZARO-R,-120,-105,9,9.5
718,KAN,BBANNISTR-R,100,-105,9,9.5
718,CWS,FGARCIA-R,-110,-105,9.5,9.5
718,MIN,NBLACKBUR-R,-110,-105,9.5,9.5
718,SEA,JVARGAS-L,125,138,8,8.5
718,LAA,ESANTANA-R,-145,-158,8,8.5
719,MIL,CCAPUANO-L,-114,-116,9.5,9.5
719,PIT,JKARSTENS-R,-106,-104,9.5,9.5
719,COL,UJIMENEZ-R,-145,-158,7,7
719,MIA,ASANCHEZ-R,125,138,7,7
719,WAS,JMARTIN-R,152,153,9,9
719,CIN,JCUETO-R,-172,-173,9,9
719,HOU,WRODRIGEZ-L,143,140,8,8
719,CUB,CSILVA-R,-163,-160,8,8
719,PHI,KKENDRICK-R,-103,-105,9,9
719,STL,BHAWKSWOR-R,-117,-115,9,9
719,NYM,MPELFREY-R,-107,100,9.5,9.5
719,ARI,IKENNEDY-R,-113,-120,9.5,9.5
719,SFO,MBUMGARNR-L,-102,-114,8,8
719,LOS,JMCDONALD-R,-118,-106,8,8
719,TEX,SFELDMAN-R,-107,100,9.5,9.5
719,DET,BONDERMAN-R,-113,-120,9.5,9.5
719,TAM,WDAVIS-R,-172,-162,9.5,9.5
719,BAL,CTILLMAN-R,152,142,9.5,9.5
719,TOR,BCECIL-L,-133,-132,9,9
719,KAN,KDAVIES-R,113,112,9,9
719,CLE,ALAFFEY-L,180,169,9,9
719,MIN,SBAKER-R,-210,-189,9,9
719,BOS,DMATSUZAK-R,-110,-104,8.5,8
719,OAK,BSHEETS-R,-110,-116,8.5,8
719,CWS,DHUDSON-R,-113,-109,8.5,8.5
719,SEA,DPAULEY-R,-107,-111,8.5,8.5
720,MIL,DBUSH-R,-125,-122,9,9
720,PIT,BLINCOLN-R,105,102,9,9
720,SDG,WLEBLANC-L,140,134,8,8
720,ATL,JJURRJENS-R,-160,-154,8,8
720,COL,JFRANCIS-L,-120,-110,9.5,9.5
720,MIA,ROBERTSON-L,100,-110,9.5,9.5
720,WAS,LATILANO-R,152,160,9,9
720,CIN,MLEAKE-R,-172,-180,9,9
720,HOU,WWRIGHT-L,190,200,9,9
720,CUB,RDEMPSTER-R,-220,-240,9,9
720,PHI,JMOYER-L,170,154,8,8
720,STL,CARPENTER-R,-190,-174,8,8
720,NYM,RDICKEY-R,-115,-127,9.5,9.5
720,ARI,BENRIGHT-R,-105,107,9.5,9.5
720,SFO,TLINCECUM-R,100,-107,6.5,6.5
720,LOS,CKERSHAW-L,-120,-113,6.5,6.5
720,TEX,THUNTER-R,-124,-120,9.5,9.5
720,DET,AGALARRAG-R,104,100,9.5,9.5
720,LAA,O'SULLIVAN-R,219,220,9.5,10
720,NYY,PHUGHES-R,-259,-260,9.5,10
720,TAM,MGARZA-R,-177,-195,9,9
720,BAL,JARRIETA-R,157,175,9,9
720,TOR,JLITSCH-R,-114,-110,10,10
720,KAN,ALEREW-R,-106,-110,10,10
720,CLE,MASTERSON-R,152,158,9.5,9.5
720,MIN,KSLOWEY-R,-172,-178,9.5,9.5
720,BOS,WAKEFIELD-R,-107,-103,8,8.5
720,OAK,DBRADEN-L,-113,-117,8,8.5
720,CWS,JDANKS-L,-130,-122,7,7.5
720,SEA,DFISTER-R,110,102,7,7.5
721,HOU,BMYERS-R,125,151,9,7.5
721,CUB,TLILLY-L,-145,-171,9,7.5
721,MIL,RWOLF-L,-124,-136,8.5,8.5
721,PIT,ZDUKE-L,104,116,8.5,8.5
721,SDG,JGARLAND-R,135,152,8,8
721,ATL,THANSON-R,-155,-172,8,8
721,COL,JHAMMEL-R,100,-108,8.5,7.5
721,MIA,RNOLASCO-R,-120,-112,8.5,7.5
721,WAS,SSTRASBUR-R,-123,-120,7,7
721,CIN,BARROYO-R,103,100,7,7
721,PHI,JBLANTON-R,130,126,8.5,8.5
721,STL,JGARCIA-L,-150,-146,8.5,8.5
721,NYM,JNIESE-L,104,110,9,8.5
721,ARI,DHAREN-R,-124,-130,9,8.5
721,SFO,BZITO-L,115,120,7.5,7.5
721,LOS,BILLNGSLEY-R,-135,-140,7.5,7.5
721,TAM,JSHIELDS-R,-193,-200,9.5,9.5
721,BAL,BBERGESEN-R,173,170,9.5,9.5
721,LAA,JPINEIRO-R,152,169,9.5,9
721,NYY,JVAZQUEZ-R,-172,-189,9.5,9
721,CLE,WESTBROOK-R,180,170,8,8
721,MIN,FLIRIANO-L,-210,-200,8,8
721,TOR,RZEPZNSKI-L,158,132,8.5,8
721,KAN,ZGREINKE-R,-178,-152,8.5,8
721,BOS,CBUCHHOLZ-R,-107,-110,8,7.5
721,OAK,GGONZALEZ-L,-113,-110,8,7.5
721,TEX,CLEWIS-R,-106,-113,9,8.5
721,DET,MSCHERZER-R,-114,-107,9,8.5
721,CWS,GFLOYD-R,120,113,6.5,6.5
721,SEA,FHERNANDZ-R,-140,-133,6.5,6.5
722,COL,DELAROSA-L,190,190,7.5,7
722,MIA,JJOHNSON-R,-220,-220,7.5,7
722,WAS,LHERNADEZ-R,170,155,8.5,8.5
722,CIN,EVOLQUEZ-R,-200,-175,8.5,8.5
722,SDG,CRICHARD-L,145,150,7.5,7.5
722,ATL,THUDSON-R,-165,-170,7.5,7.5
722,PHI,CHAMELS-L,150,142,7,7
722,STL,WAINWRIGHT-R,-170,-162,7,7
722,MIL,YGALLARDO-R,-155,-160,8,8
722,PIT,ROHLENDOR-R,135,140,8,8
722,SFO,MCAIN-R,-135,-132,9,9
722,ARI,RLOPEZ-R,115,112,9,9
722,NYM,HTAKAHASH-L,155,158,8,8
722,LOS,HKURODA-R,-175,-178,8,8
722,TOR,RROMERO-L,120,136,7.5,7.5
722,DET,VERLANDER-R,-140,-156,7.5,7.5
722,MIN,CPAVANO-R,-165,-151,9,9
722,BAL,KMILLWOOD-R,145,131,9,9
722,KAN,BCHEN-L,275,250,9,9
722,NYY,CSABATHIA-L,-325,-290,9,9
722,LAA,JERWEAVER-R,137,155,8,8
722,TEX,CLEE-L,-157,-175,8,8
722,BOS,JLACKEY-R,-161,-156,9,8.5
722,SEA,RWLND-SMTH-L,141,136,9,8.5
723,STL,JSUPPAN-R,134,137,9,12
723,CUB,RWELLS-R,-154,-157,9,12
723,COL,ACOOK-R,170,190,7.5,7.5
723,PHI,RHALLADAY-R,-200,-220,7.5,7.5
723,SDG,KCORREIA-R,-109,-116,8,8.5
723,PIT,PMAHOLM-L,-111,-104,8,8.5
723,ATL,DLOWE-R,-105,-110,8.5,8
723,MIA,ASANABIA-R,-105,-110,8.5,8
723,CIN,TWOOD-L,-155,-145,8,8
723,HOU,BNORRIS-R,135,125,8,8
723,WAS,CSTAMMEN-R,110,122,9.5,9.5
723,MIL,CNARVESON-L,-130,-142,9.5,9.5
723,SFO,JSANCHEZ-L,-111,-115,9,9
723,ARI,EJACKSON-R,-109,-105,9,9
723,NYM,JOSANTANA-L,-105,-107,7,6.5
723,LOS,VPADILLA-R,-115,-113,7,6.5
723,MIN,BDUENSING-L,-131,-134,9,9.5
723,BAL,JGUTHRIE-R,111,114,9,9.5
723,TAM,JNIEMANN-R,-150,-157,8,9
723,CLE,FCARMONA-R,130,137,8,9
723,KAN,BBANNISTR-R,200,220,10.5,10
723,NYY,ABURNETT-R,-230,-260,10.5,10
723,LAA,JSAUNDERS-L,171,175,9.5,10
723,TEX,CWILSON-L,-191,-195,9.5,10
723,CWS,MBUEHRLE-L,114,126,7.5,7
723,OAK,TCAHILL-R,-134,-146,7.5,7
723,BOS,JBECKETT-R,-121,-122,8,7.5
723,SEA,JVARGAS-L,101,102,8,7.5
724,STL,BHAWKSWOR-R,100,112,9,12
724,CUB,GORZELANNY-L,-120,-132,9,12
724,COL,UJIMENEZ-R,-145,-149,8,8.5
724,PHI,KKENDRICK-R,125,129,8,8.5
724,NYM,MPELFREY-R,-105,110,8.5,8.5
724,LOS,CMONASTER-R,-115,-130,8.5,8.5
724,SDG,MLATOS-R,-163,-180,7.5,7.5
724,PIT,JKARSTENS-R,143,160,7.5,7.5
724,CIN,JCUETO-R,-112,-110,7,6.5
724,HOU,ROSWALT-R,-108,-110,7,6.5
724,WAS,JMARTIN-R,107,114,9.5,9.5
724,MIL,MPARRA-L,-127,-134,9.5,9.5
724,ATL,KMEDLEN-R,-106,-112,8.5,8
724,MIA,ASANCHEZ-R,-114,-108,8.5,8
724,SFO,MBUMGARNR-L,-110,-110,9,8.5
724,ARI,IKENNEDY-R,-110,-110,9,8.5
724,KAN,KDAVIES-R,180,200,11,11
724,NYY,SMITRE-R,-210,-230,11,11
724,CWS,FGARCIA-R,-106,106,8,8
724,OAK,VMAZZARO-R,-114,-126,8,8
724,MIN,SBAKER-R,-135,-130,9,9
724,BAL,BMATUSZ-L,115,110,9,9
724,TAM,DPRICE-L,-172,-168,8.5,8.5
724,CLE,MTALBOT-R,152,148,8.5,8.5
724,TOR,SMARCUM-R,-109,-105,9,8.5
724,DET,RPORCELLO-R,-111,-105,9,8.5
724,LAA,ESANTANA-R,104,100,10,10
724,TEX,SFELDMAN-R,-124,-120,10,10
724,BOS,JLESTER-L,-194,-210,7.5,7.5
724,SEA,DPAULEY-R,174,180,7.5,7.5
725,COL,JFRANCIS-L,110,118,9.5,9
725,PHI,JHAPP-L,-130,-138,9.5,9
725,ATL,JJURRJENS-R,-138,-136,8.5,8.5
725,MIA,CVOLSTAD-R,118,116,8.5,8.5
725,SDG,WLEBLANC-L,-160,-141,8.5,8.5
725,PIT,BLINCOLN-R,140,121,8.5,8.5
725,CIN,MLEAKE-R,-115,-126,8.5,8
725,HOU,WRODRIGEZ-L,-105,106,8.5,8
725,WAS,RDETWILER-L,120,124,9.5,9.5
725,MIL,DBUSH-R,-140,-144,9.5,9.5
725,STL,CARPENTER-R,-116,-130,9,6.5
725,CUB,RDEMPSTER-R,-104,110,9,6.5
725,SFO,TLINCECUM-R,-150,-149,8.5,8
725,ARI,BENRIGHT-R,130,129,8.5,8
725,NYM,RDICKEY-R,140,156,7,6.5
725,LOS,CKERSHAW-L,-160,-176,7,6.5
725,TOR,BCECIL-L,-115,-114,8.5,8.5
725,DET,AGALARRAG-R,-105,-106,8.5,8.5
725,TAM,WDAVIS-R,-155,-137,9,9
725,CLE,MASTERSON-R,135,117,9,9
725,KAN,O'SULLIVAN-R,240,250,10,10
725,NYY,PHUGHES-R,-280,-290,10,10
725,MIN,KSLOWEY-R,-130,-122,9,9.5
725,BAL,JARRIETA-R,110,102,9,9.5
725,CWS,DHUDSON-R,125,130,8,8
725,OAK,DBRADEN-L,-145,-150,8,8
725,BOS,DMATSUZAK-R,-160,-140,7.5,7.5
725,SEA,DFISTER-R,140,120,7.5,7.5
725,LAA,TBELL-R,210,200,10,10
725,TEX,THUNTER-R,-250,-230,10,10
725,TOR,JLITSCH-R,100,-104,9.5,9
725,DET,BONDERMAN-R,-120,-116,9.5,9
726,COL,JHAMMEL-R,-103,119,9,9
726,PHI,JBLANTON-R,-117,-139,9,9
726,CUB,CSILVA-R,-147,-134,9,9
726,HOU,WWRIGHT-L,127,114,9,9
726,CIN,BARROYO-R,-107,-110,9,8.5
726,MIL,RWOLF-L,-113,-110,9,8.5
726,MIA,RNOLASCO-R,110,106,7.5,7
726,SFO,BZITO-L,-130,-126,7.5,7
726,BAL,BBERGESEN-R,170,185,9,9
726,TOR,BMORROW-R,-200,-215,9,9
726,NYY,JVAZQUEZ-R,-180,-175,9.5,9
726,CLE,WESTBROOK-R,160,155,9.5,9
726,DET,MSCHERZER-R,135,166,8.5,8
726,TAM,MGARZA-R,-155,-186,8.5,8
726,MIN,FLIRIANO-L,-114,-109,7.5,7
726,KAN,ZGREINKE-R,-106,-111,7.5,7
726,SEA,FHERNANDZ-R,105,104,6.5,6.5
726,CWS,JDANKS-L,-125,-124,6.5,6.5
726,BOS,CBUCHHOLZ-R,-115,110,9,8
726,LAA,DHAREN-R,-105,-130,9,8
727,ARI,RLOPEZ-R,190,210,8.5,8.5
727,PHI,CHAMELS-L,-220,-250,8.5,8.5
727,ATL,THANSON-R,120,122,7,6.5
727,WAS,MBATISTA-R,-140,-142,7,6.5
727,STL,WAINWRIGHT-R,-149,-148,7,7
727,NYM,JNIESE-L,129,128,7,7
727,CUB,TLILLY-L,-113,-113,8,7
727,HOU,BMYERS-R,-107,-107,8,7
727,CIN,EVOLQUEZ-R,115,138,8,7.5
727,MIL,YGALLARDO-R,-135,-158,8,7.5
727,PIT,ZDUKE-L,165,200,9.5,9.5
727,COL,DELAROSA-L,-185,-230,9.5,9.5
727,LOS,BILLNGSLEY-R,-114,-105,6.5,6.5
727,SDG,JGARLAND-R,-106,-105,6.5,6.5
727,MIA,JJOHNSON-R,-115,-116,6.5,6
727,SFO,MCAIN-R,-105,-104,6.5,6
727,NYY,CSABATHIA-L,-240,-270,9,9
727,CLE,,200,230,9,9
727,BAL,KMILLWOOD-R,180,200,8,8.5
727,TOR,RROMERO-L,-210,-230,8,8.5
727,DET,VERLANDER-R,105,125,8,7.5
727,TAM,JSHIELDS-R,-125,-145,8,7.5
727,OAK,GGONZALEZ-L,195,200,8,8
727,TEX,CLEE-L,-225,-240,8,8
727,MIN,CPAVANO-R,-137,-150,8.5,9
727,KAN,BCHEN-L,117,130,8.5,9
727,SEA,RWLND-SMTH-L,200,220,8.5,8.5
727,CWS,GFLOYD-R,-230,-260,8.5,8.5
727,BOS,JLACKEY-R,113,134,8,7.5
727,LAA,JERWEAVER-R,-133,-154,8,7.5
728,CUB,RWELLS-R,-136,-141,8.5,7.5
728,HOU,BNORRIS-R,116,121,8.5,7.5
728,CIN,TWOOD-L,-121,-119,9,8.5
728,MIL,CNARVESON-L,101,-101,9,8.5
728,ATL,THUDSON-R,-135,-152,8,7.5
728,WAS,LHERNADEZ-R,115,132,8,7.5
728,MIA,ASANABIA-R,113,135,8,8
728,SFO,JSANCHEZ-L,-133,-155,8,8
728,ARI,EJACKSON-R,240,240,8,7.5
728,PHI,RHALLADAY-R,-280,-280,8,7.5
728,STL,JGARCIA-L,107,121,6.5,6.5
728,NYM,JOSANTANA-L,-127,-141,6.5,6.5
728,PIT,ROHLENDOR-R,175,180,9.5,9.5
728,COL,ACOOK-R,-205,-210,9.5,9.5
728,LOS,HKURODA-R,-103,-107,6.5,6.5
728,SDG,CRICHARD-L,-117,-113,6.5,6.5
728,MIN,BDUENSING-L,-125,-137,9.5,9.5
728,KAN,BBANNISTR-R,105,117,9.5,9.5
728,BOS,JBECKETT-R,-114,-109,9,8.5
728,LAA,SSHIELDS-R,-106,-111,9,8.5
728,NYY,ABURNETT-R,-155,-157,9,9
728,CLE,FCARMONA-R,135,137,9,9
728,BAL,JGUTHRIE-R,132,123,9,9
728,TOR,BMILLS-L,-152,-143,9,9
728,DET,EBONINE-R,185,200,8.5,8.5
728,TAM,JNIEMANN-R,-215,-230,8.5,8.5
728,OAK,TCAHILL-R,132,133,8.5,8.5
728,TEX,CLEWIS-R,-152,-153,8.5,8.5
728,SEA,JVARGAS-L,138,150,8,8.5
728,CWS,MBUEHRLE-L,-158,-170,8,8.5
729,STL,BHAWKSWOR-R,120,129,8,8.5
729,NYM,RDICKEY-R,-140,-149,8,8.5
729,ATL,DLOWE-R,-140,-139,8.5,8.5
729,WAS,SOLSEN-L,120,119,8.5,8.5
729,PIT,PMAHOLM-L,240,230,8.5,8.5
729,COL,UJIMENEZ-R,-280,-270,8.5,8.5
729,MIA,ASANCHEZ-R,130,132,8,7.5
729,SFO,MBUMGARNR-L,-150,-152,8,7.5
729,LOS,VPADILLA-R,120,132,6.5,6
729,SDG,MLATOS-R,-140,-152,6.5,6
729,ARI,JSAUNDERS-L,150,133,9.5,9.5
729,PHI,KKENDRICK-R,-170,-153,9.5,9.5
729,DET,RPORCELLO-R,200,200,8,8
729,TAM,DPRICE-L,-240,-240,8,8
729,NYY,DMOSELEY-R,-150,-148,10,9.5
729,CLE,MTALBOT-R,130,128,10,9.5
729,OAK,VMAZZARO-R,170,170,8.5,8.5
729,TEX,CWILSON-L,-200,-200,8.5,8.5
729,BAL,BMATUSZ-L,110,107,9.5,9.5
729,KAN,KDAVIES-R,-130,-127,9.5,9.5
729,SEA,DPAULEY-R,155,152,8.5,9
729,CWS,FGARCIA-R,-175,-172,8.5,9
730,PHI,ROSWALT-R,-155,-169,8,8
730,WAS,CSTAMMEN-R,135,149,8,8
730,ATL,KMEDLEN-R,110,115,8.5,8.5
730,CIN,JCUETO-R,-130,-135,8.5,8.5
730,ARI,IKENNEDY-R,120,123,8.5,8
730,NYM,MPELFREY-R,-140,-143,8.5,8
730,MIL,MPARRA-L,-109,-113,8,9
730,HOU,JHAPP-L,-111,-107,8,9
730,PIT,JKARSTENS-R,250,280,7.5,7.5
730,STL,CARPENTER-R,-300,-330,7.5,7.5
730,CUB,RDEMPSTER-R,-107,107,9,9
730,COL,JFRANCIS-L,-113,-127,9,9
730,MIA,CVOLSTAD-R,113,130,7,7
730,SDG,WLEBLANC-L,-133,-150,7,7
730,LOS,CMONASTER-R,157,180,7,7
730,SFO,TLINCECUM-R,-177,-210,7,7
730,CLE,MASTERSON-R,160,169,8.5,8.5
730,TOR,SMARCUM-R,-180,-189,8.5,8.5
730,DET,AGALARRAG-R,230,220,8.5,8.5
730,BOS,JLESTER-L,-270,-260,8.5,8.5
730,NYY,PHUGHES-R,-120,-112,9,9
730,TAM,WDAVIS-R,100,-108,9,9
730,BAL,JARRIETA-R,115,112,9.5,9.5
730,KAN,O'SULLIVAN-R,-135,-132,9.5,9.5
730,OAK,BANDERSON-L,-120,-116,8.5,9
730,CWS,LHARRELL-R,100,-104,8.5,9
730,SEA,DFISTER-R,160,169,8.5,8
730,MIN,SBAKER-R,-180,-189,8.5,8
730,TEX,THUNTER-R,120,-105,9,8.5
730,LAA,ESANTANA-R,-140,-115,9,8.5
731,LOS,BILLNGSLEY-R,-105,-110,7.5,7.5
731,SFO,BZITO-L,-105,-110,7.5,7.5
731,PHI,JBLANTON-R,-130,-132,9,9
731,WAS,RDETWILER-L,110,112,9,9
731,MIL,DBUSH-R,-111,-103,8.5,8
731,HOU,WRODRIGEZ-L,-109,-117,8.5,8
731,ATL,JJURRJENS-R,-105,-110,8.5,8.5
731,CIN,BARROYO-R,-105,-110,8.5,8.5
731,ARI,BENRIGHT-R,110,126,8.5,8.5
731,NYM,HTAKAHASH-L,-130,-146,8.5,8.5
731,PIT,DMCCUTCHE-R,152,167,9.5,9.5
731,STL,JSUPPAN-R,-172,-187,9.5,9.5
731,CUB,GORZELANNY-L,125,141,9,9
731,COL,JHAMMEL-R,-145,-161,9,9
731,MIA,RNOLASCO-R,-113,-105,7,6.5
731,SDG,KCORREIA-R,-107,-115,7,6.5
731,CLE,JTOMLIN-R,152,180,8.5,8.5
731,TOR,BCECIL-L,-172,-210,8.5,8.5
731,SEA,FHERNANDZ-R,-110,-104,7.5,7.5
731,MIN,KSLOWEY-R,-110,-116,7.5,7.5
731,DET,MSCHERZER-R,134,162,9,8.5
731,BOS,DMATSUZAK-R,-154,-182,9,8.5
731,OAK,DBRADEN-L,117,142,7.5,7.5
731,CWS,JDANKS-L,-137,-162,7.5,7.5
731,BAL,BBERGESEN-R,190,200,8.5,8.5
731,KAN,ZGREINKE-R,-220,-240,8.5,8.5
731,NYY,JVAZQUEZ-R,-106,-105,8.5,8.5
731,TAM,MGARZA-R,-114,-115,8.5,8.5
731,TEX,RHARDEN-R,120,130,9,9
731,LAA,DHAREN-R,-140,-150,9,9
801,ATL,THANSON-R,-120,-119,9,8.5
801,CIN,EVOLQUEZ-R,100,-101,9,8.5
801,ARI,DHUDSON-R,145,153,9,8.5
801,NYM,JNIESE-L,-165,-173,9,8.5
801,PHI,CHAMELS-L,-165,-173,8.5,9
801,WAS,JLANNAN-L,145,153,8.5,9
801,MIL,RWOLF-L,-140,-130,9,9
801,HOU,WWRIGHT-L,120,110,9,9
801,PIT,ZDUKE-L,270,270,7.5,7
801,STL,WAINWRIGHT-R,-320,-320,7.5,7
801,CUB,CSILVA-R,125,130,9.5,9
801,COL,DELAROSA-L,-145,-150,9.5,9
801,MIA,JJOHNSON-R,-130,-140,6.5,6
801,SDG,JGARLAND-R,110,120,6.5,6
801,LOS,CKERSHAW-L,-105,-110,7,6.5
801,SFO,MCAIN-R,-115,-110,7,6.5
801,CLE,JGOMEZ-R,155,142,9,9
801,TOR,JLITSCH-R,-175,-162,9,9
801,DET,VERLANDER-R,130,119,8,8
801,BOS,CBUCHHOLZ-R,-150,-139,8,8
801,NYY,CSABATHIA-L,-140,-137,8.5,8
801,TAM,JSHIELDS-R,120,117,8.5,8
801,OAK,GGONZALEZ-L,130,146,8,8
801,CWS,GFLOYD-R,-150,-166,8,8
801,BAL,KMILLWOOD-R,125,120,9.5,10
801,KAN,BCHEN-L,-145,-140,9.5,10
801,SEA,LFRENCH-L,270,250,8.5,8
801,MIN,FLIRIANO-L,-320,-300,8.5,8
801,TEX,CLEE-L,-140,-127,7,7
801,LAA,JERWEAVER-R,120,107,7,7
802,CIN,TWOOD-L,-159,-137,8.5,8
802,PIT,ROHLENDOR-R,139,117,8.5,8
802,NYM,JOSANTANA-L,110,120,7,6.5
802,ATL,THUDSON-R,-130,-140,7,6.5
802,MIL,YGALLARDO-R,-110,-115,9,8
802,CUB,RWELLS-R,-110,-105,9,8
802,HOU,BMYERS-R,125,140,7.5,7.5
802,STL,WESTBROOK-R,-145,-160,7.5,7.5
802,WAS,LHERNADEZ-R,-101,105,9.5,9.5
802,ARI,RLOPEZ-R,-119,-125,9.5,9.5
802,SDG,CRICHARD-L,110,114,6.5,6.5
802,LOS,HKURODA-R,-130,-134,6.5,6.5
802,TOR,BMORROW-R,157,169,9.5,9.5
802,NYY,ABURNETT-R,-177,-189,9.5,9.5
802,MIN,CPAVANO-R,-113,100,8.5,8
802,TAM,JHELLICKS-R,-107,-120,8.5,8
802,CLE,FCARMONA-R,170,170,9,9
802,BOS,JLACKEY-R,-200,-200,9,9
802,KAN,BBANNISTR-R,173,200,7.5,7.5
802,OAK,TCAHILL-R,-193,-230,7.5,7.5
803,CIN,MLEAKE-R,-134,-130,8.5,8
803,PIT,PMAHOLM-L,114,110,8.5,8
803,NYM,RDICKEY-R,120,118,8,7.5
803,ATL,DLOWE-R,-140,-138,8,7.5
803,PHI,RHALLADAY-R,-210,-185,7.5,7.5
803,MIA,SWEST-L,180,165,7.5,7.5
803,MIL,CNARVESON-L,-110,-112,9,9.5
803,CUB,TDIAMOND-R,-110,-108,9,9.5
803,HOU,BNORRIS-R,190,190,8,7.5
803,STL,JGARCIA-L,-220,-220,8,7.5
803,SFO,JSANCHEZ-L,110,117,9,9.5
803,COL,ACOOK-R,-130,-137,9,9.5
803,WAS,SOLSEN-L,110,114,9.5,9.5
803,ARI,JSAUNDERS-L,-130,-134,9.5,9.5
803,SDG,MLATOS-R,-113,-113,6.5,6.5
803,LOS,TLILLY-L,-107,-107,6.5,6.5
803,LAA,TBELL-R,-114,-112,9.5,9.5
803,BAL,JGUTHRIE-R,-106,-108,9.5,9.5
803,CWS,CTORRES-R,-105,-105,9,9
803,DET,BONDERMAN-R,-115,-115,9,9
803,TOR,RROMERO-L,120,133,9.5,9.5
803,NYY,DMOSELEY-R,-140,-153,9.5,9.5
803,CLE,DHUFF-L,220,220,9.5,9.5
803,BOS,JBECKETT-R,-260,-260,9.5,9.5
803,MIN,BDUENSING-L,125,137,8,8
803,TAM,JNIEMANN-R,-145,-157,8,8
803,KAN,KDAVIES-R,160,157,8,8
803,OAK,VMAZZARO-R,-180,-177,8,8
803,TEX,CLEWIS-R,-140,-151,7,7
803,SEA,JVARGAS-L,120,131,7,7
803,CWS,MBUEHRLE-L,-115,-114,8.5,8.5
803,DET,RPORCELLO-R,-105,-106,8.5,8.5
804,CIN,JCUETO-R,-147,-159,8,7.5
804,PIT,JKARSTENS-R,127,139,8,7.5
804,MIL,MPARRA-L,122,125,9,9
804,CUB,RDEMPSTER-R,-142,-145,9,9
804,SFO,MBUMGARNR-L,155,156,8,8
804,COL,UJIMENEZ-R,-175,-176,8,8
804,PHI,KKENDRICK-R,-104,116,8.5,8.5
804,MIA,ASANCHEZ-R,-116,-136,8.5,8.5
804,NYM,MPELFREY-R,125,145,8.5,8.5
804,ATL,KMEDLEN-R,-145,-165,8.5,8.5
804,HOU,JHAPP-L,205,200,7,7
804,STL,CARPENTER-R,-235,-240,7,7
804,WAS,CSTAMMEN-R,117,126,9.5,9
804,ARI,IKENNEDY-R,-137,-146,9.5,9
804,SDG,WLEBLANC-L,113,121,7,7
804,LOS,VPADILLA-R,-133,-141,7,7
804,TOR,SMARCUM-R,160,162,9.5,9.5
804,NYY,PHUGHES-R,-180,-182,9.5,9.5
804,KAN,O'SULLIVAN-R,152,169,8,7.5
804,OAK,BANDERSON-L,-172,-189,8,7.5
804,CWS,EJACKSON-R,-113,-104,9,9
804,DET,AGALARRAG-R,-107,-116,9,9
804,LAA,ESANTANA-R,-140,-145,9,9
804,BAL,BMATUSZ-L,120,125,9,9
804,CLE,MASTERSON-R,240,210,8.5,8.5
804,BOS,JLESTER-L,-280,-250,8.5,8.5
804,MIN,SBAKER-R,152,164,8,8
804,TAM,DPRICE-L,-172,-184,8,8
804,TEX,CWILSON-L,-145,-155,7,7
804,SEA,DFISTER-R,125,135,7,7
805,COL,JFRANCIS-L,-149,-158,8.5,8.5
805,PIT,JMCDONALD-R,129,138,8.5,8.5
805,SFO,TLINCECUM-R,-108,-108,7,7
805,ATL,JJURRJENS-R,-112,-112,7,7
805,PHI,ROSWALT-R,-116,-125,8,7.5
805,MIA,CVOLSTAD-R,-104,105,8,7.5
805,WAS,RDETWILER-L,110,118,9.5,9.5
805,ARI,BENRIGHT-R,-130,-138,9.5,9.5
805,SDG,KCORREIA-R,130,143,7,7
805,LOS,BILLNGSLEY-R,-150,-163,7,7
805,MIN,KSLOWEY-R,130,129,9,8.5
805,TAM,WDAVIS-R,-150,-149,9,8.5
805,CWS,FGARCIA-R,113,130,9,8.5
805,DET,MSCHERZER-R,-133,-150,9,8.5
805,LAA,DHAREN-R,-160,-175,8.5,9
805,BAL,JARRIETA-R,140,155,8.5,9
805,CLE,JTOMLIN-R,170,170,8.5,9
805,BOS,DMATSUZAK-R,-200,-200,8.5,9
805,TEX,THUNTER-R,-107,100,6.5,6.5
805,SEA,FHERNANDZ-R,-113,-120,6.5,6.5
806,CIN,BARROYO-R,-115,-122,9,8.5
806,CUB,GORZELANNY-L,-105,102,9,8.5
806,NYM,JNIESE-L,105,109,9,8.5
806,PHI,JBLANTON-R,-125,-129,9,8.5
806,COL,JHAMMEL-R,-150,-136,8.5,7.5
806,PIT,ZDUKE-L,130,116,8.5,7.5
806,STL,WAINWRIGHT-R,-150,-126,7,6.5
806,MIA,RNOLASCO-R,130,106,7,6.5
806,SFO,BZITO-L,130,134,7.5,7
806,ATL,THANSON-R,-150,-154,7.5,7
806,HOU,WRODRIGEZ-L,105,106,8.5,8
806,MIL,DBUSH-R,-125,-126,8.5,8
806,SDG,JGARLAND-R,-120,-110,9.5,9.5
806,ARI,DHUDSON-R,100,-110,9.5,9.5
806,WAS,JLANNAN-L,210,190,7,7.5
806,LOS,CKERSHAW-L,-250,-220,7,7.5
806,LAA,JERWEAVER-R,-103,-101,7.5,7
806,DET,VERLANDER-R,-117,-119,7.5,7
806,CWS,JDANKS-L,-167,-166,9,9
806,BAL,BBERGESEN-R,147,146,9,9
806,MIN,FLIRIANO-L,-170,-170,8,8
806,CLE,JGOMEZ-R,150,150,8,8
806,TAM,MGARZA-R,-120,-119,8,8.5
806,TOR,BCECIL-L,100,-101,8,8.5
806,BOS,CBUCHHOLZ-R,130,138,9,9
806,NYY,JVAZQUEZ-R,-150,-158,9,9
806,TEX,CLEE-L,-170,-152,7,6.5
806,OAK,DBRADEN-L,150,132,7,6.5
806,KAN,ZGREINKE-R,-170,-150,7.5,7
806,SEA,LFRENCH-L,150,130,7.5,7
807,CIN,EVOLQUEZ-R,-111,-113,9,9
807,CUB,RWELLS-R,-109,-107,9,9
807,SFO,MCAIN-R,120,113,7,7
807,ATL,THUDSON-R,-140,-133,7,7
807,COL,DELAROSA-L,-135,-144,8,8
807,PIT,ROHLENDOR-R,115,124,8,8
807,NYM,JOSANTANA-L,104,107,7,7
807,PHI,CHAMELS-L,-124,-127,7,7
807,HOU,BMYERS-R,110,111,8,8
807,MIL,RWOLF-L,-130,-131,8,8
807,STL,WESTBROOK-R,160,142,6.5,6.5
807,MIA,JJOHNSON-R,-180,-162,6.5,6.5
807,SDG,CRICHARD-L,-120,-141,9,9
807,ARI,RLOPEZ-R,100,121,9,9
807,WAS,LHERNADEZ-R,154,150,7.5,7.5
807,LOS,HKURODA-R,-174,-170,7.5,7.5
807,TAM,JSHIELDS-R,-181,-138,8.5,9
807,TOR,BMILLS-L,161,118,8.5,9
807,BOS,JLACKEY-R,165,190,8.5,9
807,NYY,CSABATHIA-L,-185,-220,8.5,9
807,MIN,CPAVANO-R,-134,-137,8,8
807,CLE,FCARMONA-R,114,117,8,8
807,CWS,GFLOYD-R,-157,-169,9,9
807,BAL,KMILLWOOD-R,137,149,9,9
807,LAA,SKAZMIR-L,103,118,9,9.5
807,DET,BONDERMAN-R,-123,-138,9,9.5
807,TEX,RHARDEN-R,-111,-106,7.5,8
807,OAK,GGONZALEZ-L,-109,-114,7.5,8
807,KAN,BCHEN-L,-106,100,8,8
807,SEA,DPAULEY-R,-114,-120,8,8
808,NYM,RDICKEY-R,175,185,7,6.5
808,PHI,RHALLADAY-R,-205,-215,7,6.5
808,COL,EROGERS-R,-105,-107,8.5,9
808,PIT,PMAHOLM-L,-105,-113,8.5,9
808,SFO,JSANCHEZ-L,110,107,8,7.5
808,ATL,DLOWE-R,-130,-127,8,7.5
808,HOU,WWRIGHT-L,190,200,8,8
808,MIL,YGALLARDO-R,-220,-240,8,8
808,CIN,TWOOD-L,-130,-127,9,11.5
808,CUB,TDIAMOND-R,110,107,9,11.5
808,WAS,JMARQUIS-R,164,160,8,7.5
808,LOS,TLILLY-L,-184,-180,8,7.5
808,SDG,MLATOS-R,-132,-154,8,8.5
808,ARI,JSAUNDERS-L,112,134,8,8.5
808,LAA,TBELL-R,110,110,9.5,9.5
808,DET,RPORCELLO-R,-130,-130,9.5,9.5
808,MIN,BDUENSING-L,-148,-155,9,9.5
808,CLE,DHUFF-L,128,135,9,9.5
808,TAM,SONNANSTIN-R,-124,108,8.5,9.5
808,TOR,BMORROW-R,104,-128,8.5,9.5
808,CWS,MBUEHRLE-L,-130,-125,8.5,8.5
808,BAL,JGUTHRIE-R,110,105,8.5,8.5
808,TEX,CLEWIS-R,-107,-107,7.5,7
808,OAK,TCAHILL-R,-113,-113,7.5,7
808,KAN,KDAVIES-R,125,133,8,7.5
808,SEA,JVARGAS-L,-145,-153,8,7.5
808,BOS,JBECKETT-R,118,-108,9,9
808,NYY,DMOSELEY-R,-138,-112,9,9
809,STL,CARPENTER-R,-134,-139,7.5,7.5
809,CIN,MLEAKE-R,114,119,7.5,7.5
809,ATL,MMINOR-L,-120,-138,8.5,8.5
809,HOU,BNORRIS-R,100,118,8.5,8.5
809,ARI,IKENNEDY-R,101,118,9,9.5
809,MIL,CNARVESON-L,-121,-138,9,9.5
809,CUB,CZAMBRANO-R,132,145,8,7.5
809,SFO,MBUMGARNR-L,-152,-165,8,7.5
809,BOS,JLESTER-L,-113,108,8.5,8.5
809,NYY,PHUGHES-R,-107,-128,8.5,8.5
809,TAM,DPRICE-L,-150,-163,8.5,8.5
809,DET,AGALARRAG-R,130,143,8.5,8.5
809,CWS,EJACKSON-R,-137,-133,9,9
809,BAL,BMATUSZ-L,117,113,9,9
809,KAN,O'SULLIVAN-R,170,180,9,8.5
809,LAA,ESANTANA-R,-200,-210,9,8.5
809,OAK,VMAZZARO-R,-109,-105,7.5,7.5
809,SEA,DFISTER-R,-111,-105,7.5,7.5
810,MIA,ASANCHEZ-R,165,158,7,7
810,WAS,SSTRASBUR-R,-185,-178,7,7
810,LOS,VPADILLA-R,-113,-112,8.5,8.5
810,PHI,KKENDRICK-R,-107,-108,8.5,8.5
810,COL,UJIMENEZ-R,-150,-158,7,7.5
810,NYM,MPELFREY-R,130,138,7,7.5
810,STL,JGARCIA-L,100,112,8,8.5
810,CIN,JCUETO-R,-120,-132,8,8.5
810,ATL,JJURRJENS-R,-130,-146,7.5,8
810,HOU,JHAPP-L,110,126,7.5,8
810,ARI,BENRIGHT-R,110,113,9,9
810,MIL,MPARRA-L,-130,-133,9,9
810,PIT,JKARSTENS-R,173,180,7,7
810,SDG,WLEBLANC-L,-193,-210,7,7
810,CUB,RDEMPSTER-R,155,170,6.5,6.5
810,SFO,TLINCECUM-R,-175,-200,6.5,6.5
810,TAM,JHELLICKS-R,-107,-109,8,8.5
810,DET,MSCHERZER-R,-113,-111,8,8.5
810,BAL,JARRIETA-R,110,116,9,9
810,CLE,MASTERSON-R,-130,-136,9,9
810,BOS,DMATSUZAK-R,105,105,8,8
810,TOR,RROMERO-L,-125,-125,8,8
810,NYY,ABURNETT-R,103,122,9,10
810,TEX,CWILSON-L,-123,-142,9,10
810,MIN,SBAKER-R,-107,-113,9,9
810,CWS,FGARCIA-R,-113,-107,9,9
810,KAN,BULLINGTON-R,200,200,8.5,8.5
810,LAA,DHAREN-R,-240,-240,8.5,8.5
810,OAK,BANDERSON-L,114,112,6.5,6.5
810,SEA,FHERNANDZ-R,-134,-132,6.5,6.5
811,STL,WAINWRIGHT-R,-130,-129,7,7.5
811,CIN,BARROYO-R,110,109,7,7.5
811,ATL,THANSON-R,-130,-129,7.5,7
811,HOU,WRODRIGEZ-L,110,109,7.5,7
811,MIA,CVOLSTAD-R,-110,-114,9,9.5
811,WAS,SOLSEN-L,-110,-106,9,9.5
811,LOS,BILLNGSLEY-R,112,110,7.5,7.5
811,PHI,ROSWALT-R,-132,-130,7.5,7.5
811,COL,JFRANCIS-L,-105,-105,7.5,7.5
811,NYM,JNIESE-L,-115,-115,7.5,7.5
811,ARI,DHUDSON-R,115,101,9,9
811,MIL,DBUSH-R,-135,-121,9,9
811,PIT,JMCDONALD-R,170,166,7,7
811,SDG,KCORREIA-R,-190,-186,7,7
811,CUB,GORZELANNY-L,140,148,7.5,7
811,SFO,BZITO-L,-160,-168,7.5,7
811,TAM,MGARZA-R,-110,-114,7.5,7.5
811,DET,VERLANDER-R,-110,-106,7.5,7.5
811,KAN,ZGREINKE-R,125,150,7,7
811,LAA,JERWEAVER-R,-145,-170,7,7
811,OAK,DBRADEN-L,-125,-126,7.5,7.5
811,SEA,LFRENCH-L,105,106,7.5,7.5
811,BAL,BBERGESEN-R,125,117,9,9
811,CLE,JTOMLIN-R,-145,-137,9,9
811,BOS,CBUCHHOLZ-R,-106,-110,8,8
811,TOR,SMARCUM-R,-114,-110,8,8
811,NYY,JVAZQUEZ-R,134,150,7.5,8
811,TEX,CLEE-L,-154,-170,7.5,8
811,MIN,GPERKINS-L,140,152,8.5,9.5
811,CWS,JDANKS-L,-160,-172,8.5,9.5
812,COL,JHAMMEL-R,145,123,7,7
812,NYM,JOSANTANA-L,-165,-143,7,7
812,ARI,RLOPEZ-R,130,130,9,9.5
812,MIL,RWOLF-L,-150,-150,9,9.5
812,CUB,RWELLS-R,170,168,7,7
812,SFO,MCAIN-R,-190,-188,7,7
812,PIT,ZDUKE-L,170,175,7,7
812,SDG,JGARLAND-R,-200,-195,7,7
812,MIA,RNOLASCO-R,-105,-108,8,8
812,WAS,LHERNADEZ-R,-115,-112,8,8
812,LOS,CKERSHAW-L,-130,-118,8,8.5
812,PHI,JBLANTON-R,110,-102,8,8.5
812,BOS,JLACKEY-R,-110,-108,9,10
812,TOR,BMILLS-L,-110,-112,9,10
812,BAL,KMILLWOOD-R,130,104,9,9.5
812,CLE,JGOMEZ-R,-150,-124,9,9.5
812,NYY,CSABATHIA-L,-230,-260,8.5,9
812,KAN,BCHEN-L,200,220,8.5,9
812,MIN,FLIRIANO-L,105,104,7.5,7.5
812,CWS,GFLOYD-R,-125,-124,7.5,7.5
813,ARI,JSAUNDERS-L,-114,-105,9,9
813,WAS,JLANNAN-L,-106,-105,9,9
813,MIA,JJOHNSON-R,-135,-132,7.5,7.5
813,CIN,EVOLQUEZ-R,115,112,7.5,7.5
813,PHI,CHAMELS-L,-130,-123,7,7
813,NYM,RDICKEY-R,110,103,7,7
813,LOS,HKURODA-R,135,145,7,7
813,ATL,THUDSON-R,-155,-165,7,7
813,PIT,ROHLENDOR-R,150,135,7.5,7.5
813,HOU,BMYERS-R,-170,-155,7.5,7.5
813,CUB,TDIAMOND-R,180,200,9,9
813,STL,WESTBROOK-R,-210,-230,9,9
813,MIL,YGALLARDO-R,-109,-107,9,9
813,COL,DELAROSA-L,-111,-113,9,9
813,SDG,CRICHARD-L,104,115,7.5,7.5
813,SFO,JSANCHEZ-L,-124,-135,7.5,7.5
813,SEA,DPAULEY-R,125,132,9,8.5
813,CLE,FCARMONA-R,-145,-152,9,8.5
813,BAL,JGUTHRIE-R,180,170,8.5,8.5
813,TAM,JSHIELDS-R,-210,-200,8.5,8.5
813,BOS,JBECKETT-R,115,108,9.5,9.5
813,TEX,THUNTER-R,-135,-128,9.5,9.5
813,DET,BONDERMAN-R,140,125,9,9.5
813,CWS,MBUEHRLE-L,-160,-145,9,9.5
813,NYY,DMOSELEY-R,-175,-182,10,10
813,KAN,KDAVIES-R,155,162,10,10
813,OAK,GGONZALEZ-L,135,134,8,8
813,MIN,CPAVANO-R,-155,-154,8,8
813,TOR,RZEPZNSKI-L,120,105,9,9.5
813,LAA,SKAZMIR-L,-140,-125,9,9.5
814,CUB,CZAMBRANO-R,200,210,7.5,7.5
814,STL,CARPENTER-R,-240,-250,7.5,7.5
814,SDG,MLATOS-R,-109,-120,7,7
814,SFO,MBUMGARNR-L,-111,100,7,7
814,ARI,IKENNEDY-R,-113,-114,9.5,9
814,WAS,JMARQUIS-R,-107,-106,9.5,9
814,PIT,PMAHOLM-L,110,118,8.5,8.5
814,HOU,BNORRIS-R,-130,-138,8.5,8.5
814,PHI,RHALLADAY-R,-220,-215,7.5,7.5
814,NYM,PMISCH-L,190,185,7.5,7.5
814,MIA,SWEST-L,130,147,9.5,9.5
814,CIN,MLEAKE-R,-150,-167,9.5,9.5
814,LOS,TLILLY-L,110,120,7.5,7.5
814,ATL,DLOWE-R,-130,-140,7.5,7.5
814,MIL,CNARVESON-L,116,124,10,10.5
814,COL,EROGERS-R,-136,-144,10,10.5
814,BAL,BMATUSZ-L,170,159,9,9
814,TAM,SONNANSTIN-R,-200,-179,9,9
814,DET,RPORCELLO-R,127,139,9.5,9
814,CWS,EJACKSON-R,-147,-159,9.5,9
814,SEA,JVARGAS-L,-111,-103,8.5,8.5
814,CLE,MTALBOT-R,-109,-117,8.5,8.5
814,NYY,PHUGHES-R,-230,-240,9.5,9.5
814,KAN,O'SULLIVAN-R,200,200,9.5,9.5
814,OAK,TCAHILL-R,104,110,8,8
814,MIN,BDUENSING-L,-124,-130,8,8
814,BOS,JLESTER-L,-105,-105,9,9
814,TEX,CLEWIS-R,-105,-105,9,9
814,TOR,BCECIL-L,104,104,8.5,8
814,LAA,ESANTANA-R,-124,-124,8.5,8
815,MIA,ASANCHEZ-R,105,-101,9.5,9.5
815,CIN,HBAILEY-R,-125,-119,9.5,9.5
815,PHI,KKENDRICK-R,-110,109,8.5,8.5
815,NYM,MPELFREY-R,-110,-129,8.5,8.5
815,ARI,BENRIGHT-R,170,159,7.5,7.5
815,WAS,SSTRASBUR-R,-190,-179,7.5,7.5
815,LOS,VPADILLA-R,120,116,7.5,7
815,ATL,JJURRJENS-R,-140,-136,7.5,7
815,PIT,JKARSTENS-R,150,131,8.5,8
815,HOU,JHAPP-L,-170,-151,8.5,8
815,CUB,RDEMPSTER-R,140,113,9,8.5
815,STL,KLOHSE-R,-160,-133,9,8.5
815,MIL,MPARRA-L,220,230,8.5,9
815,COL,UJIMENEZ-R,-260,-270,8.5,9
815,SDG,WLEBLANC-L,160,144,7,7
815,SFO,TLINCECUM-R,-180,-164,7,7
815,SEA,FHERNANDZ-R,-150,-142,7.5,7.5
815,CLE,MASTERSON-R,130,122,7.5,7.5
815,BAL,JARRIETA-R,210,200,8.5,8.5
815,TAM,JHELLICKS-R,-250,-240,8.5,8.5
815,DET,AGALARRAG-R,130,119,9.5,10
815,CWS,FGARCIA-R,-150,-139,9.5,10
815,NYY,ABURNETT-R,-210,-220,10,10
815,KAN,BULLINGTON-R,180,190,10,10
815,OAK,VMAZZARO-R,130,132,8.5,8.5
815,MIN,KSLOWEY-R,-150,-152,8.5,8.5
815,BOS,DMATSUZAK-R,135,120,9.5,9.5
815,TEX,CWILSON-L,-155,-140,9.5,9.5
815,TOR,RROMERO-L,125,120,7.5,7.5
815,LAA,DHAREN-R,-145,-140,7.5,7.5
816,MIA,CVOLSTAD-R,-125,-115,9,8.5
816,PIT,JMCDONALD-R,105,-105,9,8.5
816,LOS,BILLNGSLEY-R,121,131,7,7
816,ATL,THANSON-R,-141,-151,7,7
816,NYM,JNIESE-L,-113,103,7.5,7.5
816,HOU,WRODRIGEZ-L,-107,-123,7.5,7.5
816,SDG,KCORREIA-R,-114,-114,9,9
816,CUB,GORZELANNY-L,-106,-106,9,9
816,SEA,DFISTER-R,-101,107,8.5,8.5
816,BAL,BBERGESEN-R,-119,-127,8.5,8.5
816,DET,MSCHERZER-R,152,157,9,9
816,NYY,JVAZQUEZ-R,-172,-177,9,9
816,TEX,CLEE-L,-109,-111,7,7
816,TAM,DPRICE-L,-111,-109,7,7
816,TOR,SMARCUM-R,108,108,7,7
816,OAK,BANDERSON-L,-128,-128,7,7
817,MIA,RNOLASCO-R,-150,-135,8,8
817,PIT,ZDUKE-L,130,115,8,8
817,SFO,BZITO-L,125,140,7.5,8
817,PHI,ROSWALT-R,-145,-160,7.5,8
817,WAS,SOLSEN-L,160,159,8.5,8.5
817,ATL,MMINOR-L,-180,-179,8.5,8.5
817,NYM,JOSANTANA-L,-160,-156,7,7
817,HOU,NFIGUEROA-R,140,136,7,7
817,SDG,JGARLAND-R,-120,-120,9,9
817,CUB,RWELLS-R,100,100,9,9
817,MIL,DBUSH-R,170,160,9,9
817,STL,JGARCIA-L,-200,-180,9,9
817,CIN,BARROYO-R,-120,-108,9,9
817,ARI,DHUDSON-R,100,-112,9,9
817,COL,JCHACIN-R,160,150,7,7
817,LOS,CKERSHAW-L,-180,-170,7,7
817,SEA,LFRENCH-L,105,-103,9,9
817,BAL,KMILLWOOD-R,-125,-117,9,9
817,DET,VERLANDER-R,160,158,8,7.5
817,NYY,CSABATHIA-L,-180,-178,8,7.5
817,LAA,JERWEAVER-R,120,122,8,8
817,BOS,CBUCHHOLZ-R,-140,-142,8,8
817,TEX,THUNTER-R,125,145,8.5,8
817,TAM,MGARZA-R,-145,-165,8.5,8
817,CWS,JDANKS-L,100,-101,8.5,7.5
817,MIN,SBAKER-R,-120,-119,8.5,7.5
817,CLE,JGOMEZ-R,155,140,8,7.5
817,KAN,ZGREINKE-R,-175,-160,8,7.5
817,TOR,BMORROW-R,-120,-112,7,7
817,OAK,DBRADEN-L,100,-108,7,7
818,MIL,RWOLF-L,196,250,7.5,7.5
818,STL,WAINWRIGHT-R,-226,-290,7.5,7.5
818,SDG,CRICHARD-L,-138,-139,9,9.5
818,CUB,CCOLEMAN-R,118,119,9,9.5
818,MIA,JJOHNSON-R,-180,-165,7,7
818,PIT,ROHLENDOR-R,160,145,7,7
818,SFO,MCAIN-R,-106,-110,8.5,9
818,PHI,JBLANTON-R,-114,-110,8.5,9
818,WAS,LHERNADEZ-R,190,200,7,7.5
818,ATL,THUDSON-R,-220,-230,7,7.5
818,NYM,RDICKEY-R,-114,-110,7,7
818,HOU,BMYERS-R,-106,-110,7,7
818,CIN,EVOLQUEZ-R,-122,-127,9.5,9.5
818,ARI,RLOPEZ-R,102,107,9.5,9.5
818,COL,JHAMMEL-R,117,119,7,7
818,LOS,HKURODA-R,-137,-139,7,7
818,TEX,DHOLLAND-L,140,141,9,9
818,TAM,JSHIELDS-R,-160,-161,9,9
818,TOR,RZEPZNSKI-L,-102,112,7.5,7.5
818,OAK,GGONZALEZ-L,-118,-132,7.5,7.5
818,DET,BONDERMAN-R,170,157,9.5,9.5
818,NYY,DMOSELEY-R,-190,-177,9.5,9.5
818,SEA,DPAULEY-R,125,128,8.5,8.5
818,BAL,JGUTHRIE-R,-145,-148,8.5,8.5
818,LAA,SKAZMIR-L,145,160,10,10
818,BOS,JLACKEY-R,-165,-180,10,10
818,CWS,GFLOYD-R,121,131,7,7
818,MIN,FLIRIANO-L,-141,-151,7,7
818,CLE,FCARMONA-R,-112,-105,8.5,8.5
818,KAN,BCHEN-L,-108,-105,8.5,8.5
819,WAS,JLANNAN-L,170,180,8,8.5
819,ATL,DLOWE-R,-200,-210,8,8.5
819,SDG,MLATOS-R,-145,-177,9,8
819,CUB,CZAMBRANO-R,125,157,9,8
819,MIA,ASANABIA-R,-110,-107,9,8.5
819,PIT,PMAHOLM-L,-110,-113,9,8.5
819,SFO,JSANCHEZ-L,155,159,8.5,8.5
819,PHI,CHAMELS-L,-175,-179,8.5,8.5
819,NYM,PMISCH-L,-110,111,8,8.5
819,HOU,BNORRIS-R,-110,-131,8,8.5
819,CIN,TWOOD-L,-125,-135,9,9
819,ARI,JSAUNDERS-L,105,115,9,9
819,COL,DELAROSA-L,130,116,7.5,7
819,LOS,TLILLY-L,-150,-136,7.5,7
819,DET,RPORCELLO-R,220,210,9.5,9.5
819,NYY,PHUGHES-R,-260,-250,9.5,9.5
819,TEX,CLEWIS-R,-165,-166,9,9
819,BAL,BMATUSZ-L,145,146,9,9
819,LAA,ESANTANA-R,130,132,9.5,9.5
819,BOS,JBECKETT-R,-150,-152,9.5,9.5
819,CWS,MBUEHRLE-L,140,136,7.5,8
819,MIN,CPAVANO-R,-160,-156,7.5,8
819,CLE,MTALBOT-R,105,-110,9,9
819,KAN,KDAVIES-R,-125,-110,9,9
819,TAM,SONNANSTIN-R,103,115,7,7.5
819,OAK,TCAHILL-R,-123,-135,7,7.5
820,ATL,JJURRJENS-R,-123,-133,9,10.5
820,CUB,RDEMPSTER-R,103,113,9,10.5
820,NYM,MPELFREY-R,-118,-128,8,8
820,PIT,JKARSTENS-R,-102,108,8,8
820,WAS,JMARQUIS-R,285,300,8,8
820,PHI,RHALLADAY-R,-335,-360,8,8
820,HOU,JHAPP-L,113,160,8,7.5
820,MIA,ASANCHEZ-R,-133,-180,8,7.5
820,SDG,WLEBLANC-L,120,124,8,8
820,MIL,YGALLARDO-R,-140,-144,8,8
820,SFO,MBUMGARNR-L,120,128,8,8
820,STL,WESTBROOK-R,-140,-148,8,8
820,COL,EROGERS-R,103,104,10,9.5
820,ARI,IKENNEDY-R,-123,-124,10,9.5
820,CIN,HBAILEY-R,110,-110,7.5,8
820,LOS,CMONASTER-R,-130,-110,7.5,8
820,SEA,FHERNANDZ-R,118,130,8,8
820,NYY,ABURNETT-R,-138,-150,8,8
820,TEX,CWILSON-L,-170,-195,9,9
820,BAL,JARRIETA-R,150,175,9,9
820,CLE,MASTERSON-R,115,120,9,9.5
820,DET,AGALARRAG-R,-135,-140,9,9.5
820,TOR,BCECIL-L,160,163,8,8.5
820,BOS,JLESTER-L,-180,-183,8,8.5
820,LAA,DHAREN-R,118,115,8,8
820,MIN,BDUENSING-L,-138,-135,8,8
820,TAM,JHELLICKS-R,-133,-150,7.5,7
820,OAK,VMAZZARO-R,113,130,7.5,7
821,ATL,THANSON-R,-155,-159,7,7.5
821,CUB,GORZELANNY-L,135,139,7,7.5
821,NYM,JNIESE-L,-107,-118,8,7.5
821,PIT,JMCDONALD-R,-113,-102,8,7.5
821,WAS,SSTRASBUR-R,-106,-112,8,8
821,PHI,KKENDRICK-R,-114,-108,8,8
821,HOU,WRODRIGEZ-L,-110,111,8.5,8
821,MIA,CVOLSTAD-R,-110,-131,8.5,8
821,SDG,KCORREIA-R,-113,-115,9,9
821,MIL,CNARVESON-L,-107,-105,9,9
821,SFO,TLINCECUM-R,134,125,7,7
821,STL,CARPENTER-R,-154,-145,7,7
821,COL,UJIMENEZ-R,-159,-163,8,8.5
821,ARI,BENRIGHT-R,139,143,8,8.5
821,CIN,JCUETO-R,-101,-102,7.5,7
821,LOS,BILLNGSLEY-R,-119,-118,7.5,7
821,SEA,JVARGAS-L,205,180,9,9
821,NYY,JVAZQUEZ-R,-235,-210,9,9
821,LAA,TBELL-R,173,169,9.5,9.5
821,MIN,KSLOWEY-R,-193,-189,9.5,9.5
821,TEX,CLEE-L,-240,-230,8,7.5
821,BAL,BBERGESEN-R,200,200,8,7.5
821,CLE,JTOMLIN-R,165,152,8.5,8
821,DET,MSCHERZER-R,-185,-172,8.5,8
821,TOR,RROMERO-L,110,119,9,8.5
821,BOS,DMATSUZAK-R,-130,-139,9,8.5
821,CWS,FGARCIA-R,-117,-125,9.5,9.5
821,KAN,PHUMBER-R,-103,105,9.5,9.5
821,TAM,DPRICE-L,-124,-129,7,6.5
821,OAK,BANDERSON-L,104,109,7,6.5
821,CWS,TPENA-R,-125,-104,9,9.5
821,KAN,BULLINGTON-R,105,-116,9,9.5
822,HOU,NFIGUEROA-R,170,100,8,9
822,MIA,AMILLER-L,-200,-120,8,9
822,NYM,JOSANTANA-L,-180,-157,7.5,7.5
822,PIT,ZDUKE-L,160,137,7.5,7.5
822,WAS,SOLSEN-L,200,200,8.5,9
822,PHI,ROSWALT-R,-240,-230,8.5,9
822,SDG,JGARLAND-R,-120,-130,9,9
822,MIL,MPARRA-L,100,110,9,9
822,SFO,BZITO-L,125,125,8,8
822,STL,JGARCIA-L,-145,-145,8,8
822,ATL,MMINOR-L,-140,-132,9,7.5
822,CUB,RWELLS-R,120,112,9,7.5
822,CIN,BARROYO-R,125,127,7,7
822,LOS,CKERSHAW-L,-145,-147,7,7
822,COL,JCHACIN-R,115,102,9,8.5
822,ARI,DHUDSON-R,-135,-122,9,8.5
822,CLE,JGOMEZ-R,170,169,8,7.5
822,DET,VERLANDER-R,-200,-189,8,7.5
822,SEA,LFRENCH-L,290,290,8.5,8.5
822,NYY,CSABATHIA-L,-340,-340,8.5,8.5
822,TEX,THUNTER-R,-175,-130,9,9.5
822,BAL,KMILLWOOD-R,155,110,9,9.5
822,TOR,SMARCUM-R,130,122,8.5,8
822,BOS,CBUCHHOLZ-R,-150,-142,8.5,8
822,LAA,JERWEAVER-R,100,-101,8,8
822,MIN,SBAKER-R,-120,-119,8,8
822,CWS,JDANKS-L,-115,-110,7.5,7.5
822,KAN,ZGREINKE-R,-105,-110,7.5,7.5
822,TAM,MGARZA-R,-130,-125,7,7
822,OAK,DBRADEN-L,110,105,7,7
823,STL,KLOHSE-R,-125,-116,8.5,8.5
823,PIT,ROHLENDOR-R,105,-104,8.5,8.5
823,CUB,CCOLEMAN-R,127,152,8.5,8.5
823,WAS,LHERNADEZ-R,-147,-172,8.5,8.5
823,HOU,BMYERS-R,125,155,9,8.5
823,PHI,JBLANTON-R,-145,-175,9,8.5
823,ATL,THUDSON-R,-130,-115,8,8
823,COL,JHAMMEL-R,110,-105,8,8
823,CIN,EVOLQUEZ-R,120,119,7.5,7.5
823,SFO,MCAIN-R,-140,-139,7.5,7.5
823,NYY,INOVA-R,-113,105,9.5,9
823,TOR,BMORROW-R,-107,-125,9.5,9
823,KAN,BCHEN-L,130,145,9.5,9.5
823,DET,BONDERMAN-R,-150,-165,9.5,9.5
823,SEA,DFISTER-R,155,175,9,9
823,BOS,JLACKEY-R,-175,-195,9,9
823,MIN,NBLACKBUR-R,118,124,10,10.5
823,TEX,RHARDEN-R,-138,-144,10,10.5
823,TAM,JSHIELDS-R,-134,-142,9,9
823,LAA,SKAZMIR-L,114,122,9,9
824,CUB,CZAMBRANO-R,105,110,8.5,8.5
824,WAS,JLANNAN-L,-125,-130,8.5,8.5
824,STL,WAINWRIGHT-R,-260,-240,7,7
824,PIT,PMAHOLM-L,220,200,7,7
824,HOU,BNORRIS-R,200,240,8.5,7.5
824,PHI,CHAMELS-L,-240,-280,8.5,7.5
824,MIA,JJOHNSON-R,-125,-112,6.5,6.5
824,NYM,RDICKEY-R,105,-108,6.5,6.5
824,LOS,TLILLY-L,-135,-121,8.5,8.5
824,MIL,DBUSH-R,115,101,8.5,8.5
824,ATL,DLOWE-R,-110,102,9,9
824,COL,DELAROSA-L,-110,-122,9,9
824,ARI,RLOPEZ-R,170,180,7,8
824,SDG,CRICHARD-L,-200,-210,7,8
824,CIN,TWOOD-L,-110,-111,7,7.5
824,SFO,JSANCHEZ-L,-110,-109,7,7.5
824,NYY,DMOSELEY-R,-125,-110,10,10
824,TOR,RZEPZNSKI-L,105,-110,10,10
824,KAN,KDAVIES-R,135,148,9.5,9
824,DET,RPORCELLO-R,-155,-168,9.5,9
824,OAK,GGONZALEZ-L,-110,-115,7.5,7.5
824,CLE,FCARMONA-R,-110,-105,7.5,7.5
824,MIN,CPAVANO-R,110,120,9,8.5
824,TEX,CLEWIS-R,-130,-140,9,8.5
824,BAL,JGUTHRIE-R,160,147,8,8.5
824,CWS,GFLOYD-R,-180,-167,8,8.5
824,TAM,WDAVIS-R,-110,-107,8.5,8.5
824,LAA,ESANTANA-R,-110,-113,8.5,8.5
825,ATL,JJURRJENS-R,-109,-120,9,9
825,COL,EROGERS-R,-111,100,9,9
825,CIN,HBAILEY-R,-107,-102,8,7.5
825,SFO,MBUMGARNR-L,-113,-118,8,7.5
825,CUB,RDEMPSTER-R,-114,-114,8.5,8.5
825,WAS,JMARQUIS-R,-106,-106,8.5,8.5
825,HOU,JHAPP-L,280,300,7,7
825,PHI,RHALLADAY-R,-330,-360,7,7
825,STL,WESTBROOK-R,-150,-168,8.5,8.5
825,PIT,DMCCUTCHE-R,130,148,8.5,8.5
825,MIA,ASANABIA-R,104,-105,8,8
825,NYM,PMISCH-L,-124,-105,8,8
825,LOS,HKURODA-R,-107,-109,8,8
825,MIL,RWOLF-L,-113,-111,8,8
825,ARI,JSAUNDERS-L,139,155,8,7.5
825,SDG,WLEBLANC-L,-159,-175,8,7.5
825,KAN,O'SULLIVAN-R,145,169,9.5,9
825,DET,AGALARRAG-R,-165,-189,9.5,9
825,SEA,FHERNANDZ-R,118,-105,7.5,8
825,BOS,WAKEFIELD-R,-138,-105,7.5,8
825,TAM,JNIEMANN-R,102,-109,8.5,8.5
825,LAA,DHAREN-R,-122,-111,8.5,8.5
825,NYY,PHUGHES-R,-133,-133,8.5,8.5
825,TOR,BCECIL-L,113,113,8.5,8.5
825,OAK,TCAHILL-R,-133,-140,7.5,7.5
825,CLE,MTALBOT-R,113,120,7.5,7.5
825,MIN,BDUENSING-L,125,129,8.5,8.5
825,TEX,CWILSON-L,-145,-149,8.5,8.5
825,BAL,BMATUSZ-L,152,156,9,9
825,CWS,MBUEHRLE-L,-172,-176,9,9
825,SEA,DPAULEY-R,125,185,7.5,9
825,BOS,JBECKETT-R,-145,-215,7.5,9
826,HOU,WRODRIGEZ-L,145,146,8,8.5
826,PHI,KKENDRICK-R,-165,-166,8,8.5
826,LOS,CMONASTER-R,150,149,8.5,8.5
826,MIL,YGALLARDO-R,-170,-169,8.5,8.5
826,ARI,IKENNEDY-R,145,140,7.5,7.5
826,SDG,KCORREIA-R,-165,-160,7.5,7.5
826,STL,CARPENTER-R,-210,-174,8,7.5
826,WAS,JZIMMERMN-R,180,154,8,7.5
826,MIA,ASANCHEZ-R,-110,107,7.5,7.5
826,NYM,JNIESE-L,-110,-127,7.5,7.5
826,DET,MSCHERZER-R,110,115,8,7.5
826,TOR,RROMERO-L,-130,-135,8,7.5
826,OAK,VMAZZARO-R,-120,-118,8.5,8
826,CLE,MASTERSON-R,100,-102,8.5,8
826,MIN,FLIRIANO-L,140,130,8,7.5
826,TEX,CLEE-L,-160,-150,8,7.5
826,BAL,JARRIETA-R,180,166,9,9
826,CWS,EJACKSON-R,-210,-186,9,9
827,STL,JGARCIA-L,-180,-152,8,8.5
827,WAS,SOLSEN-L,160,132,8,8.5
827,CUB,GORZELANNY-L,155,145,9,8.5
827,CIN,JCUETO-R,-175,-165,9,8.5
827,HOU,NFIGUEROA-R,115,122,7.5,7
827,NYM,MPELFREY-R,-135,-142,7.5,7
827,MIA,CVOLSTAD-R,170,180,8.5,8
827,ATL,THANSON-R,-200,-210,8.5,8
827,PIT,JMCDONALD-R,125,145,9,9
827,MIL,CNARVESON-L,-145,-165,9,9
827,LOS,CKERSHAW-L,125,136,7.5,7.5
827,COL,UJIMENEZ-R,-145,-156,7.5,7.5
827,PHI,ROSWALT-R,105,110,6,6.5
827,SDG,MLATOS-R,-125,-130,6,6.5
827,ARI,BENRIGHT-R,155,160,7.5,7.5
827,SFO,TLINCECUM-R,-175,-180,7.5,7.5
827,DET,VERLANDER-R,105,109,7.5,7.5
827,TOR,SMARCUM-R,-125,-129,7.5,7.5
827,KAN,BULLINGTON-R,120,118,9,8.5
827,CLE,JTOMLIN-R,-140,-138,9,8.5
827,BOS,JLESTER-L,110,117,7.5,7
827,TAM,DPRICE-L,-130,-137,7.5,7
827,OAK,BANDERSON-L,120,113,8.5,8.5
827,TEX,THUNTER-R,-140,-133,8.5,8.5
827,NYY,ABURNETT-R,-140,-133,10,10
827,CWS,FGARCIA-R,120,113,10,10
827,BAL,BBERGESEN-R,135,120,9.5,9.5
827,LAA,TBELL-R,-155,-140,9.5,9.5
827,MIN,SBAKER-R,-135,-120,7.5,7
827,SEA,JVARGAS-L,115,100,7.5,7
828,MIA,RNOLASCO-R,160,158,7.5,7
828,ATL,THUDSON-R,-180,-178,7.5,7
828,PHI,JBLANTON-R,110,-102,7.5,8
828,SDG,JGARLAND-R,-130,-118,7.5,8
828,STL,KLOHSE-R,-110,-108,9,9
828,WAS,LHERNADEZ-R,-110,-112,9,9
828,CUB,RWELLS-R,160,165,9,8.5
828,CIN,BARROYO-R,-180,-185,9,8.5
828,HOU,BMYERS-R,140,155,6.5,6.5
828,NYM,JOSANTANA-L,-160,-175,6.5,6.5
828,PIT,ZDUKE-L,145,144,9,8.5
828,MIL,CCAPUANO-L,-165,-164,9,8.5
828,LOS,BILLNGSLEY-R,110,108,8.5,8.5
828,COL,JCHACIN-R,-130,-128,8.5,8.5
828,ARI,DHUDSON-R,125,115,7.5,7.5
828,SFO,BZITO-L,-145,-135,7.5,7.5
828,DET,AFIGARO-R,140,175,9,9
828,TOR,BMORROW-R,-160,-195,9,9
828,MIN,NBLACKBUR-R,-110,-113,8,8.5
828,SEA,DFISTER-R,-110,-107,8,8.5
828,KAN,ZGREINKE-R,-130,-126,7.5,7.5
828,CLE,JGOMEZ-R,110,106,7.5,7.5
828,NYY,CSABATHIA-L,-130,-136,8,8.5
828,CWS,JDANKS-L,110,116,8,8.5
828,BOS,CBUCHHOLZ-R,105,122,7.5,7.5
828,TAM,MGARZA-R,-125,-142,7.5,7.5
828,OAK,DBRADEN-L,125,116,9,8.5
828,TEX,RHARDEN-R,-145,-136,9,8.5
828,BAL,KMILLWOOD-R,145,148,9.5,8.5
828,LAA,SKAZMIR-L,-165,-168,9.5,8.5
829,CUB,CCOLEMAN-R,190,180,9,9
829,CIN,TWOOD-L,-220,-210,9,9
829,HOU,BNORRIS-R,140,144,7,7
829,NYM,RDICKEY-R,-160,-164,7,7
829,MIA,JJOHNSON-R,-110,-105,7.5,7.5
829,ATL,DLOWE-R,-110,-105,7.5,7.5
829,STL,WAINWRIGHT-R,-190,-176,7.5,7.5
829,WAS,JLANNAN-L,170,156,7.5,7.5
829,PIT,CMORTON-R,152,146,9,9.5
829,MIL,DBUSH-R,-172,-166,9,9.5
829,LOS,TLILLY-L,-107,108,8.5,8.5
829,COL,JHAMMEL-R,-113,-128,8.5,8.5
829,ARI,RLOPEZ-R,200,170,8,7.5
829,SFO,MCAIN-R,-230,-200,8,7.5
829,PHI,CHAMELS-L,-106,-108,7,6.5
829,SDG,CRICHARD-L,-114,-112,7,6.5
829,KAN,BCHEN-L,120,128,9,9
829,CLE,FCARMONA-R,-140,-148,9,9
829,DET,RPORCELLO-R,-114,112,9.5,9.5
829,TOR,RZEPZNSKI-L,-106,-132,9.5,9.5
829,BOS,JLACKEY-R,125,122,9,8.5
829,TAM,JSHIELDS-R,-145,-142,9,8.5
829,NYY,INOVA-R,104,100,9,9.5
829,CWS,GFLOYD-R,-124,-120,9,9.5
829,OAK,GGONZALEZ-L,125,131,8.5,8
829,TEX,CLEWIS-R,-145,-151,8.5,8
829,BAL,JGUTHRIE-R,170,163,8,7.5
829,LAA,JERWEAVER-R,-190,-183,8,7.5
829,MIN,CPAVANO-R,-160,-138,8,8
829,SEA,LFRENCH-L,140,118,8,8
830,WAS,JMARQUIS-R,142,136,8.5,8.5
830,MIA,ASANABIA-R,-162,-156,8.5,8.5
830,MIL,RWOLF-L,125,126,9,9.5
830,CIN,HBAILEY-R,-145,-146,9,9.5
830,NYM,PMISCH-L,165,170,8,8
830,ATL,JJURRJENS-R,-185,-200,8,8
830,PIT,PMAHOLM-L,152,132,9,10
830,CUB,CZAMBRANO-R,-172,-152,9,10
830,STL,WESTBROOK-R,-115,-125,7.5,7.5
830,HOU,JHAPP-L,-105,105,7.5,7.5
830,SDG,WLEBLANC-L,-130,-120,9.5,9.5
830,ARI,JSAUNDERS-L,110,100,9.5,9.5
830,PHI,RHALLADAY-R,-140,-147,6.5,6.5
830,LOS,HKURODA-R,120,127,6.5,6.5
830,COL,DELAROSA-L,104,107,7.5,7.5
830,SFO,JSANCHEZ-L,-124,-127,7.5,7.5
830,CWS,MBUEHRLE-L,-142,-130,9,9
830,CLE,MTALBOT-R,122,110,9,9
830,OAK,TCAHILL-R,102,109,8.5,9.5
830,NYY,DMOSELEY-R,-122,-129,8.5,9.5
830,TOR,BCECIL-L,118,126,9,8.5
830,TAM,WDAVIS-R,-138,-146,9,8.5
830,TEX,CWILSON-L,-175,-171,9,9
830,KAN,KDAVIES-R,155,151,9,9
830,LAA,ESANTANA-R,-117,-127,7.5,7.5
830,SEA,DPAULEY-R,-103,107,7.5,7.5
831,MIL,YGALLARDO-R,-103,-107,9,9
831,CIN,AHARANG-R,-117,-113,9,9
831,NYM,JNIESE-L,130,137,8,7.5
831,ATL,MMINOR-L,-150,-157,8,7.5
831,WAS,JZIMMERMN-R,155,133,8.5,8.5
831,MIA,ASANCHEZ-R,-175,-153,8.5,8.5
831,PIT,JKARSTENS-R,190,170,9,10.5
831,CUB,RDEMPSTER-R,-220,-200,9,10.5
831,STL,CARPENTER-R,-152,-135,7,6.5
831,HOU,WRODRIGEZ-L,132,115,7,6.5
831,SDG,KCORREIA-R,-114,100,9.5,9.5
831,ARI,IKENNEDY-R,-106,-120,9.5,9.5
831,PHI,KKENDRICK-R,-112,-105,8.5,8.5
831,LOS,CMONASTER-R,-108,-105,8.5,8.5
831,COL,EROGERS-R,113,119,8,8
831,SFO,MBUMGARNR-L,-133,-139,8,8
831,BOS,JBECKETT-R,-138,-140,8.5,8.5
831,BAL,BMATUSZ-L,118,120,8.5,8.5
831,CWS,EJACKSON-R,-130,-126,9,8.5
831,CLE,MASTERSON-R,110,106,9,8.5
831,OAK,VMAZZARO-R,170,180,9,9
831,NYY,PHUGHES-R,-190,-210,9,9
831,TOR,RROMERO-L,125,125,8.5,8.5
831,TAM,JNIEMANN-R,-145,-145,8.5,8.5
831,DET,AGALARRAG-R,152,149,8.5,8.5
831,MIN,BDUENSING-L,-172,-169,8.5,8.5
831,TEX,CLEE-L,-210,-200,8.5,8
831,KAN,O'SULLIVAN-R,180,170,8.5,8
831,LAA,DHAREN-R,110,113,6.5,6
831,SEA,FHERNANDZ-R,-130,-133,6.5,6
901,STL,JSUPPAN-R,-110,-104,8.5,8.5
901,HOU,NFIGUEROA-R,-110,-116,8.5,8.5
901,PIT,JMCDONALD-R,170,135,9,10.5
901,CUB,GORZELANNY-L,-200,-155,9,10.5
901,PHI,ROSWALT-R,-105,-114,6.5,6.5
901,LOS,CKERSHAW-L,-115,-106,6.5,6.5
901,SDG,MLATOS-R,-140,-142,8,8
901,ARI,BENRIGHT-R,120,122,8,8
901,MIL,CNARVESON-L,160,142,9.5,9.5
901,CIN,JCUETO-R,-180,-162,9.5,9.5
901,NYM,MPELFREY-R,150,153,7.5,8
901,ATL,THANSON-R,-170,-173,7.5,8
901,WAS,SOLSEN-L,135,132,9,8.5
901,MIA,CVOLSTAD-R,-155,-152,9,8.5
901,COL,UJIMENEZ-R,-120,-105,6.5,7
901,SFO,TLINCECUM-R,100,-105,6.5,7
901,CWS,FGARCIA-R,-150,-131,10,9.5
901,CLE,CCARRASCO-R,130,111,10,9.5
901,BOS,JLESTER-L,-230,-210,8,8.5
901,BAL,JARRIETA-R,200,180,8,8.5
901,OAK,BANDERSON-L,130,118,9,9.5
901,NYY,ABURNETT-R,-150,-138,9,9.5
901,TOR,SMARCUM-R,150,150,7.5,7.5
901,TAM,DPRICE-L,-170,-170,7.5,7.5
901,DET,MSCHERZER-R,140,118,7.5,7
901,MIN,FLIRIANO-L,-160,-138,7.5,7
901,TEX,THUNTER-R,-180,-160,9.5,9.5
901,KAN,BULLINGTON-R,160,140,9.5,9.5
901,LAA,TBELL-R,100,-102,7.5,7.5
901,SEA,JVARGAS-L,-120,-118,7.5,7.5
902,NYM,JOSANTANA-L,145,137,6.5,6.5
902,ATL,THUDSON-R,-165,-157,6.5,6.5
902,OAK,DBRADEN-L,180,190,8.5,8
902,NYY,CSABATHIA-L,-210,-220,8.5,8
902,BOS,DMATSUZAK-R,-150,-134,9,9
902,BAL,BBERGESEN-R,130,114,9,9
902,DET,VERLANDER-R,100,-105,8,7
902,MIN,SBAKER-R,-120,-115,8,7
902,CLE,JTOMLIN-R,115,133,7.5,7.5
902,SEA,DFISTER-R,-135,-153,7.5,7.5
902,PHI,JBLANTON-R,120,-103,9,9
902,COL,JCHACIN-R,-140,-117,9,9
903,NYM,RDICKEY-R,-110,-105,9,10
903,CUB,RWELLS-R,-110,-105,9,10
903,MIL,CCAPUANO-L,220,200,8.5,8.5
903,PHI,CHAMELS-L,-260,-230,8.5,8.5
903,WAS,LHERNADEZ-R,-113,-110,8.5,8.5
903,PIT,ZDUKE-L,-107,-110,8.5,8.5
903,ATL,KKAWAKAMI-R,-117,-120,9,9.5
903,MIA,AMILLER-L,-103,100,9,9.5
903,CIN,BARROYO-R,110,115,8,7.5
903,STL,JGARCIA-L,-130,-135,8,7.5
903,HOU,BMYERS-R,114,126,8.5,8
903,ARI,DHUDSON-R,-134,-146,8.5,8
903,COL,ACOOK-R,104,120,7.5,7.5
903,SDG,CLUEBKE-L,-124,-140,7.5,7.5
903,SFO,BZITO-L,110,125,7.5,7.5
903,LOS,BILLNGSLEY-R,-130,-145,7.5,7.5
903,TOR,BMORROW-R,125,118,9,9
903,NYY,INOVA-R,-145,-138,9,9
903,TAM,MGARZA-R,-200,-187,8.5,8.5
903,BAL,KMILLWOOD-R,170,167,8.5,8.5
903,DET,BONDERMAN-R,134,148,8.5,8
903,KAN,ZGREINKE-R,-154,-168,8.5,8
903,TEX,DHOLLAND-L,104,-112,9.5,9
903,MIN,MFOX-R,-124,-108,9.5,9
903,LAA,SKAZMIR-L,155,144,7.5,7.5
903,OAK,GGONZALEZ-L,-175,-164,7.5,7.5
903,CLE,FCARMONA-R,-113,101,7,7
903,SEA,LFRENCH-L,-107,-121,7,7
904,NYM,JMEJIA-R,134,120,9,8.5
904,CUB,CZAMBRANO-R,-154,-140,9,8.5
904,MIL,DBUSH-R,250,240,7.5,7.5
904,PHI,RHALLADAY-R,-290,-280,7.5,7.5
904,WAS,JLANNAN-L,-113,-106,8.5,8.5
904,PIT,PMAHOLM-L,-107,-114,8.5,8.5
904,ATL,JJURRJENS-R,114,137,7.5,7
904,MIA,JJOHNSON-R,-134,-157,7.5,7
904,CIN,TWOOD-L,154,147,7.5,7
904,STL,WAINWRIGHT-R,-174,-167,7.5,7
904,HOU,BNORRIS-R,120,118,9.5,9
904,ARI,JSAUNDERS-L,-140,-138,9.5,9
904,COL,JHAMMEL-R,120,112,7.5,7
904,SDG,JGARLAND-R,-140,-132,7.5,7
904,SFO,MCAIN-R,105,-103,7,6.5
904,LOS,TLILLY-L,-125,-117,7,6.5
904,TOR,RZEPZNSKI-L,175,170,10,10
904,NYY,JVAZQUEZ-R,-195,-200,10,10
904,LAA,JERWEAVER-R,114,107,7,6.5
904,OAK,TCAHILL-R,-134,-127,7,6.5
904,TEX,CLEWIS-R,100,-113,8.5,7.5
904,MIN,CPAVANO-R,-120,-107,8.5,7.5
904,TAM,JSHIELDS-R,-150,-143,8.5,8.5
904,BAL,JGUTHRIE-R,130,123,8.5,8.5
904,CWS,GFLOYD-R,100,109,9,9
904,BOS,JLACKEY-R,-120,-129,9,9
904,DET,RPORCELLO-R,-114,-118,9,9
904,KAN,BCHEN-L,-106,-102,9,9
904,CLE,MTALBOT-R,-106,103,7.5,7.5
904,SEA,DPAULEY-R,-114,-123,7.5,7.5
904,CWS,JDANKS-L,120,135,8,8
904,BOS,CBUCHHOLZ-R,-140,-155,8,8
905,ATL,MMINOR-L,-120,-122,9,8.5
905,MIA,ASANABIA-R,100,102,9,8.5
905,MIL,RWOLF-L,130,125,9.5,9.5
905,PHI,KKENDRICK-R,-150,-145,9.5,9.5
905,WAS,JMARQUIS-R,-125,-108,9.5,9
905,PIT,CMORTON-R,105,-112,9.5,9
905,CIN,HBAILEY-R,157,151,7.5,7.5
905,STL,CARPENTER-R,-177,-171,7.5,7.5
905,NYM,JNIESE-L,125,132,9,9
905,CUB,RDEMPSTER-R,-145,-152,9,9
905,COL,DELAROSA-L,105,114,7,7
905,SDG,CRICHARD-L,-125,-134,7,7
905,HOU,JHAPP-L,-110,-105,8.5,9
905,ARI,RLOPEZ-R,-110,-105,8.5,9
905,SFO,JSANCHEZ-L,125,114,7,7
905,LOS,HKURODA-R,-145,-134,7,7
905,TOR,BCECIL-L,160,149,9.5,9
905,NYY,PHUGHES-R,-180,-169,9.5,9
905,CWS,MBUEHRLE-L,120,120,9,9
905,BOS,JBECKETT-R,-140,-140,9,9
905,TAM,WDAVIS-R,-180,-160,9,9.5
905,BAL,CTILLMAN-R,160,140,9,9.5
905,DET,AGALARRAG-R,-130,-125,9,9
905,KAN,KDAVIES-R,110,105,9,9
905,TEX,CWILSON-L,-121,-127,8.5,8.5
905,MIN,NBLACKBUR-R,101,107,8.5,8.5
905,LAA,ESANTANA-R,-110,-108,8,8
905,OAK,VMAZZARO-R,-110,-112,8,8
905,CLE,JGOMEZ-R,170,175,6.5,6.5
905,SEA,FHERNANDZ-R,-200,-195,6.5,6.5
906,MIA,AMENDEZ-R,140,140,10,10
906,PHI,VWORLEY-R,-160,-160,10,10
906,MIA,ASANCHEZ-R,155,167,8,8
906,PHI,ROSWALT-R,-175,-187,8,8
906,NYM,MPELFREY-R,-113,115,8,8
906,WAS,JZIMMERMN-R,-107,-135,8,8
906,ATL,THANSON-R,-191,-200,8,8
906,PIT,BBURRES-L,171,170,8,8
906,STL,WESTBROOK-R,105,107,8.5,8.5
906,MIL,YGALLARDO-R,-125,-127,8.5,8.5
906,HOU,WRODRIGEZ-L,-118,-120,9,13
906,CUB,CCOLEMAN-R,-102,100,9,13
906,CIN,AHARANG-R,160,170,8.5,8.5
906,COL,UJIMENEZ-R,-180,-200,8.5,8.5
906,SFO,MBUMGARNR-L,-110,-114,9,9
906,ARI,IKENNEDY-R,-110,-106,9,9
906,LOS,VPADILLA-R,133,110,6.5,6.5
906,SDG,TSTAUFFER-R,-153,-130,6.5,6.5
906,TEX,THUNTER-R,116,117,8.5,8.5
906,TOR,RROMERO-L,-136,-137,8.5,8.5
906,BAL,BMATUSZ-L,185,170,9.5,9.5
906,NYY,ABURNETT-R,-215,-200,9.5,9.5
906,CWS,EJACKSON-R,-102,109,8,7.5
906,DET,MSCHERZER-R,-118,-129,8,7.5
906,KAN,O'SULLIVAN-R,170,180,9,8.5
906,MIN,KSLOWEY-R,-200,-210,9,8.5
906,SEA,JVARGAS-L,155,157,7,7
906,OAK,BANDERSON-L,-175,-177,7,7
906,TAM,JNIEMANN-R,142,135,8.5,8.5
906,BOS,JLESTER-L,-162,-155,8.5,8.5
906,CLE,CCARRASCO-R,148,158,7.5,7.5
906,LAA,DHAREN-R,-168,-178,7.5,7.5
907,ATL,THUDSON-R,-235,-189,7.5,7.5
907,PIT,JMCDONALD-R,205,169,7.5,7.5
907,MIA,CVOLSTAD-R,145,144,9.5,10
907,PHI,JBLANTON-R,-165,-164,9.5,10
907,NYM,DGEE-R,-104,120,8.5,8.5
907,WAS,YMAYA-R,-116,-140,8.5,8.5
907,HOU,NFIGUEROA-R,101,104,10.5,11
907,CUB,CSILVA-R,-121,-124,10.5,11
907,STL,KLOHSE-R,-106,102,9.5,9.5
907,MIL,CNARVESON-L,-114,-122,9.5,9.5
907,CIN,JCUETO-R,101,112,9,9
907,COL,JCHACIN-R,-121,-132,9,9
907,SFO,TLINCECUM-R,-121,-139,8,8
907,ARI,BENRIGHT-R,101,119,8,8
907,LOS,CKERSHAW-L,-131,123,6.5,5.5
907,SDG,MLATOS-R,111,-143,6.5,5.5
907,TEX,SFELDMAN-R,135,153,9,9
907,TOR,SMARCUM-R,-155,-173,9,9
907,CWS,FGARCIA-R,132,140,8,8.5
907,DET,VERLANDER-R,-152,-160,8,8.5
907,BAL,JARRIETA-R,290,320,8.5,9
907,NYY,CSABATHIA-L,-340,-380,8.5,9
907,TAM,DPRICE-L,-123,-119,8.5,8.5
907,BOS,DMATSUZAK-R,103,-101,8.5,8.5
907,KAN,BBANNISTR-R,250,250,8,8
907,MIN,FLIRIANO-L,-290,-300,8,8
907,SEA,DFISTER-R,148,163,7,7
907,OAK,DBRADEN-L,-168,-183,7,7
907,CLE,MASTERSON-R,101,114,8.5,8.5
907,LAA,TBELL-R,-121,-134,8.5,8.5
908,NYM,RDICKEY-R,-107,-105,8,8
908,WAS,LHERNADEZ-R,-113,-105,8,8
908,ATL,DLOWE-R,-154,-153,8.5,8.5
908,PIT,ZDUKE-L,134,133,8.5,8.5
908,MIA,AMILLER-L,206,210,8.5,8.5
908,PHI,CHAMELS-L,-236,-250,8.5,8.5
908,HOU,BMYERS-R,110,-104,9,7.5
908,CUB,RWELLS-R,-130,-116,9,7.5
908,STL,JGARCIA-L,-121,-131,9,8.5
908,MIL,CCAPUANO-L,101,111,9,8.5
908,CIN,BARROYO-R,102,-105,9,10
908,COL,ACOOK-R,-122,-115,9,10
908,SFO,BZITO-L,110,110,8.5,8.5
908,ARI,DHUDSON-R,-130,-130,8.5,8.5
908,LOS,BILLNGSLEY-R,-106,-110,6.5,6.5
908,SDG,CLUEBKE-L,-114,-110,6.5,6.5
908,BAL,BBERGESEN-R,180,200,10,10
908,NYY,INOVA-R,-210,-240,10,10
908,CWS,JDANKS-L,-118,-143,8.5,8.5
908,DET,BONDERMAN-R,-102,123,8.5,8.5
908,CLE,JTOMLIN-R,125,120,9,9
908,LAA,SKAZMIR-L,-145,-140,9,9
908,TEX,DHOLLAND-L,110,-103,9.5,10
908,TOR,RZEPZNSKI-L,-130,-117,9.5,10
908,TAM,MGARZA-R,-105,-150,8,9
908,BOS,WAKEFIELD-R,-115,130,8,9
908,KAN,ZGREINKE-R,125,134,7.5,7.5
908,MIN,BDUENSING-L,-145,-154,7.5,7.5
908,SEA,LFRENCH-L,173,170,7,7
908,OAK,GGONZALEZ-L,-193,-200,7,7
909,CIN,TWOOD-L,102,106,8.5,8.5
909,COL,JHAMMEL-R,-122,-126,8.5,8.5
909,STL,WAINWRIGHT-R,-113,-107,7,7
909,ATL,JJURRJENS-R,-107,-113,7,7
909,LOS,TLILLY-L,-125,-118,7.5,7.5
909,HOU,BNORRIS-R,105,-102,7.5,7.5
909,SFO,MCAIN-R,-105,-108,6.5,6.5
909,SDG,JGARLAND-R,-105,-112,6.5,6.5
909,CWS,GFLOYD-R,-117,-126,8.5,8.5
909,DET,RPORCELLO-R,-103,106,8.5,8.5
909,TEX,CLEWIS-R,-110,-105,9.5,9
909,TOR,SHILL-R,-110,-105,9.5,9
910,MIA,ASANABIA-R,-105,105,9,8.5
910,WAS,JLANNAN-L,-115,-125,9,8.5
910,PHI,RHALLADAY-R,-235,-200,7.5,7.5
910,NYM,JMEJIA-R,205,170,7.5,7.5
910,PIT,PMAHOLM-L,200,200,9,8.5
910,CIN,HBAILEY-R,-240,-230,9,8.5
910,STL,CARPENTER-R,-134,-122,7.5,7.5
910,ATL,MMINOR-L,114,102,7.5,7.5
910,LOS,HKURODA-R,-106,-105,7,7
910,HOU,JHAPP-L,-114,-105,7,7
910,CUB,CZAMBRANO-R,-114,100,9,9
910,MIL,DBUSH-R,-106,-120,9,9
910,ARI,JSAUNDERS-L,157,180,9.5,9.5
910,COL,DELAROSA-L,-177,-210,9.5,9.5
910,SFO,JSANCHEZ-L,-113,-108,6.5,6.5
910,SDG,CRICHARD-L,-107,-112,6.5,6.5
910,MIN,CPAVANO-R,-145,-135,8.5,8.5
910,CLE,FCARMONA-R,125,115,8.5,8.5
910,TAM,JSHIELDS-R,100,-101,9,9
910,TOR,BCECIL-L,-120,-119,9,9
910,BAL,KMILLWOOD-R,145,124,9,9
910,DET,AGALARRAG-R,-165,-144,9,9
910,NYY,JVAZQUEZ-R,115,115,9.5,9.5
910,TEX,CWILSON-L,-135,-135,9.5,9.5
910,KAN,BCHEN-L,175,200,9,9
910,CWS,MBUEHRLE-L,-205,-230,9,9
910,BOS,CBUCHHOLZ-R,-105,-110,7,6.5
910,OAK,TCAHILL-R,-105,-110,7,6.5
910,SEA,DPAULEY-R,175,190,7.5,7
910,LAA,JERWEAVER-R,-205,-220,7.5,7
911,MIA,ASANCHEZ-R,-108,-115,9,8.5
911,WAS,JMARQUIS-R,-112,-105,9,8.5
911,PHI,KKENDRICK-R,-107,-105,8.5,8.5
911,NYM,MPELFREY-R,-113,-105,8.5,8.5
911,STL,WESTBROOK-R,115,122,8,8
911,ATL,THANSON-R,-135,-142,8,8
911,LOS,JELY-R,130,126,8,7.5
911,HOU,WRODRIGEZ-L,-150,-146,8,7.5
911,CUB,RDEMPSTER-R,-105,-102,9,8.5
911,MIL,RWOLF-L,-115,-118,9,8.5
911,PIT,CMORTON-R,210,200,9.5,9
911,CIN,EVOLQUEZ-R,-250,-240,9.5,9
911,ARI,RLOPEZ-R,250,260,8.5,9
911,COL,UJIMENEZ-R,-300,-310,8.5,9
911,SFO,MBUMGARNR-L,-105,-108,7,7
911,SDG,TSTAUFFER-R,-115,-112,7,7
911,TAM,WDAVIS-R,115,103,9,8.5
911,TOR,RROMERO-L,-135,-123,9,8.5
911,SEA,FHERNANDZ-R,-120,-110,6.5,6.5
911,LAA,ESANTANA-R,100,-110,6.5,6.5
911,BAL,JGUTHRIE-R,150,143,7.5,7.5
911,DET,MSCHERZER-R,-170,-163,7.5,7.5
911,KAN,KDAVIES-R,200,200,9,9
911,CWS,EJACKSON-R,-240,-230,9,9
911,MIN,NBLACKBUR-R,-135,-112,9,9
911,CLE,CCARRASCO-R,115,-108,9,9
911,NYY,ABURNETT-R,-105,-106,10.5,10.5
911,TEX,THUNTER-R,-115,-114,10.5,10.5
911,BOS,JLACKEY-R,110,120,7.5,7.5
911,OAK,BANDERSON-L,-130,-140,7.5,7.5
912,PHI,ROSWALT-R,-165,-159,7.5,7.5
912,NYM,JNIESE-L,145,139,7.5,7.5
912,PIT,BBURRES-L,230,200,9,9
912,CIN,JCUETO-R,-270,-240,9,9
912,MIA,CVOLSTAD-R,125,115,8.5,8.5
912,WAS,JZIMMERMN-R,-145,-135,8.5,8.5
912,STL,KLOHSE-R,200,190,8,8.5
912,ATL,THUDSON-R,-240,-220,8,8.5
912,LOS,CMONASTER-R,-110,106,7.5,8
912,HOU,NFIGUEROA-R,-110,-126,7.5,8
912,CUB,CCOLEMAN-R,160,169,9,8.5
912,MIL,YGALLARDO-R,-180,-189,9,8.5
912,ARI,IKENNEDY-R,170,148,9,9
912,COL,JCHACIN-R,-190,-168,9,9
912,SFO,TLINCECUM-R,120,122,6,5.5
912,SDG,MLATOS-R,-140,-142,6,5.5
912,TAM,JNIEMANN-R,130,129,9,9
912,TOR,SMARCUM-R,-150,-149,9,9
912,BAL,CTILLMAN-R,220,190,8.5,8.5
912,DET,VERLANDER-R,-260,-220,8.5,8.5
912,MIN,KSLOWEY-R,-130,-143,9,9
912,CLE,MTALBOT-R,110,123,9,9
912,KAN,O'SULLIVAN-R,160,153,9.5,9.5
912,CWS,LHARRELL-R,-180,-173,9.5,9.5
912,NYY,DMOSELEY-R,150,146,9,9.5
912,TEX,CLEE-L,-170,-166,9,9.5
912,SEA,JVARGAS-L,160,153,7.5,7.5
912,LAA,DHAREN-R,-180,-173,7.5,7.5
912,BOS,JBECKETT-R,100,109,7.5,7.5
912,OAK,DBRADEN-L,-120,-129,7.5,7.5
913,ARI,BENRIGHT-R,140,150,9,8.5
913,CIN,BARROYO-R,-160,-170,9,8.5
913,PHI,JBLANTON-R,-140,-135,9.5,9.5
913,MIA,AMILLER-L,120,115,9.5,9.5
913,PIT,JMCDONALD-R,140,135,8,7.5
913,NYM,DGEE-R,-160,-155,8,7.5
913,WAS,YMAYA-R,155,170,9,8.5
913,ATL,DLOWE-R,-175,-200,9,8.5
913,MIL,CNARVESON-L,110,117,8,7.5
913,HOU,BMYERS-R,-130,-137,8,7.5
913,CUB,JSAMARDZI-R,149,200,9,9
913,STL,JGARCIA-L,-169,-230,9,9
913,SDG,CLUEBKE-L,114,136,9,9.5
913,COL,JFRANCIS-L,-134,-156,9,9.5
913,OAK,BCRAMER-L,-108,-111,8.5,8.5
913,KAN,LHOCHEVAR-R,-112,-109,8.5,8.5
913,TOR,RZEPZNSKI-L,-103,115,9,9
913,BAL,BMATUSZ-L,-117,-135,9,9
913,NYY,CSABATHIA-L,-107,102,7.5,7.5
913,TAM,DPRICE-L,-113,-122,7.5,7.5
913,BOS,JLESTER-L,-172,-170,6.5,6.5
913,SEA,DFISTER-R,152,150,6.5,6.5
914,PIT,ZDUKE-L,180,163,7.5,7.5
914,NYM,RDICKEY-R,-210,-183,7.5,7.5
914,PHI,CHAMELS-L,-160,-155,8,8
914,MIA,AMENDEZ-R,140,135,8,8
914,WAS,LHERNADEZ-R,180,180,8,8
914,ATL,JJURRJENS-R,-210,-210,8,8
914,ARI,DHUDSON-R,145,132,8.5,8
914,CIN,TWOOD-L,-165,-152,8.5,8
914,MIL,CCAPUANO-L,-110,100,8.5,7.5
914,HOU,BNORRIS-R,-110,-120,8.5,7.5
914,CUB,RWELLS-R,180,200,7,7
914,STL,WAINWRIGHT-R,-210,-240,7,7
914,SDG,JGARLAND-R,135,145,9.5,9.5
914,COL,JHAMMEL-R,-155,-165,9.5,9.5
914,LOS,CKERSHAW-L,-110,-105,7,7
914,SFO,BZITO-L,-110,-115,7,7
914,LAA,SKAZMIR-L,100,-105,9,9
914,CLE,JTOMLIN-R,-120,-115,9,9
914,TOR,SHILL-R,-110,-110,9.5,9.5
914,BAL,JARRIETA-R,-110,-110,9.5,9.5
914,NYY,INOVA-R,120,109,9,8.5
914,TAM,MGARZA-R,-140,-129,9,8.5
914,DET,BONDERMAN-R,135,140,10,9.5
914,TEX,DHOLLAND-L,-155,-160,10,9.5
914,MIN,FLIRIANO-L,-105,-109,7.5,8
914,CWS,JDANKS-L,-115,-111,7.5,8
914,OAK,GGONZALEZ-L,-112,-111,7,7
914,KAN,ZGREINKE-R,-108,-109,7,7
914,BOS,DMATSUZAK-R,-130,-133,7.5,7.5
914,SEA,LFRENCH-L,110,113,7.5,7.5
915,WAS,JLANNAN-L,165,152,8.5,8
915,ATL,MMINOR-L,-185,-172,8.5,8
915,MIL,DBUSH-R,125,112,7.5,7.5
915,HOU,JHAPP-L,-145,-132,7.5,7.5
915,SDG,CRICHARD-L,125,127,9,9.5
915,COL,DELAROSA-L,-145,-147,9,9.5
915,ARI,JSAUNDERS-L,160,159,9,9
915,CIN,HBAILEY-R,-180,-179,9,9
915,PHI,RHALLADAY-R,-250,-240,8,8
915,MIA,JSOSA-R,210,200,8,8
915,PIT,PMAHOLM-L,130,134,8.5,8
915,NYM,JMEJIA-R,-150,-154,8.5,8
915,CUB,CZAMBRANO-R,178,150,7,7
915,STL,CARPENTER-R,-198,-170,7,7
915,LOS,BILLNGSLEY-R,122,126,7,6.5
915,SFO,MCAIN-R,-142,-146,7,6.5
915,BOS,CBUCHHOLZ-R,-165,-166,7,7
915,SEA,DPAULEY-R,145,146,7,7
915,LAA,JERWEAVER-R,-122,-140,8,7.5
915,CLE,JGOMEZ-R,102,120,8,7.5
915,TOR,KDRABEK-R,-107,-108,9.5,9
915,BAL,BBERGESEN-R,-113,-112,9.5,9
915,NYY,PHUGHES-R,-114,-106,9,9.5
915,TAM,JSHIELDS-R,-106,-114,9,9.5
915,DET,AGALARRAG-R,152,152,9.5,9.5
915,TEX,CLEWIS-R,-172,-172,9.5,9.5
915,MIN,BDUENSING-L,-111,-109,8.5,8.5
915,CWS,GFLOYD-R,-109,-111,8.5,8.5
915,OAK,TCAHILL-R,-146,-142,7.5,8
915,KAN,BCHEN-L,126,122,7.5,8
916,ARI,RLOPEZ-R,160,153,9,9
916,CIN,EVOLQUEZ-R,-180,-173,9,9
916,PIT,CMORTON-R,180,165,8.5,8
916,NYM,MPELFREY-R,-210,-185,8.5,8
916,SDG,TSTAUFFER-R,100,105,7.5,7.5
916,STL,WESTBROOK-R,-120,-125,7.5,7.5
916,LOS,TLILLY-L,120,124,7,6.5
916,SFO,JSANCHEZ-L,-140,-144,7,6.5
916,LAA,ESANTANA-R,-105,-105,8,7.5
916,CLE,FCARMONA-R,-115,-105,8,7.5
916,MIN,CPAVANO-R,-110,-109,8.5,8.5
916,CWS,MBUEHRLE-L,-110,-111,8.5,8.5
917,WAS,JMARQUIS-R,240,220,8,8
917,PHI,ROSWALT-R,-280,-260,8,8
917,ARI,IKENNEDY-R,-150,-115,8,7.5
917,PIT,BBURRES-L,130,-105,8,7.5
917,ATL,THANSON-R,-150,-136,7,7
917,NYM,JNIESE-L,130,116,7,7
917,CUB,RDEMPSTER-R,-110,-106,8,8
917,MIA,ASANABIA-R,-110,-114,8,8
917,CIN,JCUETO-R,-115,-108,7.5,7
917,HOU,WRODRIGEZ-L,-105,-112,7.5,7
917,SDG,MLATOS-R,-170,-145,7.5,7.5
917,STL,KLOHSE-R,150,125,7.5,7.5
917,COL,UJIMENEZ-R,-130,-138,6.5,6
917,LOS,HKURODA-R,110,118,6.5,6
917,MIL,RWOLF-L,140,118,7.5,7.5
917,SFO,MBUMGARNR-L,-160,-138,7.5,7.5
917,NYY,ABURNETT-R,-165,-152,9.5,9.5
917,BAL,KMILLWOOD-R,145,132,9.5,9.5
917,LAA,DHAREN-R,125,135,8.5,8.5
917,TAM,WDAVIS-R,-145,-155,8.5,8.5
917,TOR,BCECIL-L,110,122,9.5,9.5
917,BOS,JLACKEY-R,-130,-142,9.5,9.5
917,CLE,CCARRASCO-R,-110,-113,8.5,8.5
917,KAN,KDAVIES-R,-110,-107,8.5,8.5
917,DET,MSCHERZER-R,105,-105,8,8.5
917,CWS,EJACKSON-R,-125,-105,8,8.5
917,OAK,BANDERSON-L,100,-110,8,8
917,MIN,NBLACKBUR-R,-120,-110,8,8
917,TEX,CWILSON-L,-110,-110,6.5,6
917,SEA,FHERNANDZ-R,-110,-110,6.5,6
918,ATL,THUDSON-R,-140,-139,7,7
918,NYM,DGEE-R,120,119,7,7
918,COL,JCHACIN-R,-130,-130,8,8
918,LOS,JELY-R,110,110,8,8
918,ARI,BENRIGHT-R,-115,-101,8,8
918,PIT,JMCDONALD-R,-105,-119,8,8
918,CIN,BARROYO-R,-140,-132,8,8
918,HOU,NFIGUEROA-R,120,112,8,8
918,WAS,JZIMMERMN-R,145,132,9,9.5
918,PHI,KKENDRICK-R,-165,-152,9,9.5
918,CUB,CCOLEMAN-R,150,141,8,8.5
918,MIA,ASANCHEZ-R,-170,-161,8,8.5
918,SDG,CYOUNG-R,-130,-112,8.5,9
918,STL,JSUPPAN-R,110,-108,8.5,9
918,MIL,YGALLARDO-R,130,124,7,6.5
918,SFO,TLINCECUM-R,-150,-144,7,6.5
918,OAK,DBRADEN-L,120,113,8,8
918,MIN,KSLOWEY-R,-140,-133,8,8
918,DET,VERLANDER-R,-150,-155,8.5,8.5
918,CWS,LHARRELL-R,130,135,8.5,8.5
918,LAA,JPINEIRO-R,210,200,8,8
918,TAM,DPRICE-L,-250,-230,8,8
918,NYY,CSABATHIA-L,-200,-187,8,8
918,BAL,JGUTHRIE-R,170,167,8,8
918,CLE,MASTERSON-R,-125,-120,9,9
918,KAN,O'SULLIVAN-R,105,100,9,9
918,TOR,RROMERO-L,115,118,9,9
918,BOS,JBECKETT-R,-135,-138,9,9
918,TEX,CLEE-L,-190,-177,6.5,6.5
918,SEA,JVARGAS-L,170,157,6.5,6.5
919,ATL,DLOWE-R,-110,-105,7.5,7
919,NYM,RDICKEY-R,-110,-105,7.5,7
919,CUB,JSAMARDZI-R,100,105,9.5,9.5
919,MIA,AMILLER-L,-120,-125,9.5,9.5
919,ARI,DHUDSON-R,-145,-133,8,8
919,PIT,ZDUKE-L,125,113,8,8
919,WAS,YMAYA-R,170,180,9.5,9.5
919,PHI,JBLANTON-R,-200,-210,9.5,9.5
919,CIN,TWOOD-L,-120,-105,7.5,7
919,HOU,BMYERS-R,100,-105,7.5,7
919,SDG,JGARLAND-R,150,148,7.5,7.5
919,STL,WAINWRIGHT-R,-170,-168,7.5,7.5
919,MIL,CNARVESON-L,130,128,8,8
919,SFO,BZITO-L,-150,-148,8,8
919,COL,JHAMMEL-R,120,118,7,6.5
919,LOS,CKERSHAW-L,-140,-138,7,6.5
919,TOR,SMARCUM-R,150,150,8,8
919,BOS,JLESTER-L,-170,-170,8,8
919,NYY,APETTITTE-L,-180,-168,9.5,9
919,BAL,CTILLMAN-R,160,148,9.5,9
919,LAA,SKAZMIR-L,155,170,9,9
919,TAM,JNIEMANN-R,-175,-200,9,9
919,DET,BONDERMAN-R,135,122,9,9
919,CWS,JDANKS-L,-155,-142,9,9
919,CLE,JTOMLIN-R,105,102,9,9
919,KAN,LHOCHEVAR-R,-125,-122,9,9
919,OAK,BCRAMER-L,170,170,7.5,7.5
919,MIN,FLIRIANO-L,-200,-200,7.5,7.5
919,TEX,THUNTER-R,-140,-126,7.5,7.5
919,SEA,DFISTER-R,120,106,7.5,7.5
920,ATL,BBEACHY-R,135,175,8,8
920,PHI,CHAMELS-L,-155,-195,8,8
920,HOU,BNORRIS-R,110,112,8,8
920,WAS,LHERNADEZ-R,-130,-132,8,8
920,CIN,HBAILEY-R,-113,-105,9,8.5
920,MIL,CCAPUANO-L,-107,-105,9,8.5
920,TAM,MGARZA-R,-103,100,9,9.5
920,NYY,INOVA-R,-117,-120,9,9.5
920,KAN,ZGREINKE-R,-103,-102,7.5,7.5
920,DET,RPORCELLO-R,-117,-118,7.5,7.5
920,BAL,BMATUSZ-L,130,123,9,9
920,BOS,DMATSUZAK-R,-150,-143,9,9
920,CLE,JGOMEZ-R,173,165,8.5,8.5
920,MIN,BDUENSING-L,-203,-185,8.5,8.5
920,CWS,GFLOYD-R,120,110,7,7
920,OAK,GGONZALEZ-L,-140,-130,7,7
920,TEX,DHOLLAND-L,125,130,7.5,7
920,LAA,JERWEAVER-R,-145,-150,7.5,7
920,STL,CARPENTER-R,-133,-159,8,8
920,MIA,CVOLSTAD-R,113,139,8,8
921,ATL,MMINOR-L,190,190,8,8
921,PHI,RHALLADAY-R,-220,-220,8,8
921,HOU,JHAPP-L,-106,-111,7.5,7.5
921,WAS,JLANNAN-L,-114,-109,7.5,7.5
921,STL,WESTBROOK-R,-143,-138,8.5,8.5
921,PIT,PMAHOLM-L,123,118,8.5,8.5
921,NYM,MPELFREY-R,-107,-112,8,8
921,MIA,AMENDEZ-R,-113,-108,8,8
921,SFO,MCAIN-R,-118,-122,8.5,8.5
921,CUB,CZAMBRANO-R,-102,102,8.5,8.5
921,CIN,EVOLQUEZ-R,-122,-126,9,9
921,MIL,DBUSH-R,102,106,9,9
921,COL,DELAROSA-L,-143,-137,9.5,9.5
921,ARI,JSAUNDERS-L,123,117,9.5,9.5
921,SDG,CRICHARD-L,-102,109,7,7
921,LOS,BILLNGSLEY-R,-118,-129,7,7
921,TAM,JSHIELDS-R,123,120,9,9.5
921,NYY,PHUGHES-R,-143,-140,9,9.5
921,SEA,LFRENCH-L,110,126,8.5,9
921,TOR,RZEPZNSKI-L,-130,-146,8.5,9
921,KAN,BCHEN-L,140,135,9,9.5
921,DET,AGALARRAG-R,-160,-155,9,9.5
921,BAL,BBERGESEN-R,175,180,8.5,8.5
921,BOS,CBUCHHOLZ-R,-195,-210,8.5,8.5
921,CLE,FCARMONA-R,130,124,8,7.5
921,MIN,SBAKER-R,-150,-144,8,7.5
921,CWS,MBUEHRLE-L,125,128,7,7
921,OAK,TCAHILL-R,-145,-148,7,7
921,TEX,CLEWIS-R,-106,-107,8,7.5
921,LAA,ESANTANA-R,-114,-113,8,7.5
922,ATL,THANSON-R,127,127,7.5,7.5
922,PHI,ROSWALT-R,-147,-147,7.5,7.5
922,HOU,WRODRIGEZ-L,-106,-118,8,8
922,WAS,JMARQUIS-R,-114,-102,8,8
922,STL,KLOHSE-R,-113,-120,9,9.5
922,PIT,CMORTON-R,-107,100,9,9.5
922,NYM,JNIESE-L,104,-103,8,8
922,MIA,ASANABIA-R,-124,-117,8,8
922,SFO,JSANCHEZ-L,-106,-124,8,7.5
922,CUB,RWELLS-R,-114,104,8,7.5
922,CIN,JCUETO-R,-112,-105,8.5,8
922,MIL,RWOLF-L,-108,-105,8.5,8
922,COL,UJIMENEZ-R,-180,-170,9,9
922,ARI,RLOPEZ-R,160,150,9,9
922,SDG,TSTAUFFER-R,102,111,7,7
922,LOS,TLILLY-L,-122,-131,7,7
922,CLE,CCARRASCO-R,-113,-105,8,8
922,MIN,NBLACKBUR-R,-107,-105,8,8
922,CWS,EJACKSON-R,132,154,7,7
922,OAK,BANDERSON-L,-152,-174,7,7
922,KAN,KDAVIES-R,184,190,8.5,8.5
922,DET,MSCHERZER-R,-214,-220,8.5,8.5
922,TAM,WDAVIS-R,104,117,10,10.5
922,NYY,ABURNETT-R,-124,-137,10,10.5
922,SEA,DPAULEY-R,125,157,8.5,8.5
922,TOR,KDRABEK-R,-145,-177,8.5,8.5
922,BAL,KMILLWOOD-R,135,142,9.5,9.5
922,BOS,JLACKEY-R,-155,-162,9.5,9.5
922,TEX,CWILSON-L,-107,-105,7.5,7
922,LAA,DHAREN-R,-113,-115,7.5,7
923,STL,JSUPPAN-R,100,100,8.5,9
923,PIT,BBURRES-L,-120,-120,8.5,9
923,HOU,NFIGUEROA-R,-102,-103,8.5,8
923,WAS,RDETWILER-L,-118,-117,8.5,8
923,SFO,MBUMGARNR-L,-106,-108,12.5,12.5
923,CUB,RDEMPSTER-R,-114,-112,12.5,12.5
923,MIA,ASANCHEZ-R,116,153,7.5,7.5
923,MIL,YGALLARDO-R,-136,-173,7.5,7.5
923,COL,JFRANCIS-L,-106,-112,9.5,9
923,ARI,IKENNEDY-R,-114,-108,9.5,9
923,SDG,MLATOS-R,-114,-112,7,6.5
923,LOS,HKURODA-R,-106,-108,7,6.5
923,SEA,FHERNANDZ-R,-135,-138,7.5,7
923,TOR,SHILL-R,115,118,7.5,7
923,TAM,DPRICE-L,113,123,8,8
923,NYY,CSABATHIA-L,-133,-143,8,8
923,KAN,O'SULLIVAN-R,114,129,9.5,9.5
923,CLE,MTALBOT-R,-134,-149,9.5,9.5
923,TEX,CLEE-L,-124,-130,6.5,6.5
923,OAK,DBRADEN-L,104,110,6.5,6.5
924,STL,WAINWRIGHT-R,-145,-176,11,11.5
924,CUB,GORZELANNY-L,125,156,11,11.5
924,ATL,THUDSON-R,-170,-176,7.5,7.5
924,WAS,JZIMMERMN-R,150,156,7.5,7.5
924,HOU,BMYERS-R,-105,-103,7,7
924,PIT,JMCDONALD-R,-105,-117,7,7
924,NYM,RDICKEY-R,125,125,8.5,8.5
924,PHI,JBLANTON-R,-145,-145,8.5,8.5
924,MIA,AMILLER-L,135,138,9.5,10
924,MIL,MROGERS-R,-155,-158,9.5,10
924,SFO,TLINCECUM-R,105,-110,8,8
924,COL,JCHACIN-R,-125,-110,8,8
924,LOS,CKERSHAW-L,-132,-132,8.5,8.5
924,ARI,BENRIGHT-R,112,112,8.5,8.5
924,CIN,BARROYO-R,100,-104,7,7
924,SDG,CYOUNG-R,-120,-116,7,7
924,BAL,CTILLMAN-R,156,143,9,9
924,TOR,BCECIL-L,-176,-163,9,9
924,KAN,LHOCHEVAR-R,100,100,9,9
924,CLE,JTOMLIN-R,-120,-120,9,9
924,MIN,FLIRIANO-L,115,140,7.5,7.5
924,DET,VERLANDER-R,-135,-160,7.5,7.5
924,BOS,JBECKETT-R,160,154,9.5,9.5
924,NYY,APETTITTE-L,-180,-174,9.5,9.5
924,SEA,JVARGAS-L,170,175,8.5,8.5
924,TAM,JNIEMANN-R,-190,-195,8.5,8.5
924,CWS,FGARCIA-R,130,120,8.5,8.5
924,LAA,JPINEIRO-R,-150,-140,8.5,8.5
924,TEX,THUNTER-R,-110,-107,7.5,7.5
924,OAK,BCRAMER-L,-110,-113,7.5,7.5
925,ATL,DLOWE-R,-160,-155,8.5,8.5
925,WAS,YMAYA-R,140,135,8.5,8.5
925,STL,CARPENTER-R,-160,-162,7.5,7.5
925,CUB,CCOLEMAN-R,140,142,7.5,7.5
925,NYM,DGEE-R,140,133,9,9
925,PHI,KKENDRICK-R,-160,-153,9,9
925,HOU,BNORRIS-R,-120,-107,8,8
925,PIT,ZDUKE-L,100,-113,8,8
925,MIA,CVOLSTAD-R,120,123,9,9
925,MIL,CNARVESON-L,-140,-143,9,9
925,LOS,JELY-R,170,152,8.5,8.5
925,ARI,DHUDSON-R,-190,-172,8.5,8.5
925,SFO,BZITO-L,120,115,9,9
925,COL,JHAMMEL-R,-140,-135,9,9
925,CIN,TWOOD-L,-110,-105,7,7
925,SDG,JGARLAND-R,-110,-105,7,7
925,BAL,JGUTHRIE-R,145,130,8,8.5
925,TOR,RROMERO-L,-165,-150,8,8.5
925,TEX,DHOLLAND-L,125,113,8,8
925,OAK,GGONZALEZ-L,-145,-133,8,8
925,BOS,JLESTER-L,-110,-115,9,9
925,NYY,INOVA-R,-110,-105,9,9
925,KAN,ZGREINKE-R,-140,-125,7.5,7.5
925,CLE,JGOMEZ-R,120,105,7.5,7.5
925,MIN,CPAVANO-R,-110,-108,9,8.5
925,DET,BONDERMAN-R,-110,-112,9,8.5
925,SEA,DFISTER-R,200,190,8,8
925,TAM,MGARZA-R,-240,-220,8,8
925,CWS,JDANKS-L,-125,-115,8.5,8
925,LAA,SKAZMIR-L,105,-105,8.5,8
926,NYM,PMISCH-L,235,235,8,8
926,PHI,CHAMELS-L,-275,-275,8,8
926,ATL,BBEACHY-R,-120,-141,8.5,8
926,WAS,LHERNADEZ-R,100,121,8.5,8
926,HOU,JHAPP-L,-130,-111,8,7½
926,PIT,PMAHOLM-L,110,-109,8,7½
926,MIA,AMENDEZ-R,115,140,9,8½
926,MIL,CCAPUANO-L,-135,-160,9,8½
926,STL,WESTBROOK-R,-135,-135,8,8
926,CUB,JSAMARDZI-R,115,115,8,8
926,SFO,MCAIN-R,-105,101,8,8½
926,COL,DELAROSA-L,-115,-121,8,8½
926,CIN,HBAILEY-R,115,108,7,7
926,SDG,CRICHARD-L,-135,-128,7,7
926,LOS,BILLNGSLEY-R,-115,-115,9,9
926,ARI,JSAUNDERS-L,-105,-105,9,9
926,KAN,BCHEN-L,130,125,8.5,8
926,CLE,FCARMONA-R,-150,-145,8.5,8
926,MIN,BDUENSING-L,-110,102,8.5,8½
926,DET,RPORCELLO-R,-110,-122,8.5,8½
926,BAL,VANDENHURK-R,180,170,9,8½
926,TOR,SMARCUM-R,-210,-200,9,8½
926,SEA,LFRENCH-L,180,200,8.5,8½
926,TAM,JSHIELDS-R,-210,-230,8.5,8½
926,CWS,TPENA-R,170,205,8,8
926,LAA,JERWEAVER-R,-200,-235,8,8
926,TEX,CLEWIS-R,152,170,7,7
926,OAK,TCAHILL-R,-172,-200,7,7
926,BOS,DMATSUZAK-R,120,170,10.5,9½
926,NYY,DMOSELEY-R,-140,-200,10.5,9½
927,PHI,RHALLADAY-R,-215,-210,7,7
927,WAS,JLANNAN-L,185,180,7,7
927,MIA,ASANABIA-R,161,175,8,8
927,ATL,THANSON-R,-181,-195,8,8
927,PIT,CMORTON-R,130,130,9.5,9
927,STL,KLOHSE-R,-150,-150,9.5,9
927,LOS,TLILLY-L,161,169,8.5,8.5
927,COL,UJIMENEZ-R,-181,-189,8.5,8.5
927,CUB,CZAMBRANO-R,121,112,6.5,6.5
927,SDG,TSTAUFFER-R,-141,-132,6.5,6.5
927,NYY,ABURNETT-R,-141,-130,10,9.5
927,TOR,RZEPZNSKI-L,121,110,10,9.5
927,DET,AGALARRAG-R,-107,116,8.5,8.5
927,CLE,CCARRASCO-R,-113,-136,8.5,8.5
927,BAL,BMATUSZ-L,175,150,8.5,8.5
927,TAM,WDAVIS-R,-195,-170,8.5,8.5
927,SEA,DPAULEY-R,153,170,9,8.5
927,TEX,CWILSON-L,-173,-200,9,8.5
927,BOS,CBUCHHOLZ-R,-117,-123,8.5,8.5
927,CWS,MBUEHRLE-L,-103,103,8.5,8.5
927,MIN,KSLOWEY-R,-125,-123,9,8.5
927,KAN,KDAVIES-R,105,103,9,8.5
927,OAK,BANDERSON-L,-109,-107,7,7
927,LAA,ESANTANA-R,-111,-113,7,7
928,PHI,ROSWALT-R,-117,-143,7,7
928,WAS,JMARQUIS-R,-103,123,7,7
928,MIA,ASANCHEZ-R,160,160,7.5,7
928,ATL,THUDSON-R,-180,-180,7.5,7
928,HOU,WRODRIGEZ-L,135,144,7.5,7.5
928,CIN,EVOLQUEZ-R,-155,-164,7.5,7.5
928,MIL,RWOLF-L,-135,-101,7.5,8
928,NYM,MPELFREY-R,115,-119,7.5,8
928,PIT,BBURRES-L,135,130,9,9
928,STL,JSUPPAN-R,-155,-150,9,9
928,LOS,HKURODA-R,120,115,9,9
928,COL,JFRANCIS-L,-140,-135,9,9
928,CUB,RDEMPSTER-R,150,149,6.5,6.5
928,SDG,MLATOS-R,-170,-169,6.5,6.5
928,ARI,RLOPEZ-R,200,190,8,8
928,SFO,JSANCHEZ-L,-230,-220,8,8
928,NYY,CSABATHIA-L,-200,-186,8.5,8.5
928,TOR,KDRABEK-R,170,166,8.5,8.5
928,BAL,BBERGESEN-R,220,210,8,7.5
928,TAM,DPRICE-L,-260,-250,8,7.5
928,SEA,FHERNANDZ-R,-120,-133,8,7.5
928,TEX,SFELDMAN-R,100,113,8,7.5
928,BOS,JLACKEY-R,-113,-105,9,8.5
928,CWS,EJACKSON-R,-107,-105,9,8.5
928,MIN,NBLACKBUR-R,-140,-125,9.5,9.5
928,KAN,O'SULLIVAN-R,120,105,9.5,9.5
928,OAK,DBRADEN-L,115,121,7,7
928,LAA,DHAREN-R,-135,-141,7,7
929,PIT,JMCDONALD-R,-110,-106,9,8.5
929,STL,PWALTERS-R,-110,-114,9,8.5
929,LOS,CMONASTER-R,145,165,9.5,9.5
929,COL,JCHACIN-R,-165,-185,9.5,9.5
929,MIA,AMILLER-L,200,200,9,8.5
929,ATL,DLOWE-R,-230,-230,9,8.5
929,PHI,JBLANTON-R,-120,-110,9,8.5
929,WAS,RDETWILER-L,100,-110,9,8.5
929,HOU,NFIGUEROA-R,100,-105,8,7.5
929,CIN,JCUETO-R,-120,-105,8,7.5
929,MIL,DBUSH-R,140,132,8,8
929,NYM,RDICKEY-R,-160,-152,8,8
929,CUB,RWELLS-R,135,124,6.5,6.5
929,SDG,CYOUNG-R,-155,-144,6.5,6.5
929,ARI,IKENNEDY-R,130,180,7.5,7
929,SFO,TLINCECUM-R,-150,-210,7.5,7
929,SEA,JVARGAS-L,135,128,9,8.5
929,TEX,RHARDEN-R,-155,-148,9,8.5
929,OAK,BCRAMER-L,120,123,8.5,8
929,LAA,JPINEIRO-R,-140,-143,8.5,8
929,DET,VERLANDER-R,-155,-137,8,7.5
929,CLE,JTOMLIN-R,135,117,8,7.5
929,NYY,JVAZQUEZ-R,-130,-105,9,9
929,TOR,BCECIL-L,110,-115,9,9
929,BAL,KMILLWOOD-R,180,175,9,9
929,TAM,JNIEMANN-R,-210,-195,9,9
929,BOS,JBECKETT-R,-106,-134,9,9
929,CWS,FGARCIA-R,-114,114,9,9
929,MIN,SBAKER-R,-110,-105,9,8.5
929,KAN,LHOCHEVAR-R,-110,-105,9,8.5
929,MIL,YGALLARDO-R,-131,-124,8,8
929,NYM,JNIESE-L,111,104,8,8
929,DET,MSCHERZER-R,-135,-134,8,8
929,CLE,MTALBOT-R,115,114,8,8
930,ARI,BENRIGHT-R,170,175,8,7.5
930,SFO,MBUMGARNR-L,-190,-195,8,7.5
930,CUB,GORZELANNY-L,140,145,7.5,7.5
930,SDG,JGARLAND-R,-160,-165,7.5,7.5
930,HOU,BMYERS-R,115,115,8,7.5
930,CIN,BARROYO-R,-135,-135,8,7.5
930,MIL,CNARVESON-L,125,-102,8,8
930,NYM,DGEE-R,-145,-118,8,8
930,PIT,ZDUKE-L,155,150,8.5,8.5
930,MIA,CVOLSTAD-R,-175,-170,8.5,8.5
930,COL,JHAMMEL-R,104,148,8,7.5
930,STL,CARPENTER-R,-124,-168,8,7.5
930,LAA,SKAZMIR-L,155,154,8.5,8.5
930,TEX,CLEE-L,-175,-174,8.5,8.5
930,BOS,JLESTER-L,-130,-145,7.5,7.5
930,CWS,JDANKS-L,110,125,7.5,7.5
930,TAM,MGARZA-R,-130,-124,7.5,7.5
930,KAN,ZGREINKE-R,110,104,7.5,7.5
930,TOR,SHILL-R,140,140,8,8
930,MIN,FLIRIANO-L,-160,-160,8,8
930,OAK,GGONZALEZ-L,-130,-110,7,7
930,SEA,DFISTER-R,110,-110,7,7
1001,WAS,JZIMMERMN-R,105,-111,8.5,7.5
1001,NYM,PMISCH-L,-125,-109,8.5,7.5
1001,PIT,DMCCUTCHE-R,115,133,8.5,9
1001,MIA,AMENDEZ-R,-135,-153,8.5,9
1001,MIL,MROGERS-R,125,136,8.5,8.5
1001,CIN,TWOOD-L,-145,-156,8.5,8.5
1001,PHI,KKENDRICK-R,150,137,8.5,8
1001,ATL,BBEACHY-R,-170,-157,8.5,8
1001,CUB,CCOLEMAN-R,-105,117,8,8
1001,HOU,BNORRIS-R,-115,-137,8,8
1001,COL,DELAROSA-L,105,-106,8.5,7.5
1001,STL,WESTBROOK-R,-125,-114,8.5,7.5
1001,ARI,ZKROENKE-L,130,113,8.5,8.5
1001,LOS,JELY-R,-150,-133,8.5,8.5
1001,SDG,CRICHARD-L,139,147,6.5,6.5
1001,SFO,MCAIN-R,-159,-167,6.5,6.5
1001,DET,RPORCELLO-R,125,123,8.5,8
1001,BAL,JGUTHRIE-R,-145,-143,8.5,8
1001,LAA,JERWEAVER-R,-110,-106,8.5,8
1001,TEX,THUNTER-R,-110,-114,8.5,8
1001,CLE,FCARMONA-R,-110,-122,8.5,8
1001,CWS,TPENA-R,-110,102,8.5,8
1001,TAM,JSHIELDS-R,-145,-145,8.5,8.5
1001,KAN,BCHEN-L,125,125,8.5,8.5
1001,TOR,RROMERO-L,115,106,8,8.5
1001,MIN,CPAVANO-R,-135,-126,8,8.5
1001,OAK,TCAHILL-R,-140,-125,7,6.5
1001,SEA,LFRENCH-L,120,105,7,6.5
1001,DET,BONDERMAN-R,118,102,8.5,8.5
1001,BAL,CTILLMAN-R,-138,-122,8.5,8.5
1002,MIL,CCAPUANO-L,105,-103,8,8
1002,CIN,HBAILEY-R,-125,-117,8,8
1002,COL,UJIMENEZ-R,-180,-169,8,8
1002,STL,KLOHSE-R,160,149,8,8
1002,WAS,YMAYA-R,100,105,9,8.5
1002,NYM,RVALDES-L,-120,-125,9,8.5
1002,CUB,CZAMBRANO-R,100,-105,7,7
1002,HOU,JHAPP-L,-120,-105,7,7
1002,PHI,VWORLEY-R,187,180,8,8
1002,ATL,THANSON-R,-217,-210,8,8
1002,PIT,CMORTON-R,160,111,9,9.5
1002,MIA,ASANABIA-R,-180,-131,9,9.5
1002,SDG,TSTAUFFER-R,-108,104,7.5,7.5
1002,SFO,BZITO-L,-112,-124,7.5,7.5
1002,ARI,JSAUNDERS-L,155,146,7.5,7.5
1002,LOS,BILLNGSLEY-R,-175,-166,7.5,7.5
1002,TOR,SMARCUM-R,100,-110,8,7.5
1002,MIN,BDUENSING-L,-120,-110,8,7.5
1002,OAK,BANDERSON-L,-145,-138,7,7
1002,SEA,DPAULEY-R,125,118,7,7
1002,NYY,APETTITTE-L,130,-139,9.5,9.5
1002,BOS,WAKEFIELD-R,-150,119,9.5,9.5
1002,CLE,CCARRASCO-R,100,-105,8.5,8.5
1002,CWS,MBUEHRLE-L,-120,-105,8.5,8.5
1002,DET,AGALARRAG-R,150,145,8.5,8.5
1002,BAL,BMATUSZ-L,-170,-165,8.5,8.5
1002,TAM,SONNANSTIN-R,-145,-144,9,9
1002,KAN,KDAVIES-R,125,124,9,9
1002,LAA,ESANTANA-R,135,126,7.5,8
1002,TEX,CWILSON-L,-155,-146,7.5,8
1002,NYY,ABURNETT-R,110,-113,10,9.5
1002,BOS,DMATSUZAK-R,-130,-107,10,9.5
1003,MIL,RWOLF-L,101,-106,8.5,8.5
1003,CIN,AHARANG-R,-121,-114,8.5,8.5
1003,PIT,BBURRES-L,163,163,8.5,8.5
1003,MIA,ASANCHEZ-R,-183,-183,8.5,8.5
1003,WAS,LHERNADEZ-R,138,130,7.5,7.5
1003,NYM,MPELFREY-R,-158,-150,7.5,7.5
1003,PHI,CHAMELS-L,139,120,7.5,7.5
1003,ATL,THUDSON-R,-159,-140,7.5,7.5
1003,CUB,RDEMPSTER-R,118,-114,7,8
1003,HOU,NFIGUEROA-R,-138,-106,7,8
1003,COL,EROGERS-R,-103,-105,9,8.5
1003,STL,JSUPPAN-R,-117,-115,9,8.5
1003,SDG,MLATOS-R,118,109,6.5,6.5
1003,SFO,JSANCHEZ-L,-138,-129,6.5,6.5
1003,ARI,RLOPEZ-R,157,156,8,8
1003,LOS,TLILLY-L,-177,-176,8,8
1003,DET,PCOKE-L,-111,137,8,8.5
1003,BAL,BBERGESEN-R,-109,-157,8,8.5
1003,NYY,DMOSELEY-R,-103,100,10,9.5
1003,BOS,JLACKEY-R,-117,-120,10,9.5
1003,CLE,JGERMANO-R,107,113,8.5,8
1003,CWS,EJACKSON-R,-127,-133,8.5,8
1003,TAM,WDAVIS-R,-165,-152,9,9
1003,KAN,O'SULLIVAN-R,145,132,9,9
1003,TOR,RZEPZNSKI-L,100,103,9,8.5
1003,MIN,NBLACKBUR-R,-120,-123,9,8.5
1003,LAA,DHAREN-R,118,122,8,8
1003,TEX,CLEWIS-R,-138,-142,8,8
1003,OAK,DBRADEN-L,-157,-146,7.5,7.5
1003,SEA,RWLND-SMTH-L,137,126,7.5,7.5
1006,CIN,EVOLQUEZ-R,180,170,7,7
1006,PHI,RHALLADAY-R,-210,-200,7,7
1006,TEX,CLEE-L,104,115,7,6½
1006,TAM,DPRICE-L,-124,-135,7,6½
1006,NYY,CSABATHIA-L,-135,-147,7,7½
1006,MIN,FLIRIANO-L,115,127,7,7½
1007,ATL,DLOWE-R,130,139,6.5,6½
1007,SFO,TLINCECUM-R,-150,-159,6.5,6½
1007,TEX,CWILSON-L,-105,111,8,8½
1007,TAM,JSHIELDS-R,-115,-131,8,8½
1007,NYY,APETTITTE-L,-114,-116,8.5,9
1007,MIN,CPAVANO-R,-106,-104,8.5,9
1008,CIN,BARROYO-R,169,165,7,7½
1008,PHI,ROSWALT-R,-189,-185,7,7½
1008,ATL,THANSON-R,-156,-106,6.5,6½
1008,SFO,MCAIN-R,136,-114,6.5,6½
1009,TAM,MGARZA-R,110,-105,9,8½
1009,TEX,CLEWIS-R,-130,-115,9,8½
1009,MIN,BDUENSING-L,150,158,9,9
1009,NYY,PHUGHES-R,-170,-178,9,9
1010,PHI,CHAMELS-L,-130,-129,7.5,7½
1010,CIN,JCUETO-R,110,109,7.5,7½
1010,SFO,JSANCHEZ-L,110,107,7,7
1010,ATL,THUDSON-R,-130,-127,7,7
1010,TAM,WDAVIS-R,105,-110,9,9
1010,TEX,THUNTER-R,-125,-110,9,9
1011,SFO,MBUMGARNR-L,125,120,7.5,7
1011,ATL,DLOWE-R,-145,-140,7.5,7
1012,TEX,CLEE-L,-109,-103,6.5,6½
1012,TAM,DPRICE-L,-111,-117,6.5,6½
1015,NYY,CSABATHIA-L,-135,-133,8.5,8½
1015,TEX,CWILSON-L,115,113,8.5,8½
1016,SFO,TLINCECUM-R,150,147,6,6
1016,PHI,RHALLADAY-R,-170,-167,6,6
1016,NYY,PHUGHES-R,-120,-118,9,9
1016,TEX,CLEWIS-R,100,-102,9,9
1017,SFO,JSANCHEZ-L,130,142,7,7
1017,PHI,ROSWALT-R,-150,-162,7,7
1018,TEX,CLEE-L,-117,-112,7.5,7½
1018,NYY,APETTITTE-L,-103,-108,7.5,7½
1019,PHI,CHAMELS-L,-113,-123,6.5,6½
1019,SFO,MCAIN-R,-107,103,6.5,6½
1019,TEX,THUNTER-R,123,140,9.5,9½
1019,NYY,ABURNETT-R,-143,-160,9.5,9½
1020,PHI,JBLANTON-R,-105,-113,8,7½
1020,SFO,MBUMGARNR-L,-115,-107,8,7½
1020,TEX,CWILSON-L,152,154,8.5,7½
1020,NYY,CSABATHIA-L,-172,-174,8.5,7½
1021,PHI,RHALLADAY-R,-115,-118,5.5,5½
1021,SFO,TLINCECUM-R,-105,-102,5.5,5½
1022,NYY,PHUGHES-R,-105,-111,9,9
1022,TEX,CLEWIS-R,-105,-109,9,9
1023,SFO,JSANCHEZ-L,135,137,7,7
1023,PHI,ROSWALT-R,-155,-157,7,7
1027,TEX,CLEE-L,-119,-125,5.5,5½
1027,SFO,TLINCECUM-R,-101,105,5.5,5½
1028,TEX,CWILSON-L,102,-105,7,7
1028,SFO,MCAIN-R,-122,-115,7,7
1030,SFO,JSANCHEZ-L,125,143,8.5,8½
1030,TEX,CLEWIS-R,-145,-163,8.5,8½
1031,SFO,MBUMGARNR-L,118,125,9,9
1031,TEX,THUNTER-R,-138,-145,9,9
1101,SFO,TLINCECUM-R,157,150,6,6.5
1101,TEX,CLEE-L,-177,-170,6,6.5
