12wDate,Team,Pitcher,Open,Close,OpenOU,CloseOU
328,SEA,FHERNANDZ-R,-123,-140,7,7
328,OAK,BMCCARTHY-R,103,120,7,7
329,SEA,JVARGAS-L,-110,-108,8.5,8.5
329,OAK,BCOLON-R,-110,-112,8.5,8.5
404,STL,KLOHSE-R,153,160,7,7
404,MIA,JJOHNSON-R,-173,-180,7,7
405,ATL,THANSON-R,-105,-109,7,7
405,NYM,JSANTANA-L,-105,-111,7,7
405,PHI,RHALLADAY-R,-196,-155,6.5,7
405,PIT,EBEDARD-L,176,135,6.5,7
405,WAS,STRASBURG-R,-170,-139,6.5,6.5
405,CUB,RDEMPSTER-R,150,119,6.5,6.5
405,MIA,MBUEHRLE-L,130,110,7.5,7.5
405,CIN,JCUETO-R,-150,-130,7.5,7.5
405,LOS,CKERSHAW-L,-145,-155,6,6
405,SDG,EVOLQUEZ-R,125,135,6,6
405,BOS,JLESTER-L,115,124,7,7
405,DET,VERLANDER-R,-135,-144,7,7
405,TOR,RROMERO-L,-115,-118,7,7
405,CLE,JMASTERSN-R,-105,-102,7,7
406,STL,JGARCIA-L,110,105,7.5,7.5
406,MIL,YGALLARDO-R,-130,-125,7.5,7.5
406,SFO,TLINCECUM-R,-107,-107,7,7
406,ARI,IKENNEDY-R,-113,-113,7,7
406,COL,JGUTHRIE-R,-113,-130,8,7.5
406,HOU,WRODRIGUZ-L,-107,110,8,7.5
406,LOS,BILLINGSLY-R,-107,103,6,6
406,SDG,CLUEBKE-L,-113,-123,6,6
406,CWS,JDANKS-L,142,164,9.5,9.5
406,TEX,CLEWIS-R,-162,-184,9.5,9.5
406,MIN,CPAVANO-R,107,-105,9,9
406,BAL,JARRIETA-R,-127,-115,9,9
406,NYY,CSABATHIA-L,-130,-130,7,7
406,TAM,JSHIELDS-R,110,110,7,7
406,KAN,BCHEN-L,178,200,7,7
406,LAA,JWEAVER-R,-198,-230,7,7
406,SEA,JVARGAS-L,117,132,7,6.5
406,OAK,BMCCARTHY-R,-137,-152,7,6.5
407,WAS,GGONZALEZ-L,-113,-101,9,9
407,CUB,MGARZA-R,-107,-119,9,9
407,ATL,JJURRJENS-R,-112,-113,7,7
407,NYM,RDICKEY-R,-108,-107,7,7
407,STL,WAINWRIGHT-R,-107,100,7,7
407,MIL,ZGREINKE-R,-113,-120,7,7
407,SFO,BUMGARNER-L,-102,-105,8,8
407,ARI,DHUDSON-R,-118,-105,8,8
407,COL,JMOYER-L,-109,-130,9,9
407,HOU,LHARRELL-R,-111,110,9,9
407,PHI,CLEE-L,-168,-165,6.5,6.5
407,PIT,JKARSTENS-R,148,145,6.5,6.5
407,MIA,RNOLASCO-R,140,115,8,8
407,CIN,MLATOS-R,-160,-135,8,8
407,LOS,CCAPUANO-L,-112,-114,7,7
407,SDG,DMOSELEY-R,-108,-106,7,7
407,TOR,BMORROW-R,-105,-115,8,8
407,CLE,UJIMENEZ-R,-105,-105,8,8
407,BOS,JBECKETT-R,-106,-105,7.5,7.5
407,DET,DFISTER-R,-114,-105,7.5,7.5
407,KAN,LHOCHEVAR-R,175,162,7.5,7.5
407,LAA,DHAREN-R,-205,-182,7.5,7.5
407,MIN,FLIRIANO-L,-105,-122,9,8.5
407,BAL,THUNTER-R,-105,102,9,8.5
407,NYY,HKURODA-R,-110,-103,8,7.5
407,TAM,DPRICE-L,-110,-117,8,7.5
407,CWS,JPEAVY-R,155,147,9.5,9.5
407,TEX,DHOLLAND-L,-175,-167,9.5,9.5
407,SEA,FHERNANDZ-R,-117,-120,6.5,6.5
407,OAK,BCOLON-R,-103,100,6.5,6.5
408,ATL,MMINOR-L,-114,-125,8,7.5
408,NYM,JNIESE-L,-106,105,8,7.5
408,MIA,CZAMBRANO-R,104,105,9,9.5
408,CIN,BARROYO-R,-124,-125,9,9.5
408,PHI,VWORLEY-R,-130,-127,7.5,7.5
408,PIT,JMCDONALD-R,110,107,7.5,7.5
408,COL,JNICASIO-R,-127,-131,8,7.5
408,HOU,BNORRIS-R,107,111,8,7.5
408,STL,LLYNN-R,-113,-105,8.5,8.5
408,MIL,RWOLF-L,-107,-115,8.5,8.5
408,WAS,ZIMMERMANN-R,-130,-123,9,9
408,CUB,SAMARDZIJA-R,110,103,9,9
408,LOS,AHARANG-R,-106,-109,7,7
408,SDG,CRICHARD-L,-114,-111,7,7
408,SFO,MCAIN-R,-109,-133,8,8.5
408,ARI,COLLMENTER-R,-111,113,8,8.5
408,BOS,CBUCHHOLZ-R,-113,-107,8.5,9
408,DET,MSCHERZER-R,-107,-113,8.5,9
408,TOR,JCARRENO-R,-105,-104,8.5,8.5
408,CLE,DLOWE-R,-115,-116,8.5,8.5
408,MIN,ASWARZAK-R,-113,-110,9,9
408,BAL,JHAMMEL-R,-107,-110,9,9
408,NYY,PHUGHES-R,100,-115,8.5,8.5
408,TAM,HELLICKSON-R,-120,-105,8.5,8.5
408,KAN,JSANCHEZ-L,147,149,8,8.5
408,LAA,ESANTANA-R,-167,-169,8,8.5
408,CWS,GFLOYD-R,170,160,9,9
408,TEX,MHARRISON-L,-190,-180,9,9
409,MIA,ASANCHEZ-R,137,130,7,7
409,PHI,CHAMELS-L,-157,-150,7,7
409,SFO,BZITO-L,135,140,9,9.5
409,COL,JCHACIN-R,-155,-160,9,9.5
409,STL,WESTBROOK-R,110,-110,9,9
409,CIN,HBAILEY-R,-130,-110,9,9
409,WAS,EJACKSON-R,-113,-105,8,8
409,NYM,MPELFREY-R,-107,-105,8,8
409,ATL,BBEACHY-R,-155,-162,9,7.5
409,HOU,JHAPP-L,135,142,9,7.5
409,MIL,SMARCUM-R,-120,-131,8.5,8.5
409,CUB,CVOLSTAD-R,100,111,8.5,8.5
409,LAA,CWILSON-L,-165,-160,8,7.5
409,MIN,BLACKBURN-R,145,140,8,7.5
409,CWS,CSALE-L,100,-109,8,7
409,CLE,JTOMLIN-R,-120,-111,8,7
409,BOS,FDOUBRONT-L,105,107,9,9.5
409,TOR,HALVAREZ-R,-125,-127,9,9.5
409,NYY,INOVA-R,-180,-150,9.5,9.5
409,BAL,BMATUSZ-L,160,130,9.5,9.5
409,SEA,HNOESI-R,190,200,9,9
409,TEX,YDARVISH-R,-220,-240,9,9
409,KAN,LMENDOZA-R,-105,-103,8,7.5
409,OAK,TMILONE-L,-115,-117,8,7.5
410,PIT,KCORREIA-R,185,200,6.5,6.5
410,LOS,CKERSHAW-L,-215,-230,6.5,6.5
410,STL,KLOHSE-R,-113,-109,8.5,9
410,CIN,MLEAKE-R,-107,-111,8.5,9
410,WAS,RDETWILER-L,-113,-105,8,7.5
410,NYM,DGEE-R,-107,-105,8,7.5
410,ATL,THANSON-R,-163,-170,7.5,7.5
410,HOU,KWEILAND-R,143,150,7.5,7.5
410,MIL,CNARVESON-L,-106,-113,8,8
410,CUB,PMAHOLM-L,-114,-107,8,8
410,ARI,TCAHILL-R,-108,-114,6.5,6.5
410,SDG,EVOLQUEZ-R,-112,-106,6.5,6.5
410,TAM,MMOORE-L,-107,-111,8.5,8.5
410,DET,RPORCELLO-R,-113,-109,8.5,8.5
410,BOS,DBARD-R,-114,-129,9.5,9.5
410,TOR,KDRABEK-R,-106,109,9.5,9.5
410,NYY,FGARCIA-R,-134,-146,9.5,9.5
410,BAL,WCHEN-L,114,126,9.5,9.5
410,SEA,BBEAVAN-R,185,200,9.5,9.5
410,TEX,NFELIZ-R,-215,-230,9.5,9.5
410,KAN,DDUFFY-L,-107,-107,7.5,7.5
410,OAK,GGODFREY-R,-113,-113,7.5,7.5
411,STL,JGARCIA-L,116,100,7.5,7.5
411,CIN,JCUETO-R,-136,-120,7.5,7.5
411,WAS,STRASBURG-R,-116,-121,6.5,6
411,NYM,JSANTANA-L,-104,101,6.5,6
411,MIL,YGALLARDO-R,-118,-119,7.5,7.5
411,CUB,RDEMPSTER-R,-102,-101,7.5,7.5
411,ARI,JSAUNDERS-L,100,104,7,6.5
411,SDG,CLUEBKE-L,-120,-124,7,6.5
411,MIA,JJOHNSON-R,129,123,6.5,6
411,PHI,RHALLADAY-R,-149,-143,6.5,6
411,ATL,RDELGADO-R,-118,-115,7.5,7.5
411,HOU,WRODRIGUZ-L,-102,-105,7.5,7.5
411,SFO,TLINCECUM-R,-130,-120,8.5,8.5
411,COL,JGUTHRIE-R,110,100,8.5,8.5
411,PIT,EBEDARD-L,140,115,6.5,6.5
411,LOS,BILLINGSLY-R,-160,-135,6.5,6.5
411,CWS,JDANKS-L,122,112,7,7
411,CLE,JMASTERSN-R,-142,-132,7,7
411,BOS,JLESTER-L,-118,-124,8,8
411,TOR,RROMERO-L,-102,104,8,8
411,TAM,JSHIELDS-R,180,145,7,7
411,DET,VERLANDER-R,-210,-165,7,7
411,KAN,BCHEN-L,-105,104,7.5,7
411,OAK,BMCCARTHY-R,-105,-124,7.5,7
411,NYY,CSABATHIA-L,-154,-180,8.5,8.5
411,BAL,JARRIETA-R,134,160,8.5,8.5
411,SEA,KMILLWOOD-R,199,180,9.5,9.5
411,TEX,CLEWIS-R,-229,-210,9.5,9.5
411,LAA,JWEAVER-R,-159,-170,7.5,7.5
411,MIN,CPAVANO-R,139,150,7.5,7.5
412,CIN,MLATOS-R,-114,-105,8,7
412,WAS,GGONZALEZ-L,-106,-105,8,7
412,MIL,ZGREINKE-R,-122,-124,7.5,7.5
412,CUB,MGARZA-R,102,104,7.5,7.5
412,SFO,BUMGARNER-L,-117,-124,9.5,9.5
412,COL,JMOYER-L,-103,104,9.5,9.5
412,MIA,MBUEHRLE-L,-113,-107,8.5,8
412,PHI,JBLANTON-R,-107,-113,8.5,8
412,ARI,IKENNEDY-R,-134,-137,6.5,6
412,SDG,ABASS-R,114,117,6.5,6
412,PIT,JKARSTENS-R,125,114,7,7
412,LOS,CCAPUANO-L,-145,-134,7,7
412,TAM,JNIEMANN-R,-113,100,9,9
412,DET,DSMYLY-L,-107,-120,9,9
412,LAA,DHAREN-R,-151,-142,8,7.5
412,MIN,FLIRIANO-L,131,122,8,7.5
412,SEA,JVARGAS-L,185,200,9.5,9
412,TEX,DHOLLAND-L,-215,-230,9.5,9
413,CUB,SAMARDZIJA-R,170,164,7.5,7
413,STL,WAINWRIGHT-R,-200,-184,7.5,7
413,PIT,JMCDONALD-R,160,160,7,6.5
413,SFO,MCAIN-R,-180,-180,7,6.5
413,NYM,RDICKEY-R,160,170,6.5,6.5
413,PHI,CLEE-L,-180,-190,6.5,6.5
413,CIN,BARROYO-R,130,122,7.5,7.5
413,WAS,ZIMMERMANN-R,-150,-142,7.5,7.5
413,HOU,LHARRELL-R,170,170,8,7.5
413,MIA,RNOLASCO-R,-200,-200,8,7.5
413,MIL,RWOLF-L,115,103,7.5,7.5
413,ATL,JJURRJENS-R,-135,-123,7.5,7.5
413,ARI,DHUDSON-R,-110,-105,8.5,8.5
413,COL,JNICASIO-R,-110,-115,8.5,8.5
413,SDG,CRICHARD-L,120,108,7,7
413,LOS,AHARANG-R,-140,-128,7,7
413,LAA,ESANTANA-R,110,140,9,9.5
413,NYY,HKURODA-R,-130,-160,9,9.5
413,TAM,DPRICE-L,100,109,8.5,8.5
413,BOS,JBECKETT-R,-120,-129,8.5,8.5
413,DET,MSCHERZER-R,-130,-109,8.5,8.5
413,CWS,JPEAVY-R,110,-111,8.5,8.5
413,CLE,DLOWE-R,120,-102,8.5,8
413,KAN,LHOCHEVAR-R,-140,-118,8.5,8
413,BAL,THUNTER-R,155,164,8.5,8.5
413,TOR,BMORROW-R,-175,-184,8.5,8.5
413,TEX,MHARRISON-L,-175,-148,8.5,8.5
413,MIN,ASWARZAK-R,155,128,8.5,8.5
413,OAK,BCOLON-R,150,135,6.5,6.5
413,SEA,FHERNANDZ-R,-170,-155,6.5,6.5
414,CUB,CVOLSTAD-R,170,164,8,8
414,STL,LLYNN-R,-200,-184,8,8
414,CIN,HBAILEY-R,115,-113,8,8
414,WAS,EJACKSON-R,-135,-107,8,8
414,NYM,JNIESE-L,135,119,7.5,7.5
414,PHI,VWORLEY-R,-155,-139,7.5,7.5
414,HOU,BNORRIS-R,135,135,7.5,7.5
414,MIA,CZAMBRANO-R,-155,-155,7.5,7.5
414,MIL,SMARCUM-R,-115,-112,8,8
414,ATL,MMINOR-L,-105,-108,8,8
414,ARI,COLLMENTER-R,110,110,9.5,9.5
414,COL,JCHACIN-R,-130,-130,9.5,9.5
414,PIT,CMORTON-R,130,119,7,7.5
414,SFO,BZITO-L,-150,-139,7,7.5
414,SDG,JWIELAND-R,116,117,7,7
414,LOS,TLILLY-L,-136,-137,7,7
414,LAA,CWILSON-L,100,105,9.5,9.5
414,NYY,PHUGHES-R,-120,-125,9.5,9.5
414,TEX,YDARVISH-R,-190,-159,8.5,8.5
414,MIN,BLACKBURN-R,170,139,8.5,8.5
414,BAL,JHAMMEL-R,140,140,8.5,9
414,TOR,HALVAREZ-R,-160,-160,8.5,9
414,TAM,HELLICKSON-R,105,108,9,9
414,BOS,CBUCHHOLZ-R,-125,-128,9,9
414,DET,AWILK-L,-110,-111,9,9
414,CWS,GFLOYD-R,-110,-109,9,9
414,CLE,JGOMEZ-R,135,119,8.5,9
414,KAN,JSANCHEZ-L,-155,-139,8.5,9
414,OAK,TMILONE-L,100,-108,7,7
414,SEA,HNOESI-R,-120,-112,7,7
415,HOU,JHAPP-L,157,175,7.5,7.5
415,MIA,ASANCHEZ-R,-177,-195,7.5,7.5
415,NYM,MPELFREY-R,139,170,7,7.5
415,PHI,CHAMELS-L,-159,-190,7,7.5
415,CIN,MLEAKE-R,100,-114,8,8
415,WAS,RDETWILER-L,-120,-106,8,8
415,MIL,CNARVESON-L,120,122,8.5,8
415,ATL,BBEACHY-R,-140,-142,8.5,8
415,CUB,PMAHOLM-L,148,148,8.5,8
415,STL,WESTBROOK-R,-168,-168,8.5,8
415,ARI,TCAHILL-R,-113,-112,9.5,9
415,COL,DPOMERANZ-L,-107,-108,9.5,9
415,PIT,KCORREIA-R,137,123,7,7.5
415,SFO,VOGELSONG-R,-157,-143,7,7.5
415,SDG,EVOLQUEZ-R,184,180,6.5,6.5
415,LOS,CKERSHAW-L,-214,-210,6.5,6.5
415,BAL,BMATUSZ-L,139,138,9.5,9
415,TOR,KDRABEK-R,-159,-158,9.5,9
415,TAM,MMOORE-L,-113,-108,9.5,9.5
415,BOS,FDOUBRONT-L,-107,-112,9.5,9.5
415,DET,RPORCELLO-R,-114,-107,8.5,8.5
415,CWS,CSALE-L,-106,-113,8.5,8.5
415,CLE,UJIMENEZ-R,-113,-108,8.5,8.5
415,KAN,LMENDOZA-R,-107,-112,8.5,8.5
415,TEX,NFELIZ-R,-174,-155,8.5,8.5
415,MIN,LHENDRIKS-R,154,135,8.5,8.5
415,OAK,GGODFREY-R,-114,-105,7,7
415,SEA,BBEAVAN-R,-106,-115,7,7
415,LAA,JWILLIAMS-R,146,157,10,9.5
415,NYY,INOVA-R,-166,-177,10,9.5
416,HOU,KWEILAND-R,220,220,6.5,7
416,WAS,STRASBURG-R,-260,-260,6.5,7
416,NYM,DGEE-R,135,152,7.5,7.5
416,ATL,THANSON-R,-155,-172,7.5,7.5
416,SDG,CLUEBKE-L,115,103,9.5,9
416,COL,JGUTHRIE-R,-135,-123,9.5,9
416,PIT,EBEDARD-L,135,108,8.5,8.5
416,ARI,JSAUNDERS-L,-155,-128,8.5,8.5
416,PHI,RHALLADAY-R,-120,-112,6,6
416,SFO,TLINCECUM-R,100,-108,6,6
416,TAM,JSHIELDS-R,100,-110,9.5,9
416,BOS,DBARD-R,-120,-110,9.5,9
416,MIN,CPAVANO-R,158,170,9.5,10.5
416,NYY,FGARCIA-R,-178,-190,9.5,10.5
416,BAL,JARRIETA-R,110,-110,8.5,8.5
416,CWS,PHUMBER-R,-130,-110,8.5,8.5
416,DET,VERLANDER-R,-200,-180,7.5,7.5
416,KAN,DDUFFY-L,170,160,7.5,7.5
416,OAK,BMCCARTHY-R,180,160,6.5,6.5
416,LAA,JWEAVER-R,-210,-180,6.5,6.5
417,HOU,WRODRIGUZ-L,170,142,7,6.5
417,WAS,GGONZALEZ-L,-200,-162,7,6.5
417,CUB,RDEMPSTER-R,155,135,7,7
417,MIA,JJOHNSON-R,-175,-155,7,7
417,NYM,JSANTANA-L,-105,-109,7,7.5
417,ATL,RDELGADO-R,-115,-111,7,7.5
417,LOS,BILLINGSLY-R,100,103,7.5,7
417,MIL,YGALLARDO-R,-120,-123,7.5,7
417,CIN,JCUETO-R,110,102,7.5,7.5
417,STL,KLOHSE-R,-130,-122,7.5,7.5
417,SDG,ABASS-R,115,101,9.5,10
417,COL,JMOYER-L,-135,-121,9.5,10
417,PIT,JKARSTENS-R,170,157,8.5,8.5
417,ARI,IKENNEDY-R,-200,-177,8.5,8.5
417,PHI,JBLANTON-R,125,117,7,6.5
417,SFO,BUMGARNER-L,-145,-137,7,6.5
417,MIN,FLIRIANO-L,200,230,8.5,9
417,NYY,CSABATHIA-L,-230,-270,8.5,9
417,TAM,JNIEMANN-R,130,116,8,8.5
417,TOR,RROMERO-L,-150,-136,8,8.5
417,TEX,CLEWIS-R,100,-107,8.5,9
417,BOS,JLESTER-L,-120,-113,8.5,9
417,BAL,WCHEN-L,125,106,8.5,8
417,CWS,JDANKS-L,-145,-126,8.5,8
417,DET,DSMYLY-L,-125,-108,9.5,9
417,KAN,BCHEN-L,105,-112,9.5,9
417,OAK,TROSS-R,170,170,7,7
417,LAA,DHAREN-R,-200,-190,7,7
417,CLE,JMASTERSN-R,-125,-117,7,7
417,SEA,KMILLWOOD-R,105,-103,7,7
418,NYM,RDICKEY-R,110,-107,7,7.5
418,ATL,JJURRJENS-R,-130,-113,7,7.5
418,PIT,JMCDONALD-R,170,145,8.5,9
418,ARI,DHUDSON-R,-190,-165,8.5,9
418,HOU,LHARRELL-R,200,175,7,7
418,WAS,ZIMMERMANN-R,-230,-195,7,7
418,CUB,MGARZA-R,100,112,7,7
418,MIA,MBUEHRLE-L,-120,-132,7,7
418,LOS,CCAPUANO-L,145,150,7.5,7
418,MIL,ZGREINKE-R,-165,-170,7.5,7
418,CIN,MLATOS-R,125,102,7.5,7.5
418,STL,JGARCIA-L,-145,-122,7.5,7.5
418,SDG,CRICHARD-L,125,130,9.5,9.5
418,COL,JNICASIO-R,-145,-150,9.5,9.5
418,PHI,CLEE-L,-110,-110,6,5.5
418,SFO,MCAIN-R,-110,-110,6,5.5
418,MIN,JMARQUIS-R,210,200,10,9.5
418,NYY,HKURODA-R,-250,-230,10,9.5
418,TAM,DPRICE-L,105,-108,8,8
418,TOR,BMORROW-R,-125,-112,8,8
418,TEX,DHOLLAND-L,110,-108,8.5,9
418,BOS,JBECKETT-R,-130,-112,8.5,9
418,BAL,THUNTER-R,125,136,8.5,8.5
418,CWS,JPEAVY-R,-145,-156,8.5,8.5
418,DET,MSCHERZER-R,-134,-122,9,9
418,KAN,JSANCHEZ-L,114,102,9,9
418,OAK,BCOLON-R,150,140,7,7.5
418,LAA,ESANTANA-R,-170,-160,7,7.5
418,CLE,DLOWE-R,-115,100,7.5,7.5
418,SEA,JVARGAS-L,-105,-120,7.5,7.5
419,CUB,SAMARDZIJA-R,147,135,7,7.5
419,MIA,RNOLASCO-R,-167,-155,7,7.5
419,LOS,AHARANG-R,104,-103,8.5,8.5
419,MIL,RWOLF-L,-124,-117,8.5,8.5
419,CIN,BARROYO-R,144,130,7.5,7.5
419,STL,WAINWRIGHT-R,-164,-150,7.5,7.5
419,HOU,BNORRIS-R,145,135,7,7
419,WAS,EJACKSON-R,-165,-155,7,7
419,ATL,MMINOR-L,-105,-134,9.5,9
419,ARI,COLLMENTER-R,-105,114,9.5,9
419,PHI,VWORLEY-R,-128,-116,7,6.5
419,SDG,JWIELAND-R,108,-104,7,6.5
419,BAL,JHAMMEL-R,110,116,8.5,8
419,CWS,GFLOYD-R,-130,-136,8.5,8
419,MIN,ASWARZAK-R,170,190,9.5,9.5
419,NYY,PHUGHES-R,-200,-220,9.5,9.5
419,TAM,HELLICKSON-R,-102,106,8.5,9
419,TOR,HALVAREZ-R,-118,-126,8.5,9
419,TEX,YDARVISH-R,-124,-130,9,9
419,DET,AWILK-L,104,110,9,9
419,OAK,TMILONE-L,165,190,7,7.5
419,LAA,CWILSON-L,-185,-220,7,7.5
419,CLE,JTOMLIN-R,130,130,7,7
419,SEA,FHERNANDZ-R,-150,-150,7,7
420,CIN,HBAILEY-R,-113,-127,7,7
420,CUB,CVOLSTAD-R,-107,107,7,7
420,STL,LLYNN-R,-145,-144,8,8
420,PIT,CMORTON-R,125,124,8,8
420,MIA,CZAMBRANO-R,105,-107,7.5,8.5
420,WAS,RDETWILER-L,-125,-113,7.5,8.5
420,SFO,BZITO-L,120,122,7.5,7.5
420,NYM,JNIESE-L,-140,-142,7.5,7.5
420,LOS,TLILLY-L,-125,-128,7.5,7.5
420,HOU,JHAPP-L,105,108,7.5,7.5
420,COL,JCHACIN-R,120,120,8.5,8
420,MIL,SMARCUM-R,-140,-140,8.5,8
420,ATL,BBEACHY-R,-105,-128,9,8.5
420,ARI,TCAHILL-R,-115,108,9,8.5
420,PHI,CHAMELS-L,-145,-140,6,6
420,SDG,EVOLQUEZ-R,125,120,6,6
420,NYY,INOVA-R,-113,-109,10,10.5
420,BOS,CBUCHHOLZ-R,-107,-111,10,10.5
420,MIN,LHENDRIKS-R,165,154,8,7.5
420,TAM,MMOORE-L,-185,-174,8,7.5
420,TOR,KDRABEK-R,-105,-113,9,8.5
420,KAN,LHOCHEVAR-R,-115,-107,9,8.5
420,BAL,BMATUSZ-L,119,146,9,9.5
420,LAA,JWILLIAMS-R,-139,-166,9,9.5
420,CLE,UJIMENEZ-R,-108,-110,7.5,7.5
420,OAK,GGODFREY-R,-112,-110,7.5,7.5
420,CWS,CSALE-L,-125,-111,7,6.5
420,SEA,HNOESI-R,105,-109,7,6.5
421,CIN,MLEAKE-R,-120,-128,9,8
421,CUB,PMAHOLM-L,100,108,9,8
421,MIA,ASANCHEZ-R,160,130,6.5,6.5
421,WAS,STRASBURG-R,-180,-150,6.5,6.5
421,SFO,VOGELSONG-R,-110,-105,7.5,8
421,NYM,MPELFREY-R,-110,-105,7.5,8
421,LOS,CKERSHAW-L,-200,-210,7,7
421,HOU,KWEILAND-R,170,180,7,7
421,STL,WESTBROOK-R,-130,-135,8,7.5
421,PIT,KCORREIA-R,110,115,8,7.5
421,COL,DPOMERANZ-L,115,105,9,9
421,MIL,MESTRADA-R,-135,-125,9,9
421,ATL,THANSON-R,-130,-108,8.5,9
421,ARI,JSAUNDERS-L,110,-112,8.5,9
421,PHI,RHALLADAY-R,-160,-150,5.5,5.5
421,SDG,CLUEBKE-L,140,130,5.5,5.5
421,TEX,MHARRISON-L,135,-105,7,8.5
421,DET,RPORCELLO-R,-155,-105,7,8.5
421,CWS,PHUMBER-R,-113,-110,7.5,7
421,SEA,BBEAVAN-R,-107,-110,7.5,7
421,NYY,FGARCIA-R,-105,-108,11,11
421,BOS,FDOUBRONT-L,-105,-112,11,11
421,TOR,DHUTCHISN-R,-130,-108,9.5,9
421,KAN,LMENDOZA-R,110,-112,9.5,9
421,MIN,CPAVANO-R,160,170,7.5,7.5
421,TAM,JSHIELDS-R,-180,-200,7.5,7.5
421,CLE,JGOMEZ-R,110,114,7,7
421,OAK,BMCCARTHY-R,-130,-134,7,7
421,BAL,JARRIETA-R,170,152,7.5,7
421,LAA,JWEAVER-R,-200,-172,7.5,7
421,TEX,NFELIZ-R,131,145,7,7
421,DET,VERLANDER-R,-151,-165,7,7
422,STL,KLOHSE-R,-150,-122,7.5,7
422,PIT,EBEDARD-L,130,102,7.5,7
422,LOS,BILLINGSLY-R,-145,-127,7,7
422,HOU,WRODRIGUZ-L,125,107,7,7
422,COL,JGUTHRIE-R,140,130,8.5,8
422,MIL,YGALLARDO-R,-160,-150,8.5,8
422,CIN,JCUETO-R,-147,-150,6.5,6.5
422,CUB,RWELLS-R,127,130,6.5,6.5
422,PHI,JBLANTON-R,-110,-105,7,6.5
422,SDG,ABASS-R,-110,-115,7,6.5
422,ATL,RDELGADO-R,120,124,9,9
422,ARI,IKENNEDY-R,-140,-144,9,9
422,TEX,CLEWIS-R,-140,-134,9.5,9
422,DET,DSMYLY-L,120,114,9.5,9
422,MIN,FLIRIANO-L,154,147,9,8.5
422,TAM,JNIEMANN-R,-174,-167,9,8.5
422,TOR,RROMERO-L,-112,-135,8,8.5
422,KAN,DDUFFY-L,-108,115,8,8.5
422,BAL,WCHEN-L,155,154,7.5,8
422,LAA,DHAREN-R,-175,-174,7.5,8
422,CLE,JMASTERSN-R,-115,-101,7,7.5
422,OAK,TROSS-R,-105,-119,7,7.5
422,CWS,JDANKS-L,-130,-118,7,7
422,SEA,KMILLWOOD-R,110,-102,7,7
423,SFO,BUMGARNER-L,-105,-117,7,7
423,NYM,DGEE-R,-115,-103,7,7
423,STL,JGARCIA-L,-109,-110,7.5,7
423,CUB,MGARZA-R,-111,-110,7.5,7
423,HOU,LHARRELL-R,178,190,7.5,7.5
423,MIL,ZGREINKE-R,-198,-220,7.5,7.5
423,PHI,KKENDRICK-R,-105,109,9,10
423,ARI,WMILEY-L,-115,-129,9,10
423,ATL,JJURRJENS-R,107,114,7.5,7.5
423,LOS,CCAPUANO-L,-127,-134,7.5,7.5
423,NYY,CSABATHIA-L,120,-106,10.5,9.5
423,TEX,DHOLLAND-L,-140,-114,10.5,9.5
423,BOS,JLESTER-L,-150,-153,8.5,8.5
423,MIN,JMARQUIS-R,130,133,8.5,8.5
423,TOR,BMORROW-R,-105,-112,8,8
423,KAN,BCHEN-L,-105,-108,8,8
423,CWS,JPEAVY-R,-106,-116,6.5,6.5
423,OAK,BCOLON-R,-114,-104,6.5,6.5
423,SFO,TLINCECUM-R,-138,-150,9,7.5
423,NYM,MBATISTA-R,118,130,9,7.5
424,COL,JMOYER-L,-110,-107,7.5,7.5
424,PIT,KCORREIA-R,-110,-113,7.5,7.5
424,SFO,MCAIN-R,-114,-110,7.5,7.5
424,CIN,MLATOS-R,-106,-110,7.5,7.5
424,MIA,JJOHNSON-R,-105,-124,7,7
424,NYM,JSANTANA-L,-105,104,7,7
424,STL,WAINWRIGHT-R,-140,-135,7.5,7.5
424,CUB,SAMARDZIJA-R,120,115,7.5,7.5
424,HOU,BNORRIS-R,118,130,8.5,8
424,MIL,RWOLF-L,-138,-150,8.5,8
424,PHI,VWORLEY-R,-114,-114,9,9
424,ARI,COLLMENTER-R,-106,-106,9,9
424,WAS,GGONZALEZ-L,-111,-138,6.5,6
424,SDG,CRICHARD-L,-109,118,6.5,6
424,ATL,MMINOR-L,-115,-123,8.5,7.5
424,LOS,AHARANG-R,-105,103,8.5,7.5
424,KAN,JSANCHEZ-L,113,107,8.5,8
424,CLE,DLOWE-R,-133,-127,8.5,8
424,SEA,JVARGAS-L,152,162,9,8
424,DET,MSCHERZER-R,-172,-182,9,8
424,TOR,HALVAREZ-R,-113,-117,8,9
424,BAL,THUNTER-R,-107,-103,8,9
424,LAA,ESANTANA-R,118,130,8,8
424,TAM,DPRICE-L,-138,-150,8,8
424,NYY,HKURODA-R,114,117,10,9.5
424,TEX,YDARVISH-R,-134,-137,10,9.5
424,BOS,JBECKETT-R,-155,-150,8.5,8.5
424,MIN,BLACKBURN-R,135,130,8.5,8.5
424,CWS,GFLOYD-R,-105,-110,7,7
424,OAK,TMILONE-L,-115,-110,7,7
425,COL,JNICASIO-R,-113,-122,7.5,7
425,PIT,JMCDONALD-R,-107,102,7.5,7
425,HOU,JHAPP-L,170,170,8,8
425,MIL,SMARCUM-R,-190,-190,8,8
425,STL,LLYNN-R,-155,-167,8,8
425,CUB,CVOLSTAD-R,135,147,8,8
425,PHI,CHAMELS-L,-113,-118,8.5,8
425,ARI,TCAHILL-R,-107,-102,8.5,8
425,WAS,ZIMMERMANN-R,-150,-136,6,6
425,SDG,JWIELAND-R,130,116,6,6
425,MIA,MBUEHRLE-L,-115,-132,7,7
425,NYM,RDICKEY-R,-105,112,7,7
425,SFO,BZITO-L,110,107,8.5,8
425,CIN,BARROYO-R,-130,-127,8.5,8
425,ATL,BBEACHY-R,100,-113,7,6.5
425,LOS,TLILLY-L,-120,-107,7,6.5
425,CWS,CSALE-L,-140,-130,7.5,7
425,OAK,JPARKER-R,120,110,7.5,7
425,TOR,KDRABEK-R,100,-108,9,8.5
425,BAL,JHAMMEL-R,-120,-112,9,8.5
425,KAN,LHOCHEVAR-R,128,115,8.5,7.5
425,CLE,UJIMENEZ-R,-148,-135,8.5,7.5
425,SEA,FHERNANDZ-R,-130,100,8,7.5
425,DET,AWILK-L,110,-120,8,7.5
425,LAA,CWILSON-L,-120,-110,7.5,7.5
425,TAM,HELLICKSON-R,100,-110,7.5,7.5
425,NYY,PHUGHES-R,110,115,10.5,10
425,TEX,SFELDMAN-R,-130,-135,10.5,10
425,BOS,CBUCHHOLZ-R,-135,-119,9,9
425,MIN,LHENDRIKS-R,115,-101,9,9
425,COL,JCHACIN-R,-130,-114,7.5,7.5
425,PIT,CMORTON-R,110,-106,7.5,7.5
426,SFO,VOGELSONG-R,103,-104,8,8.5
426,CIN,HBAILEY-R,-123,-116,8,8.5
426,MIA,RNOLASCO-R,-105,-113,7.5,7.5
426,NYM,JNIESE-L,-105,-107,7.5,7.5
426,WAS,EJACKSON-R,-113,-115,6.5,6.5
426,SDG,EVOLQUEZ-R,-107,-105,6.5,6.5
426,KAN,LMENDOZA-R,116,140,9,8.5
426,CLE,JTOMLIN-R,-136,-160,9,8.5
426,SEA,HNOESI-R,165,180,9,8.5
426,DET,RPORCELLO-R,-185,-210,9,8.5
426,LAA,JWILLIAMS-R,139,140,8.5,8.5
426,TAM,MMOORE-L,-159,-160,8.5,8.5
426,TOR,DHUTCHISN-R,-113,-119,9.5,9
426,BAL,BMATUSZ-L,-107,-101,9.5,9
426,BOS,FDOUBRONT-L,110,-107,8,8
426,CWS,PHUMBER-R,-130,-113,8,8
427,CUB,PMAHOLM-L,210,220,7,7
427,PHI,RHALLADAY-R,-250,-260,7,7
427,ARI,JSAUNDERS-L,110,112,7.5,7.5
427,MIA,CZAMBRANO-R,-130,-132,7.5,7.5
427,HOU,WRODRIGUZ-L,120,116,8,7.5
427,CIN,MLEAKE-R,-140,-136,8,7.5
427,PIT,ABURNETT-R,160,153,7,7
427,ATL,THANSON-R,-180,-173,7,7
427,MIL,YGALLARDO-R,110,103,8,7
427,STL,WESTBROOK-R,-130,-123,8,7
427,NYM,SCHWINDEN-R,130,136,9.5,9.5
427,COL,DPOMERANZ-L,-150,-156,9.5,9.5
427,WAS,RDETWILER-L,155,162,6,6
427,LOS,CKERSHAW-L,-175,-182,6,6
427,SDG,CLUEBKE-L,100,-115,9,7
427,SFO,EHACKER-R,-120,-105,9,7
427,DET,VERLANDER-R,-140,-116,8.5,8.5
427,NYY,INOVA-R,120,-104,8.5,8.5
427,SEA,BBEAVAN-R,170,170,8,8.5
427,TOR,RROMERO-L,-200,-190,8,8.5
427,LAA,JWEAVER-R,-155,-150,7.5,7
427,CLE,JMASTERSN-R,135,130,7.5,7
427,OAK,BMCCARTHY-R,120,106,8,8
427,BAL,JARRIETA-R,-140,-126,8,8
427,TAM,JSHIELDS-R,120,126,9,9
427,TEX,MHARRISON-L,-140,-146,9,9
427,BOS,DBARD-R,-120,-110,8.5,8.5
427,CWS,JDANKS-L,100,-110,8.5,8.5
427,KAN,ETEAFORD-L,104,-104,9,8
427,MIN,CPAVANO-R,-124,-116,9,8
428,MIL,MESTRADA-R,130,132,7.5,7.5
428,STL,KLOHSE-R,-150,-152,7.5,7.5
428,HOU,LHARRELL-R,162,170,7.5,7.5
428,CIN,JCUETO-R,-182,-200,7.5,7.5
428,CUB,RWELLS-R,118,130,8.5,8
428,PHI,JBLANTON-R,-138,-150,8.5,8
428,PIT,EBEDARD-L,120,122,7.5,7.5
428,ATL,RDELGADO-R,-140,-142,7.5,7.5
428,ARI,IKENNEDY-R,105,-102,7.5,7
428,MIA,ASANCHEZ-R,-125,-118,7.5,7
428,NYM,DGEE-R,115,116,9.5,10
428,COL,GMOSCOSO-R,-135,-136,9.5,10
428,SDG,ABASS-R,145,139,6.5,6.5
428,SFO,TLINCECUM-R,-165,-159,6.5,6.5
428,WAS,STRASBURG-R,-116,-124,6,6
428,LOS,BILLINGSLY-R,-104,104,6,6
428,LAA,DHAREN-R,-114,-140,8,7.5
428,CLE,JGOMEZ-R,-106,120,8,7.5
428,DET,DSMYLY-L,104,110,10.5,10.5
428,NYY,FGARCIA-R,-124,-130,10.5,10.5
428,SEA,KMILLWOOD-R,145,154,8.5,9
428,TOR,BMORROW-R,-165,-174,8.5,9
428,OAK,TROSS-R,118,106,8,7.5
428,BAL,WCHEN-L,-138,-126,8,7.5
428,BOS,JLESTER-L,-105,-117,8,7.5
428,CWS,JPEAVY-R,-115,-103,8,7.5
428,TAM,JNIEMANN-R,125,150,9,10
428,TEX,CLEWIS-R,-145,-170,9,10
429,ARI,WMILEY-L,149,150,7,7
429,MIA,JJOHNSON-R,-169,-170,7,7
429,HOU,JLYLES-R,166,170,8.5,8
429,CIN,MLATOS-R,-186,-200,8.5,8
429,PIT,KCORREIA-R,135,140,7.5,7.5
429,ATL,THUDSON-R,-155,-160,7.5,7.5
429,CUB,MGARZA-R,-113,-105,7.5,7
429,PHI,KKENDRICK-R,-107,-105,7.5,7
429,MIL,ZGREINKE-R,-104,-108,7.5,7
429,STL,JGARCIA-L,-116,-112,7.5,7
429,NYM,JSANTANA-L,-113,-112,9.5,9.5
429,COL,JMOYER-L,-107,-108,9.5,9.5
429,SDG,CRICHARD-L,139,160,7,7
429,SFO,BUMGARNER-L,-159,-180,7,7
429,WAS,GGONZALEZ-L,-110,-117,6.5,6.5
429,LOS,CCAPUANO-L,-110,-103,6.5,6.5
429,SEA,JVARGAS-L,119,120,8.5,8.5
429,TOR,HALVAREZ-R,-139,-140,8.5,8.5
429,DET,MSCHERZER-R,150,170,9.5,9
429,NYY,CSABATHIA-L,-170,-190,9.5,9
429,LAA,ESANTANA-R,-110,-114,9,8
429,CLE,DLOWE-R,-110,-106,9,8
429,OAK,BCOLON-R,-105,-108,8,7.5
429,BAL,THUNTER-R,-105,-112,8,7.5
429,KAN,BCHEN-L,-116,-112,9,8.5
429,MIN,JMARQUIS-R,-104,-108,9,8.5
429,BOS,JBECKETT-R,-130,-120,8.5,8
429,CWS,GFLOYD-R,110,100,8.5,8
429,TAM,DPRICE-L,103,111,9,9
429,TEX,DHOLLAND-L,-123,-131,9,9
430,ARI,PCORBIN-L,139,154,7.5,7.5
430,MIA,MBUEHRLE-L,-159,-174,7.5,7.5
430,CUB,CVOLSTAD-R,134,150,7.5,7.5
430,PHI,VWORLEY-R,-154,-170,7.5,7.5
430,PIT,JMCDONALD-R,134,148,7,7
430,ATL,MMINOR-L,-154,-168,7,7
430,NYM,RDICKEY-R,-105,-117,8,8
430,HOU,BNORRIS-R,-105,-103,8,8
430,LOS,AHARANG-R,103,112,9.5,9.5
430,COL,JNICASIO-R,-123,-132,9.5,9.5
430,MIL,RWOLF-L,-107,-107,7,6.5
430,SDG,JWIELAND-R,-113,-113,7,6.5
430,BAL,JHAMMEL-R,137,141,9,9
430,NYY,HKURODA-R,-157,-161,9,9
430,TEX,YDARVISH-R,-150,-130,8.5,9
430,TOR,KDRABEK-R,130,110,8.5,9
430,OAK,TMILONE-L,139,124,9,9
430,BOS,CBUCHHOLZ-R,-159,-144,9,9
430,SEA,FHERNANDZ-R,-103,117,7,7
430,TAM,HELLICKSON-R,-117,-137,7,7
430,MIN,BLACKBURN-R,190,200,7.5,7.5
430,LAA,CWILSON-L,-220,-240,7.5,7.5
501,ARI,TCAHILL-R,130,122,6.5,6.5
501,WAS,ZIMMERMANN-R,-150,-142,6.5,6.5
501,PHI,CHAMELS-L,105,-106,6.5,6.5
501,ATL,BBEACHY-R,-125,-114,6.5,6.5
501,NYM,JNIESE-L,-130,-135,8,8
501,HOU,JHAPP-L,110,115,8,8
501,PIT,CMORTON-R,170,154,7.5,7
501,STL,WAINWRIGHT-R,-200,-174,7.5,7
501,LOS,TLILLY-L,105,-108,9,9.5
501,COL,JCHACIN-R,-125,-112,9,9.5
501,MIL,SMARCUM-R,-115,-112,6.5,6
501,SDG,EVOLQUEZ-R,-105,-108,6.5,6
501,MIA,RNOLASCO-R,145,138,6,6
501,SFO,MCAIN-R,-165,-158,6,6
501,TEX,NFELIZ-R,-160,-137,9,9
501,TOR,DHUTCHISN-R,140,117,9,9
501,BAL,BMATUSZ-L,170,150,10.5,10
501,NYY,PHUGHES-R,-200,-170,10.5,10
501,KAN,LHOCHEVAR-R,145,124,9,8.5
501,DET,RPORCELLO-R,-165,-144,9,8.5
501,OAK,JPARKER-R,150,143,9,9
501,BOS,FDOUBRONT-L,-170,-163,9,9
501,SEA,HNOESI-R,170,170,8,8
501,TAM,MMOORE-L,-200,-200,8,8
501,CLE,UJIMENEZ-R,115,132,7.5,7.5
501,CWS,CSALE-L,-135,-152,7.5,7.5
501,MIN,FLIRIANO-L,150,140,8.5,8.5
501,LAA,JWILLIAMS-R,-170,-160,8.5,8.5
502,NYM,SCHWINDEN-R,130,130,8,8
502,HOU,WRODRIGUZ-L,-150,-150,8,8
502,LOS,CKERSHAW-L,-165,-160,8.5,9
502,COL,DPOMERANZ-L,145,140,8.5,9
502,MIL,YGALLARDO-R,100,-158,6.5,7
502,SDG,JSUPPAN-R,-120,138,6.5,7
502,ARI,JSAUNDERS-L,100,-102,7,7
502,WAS,EJACKSON-R,-120,-118,7,7
502,CUB,SAMARDZIJA-R,145,135,8.5,8.5
502,CIN,BARROYO-R,-165,-155,8.5,8.5
502,PHI,RHALLADAY-R,-115,-110,6.5,6
502,ATL,THANSON-R,-105,-110,6.5,6
502,PIT,ABURNETT-R,154,148,7,7
502,STL,LLYNN-R,-174,-168,7,7
502,MIA,CZAMBRANO-R,115,-108,7,7
502,SFO,BZITO-L,-135,-112,7,7
502,TEX,MHARRISON-L,-105,100,8.5,8
502,TOR,RROMERO-L,-115,-120,8.5,8
502,KAN,JSANCHEZ-L,210,250,7.5,7.5
502,DET,VERLANDER-R,-250,-300,7.5,7.5
502,BAL,JARRIETA-R,170,147,9.5,9.5
502,NYY,INOVA-R,-190,-167,9.5,9.5
502,OAK,BMCCARTHY-R,170,137,8.5,8.5
502,BOS,DBARD-R,-190,-157,8.5,8.5
502,SEA,BBEAVAN-R,180,175,7.5,7.5
502,TAM,JSHIELDS-R,-210,-205,7.5,7.5
502,CLE,JTOMLIN-R,125,-110,8,8.5
502,CWS,PHUMBER-R,-145,-110,8,8.5
502,MIN,LHENDRIKS-R,210,230,7.5,7
502,LAA,JWEAVER-R,-250,-270,7.5,7
503,PHI,JBLANTON-R,105,102,8,8
503,ATL,RDELGADO-R,-125,-122,8,8
503,CUB,RDEMPSTER-R,115,118,8,8
503,CIN,HBAILEY-R,-135,-138,8,8
503,PIT,EBEDARD-L,150,132,7,7
503,STL,WESTBROOK-R,-170,-152,7,7
503,MIA,ASANCHEZ-R,-110,-118,7,6.5
503,SFO,VOGELSONG-R,-110,-102,7,6.5
503,ARI,IKENNEDY-R,105,-110,6.5,6.5
503,WAS,RDETWILER-L,-125,-110,6.5,6.5
503,SEA,KMILLWOOD-R,160,145,8,8
503,TAM,JNIEMANN-R,-180,-165,8,8
503,CLE,JMASTERSN-R,-105,-110,8,8.5
503,CWS,JDANKS-L,-115,-110,8,8.5
503,NYY,DPHELPS-R,-145,-135,9.5,9
503,KAN,DDUFFY-L,125,115,9.5,9
503,TOR,BMORROW-R,120,118,7,7
503,LAA,DHAREN-R,-140,-138,7,7
504,LOS,BILLINGSLY-R,-136,-134,7.5,7
504,CUB,PMAHOLM-L,116,114,7.5,7
504,PHI,KKENDRICK-R,175,160,6.5,6.5
504,WAS,STRASBURG-R,-195,-180,6.5,6.5
504,CIN,JCUETO-R,-136,-144,7,7
504,PIT,KCORREIA-R,116,124,7,7
504,ARI,WMILEY-L,-114,-115,7.5,7.5
504,NYM,DGEE-R,-106,-105,7.5,7.5
504,STL,KLOHSE-R,-153,-150,8.5,8.5
504,HOU,LHARRELL-R,133,130,8.5,8.5
504,ATL,THUDSON-R,-118,-112,10,10
504,COL,GMOSCOSO-R,-102,-108,10,10
504,MIA,JJOHNSON-R,-121,-120,6,6
504,SDG,ABASS-R,101,100,6,6
504,MIL,ZGREINKE-R,-109,-110,6.5,6
504,SFO,TLINCECUM-R,-111,-110,6.5,6
504,CWS,JPEAVY-R,-106,-106,7.5,7.5
504,DET,DSMYLY-L,-114,-114,7.5,7.5
504,TEX,CLEWIS-R,-136,-138,8.5,8.5
504,CLE,JGOMEZ-R,116,118,8.5,8.5
504,OAK,TROSS-R,179,160,7,7
504,TAM,DPRICE-L,-199,-180,7,7
504,BAL,WCHEN-L,145,132,8.5,8.5
504,BOS,JLESTER-L,-165,-152,8.5,8.5
504,NYY,CSABATHIA-L,-160,-167,8.5,8.5
504,KAN,BCHEN-L,140,147,8.5,8.5
504,TOR,HALVAREZ-R,104,100,8.5,8
504,LAA,ESANTANA-R,-124,-120,8.5,8
504,MIN,CPAVANO-R,110,117,7,7
504,SEA,JVARGAS-L,-130,-137,7,7
505,LOS,CCAPUANO-L,112,-130,8,7.5
505,CUB,CVOLSTAD-R,-132,110,8,7.5
505,PHI,VWORLEY-R,112,100,6.5,6.5
505,WAS,GGONZALEZ-L,-132,-120,6.5,6.5
505,MIL,RWOLF-L,135,124,7,7
505,SFO,BUMGARNER-L,-155,-144,7,7
505,ARI,PCORBIN-L,139,118,7.5,7
505,NYM,JSANTANA-L,-159,-138,7.5,7
505,STL,JGARCIA-L,-145,-133,8,8
505,HOU,BNORRIS-R,125,113,8,8
505,CIN,MLEAKE-R,-111,-107,8,7.5
505,PIT,JMCDONALD-R,-109,-113,8,7.5
505,ATL,MMINOR-L,-110,-125,10,10
505,COL,JMOYER-L,-110,105,10,10
505,MIA,MBUEHRLE-L,-117,-120,6.5,6.5
505,SDG,CRICHARD-L,-103,100,6.5,6.5
505,BAL,JHAMMEL-R,102,-108,9.5,9.5
505,BOS,ACOOK-R,-122,-112,9.5,9.5
505,CWS,GFLOYD-R,110,110,8.5,8.5
505,DET,MSCHERZER-R,-130,-130,8.5,8.5
505,TEX,DHOLLAND-L,-125,-144,9,8.5
505,CLE,DLOWE-R,105,124,9,8.5
505,OAK,BCOLON-R,132,124,7,7
505,TAM,HELLICKSON-R,-152,-144,7,7
505,NYY,HKURODA-R,-154,-141,9,9
505,KAN,FPAULINO-R,134,121,9,9
505,TOR,KDRABEK-R,145,120,7,7
505,LAA,CWILSON-L,-165,-140,7,7
505,MIN,JMARQUIS-R,178,164,7,6.5
505,SEA,FHERNANDZ-R,-198,-184,7,6.5
506,ARI,TCAHILL-R,-120,-105,7.5,7
506,NYM,RDICKEY-R,100,-105,7.5,7
506,CIN,MLATOS-R,-130,-138,8,8
506,PIT,CMORTON-R,110,118,8,8
506,STL,WAINWRIGHT-R,-165,-142,8,8.5
506,HOU,JHAPP-L,145,122,8,8.5
506,LOS,AHARANG-R,-113,-105,8.5,8.5
506,CUB,TWOOD-L,-107,-105,8.5,8.5
506,ATL,BBEACHY-R,-130,-115,9.5,9
506,COL,JNICASIO-R,110,-105,9.5,9
506,MIA,RNOLASCO-R,-145,-123,7,7
506,SDG,JWIELAND-R,125,103,7,7
506,MIL,SMARCUM-R,125,117,6.5,6
506,SFO,MCAIN-R,-145,-137,6.5,6
506,PHI,CHAMELS-L,100,-107,6,6
506,WAS,ZIMMERMANN-R,-120,-113,6,6
506,CWS,DAXELROD-R,130,148,9,9
506,DET,RPORCELLO-R,-150,-168,9,9
506,TEX,YDARVISH-R,-160,-174,8.5,8
506,CLE,UJIMENEZ-R,140,154,8.5,8
506,BAL,THUNTER-R,125,135,10.5,9.5
506,BOS,CBUCHHOLZ-R,-145,-155,10.5,9.5
506,OAK,TMILONE-L,155,144,8,7
506,TAM,MMOORE-L,-175,-164,8,7
506,NYY,PHUGHES-R,-135,-126,9.5,9.5
506,KAN,LHOCHEVAR-R,115,106,9.5,9.5
506,TOR,DHUTCHISN-R,130,122,8.5,8.5
506,LAA,JWILLIAMS-R,-150,-142,8.5,8.5
506,MIN,BLACKBURN-R,120,118,8,7.5
506,SEA,HNOESI-R,-140,-138,8,7.5
507,NYM,JNIESE-L,170,154,6.5,6.5
507,PHI,RHALLADAY-R,-200,-174,6.5,6.5
507,MIA,CZAMBRANO-R,100,-110,7,7.5
507,HOU,WRODRIGUZ-L,-120,-110,7,7.5
507,ATL,THANSON-R,-130,-120,9,7
507,CUB,SAMARDZIJA-R,110,100,9,7
507,CIN,BARROYO-R,110,-114,8,8.5
507,MIL,MESTRADA-R,-130,-106,8,8.5
507,STL,LLYNN-R,-130,-121,8.5,8.5
507,ARI,JSAUNDERS-L,110,101,8.5,8.5
507,COL,DPOMERANZ-L,110,-107,6.5,6.5
507,SDG,EVOLQUEZ-R,-130,-113,6.5,6.5
507,SFO,BZITO-L,125,138,6.5,7
507,LOS,TLILLY-L,-145,-158,6.5,7
507,CWS,ESTULTS-L,120,115,8.5,8.5
507,CLE,JTOMLIN-R,-140,-135,8.5,8.5
507,TEX,MHARRISON-L,-140,-130,9.5,9.5
507,BAL,BMATUSZ-L,120,110,9.5,9.5
507,BOS,FDOUBRONT-L,-125,-122,9.5,9
507,KAN,JSANCHEZ-L,105,102,9.5,9
507,LAA,JWEAVER-R,-200,-170,7.5,7.5
507,MIN,FLIRIANO-L,170,150,7.5,7.5
507,DET,DFISTER-R,-140,-133,7,7
507,SEA,BBEAVAN-R,120,113,7,7
507,CWS,PHUMBER-R,-115,-105,8.5,8.5
507,CLE,McALLISTER-R,-105,-115,8.5,8.5
508,WAS,EJACKSON-R,-130,-110,7.5,7
508,PIT,ABURNETT-R,110,-110,7.5,7
508,NYM,MBATISTA-R,150,162,8.5,8
508,PHI,JBLANTON-R,-170,-182,8.5,8
508,MIA,ASANCHEZ-R,-160,-170,8,8
508,HOU,ARODRIGUZ-R,140,150,8,8
508,ATL,RDELGADO-R,110,-107,7.5,7.5
508,CUB,RDEMPSTER-R,-130,-113,7.5,7.5
508,CIN,HBAILEY-R,120,100,8.5,8
508,MIL,YGALLARDO-R,-140,-120,8.5,8
508,STL,WESTBROOK-R,100,118,8.5,9
508,ARI,IKENNEDY-R,-120,-138,8.5,9
508,COL,AWHITE-R,100,-110,7,7
508,SDG,JSUPPAN-R,-120,-110,7,7
508,SFO,VOGELSONG-R,160,180,6,6
508,LOS,CKERSHAW-L,-180,-210,6,6
508,TEX,NFELIZ-R,-135,-107,8.5,8.5
508,BAL,JARRIETA-R,115,-113,8.5,8.5
508,CWS,JDANKS-L,130,117,8,8
508,CLE,JMASTERSN-R,-150,-137,8,8
508,TAM,JSHIELDS-R,-110,110,9,9
508,NYY,INOVA-R,-110,-130,9,9
508,BOS,DBARD-R,-135,-117,8.5,8.5
508,KAN,DDUFFY-L,115,-103,8.5,8.5
508,LAA,DHAREN-R,-180,-164,8,8
508,MIN,SDIAMOND-L,160,144,8,8
508,TOR,RROMERO-L,-130,-120,6.5,7
508,OAK,JPARKER-R,110,100,6.5,7
508,DET,VERLANDER-R,-220,-200,6.5,6.5
508,SEA,KMILLWOOD-R,190,170,6.5,6.5
509,CIN,JCUETO-R,100,-110,7,6.5
509,MIL,ZGREINKE-R,-120,-110,7,6.5
509,ATL,THUDSON-R,-130,-109,7,7
509,CUB,PMAHOLM-L,110,-111,7,7
509,COL,CFRIEDRCH-L,120,-102,7,7
509,SDG,ABASS-R,-140,-118,7,7
509,WAS,RDETWILER-L,-115,106,7,6.5
509,PIT,EBEDARD-L,-105,-126,7,6.5
509,NYM,DGEE-R,170,170,7,7
509,PHI,CLEE-L,-200,-190,7,7
509,MIA,JJOHNSON-R,-145,-142,8,8.5
509,HOU,LHARRELL-R,125,122,8,8.5
509,STL,KLOHSE-R,-125,-108,9.5,9.5
509,ARI,WMILEY-L,105,-112,9.5,9.5
509,SFO,TLINCECUM-R,115,107,6.5,6.5
509,LOS,BILLINGSLY-R,-135,-127,6.5,6.5
509,TOR,BMORROW-R,-140,-159,7,7.5
509,OAK,TROSS-R,120,139,7,7.5
509,CWS,JPEAVY-R,-120,-105,7.5,7.5
509,CLE,JGOMEZ-R,100,-105,7.5,7.5
509,TAM,JNIEMANN-R,110,121,9.5,9.5
509,NYY,DPHELPS-R,-130,-141,9.5,9.5
509,LAA,ESANTANA-R,-150,-143,8.5,8
509,MIN,CPAVANO-R,130,123,8.5,8
509,BOS,JLESTER-L,-155,-160,8.5,8
509,KAN,BCHEN-L,135,140,8.5,8
509,DET,DSMYLY-L,-130,-144,7,7
509,SEA,JVARGAS-L,110,124,7,7
510,WAS,STRASBURG-R,-165,-158,6.5,6
510,PIT,KCORREIA-R,145,138,6.5,6
510,TAM,DPRICE-L,165,118,8,7.5
510,NYY,CSABATHIA-L,-185,-138,8,7.5
510,TEX,DHOLLAND-L,-115,-170,9.5,9
510,BAL,THUNTER-R,-105,150,9.5,9
510,CLE,DLOWE-R,135,124,8.5,9
510,BOS,JBECKETT-R,-155,-144,8.5,9
510,TOR,HALVAREZ-R,-148,-156,8.5,8.5
510,MIN,JMARQUIS-R,128,136,8.5,8.5
510,DET,MSCHERZER-R,-106,-134,7,7
510,OAK,BCOLON-R,-114,114,7,7
510,TEX,CLEWIS-R,-123,-132,9,8.5
510,BAL,WCHEN-L,103,112,9,8.5
511,HOU,BNORRIS-R,120,124,7.5,7
511,PIT,JMCDONALD-R,-140,-144,7.5,7
511,SDG,CRICHARD-L,150,134,8.5,7.5
511,PHI,VWORLEY-R,-170,-154,8.5,7.5
511,NYM,JSANTANA-L,110,118,7,7
511,MIA,MBUEHRLE-L,-130,-138,7,7
511,WAS,GGONZALEZ-L,-120,-108,7.5,7.5
511,CIN,MLEAKE-R,100,-112,7.5,7.5
511,CUB,MGARZA-R,-130,-110,7.5,7.5
511,MIL,RWOLF-L,110,-110,7.5,7.5
511,ATL,MMINOR-L,135,124,8,8
511,STL,JGARCIA-L,-155,-144,8,8
511,SFO,BUMGARNER-L,-135,-120,9,9.5
511,ARI,PCORBIN-L,115,100,9,9.5
511,COL,JMOYER-L,155,140,7.5,7.5
511,LOS,CCAPUANO-L,-175,-160,7.5,7.5
511,SEA,FHERNANDZ-R,105,117,7.5,7.5
511,NYY,HKURODA-R,-125,-137,7.5,7.5
511,TAM,HELLICKSON-R,-130,-118,9,9
511,BAL,DEVELAND-L,110,-102,9,9
511,CLE,UJIMENEZ-R,105,106,10,9.5
511,BOS,CBUCHHOLZ-R,-125,-126,10,9.5
511,LAA,CWILSON-L,130,130,8.5,8.5
511,TEX,YDARVISH-R,-150,-150,8.5,8.5
511,KAN,FPAULINO-R,130,107,8.5,7.5
511,CWS,GFLOYD-R,-150,-127,8.5,7.5
511,TOR,KDRABEK-R,-145,-135,9,8.5
511,MIN,BLACKBURN-R,125,115,9,8.5
511,DET,RPORCELLO-R,-110,-120,7.5,7.5
511,OAK,TMILONE-L,-110,100,7.5,7.5
512,CUB,CVOLSTAD-R,160,144,8,8
512,MIL,SMARCUM-R,-180,-164,8,8
512,NYM,RDICKEY-R,125,124,7.5,7.5
512,MIA,RNOLASCO-R,-145,-144,7.5,7.5
512,SDG,EVOLQUEZ-R,170,161,6.5,6.5
512,PHI,RHALLADAY-R,-200,-181,6.5,6.5
512,HOU,JHAPP-L,110,115,8,8
512,PIT,CMORTON-R,-130,-135,8,8
512,WAS,ZIMMERMANN-R,-105,115,7.5,7
512,CIN,MLATOS-R,-115,-135,7.5,7
512,ATL,BBEACHY-R,100,115,7.5,7.5
512,STL,WAINWRIGHT-R,-120,-135,7.5,7.5
512,SFO,MCAIN-R,-120,-114,8,8.5
512,ARI,TCAHILL-R,100,-106,8,8.5
512,COL,JNICASIO-R,125,106,8,7.5
512,LOS,AHARANG-R,-145,-126,8,7.5
512,LAA,CWILSON-L,130,130,9.5,9.5
512,TEX,MHARRISON-L,-150,-150,9.5,9.5
512,SEA,HNOESI-R,155,170,10,10
512,NYY,PHUGHES-R,-175,-200,10,10
512,TAM,MMOORE-L,-120,-134,9.5,8.5
512,BAL,BMATUSZ-L,100,114,9.5,8.5
512,TOR,DHUTCHISN-R,-125,-134,9.5,9
512,MIN,PWALTERS-R,105,114,9.5,9
512,KAN,LHOCHEVAR-R,110,142,9,7.5
512,CWS,CSALE-L,-130,-162,9,7.5
512,CLE,McALLISTER-R,115,138,9.5,10
512,BOS,FDOUBRONT-L,-135,-158,9.5,10
512,DET,DFISTER-R,-130,-130,7,7
512,OAK,BMCCARTHY-R,110,110,7,7
513,WAS,EJACKSON-R,110,110,8.5,7.5
513,CIN,BARROYO-R,-130,-130,8.5,7.5
513,NYM,JNIESE-L,120,124,7,7.5
513,MIA,CZAMBRANO-R,-140,-144,7,7.5
513,HOU,WRODRIGUZ-L,-115,118,7,7
513,PIT,ABURNETT-R,-105,-138,7,7
513,SDG,JSUPPAN-R,170,220,7.5,7.5
513,PHI,CHAMELS-L,-200,-260,7.5,7.5
513,CUB,SAMARDZIJA-R,-110,-106,8,7.5
513,MIL,MESTRADA-R,-110,-114,8,7.5
513,ATL,THANSON-R,120,130,7,7
513,STL,LLYNN-R,-140,-150,7,7
513,SFO,BZITO-L,120,140,9,9
513,ARI,JSAUNDERS-L,-140,-160,9,9
513,COL,AWHITE-R,155,120,7.5,7
513,LOS,TLILLY-L,-175,-140,7.5,7
513,SEA,KMILLWOOD-R,170,170,10,10.5
513,NYY,APETTITTE-L,-200,-200,10,10.5
513,CLE,JMASTERSN-R,110,103,9,10
513,BOS,DBARD-R,-130,-123,9,10
513,TAM,JSHIELDS-R,-125,-120,8.5,8
513,BAL,JARRIETA-R,105,100,8.5,8
513,TOR,RROMERO-L,-155,-150,8,8
513,MIN,SDIAMOND-L,135,130,8,8
513,KAN,DDUFFY-L,110,-106,8.5,8
513,CWS,PHUMBER-R,-130,-114,8.5,8
513,DET,VERLANDER-R,-175,-165,6.5,6.5
513,OAK,JPARKER-R,155,145,6.5,6.5
513,LAA,JWEAVER-R,105,112,8,8
513,TEX,NFELIZ-R,-125,-132,8,8
514,SDG,TSTAUFFER-R,132,130,7,7
514,WAS,RDETWILER-L,-152,-150,7,7
514,HOU,LHARRELL-R,143,144,8.5,7.5
514,PHI,JBLANTON-R,-163,-164,8.5,7.5
514,MIL,YGALLARDO-R,-135,-144,8.5,8.5
514,NYM,MBATISTA-R,115,124,8.5,8.5
514,PIT,BLINCOLN-R,157,170,7,7
514,MIA,ASANCHEZ-R,-177,-190,7,7
514,CIN,HBAILEY-R,118,112,8.5,8.5
514,ATL,RDELGADO-R,-138,-132,8.5,8.5
514,CUB,RDEMPSTER-R,139,140,7,7.5
514,STL,WESTBROOK-R,-159,-160,7,7.5
514,ARI,IKENNEDY-R,154,130,6,5.5
514,LOS,CKERSHAW-L,-174,-150,6,5.5
514,COL,CFRIEDRCH-L,116,-105,7,7
514,SFO,VOGELSONG-R,-136,-115,7,7
514,TAM,JNIEMANN-R,114,122,8,8
514,TOR,BMORROW-R,-134,-142,8,8
514,NYY,INOVA-R,-109,-115,9,9
514,BAL,JHAMMEL-R,-111,-105,9,9
514,SEA,JVARGAS-L,147,160,9,9
514,BOS,JLESTER-L,-167,-180,9,9
514,KAN,BCHEN-L,174,160,10,9.5
514,TEX,SFELDMAN-R,-204,-180,10,9.5
514,CLE,JGOMEZ-R,-118,-120,8.5,9
514,MIN,CPAVANO-R,-102,100,8.5,9
514,DET,DSMYLY-L,-117,-123,8,8
514,CWS,JDANKS-L,-103,103,8,8
514,OAK,TROSS-R,165,180,7.5,7
514,LAA,DHAREN-R,-185,-210,7.5,7
515,SDG,ABASS-R,200,170,6,6
515,WAS,STRASBURG-R,-230,-200,6,6
515,HOU,JLYLES-R,175,180,7,7
515,PHI,CLEE-L,-205,-210,7,7
515,CUB,PMAHOLM-L,170,146,7.5,8.5
515,STL,KLOHSE-R,-200,-166,7.5,8.5
515,MIL,ZGREINKE-R,-135,-130,7,7
515,NYM,DGEE-R,115,110,7,7
515,PIT,KCORREIA-R,155,160,7,7
515,MIA,JJOHNSON-R,-175,-180,7,7
515,CIN,JCUETO-R,-110,-106,7,7
515,ATL,THUDSON-R,-110,-114,7,7
515,ARI,WMILEY-L,120,-102,6.5,6.5
515,LOS,BILLINGSLY-R,-140,-118,6.5,6.5
515,COL,JGUTHRIE-R,135,145,7,6.5
515,SFO,TLINCECUM-R,-155,-165,7,6.5
515,CLE,DLOWE-R,-150,-132,9,9.5
515,MIN,JMARQUIS-R,130,112,9,9.5
515,DET,MSCHERZER-R,115,-110,8,8.5
515,CWS,JPEAVY-R,-135,-110,8,8.5
515,SEA,BBEAVAN-R,170,154,9.5,9.5
515,BOS,JBECKETT-R,-200,-174,9.5,9.5
515,OAK,BCOLON-R,130,135,7.5,7.5
515,LAA,ESANTANA-R,-150,-155,7.5,7.5
515,TAM,DPRICE-L,-110,-115,7.5,7.5
515,TOR,HALVAREZ-R,-110,-105,7.5,7.5
515,NYY,CSABATHIA-L,-150,-150,8,8.5
515,BAL,WCHEN-L,130,130,8,8.5
515,KAN,VMAZZARO-R,210,200,10,10
515,TEX,CLEWIS-R,-250,-230,10,10
516,LOS,CCAPUANO-L,-119,-108,6.5,6.5
516,SDG,CRICHARD-L,-101,-112,6.5,6.5
516,PIT,EBEDARD-L,142,115,6.5,6.5
516,WAS,GGONZALEZ-L,-162,-135,6.5,6.5
516,MIA,MBUEHRLE-L,-107,-110,8,7.5
516,ATL,MMINOR-L,-113,-110,8,7.5
516,CIN,MLEAKE-R,114,112,7.5,7
516,NYM,JSANTANA-L,-134,-132,7.5,7
516,PHI,KKENDRICK-R,125,135,7.5,7
516,CUB,MGARZA-R,-145,-155,7.5,7
516,MIL,RWOLF-L,-111,-105,8,8
516,HOU,BNORRIS-R,-109,-115,8,8
516,ARI,PCORBIN-L,102,-110,10.5,10.5
516,COL,JMOYER-L,-122,-110,10.5,10.5
516,STL,JGARCIA-L,-114,-110,7,6.5
516,SFO,BUMGARNER-L,-106,-110,7,6.5
516,SEA,FHERNANDZ-R,-115,-110,7,7.5
516,CLE,UJIMENEZ-R,-105,-110,7,7.5
516,NYY,HKURODA-R,-120,-127,9,9.5
516,TOR,KDRABEK-R,100,107,9,9.5
516,MIN,BLACKBURN-R,165,160,9,9.5
516,DET,RPORCELLO-R,-185,-180,9,9.5
516,BOS,CBUCHHOLZ-R,114,117,8.5,8.5
516,TAM,HELLICKSON-R,-134,-137,8.5,8.5
516,OAK,TMILONE-L,200,200,9,8.5
516,TEX,YDARVISH-R,-230,-240,9,8.5
516,BAL,THUNTER-R,106,112,9,8.5
516,KAN,FPAULINO-R,-126,-132,9,8.5
516,CWS,GFLOYD-R,104,-104,7.5,7.5
516,LAA,JWILLIAMS-R,-124,-116,7.5,7.5
517,CIN,MLATOS-R,-105,-122,7.5,7
517,NYM,RDICKEY-R,-105,102,7.5,7
517,ARI,TCAHILL-R,-108,102,9.5,9.5
517,COL,JNICASIO-R,-112,-122,9.5,9.5
517,STL,WAINWRIGHT-R,100,103,6.5,6.5
517,SFO,MCAIN-R,-120,-123,6.5,6.5
517,PIT,JMCDONALD-R,140,130,6.5,6
517,WAS,ZIMMERMANN-R,-160,-150,6.5,6
517,MIA,RNOLASCO-R,120,132,7.5,7.5
517,ATL,BBEACHY-R,-140,-152,7.5,7.5
517,MIL,SMARCUM-R,-145,-142,7.5,7.5
517,HOU,JHAPP-L,125,122,7.5,7.5
517,PHI,RHALLADAY-R,-174,-160,7,7
517,CUB,CVOLSTAD-R,154,140,7,7
517,LOS,AHARANG-R,-105,103,6.5,6
517,SDG,EVOLQUEZ-R,-115,-123,6.5,6
517,SEA,HNOESI-R,132,124,8.5,8.5
517,CLE,McALLISTER-R,-152,-144,8.5,8.5
517,MIN,PWALTERS-R,204,185,8,8.5
517,DET,DFISTER-R,-234,-215,8,8.5
517,OAK,BMCCARTHY-R,160,148,9,9
517,TEX,MHARRISON-L,-180,-168,9,9
517,BAL,BMATUSZ-L,-103,101,9.5,8.5
517,KAN,LHOCHEVAR-R,-117,-121,9.5,8.5
517,CWS,CSALE-L,140,131,7,7
517,LAA,CWILSON-L,-160,-151,7,7
517,NYY,PHUGHES-R,-114,-118,10,9
517,TOR,DHUTCHISN-R,-106,-102,10,9
517,BOS,FDOUBRONT-L,100,-102,9,8.5
517,TAM,MMOORE-L,-120,-118,9,8.5
518,STL,LLYNN-R,-115,-126,6.5,6.5
518,LOS,TLILLY-L,-105,106,6.5,6.5
518,CWS,PHUMBER-R,120,107,9,9
518,CUB,SAMARDZIJA-R,-140,-127,9,9
518,BOS,DBARD-R,120,130,7.5,7
518,PHI,CHAMELS-L,-140,-150,7.5,7
518,BAL,JARRIETA-R,-107,-105,7.5,7
518,WAS,EJACKSON-R,-113,-115,7.5,7
518,NYM,JNIESE-L,140,133,7.5,7.5
518,TOR,RROMERO-L,-160,-153,7.5,7.5
518,CIN,BARROYO-R,104,144,9.5,9.5
518,NYY,APETTITTE-L,-124,-164,9.5,9.5
518,MIA,CZAMBRANO-R,-106,102,8,8
518,CLE,JMASTERSN-R,-114,-122,8,8
518,PIT,CMORTON-R,200,200,7,7.5
518,DET,VERLANDER-R,-240,-240,7,7.5
518,ATL,THANSON-R,105,-102,7,7
518,TAM,JSHIELDS-R,-125,-118,7,7
518,TEX,NFELIZ-R,-154,-142,8,8.5
518,HOU,WRODRIGUZ-L,134,122,8,8.5
518,MIN,SDIAMOND-L,117,107,8,8.5
518,MIL,MESTRADA-R,-137,-127,8,8.5
518,ARI,JSAUNDERS-L,-114,-119,8.5,9.5
518,KAN,LMENDOZA-R,-106,-101,8.5,9.5
518,SEA,KMILLWOOD-R,120,113,10.5,11
518,COL,AWHITE-R,-140,-133,10.5,11
518,LAA,JWEAVER-R,-172,-170,6,6
518,SDG,JSUPPAN-R,152,150,6,6
518,OAK,JPARKER-R,-113,-105,6.5,6.5
518,SFO,BZITO-L,-107,-105,6.5,6.5
519,STL,WESTBROOK-R,125,124,6,6
519,LOS,CKERSHAW-L,-145,-144,6,6
519,CIN,HBAILEY-R,142,124,9.5,9.5
519,NYY,INOVA-R,-162,-144,9.5,9.5
519,NYM,MBATISTA-R,173,190,8.5,9
519,TOR,BMORROW-R,-203,-220,8.5,9
519,OAK,TROSS-R,120,110,7,7.5
519,SFO,VOGELSONG-R,-140,-130,7,7.5
519,PIT,ABURNETT-R,145,144,8,8
519,DET,DSMYLY-L,-165,-164,8,8
519,MIA,ASANCHEZ-R,-105,-110,7.5,7.5
519,CLE,JGOMEZ-R,-105,-110,7.5,7.5
519,MIN,CPAVANO-R,145,160,8,9
519,MIL,YGALLARDO-R,-165,-180,8,9
519,SEA,JVARGAS-L,133,154,9,8.5
519,COL,CFRIEDRCH-L,-153,-174,9,8.5
519,ATL,RDELGADO-R,-113,-108,8.5,8
519,TAM,ACOBB-R,-107,-112,8.5,8
519,TEX,DHOLLAND-L,-165,-170,9,9
519,HOU,LHARRELL-R,145,150,9,9
519,BAL,JHAMMEL-R,-111,-106,7,7
519,WAS,RDETWILER-L,-109,-114,7,7
519,BOS,JLESTER-L,-113,-125,8,7.5
519,PHI,JBLANTON-R,-107,105,8,7.5
519,CWS,JDANKS-L,125,122,8.5,9
519,CUB,RDEMPSTER-R,-145,-142,8.5,9
519,ARI,IKENNEDY-R,-113,-106,8.5,8.5
519,KAN,BCHEN-L,-107,-114,8.5,8.5
519,LAA,DHAREN-R,-138,-165,6.5,6.5
519,SDG,ESTULTS-L,118,145,6.5,6.5
520,STL,KLOHSE-R,-120,-118,7,7
520,LOS,BILLINGSLY-R,100,-102,7,7
520,NYM,DGEE-R,145,130,9,8.5
520,TOR,HALVAREZ-R,-165,-150,9,8.5
520,CIN,JCUETO-R,135,160,8,7.5
520,NYY,CSABATHIA-L,-155,-180,8,7.5
520,MIA,JJOHNSON-R,-110,-104,7.5,7.5
520,CLE,DLOWE-R,-110,-116,7.5,7.5
520,PIT,KCORREIA-R,155,152,8.5,9
520,DET,MSCHERZER-R,-175,-172,8.5,9
520,BOS,JBECKETT-R,125,120,7,7
520,PHI,CLEE-L,-145,-140,7,7
520,BAL,WCHEN-L,145,124,6.5,6.5
520,WAS,STRASBURG-R,-165,-144,6.5,6.5
520,ATL,THUDSON-R,115,130,7,7
520,TAM,DPRICE-L,-135,-150,7,7
520,TEX,CLEWIS-R,-175,-160,9,8.5
520,HOU,JLYLES-R,155,140,9,8.5
520,MIN,JMARQUIS-R,180,190,8.5,8.5
520,MIL,ZGREINKE-R,-210,-220,8.5,8.5
520,ARI,WMILEY-L,-125,-115,9,8.5
520,KAN,NADCOCK-R,105,-105,9,8.5
520,CWS,JPEAVY-R,-130,-108,11,11.5
520,CUB,PMAHOLM-L,110,-112,11,11.5
520,SEA,BBEAVAN-R,125,117,10.5,10
520,COL,JGUTHRIE-R,-145,-137,10.5,10
520,OAK,BCOLON-R,135,122,7,7
520,SFO,TLINCECUM-R,-155,-142,7,7
520,LAA,ESANTANA-R,-120,-125,6.5,7
520,SDG,ABASS-R,100,105,6.5,7
521,WAS,GGONZALEZ-L,-130,-125,8,7
521,PHI,KKENDRICK-R,110,105,8,7
521,NYM,JSANTANA-L,-110,-106,7,6.5
521,PIT,EBEDARD-L,-110,-114,7,6.5
521,ATL,MMINOR-L,105,-108,9,9
521,CIN,MLEAKE-R,-125,-112,9,9
521,COL,JMOYER-L,155,135,8,8
521,MIA,MBUEHRLE-L,-175,-155,8,8
521,CUB,MGARZA-R,-110,-114,7,7
521,HOU,BNORRIS-R,-110,-106,7,7
521,SFO,BUMGARNER-L,-120,-110,8,7.5
521,MIL,RWOLF-L,100,-110,8,7.5
521,SDG,CRICHARD-L,160,160,7.5,8
521,STL,JGARCIA-L,-180,-180,7.5,8
521,LOS,CCAPUANO-L,-120,105,9,9
521,ARI,PCORBIN-L,100,-125,9,9
521,KAN,FPAULINO-R,155,135,9.5,8.5
521,NYY,HKURODA-R,-175,-155,9.5,8.5
521,BOS,CBUCHHOLZ-R,-110,-110,9.5,9
521,BAL,THUNTER-R,-110,-110,9.5,9
521,TOR,KDRABEK-R,115,130,8,8
521,TAM,HELLICKSON-R,-135,-150,8,8
521,LAA,JWILLIAMS-R,-110,-115,7,7
521,OAK,TMILONE-L,-110,-105,7,7
521,TEX,YDARVISH-R,-140,-140,6.5,6.5
521,SEA,FHERNANDZ-R,120,120,6.5,6.5
522,NYM,RDICKEY-R,110,105,7,7
522,PIT,JMCDONALD-R,-130,-125,7,7
522,WAS,ZIMMERMANN-R,140,122,6.5,6
522,PHI,RHALLADAY-R,-160,-142,6.5,6
522,ATL,BBEACHY-R,-125,-112,8,7.5
522,CIN,MLATOS-R,105,-108,8,7.5
522,COL,JNICASIO-R,120,-102,8,8
522,MIA,RNOLASCO-R,-140,-118,8,8
522,CUB,TWOOD-L,-105,100,8,8
522,HOU,JHAPP-L,-115,-120,8,8
522,SFO,MCAIN-R,-105,-105,7,6.5
522,MIL,SMARCUM-R,-115,-105,7,6.5
522,SDG,EVOLQUEZ-R,150,134,8,7.5
522,STL,WAINWRIGHT-R,-170,-154,8,7.5
522,LOS,AHARANG-R,115,115,9,9
522,ARI,TCAHILL-R,-135,-135,9,9
522,KAN,LHOCHEVAR-R,150,150,9.5,9
522,NYY,PHUGHES-R,-170,-170,9.5,9
522,DET,RPORCELLO-R,-105,-106,9,9
522,CLE,UJIMENEZ-R,-115,-114,9,9
522,BOS,FDOUBRONT-L,-130,-115,9.5,9.5
522,BAL,BMATUSZ-L,110,-105,9.5,9.5
522,TOR,DHUTCHISN-R,105,118,8.5,8
522,TAM,MMOORE-L,-125,-138,8.5,8
522,MIN,PWALTERS-R,150,130,8.5,8
522,CWS,GFLOYD-R,-170,-150,8.5,8
522,LAA,CWILSON-L,-150,-144,6.5,6.5
522,OAK,GGODFREY-R,130,124,6.5,6.5
522,TEX,MHARRISON-L,-170,-144,8,7.5
522,SEA,HNOESI-R,150,124,8,7.5
523,NYM,JNIESE-L,-110,-105,7.5,7.5
523,PIT,CMORTON-R,-110,-105,7.5,7.5
523,SFO,BZITO-L,106,124,8.5,8
523,MIL,MESTRADA-R,-126,-144,8.5,8
523,WAS,EJACKSON-R,137,130,6.5,6.5
523,PHI,CHAMELS-L,-157,-150,6.5,6.5
523,ATL,THANSON-R,-118,-109,8.5,8
523,CIN,BARROYO-R,-102,-111,8.5,8
523,COL,AWHITE-R,137,130,8,8
523,MIA,CZAMBRANO-R,-157,-150,8,8
523,CUB,SAMARDZIJA-R,108,106,7,7
523,HOU,WRODRIGUZ-L,-128,-126,7,7
523,SDG,JSUPPAN-R,175,190,7.5,8.5
523,STL,LLYNN-R,-205,-220,7.5,8.5
523,LOS,TLILLY-L,-108,100,8.5,9.5
523,ARI,JSAUNDERS-L,-112,-120,8.5,9.5
523,BOS,DBARD-R,-108,-105,9.5,9
523,BAL,JARRIETA-R,-112,-115,9.5,9
523,TOR,RROMERO-L,-107,101,7.5,7
523,TAM,JSHIELDS-R,-113,-121,7.5,7
523,LAA,JWEAVER-R,-145,-150,6.5,6.5
523,OAK,JPARKER-R,125,130,6.5,6.5
523,TEX,SFELDMAN-R,-150,-132,8,7.5
523,SEA,KMILLWOOD-R,130,112,8,7.5
523,KAN,WSMITH-L,170,180,9,9
523,NYY,APETTITTE-L,-200,-210,9,9
523,DET,DFISTER-R,-124,-114,8.5,8.5
523,CLE,McALLISTER-R,104,-106,8.5,8.5
523,MIN,SDIAMOND-L,140,120,7.5,8
523,CWS,CSALE-L,-160,-140,7.5,8
524,SDG,ESTULTS-L,110,119,8,8
524,NYM,JHEFNER-R,-130,-139,8,8
524,ATL,RDELGADO-R,-105,100,9,9
524,CIN,HBAILEY-R,-115,-120,9,9
524,SFO,VOGELSONG-R,135,121,6.5,7
524,MIA,ASANCHEZ-R,-155,-141,6.5,7
524,PHI,JBLANTON-R,135,114,8,8.5
524,STL,WESTBROOK-R,-155,-134,8,8.5
524,DET,VERLANDER-R,-150,-164,7,7
524,CLE,JMASTERSN-R,130,144,7,7
524,MIN,CDEVRIES-R,140,119,9,9
524,CWS,PHUMBER-R,-160,-139,9,9
524,LAA,DHAREN-R,-125,-121,6.5,6
524,SEA,JVARGAS-L,105,101,6.5,6
525,CUB,RDEMPSTER-R,105,107,6.5,7
525,PIT,ABURNETT-R,-125,-127,6.5,7
525,SFO,TLINCECUM-R,120,124,7,7
525,MIA,JJOHNSON-R,-140,-144,7,7
525,SDG,ABASS-R,100,-104,7,7
525,NYM,DGEE-R,-120,-116,7,7
525,COL,CFRIEDRCH-L,155,136,8,8.5
525,CIN,JCUETO-R,-175,-156,8,8.5
525,WAS,RDETWILER-L,130,124,7,7
525,ATL,THUDSON-R,-150,-144,7,7
525,PHI,CLEE-L,-120,-116,7,7.5
525,STL,KLOHSE-R,100,-104,7,7.5
525,MIL,YGALLARDO-R,100,101,9,9
525,ARI,IKENNEDY-R,-120,-121,9,9
525,HOU,LHARRELL-R,200,190,6.5,6
525,LOS,CKERSHAW-L,-230,-220,6.5,6
525,KAN,BCHEN-L,120,107,8.5,8.5
525,BAL,JHAMMEL-R,-140,-127,8.5,8.5
525,TAM,ACOBB-R,145,130,9,9
525,BOS,JLESTER-L,-165,-150,9,9
525,TOR,BMORROW-R,120,114,9,9
525,TEX,DHOLLAND-L,-140,-134,9,9
525,DET,DSMYLY-L,-130,-135,8.5,8.5
525,MIN,ASWARZAK-R,110,115,8.5,8.5
525,CLE,JGOMEZ-R,-105,-104,8.5,9
525,CWS,JQUINTANA-L,-105,-116,8.5,9
525,NYY,INOVA-R,-140,-144,7.5,7.5
525,OAK,TROSS-R,120,124,7.5,7.5
525,LAA,ESANTANA-R,-125,-116,7.5,7
525,SEA,BBEAVAN-R,105,-104,7.5,7
526,SDG,CRICHARD-L,145,138,7,7.5
526,NYM,JSANTANA-L,-165,-158,7,7.5
526,WAS,STRASBURG-R,-150,-120,7,7.5
526,ATL,MMINOR-L,130,100,7,7.5
526,SFO,BUMGARNER-L,120,101,7.5,7.5
526,MIA,MBUEHRLE-L,-140,-121,7.5,7.5
526,CUB,PMAHOLM-L,105,-103,7.5,8
526,PIT,KCORREIA-R,-125,-117,7.5,8
526,PHI,KKENDRICK-R,145,136,8.5,9
526,STL,JGARCIA-L,-165,-156,8.5,9
526,COL,JGUTHRIE-R,125,130,9,9.5
526,CIN,MLEAKE-R,-145,-150,9,9.5
526,HOU,BNORRIS-R,120,104,7,6.5
526,LOS,BILLINGSLY-R,-140,-124,7,6.5
526,MIL,ZGREINKE-R,-120,-124,8.5,9
526,ARI,WMILEY-L,100,104,8.5,9
526,DET,MSCHERZER-R,-125,-138,8.5,8.5
526,MIN,CPAVANO-R,105,118,8.5,8.5
526,TOR,HALVAREZ-R,155,152,10,9.5
526,TEX,CLEWIS-R,-175,-172,10,9.5
526,NYY,CSABATHIA-L,-175,-160,7,7.5
526,OAK,BCOLON-R,155,140,7,7.5
526,KAN,FPAULINO-R,110,-104,8,8.5
526,BAL,WCHEN-L,-130,-116,8,8.5
526,CLE,DLOWE-R,125,139,7.5,8.5
526,CWS,JPEAVY-R,-145,-159,7.5,8.5
526,TAM,DPRICE-L,115,-109,8.5,8.5
526,BOS,JBECKETT-R,-135,-111,8.5,8.5
526,LAA,JWILLIAMS-R,145,118,6.5,6.5
526,SEA,FHERNANDZ-R,-165,-138,6.5,6.5
527,SFO,MCAIN-R,-106,-107,7,7.5
527,MIA,RNOLASCO-R,-114,-113,7,7.5
527,SDG,EVOLQUEZ-R,110,130,7,8
527,NYM,RDICKEY-R,-130,-150,7,8
527,COL,JMOYER-L,145,164,9,9
527,CIN,MLATOS-R,-165,-184,9,9
527,CUB,MGARZA-R,-106,-105,6.5,7
527,PIT,EBEDARD-L,-114,-115,6.5,7
527,PHI,RHALLADAY-R,-108,-112,7.5,7.5
527,STL,WAINWRIGHT-R,-112,-108,7.5,7.5
527,HOU,JHAPP-L,139,114,7.5,7
527,LOS,CCAPUANO-L,-159,-134,7.5,7
527,MIL,RWOLF-L,110,110,10,9.5
527,ARI,DHUDSON-R,-130,-130,10,9.5
527,WAS,GGONZALEZ-L,107,100,6.5,6.5
527,ATL,BBEACHY-R,-127,-120,6.5,6.5
527,KAN,LHOCHEVAR-R,103,118,9.5,9
527,BAL,BMATUSZ-L,-123,-138,9.5,9
527,TAM,HELLICKSON-R,-113,-112,10,10
527,BOS,CBUCHHOLZ-R,-107,-108,10,10
527,DET,RPORCELLO-R,-108,-118,9,9.5
527,MIN,PWALTERS-R,-112,-102,9,9.5
527,CLE,UJIMENEZ-R,125,118,9,9.5
527,CWS,GFLOYD-R,-145,-138,9,9.5
527,TOR,KDRABEK-R,170,164,9.5,10
527,TEX,YDARVISH-R,-190,-184,9.5,10
527,NYY,HKURODA-R,-130,-120,8,8
527,OAK,TMILONE-L,110,100,8,8
527,LAA,CWILSON-L,-139,-138,6.5,6.5
527,SEA,HNOESI-R,119,118,6.5,6.5
528,WAS,ZIMMERMANN-R,-105,-109,7,7.5
528,MIA,CZAMBRANO-R,-115,-111,7,7.5
528,PHI,CHAMELS-L,-130,-136,7,7.5
528,NYM,JNIESE-L,110,116,7,7.5
528,STL,LLYNN-R,-107,-101,7.5,7.5
528,ATL,THANSON-R,-113,-119,7.5,7.5
528,CIN,BARROYO-R,-114,-108,7.5,7.5
528,PIT,JMCDONALD-R,-106,-112,7.5,7.5
528,SDG,JSUPPAN-R,110,123,12.5,13
528,CUB,TWOOD-L,-130,-143,12.5,13
528,HOU,WRODRIGUZ-L,-103,-101,9.5,9.5
528,COL,JNICASIO-R,-117,-119,9.5,9.5
528,HOU,JLYLES-R,122,119,10.5,10
528,COL,AWHITE-R,-142,-139,10.5,10
528,ARI,TCAHILL-R,-106,-119,7.5,7.5
528,SFO,BZITO-L,-114,-101,7.5,7.5
528,MIL,SMARCUM-R,-106,-108,7.5,7
528,LOS,AHARANG-R,-114,-112,7.5,7
528,DET,DFISTER-R,100,106,9.5,9
528,BOS,FDOUBRONT-L,-120,-126,9.5,9
528,OAK,TBLACKLEY-L,103,111,8,9
528,MIN,SDIAMOND-L,-123,-131,8,9
528,CWS,CSALE-L,-107,-113,7.5,7.5
528,TAM,MMOORE-L,-113,-107,7.5,7.5
528,KAN,NADCOCK-R,120,110,9,9
528,CLE,JTOMLIN-R,-140,-130,9,9
528,BAL,THUNTER-R,110,110,10,10
528,TOR,DHUTCHISN-R,-130,-130,10,10
528,SEA,KMILLWOOD-R,173,170,9.5,10.5
528,TEX,MHARRISON-L,-193,-200,9.5,10.5
528,NYY,PHUGHES-R,129,115,7.5,7.5
528,LAA,JWEAVER-R,-149,-135,7.5,7.5
529,SDG,ESTULTS-L,120,130,9,10
529,CUB,SAMARDZIJA-R,-140,-150,9,10
529,CIN,HBAILEY-R,-125,-132,8,8
529,PIT,CMORTON-R,105,112,8,8
529,STL,WESTBROOK-R,-115,-105,8.5,8.5
529,ATL,RDELGADO-R,-105,-105,8.5,8.5
529,WAS,EJACKSON-R,120,120,7,7.5
529,MIA,ASANCHEZ-R,-140,-140,7,7.5
529,PHI,JBLANTON-R,-108,-117,8.5,8.5
529,NYM,JHEFNER-R,-112,-103,8.5,8.5
529,MIL,MFIERS-R,110,120,8,7.5
529,LOS,NEOVALDI-R,-130,-140,8,7.5
529,ARI,JSAUNDERS-L,115,103,7,7
529,SFO,VOGELSONG-R,-135,-123,7,7
529,KAN,WSMITH-L,135,120,8.5,8.5
529,CLE,JMASTERSN-R,-155,-140,8.5,8.5
529,BAL,JARRIETA-R,135,116,8.5,8.5
529,TOR,RROMERO-L,-155,-136,8.5,8.5
529,CWS,PHUMBER-R,140,145,7.5,7.5
529,TAM,JSHIELDS-R,-160,-165,7.5,7.5
529,DET,VERLANDER-R,-160,-155,8,8.5
529,BOS,DBARD-R,140,135,8,8.5
529,SEA,JVARGAS-L,170,154,10,9.5
529,TEX,SFELDMAN-R,-200,-174,10,9.5
529,OAK,JPARKER-R,-125,-112,8.5,8.5
529,MIN,CDEVRIES-R,105,-108,8.5,8.5
529,NYY,APETTITTE-L,105,115,7.5,7.5
529,LAA,DHAREN-R,-125,-135,7.5,7.5
530,SDG,ABASS-R,113,118,6.5,6.5
530,CUB,RDEMPSTER-R,-133,-138,6.5,6.5
530,CIN,JCUETO-R,-130,-120,7,7
530,PIT,ABURNETT-R,110,100,7,7
530,WAS,CWANG-R,135,137,8,8
530,MIA,JJOHNSON-R,-155,-157,8,8
530,STL,KLOHSE-R,-103,112,8,8
530,ATL,THUDSON-R,-117,-132,8,8
530,PHI,CLEE-L,-140,-152,7.5,7
530,NYM,DGEE-R,120,132,7.5,7
530,HOU,LHARRELL-R,125,147,10,10
530,COL,CFRIEDRCH-L,-145,-167,10,10
530,MIL,YGALLARDO-R,140,140,6,6
530,LOS,CKERSHAW-L,-160,-160,6,6
530,ARI,IKENNEDY-R,100,-109,7,6.5
530,SFO,TLINCECUM-R,-120,-111,7,6.5
530,KAN,BCHEN-L,105,-110,8.5,8
530,CLE,JGOMEZ-R,-125,-110,8.5,8
530,CWS,JQUINTANA-L,110,120,8,7.5
530,TAM,ACOBB-R,-130,-140,8,7.5
530,OAK,TROSS-R,-101,-106,8.5,8.5
530,MIN,FLIRIANO-L,-119,-114,8.5,8.5
530,BAL,JHAMMEL-R,116,124,8.5,8.5
530,TOR,BMORROW-R,-136,-144,8.5,8.5
530,DET,DSMYLY-L,123,120,9,9
530,BOS,JLESTER-L,-143,-140,9,9
530,SEA,BBEAVAN-R,209,200,10,9.5
530,TEX,DHOLLAND-L,-239,-230,10,9.5
530,NYY,INOVA-R,-103,-105,8.5,8.5
530,LAA,ESANTANA-R,-117,-105,8.5,8.5
531,HOU,BNORRIS-R,-105,-114,10,10
531,COL,JGUTHRIE-R,-115,-106,10,10
531,MIL,ZGREINKE-R,-106,-117,7,7
531,LOS,BILLINGSLY-R,-114,-103,7,7
531,DET,MSCHERZER-R,117,113,9,9
531,BOS,JBECKETT-R,-137,-133,9,9
601,MIA,MBUEHRLE-L,-113,-118,8.5,8.5
601,PHI,KKENDRICK-R,-107,-102,8.5,8.5
601,STL,WAINWRIGHT-R,-113,-111,7,7
601,NYM,JSANTANA-L,-107,-109,7,7
601,CIN,MLEAKE-R,-116,-130,8.5,8.5
601,HOU,JHAPP-L,-104,110,8.5,8.5
601,PIT,KCORREIA-R,110,130,8,8.5
601,MIL,RWOLF-L,-130,-150,8,8.5
601,LOS,CCAPUANO-L,-113,-105,9.5,10
601,COL,JOUTMAN-L,-107,-115,9.5,10
601,ARI,WMILEY-L,-107,-115,6.5,6.5
601,SDG,CRICHARD-L,-113,-105,6.5,6.5
601,CUB,PMAHOLM-L,135,150,7,7
601,SFO,BUMGARNER-L,-155,-170,7,7
601,BOS,CBUCHHOLZ-R,102,-104,10,9.5
601,TOR,HALVAREZ-R,-122,-116,10,9.5
601,NYY,CSABATHIA-L,-150,-156,8.5,8.5
601,DET,CCROSBY-L,130,136,8.5,8.5
601,MIN,CPAVANO-R,120,107,8.5,9
601,CLE,DLOWE-R,-140,-127,8.5,9
601,BAL,WCHEN-L,140,145,7,7
601,TAM,DPRICE-L,-160,-165,7,7
601,OAK,BCOLON-R,117,130,8,7.5
601,KAN,FPAULINO-R,-137,-150,8,7.5
601,SEA,FHERNANDZ-R,110,106,7,7
601,CWS,JPEAVY-R,-130,-126,7,7
601,TEX,CLEWIS-R,-119,-124,8.5,8.5
601,LAA,JWILLIAMS-R,-101,104,8.5,8.5
602,ATL,BBEACHY-R,110,102,6.5,6.5
602,WAS,STRASBURG-R,-130,-122,6.5,6.5
602,MIA,RNOLASCO-R,145,134,7.5,7.5
602,PHI,CHAMELS-L,-165,-154,7.5,7.5
602,STL,LLYNN-R,-135,-105,7,8
602,NYM,RDICKEY-R,115,-105,7,8
602,LOS,AHARANG-R,115,124,10.5,10.5
602,COL,JNICASIO-R,-135,-144,10.5,10.5
602,PIT,EBEDARD-L,140,111,7.5,7.5
602,MIL,SMARCUM-R,-160,-131,7.5,7.5
602,CUB,MGARZA-R,145,135,6.5,6
602,SFO,MCAIN-R,-165,-155,6.5,6
602,ARI,DHUDSON-R,100,-108,6.5,6.5
602,SDG,EVOLQUEZ-R,-120,-112,6.5,6.5
602,CIN,MLATOS-R,-120,-131,7.5,7.5
602,HOU,WRODRIGUZ-L,100,111,7.5,7.5
602,BOS,FDOUBRONT-L,-115,-112,10,10
602,TOR,KDRABEK-R,-105,-108,10,10
602,OAK,BMCCARTHY-R,-105,114,8,8
602,KAN,LHOCHEVAR-R,-115,-134,8,8
602,BAL,BMATUSZ-L,150,130,8,7.5
602,TAM,HELLICKSON-R,-170,-150,8,7.5
602,SEA,HNOESI-R,145,130,9,8.5
602,CWS,GFLOYD-R,-165,-150,9,8.5
602,NYY,HKURODA-R,-125,-110,9.5,9.5
602,DET,RPORCELLO-R,105,-110,9.5,9.5
602,MIN,PWALTERS-R,105,124,9,8.5
602,CLE,JTOMLIN-R,-125,-144,9,8.5
602,TEX,YDARVISH-R,-125,-107,7.5,7.5
602,LAA,CWILSON-L,105,-113,7.5,7.5
603,STL,WESTBROOK-R,-113,-105,8,8.5
603,NYM,JNIESE-L,-107,-105,8,8.5
603,MIA,CZAMBRANO-R,-107,-110,8.5,8.5
603,PHI,JBLANTON-R,-113,-110,8.5,8.5
603,ATL,THANSON-R,120,115,6.5,6.5
603,WAS,GGONZALEZ-L,-140,-135,6.5,6.5
603,CIN,BARROYO-R,-143,-133,8.5,8.5
603,HOU,JLYLES-R,123,113,8.5,8.5
603,PIT,JMCDONALD-R,-111,-109,7.5,7
603,MIL,MFIERS-R,-109,-111,7.5,7
603,LOS,NEOVALDI-R,-112,-105,10.5,11
603,COL,AWHITE-R,-108,-115,10.5,11
603,CUB,TWOOD-L,125,110,7.5,7.5
603,SFO,BZITO-L,-145,-130,7.5,7.5
603,ARI,TCAHILL-R,-116,-118,6.5,7
603,SDG,ESTULTS-L,-104,-102,6.5,7
603,NYY,PHUGHES-R,165,150,8,8
603,DET,VERLANDER-R,-185,-170,8,8
603,BOS,DBARD-R,-106,105,10,9.5
603,TOR,DHUTCHISN-R,-114,-125,10,9.5
603,BAL,JARRIETA-R,125,144,8,7.5
603,TAM,MMOORE-L,-145,-164,8,7.5
603,OAK,TMILONE-L,104,-110,8.5,8.5
603,KAN,VMAZZARO-R,-124,-110,8.5,8.5
603,SEA,KMILLWOOD-R,152,145,7.5,8
603,CWS,CSALE-L,-172,-165,7.5,8
603,MIN,SDIAMOND-L,125,110,9,8.5
603,CLE,JMASTERSN-R,-145,-130,9,8.5
603,TEX,MHARRISON-L,-107,-110,8,8
603,LAA,DHAREN-R,-113,-110,8,8
604,STL,KLOHSE-R,-125,-107,8.5,8.5
604,NYM,DGEE-R,105,-113,8.5,8.5
604,CUB,SAMARDZIJA-R,127,116,7,6.5
604,SFO,VOGELSONG-R,-147,-136,7,6.5
604,LOS,CKERSHAW-L,-130,-120,7,6.5
604,PHI,VWORLEY-R,110,100,7,6.5
604,COL,CFRIEDRCH-L,110,103,9.5,10
604,ARI,JSAUNDERS-L,-130,-123,9.5,10
604,MIN,CDEVRIES-R,119,118,9.5,9.5
604,KAN,WSMITH-L,-139,-138,9.5,9.5
604,TEX,SFELDMAN-R,-132,-128,7.5,7.5
604,OAK,JPARKER-R,112,108,7.5,7.5
604,SEA,JVARGAS-L,129,130,7.5,7.5
604,LAA,ESANTANA-R,-149,-150,7.5,7.5
605,NYM,CYOUNG-R,134,135,7,7.5
605,WAS,ZIMMERMANN-R,-154,-155,7,7.5
605,LOS,BILLINGSLY-R,152,160,7,6.5
605,PHI,CLEE-L,-172,-180,7,6.5
605,PIT,ABURNETT-R,127,130,7.5,7.5
605,CIN,HBAILEY-R,-147,-150,7.5,7.5
605,ATL,THUDSON-R,110,112,7,7.5
605,MIA,ASANCHEZ-R,-130,-132,7,7.5
605,STL,JGARCIA-L,-145,-136,8.5,8.5
605,HOU,LHARRELL-R,125,116,8.5,8.5
605,CUB,RDEMPSTER-R,122,135,7,7
605,MIL,YGALLARDO-R,-142,-155,7,7
605,COL,JGUTHRIE-R,122,137,9.5,9.5
605,ARI,IKENNEDY-R,-142,-157,9.5,9.5
605,SFO,TLINCECUM-R,-109,-116,6,6
605,SDG,ABASS-R,-111,-104,6,6
605,TAM,JSHIELDS-R,105,112,8.5,8.5
605,NYY,APETTITTE-L,-125,-132,8.5,8.5
605,CLE,UJIMENEZ-R,130,138,9,9
605,DET,DSMYLY-L,-150,-158,9,9
605,BAL,JHAMMEL-R,140,152,9,8.5
605,BOS,JLESTER-L,-160,-172,9,8.5
605,MIN,FLIRIANO-L,118,106,8.5,8.5
605,KAN,BCHEN-L,-138,-126,8.5,8.5
605,TOR,RROMERO-L,-107,-113,8.5,8
605,CWS,PHUMBER-R,-113,-107,8.5,8
605,SEA,BBEAVAN-R,130,130,8,8
605,LAA,GRICHARDS-R,-150,-150,8,8
605,TEX,DHOLLAND-L,-160,-164,7.5,7.5
605,OAK,TBLACKLEY-L,140,144,7.5,7.5
606,SFO,BUMGARNER-L,-122,-120,6,6
606,SDG,CRICHARD-L,102,100,6,6
606,LOS,CCAPUANO-L,-110,-113,8,7.5
606,PHI,KKENDRICK-R,-110,-107,8,7.5
606,NYM,JHEFNER-R,145,130,8,8
606,WAS,EJACKSON-R,-165,-150,8,8
606,ATL,RDELGADO-R,130,130,8,8.5
606,MIA,JJOHNSON-R,-150,-150,8,8.5
606,PIT,BLINCOLN-R,163,160,7,7.5
606,CIN,JCUETO-R,-183,-180,7,7.5
606,STL,WAINWRIGHT-R,-130,-137,8,8
606,HOU,BNORRIS-R,110,117,8,8
606,CUB,PMAHOLM-L,170,170,7.5,7.5
606,MIL,ZGREINKE-R,-200,-200,7.5,7.5
606,COL,JOUTMAN-L,120,124,9.5,10
606,ARI,WMILEY-L,-140,-144,9.5,10
606,TAM,ACOBB-R,125,114,9.5,9
606,NYY,INOVA-R,-145,-134,9.5,9
606,CLE,JGOMEZ-R,130,140,9,9
606,DET,MSCHERZER-R,-150,-160,9,9
606,BAL,WCHEN-L,142,152,9,8.5
606,BOS,JBECKETT-R,-162,-172,9,8.5
606,TOR,BMORROW-R,-110,-122,8.5,8.5
606,CWS,JQUINTANA-L,-110,102,8.5,8.5
606,MIN,BLACKBURN-R,145,150,8.5,8.5
606,KAN,FPAULINO-R,-165,-170,8.5,8.5
606,TEX,CLEWIS-R,-152,-152,7.5,7.5
606,OAK,BCOLON-R,132,132,7.5,7.5
606,SEA,HNOESI-R,136,142,8,8
606,LAA,JWILLIAMS-R,-156,-162,8,8
607,NYM,RDICKEY-R,-125,-124,7.5,7.5
607,WAS,CWANG-R,105,104,7.5,7.5
607,LOS,AHARANG-R,160,170,7.5,7
607,PHI,CHAMELS-L,-180,-190,7.5,7
607,CUB,MGARZA-R,-110,101,8,8
607,MIL,RWOLF-L,-110,-121,8,8
607,SFO,MCAIN-R,-145,-154,6,6.5
607,SDG,JMARQUIS-R,125,134,6,6.5
607,PIT,KCORREIA-R,140,142,8.5,8.5
607,CIN,MLEAKE-R,-160,-162,8.5,8.5
607,ATL,MMINOR-L,125,113,8.5,8.5
607,MIA,MBUEHRLE-L,-145,-133,8.5,8.5
607,STL,LLYNN-R,-165,-150,8.5,8
607,HOU,JHAPP-L,145,130,8.5,8
607,CLE,DLOWE-R,-110,103,9.5,9.5
607,DET,CCROSBY-L,-110,-123,9.5,9.5
607,TEX,YDARVISH-R,-165,-154,7.5,7.5
607,OAK,BMCCARTHY-R,145,134,7.5,7.5
607,TAM,DPRICE-L,130,124,7.5,8
607,NYY,CSABATHIA-L,-150,-144,7.5,8
607,BAL,BMATUSZ-L,130,135,9.5,9
607,BOS,CBUCHHOLZ-R,-150,-155,9.5,9
607,TOR,HALVAREZ-R,140,124,8.5,8.5
607,CWS,JPEAVY-R,-160,-144,8.5,8.5
608,SDG,EVOLQUEZ-R,130,136,7.5,8
608,MIL,SMARCUM-R,-150,-156,7.5,8
608,KAN,LHOCHEVAR-R,130,110,7.5,7
608,PIT,EBEDARD-L,-150,-130,7.5,7
608,PHI,JBLANTON-R,105,101,9.5,9
608,BAL,JARRIETA-R,-125,-121,9.5,9
608,NYM,JSANTANA-L,110,130,8.5,9
608,NYY,HKURODA-R,-130,-150,8.5,9
608,WAS,STRASBURG-R,-130,-113,8,8
608,BOS,FDOUBRONT-L,110,-107,8,8
608,DET,RPORCELLO-R,120,110,9,9
608,CIN,MLATOS-R,-140,-130,9,9
608,TAM,HELLICKSON-R,-105,-107,7.5,8
608,MIA,RNOLASCO-R,-115,-113,7.5,8
608,TOR,KDRABEK-R,155,146,8,8
608,ATL,BBEACHY-R,-175,-166,8,8
608,HOU,WRODRIGUZ-L,125,140,8.5,8
608,CWS,GFLOYD-R,-145,-160,8.5,8
608,CUB,TWOOD-L,120,113,8.5,9
608,MIN,PWALTERS-R,-140,-133,8.5,9
608,CLE,JTOMLIN-R,135,105,9,9
608,STL,WESTBROOK-R,-155,-125,9,9
608,LAA,CWILSON-L,-150,-150,9.5,10
608,COL,AWHITE-R,130,130,9.5,10
608,OAK,TMILONE-L,140,130,9,9.5
608,ARI,DHUDSON-R,-160,-150,9,9.5
608,LOS,NEOVALDI-R,-115,101,7.5,7.5
608,SEA,KMILLWOOD-R,-105,-121,7.5,7.5
608,TEX,MHARRISON-L,-135,-165,7.5,7.5
608,SFO,BZITO-L,115,145,7.5,7.5
609,SDG,ACASHNER-R,119,130,8.5,9
609,MIL,MFIERS-R,-139,-150,8.5,9
609,CUB,SAMARDZIJA-R,-105,124,8,8
609,MIN,SDIAMOND-L,-115,-144,8,8
609,TEX,SFELDMAN-R,-113,-110,8,7.5
609,SFO,VOGELSONG-R,-107,-110,8,7.5
609,WAS,GGONZALEZ-L,-114,-110,8.5,9.5
609,BOS,MATSUZAKA-R,-106,-110,8.5,9.5
609,PHI,VWORLEY-R,-113,-109,9,9.5
609,BAL,THUNTER-R,-107,-111,9,9.5
609,TOR,DHUTCHISN-R,125,119,8.5,8
609,ATL,THANSON-R,-145,-139,8.5,8
609,DET,VERLANDER-R,-143,-156,7.5,8
609,CIN,BARROYO-R,123,136,7.5,8
609,LAA,DHAREN-R,-134,-150,9.5,10.5
609,COL,JFRANCIS-L,114,130,9.5,10.5
609,HOU,JLYLES-R,175,200,8.5,9
609,CWS,CSALE-L,-205,-230,8.5,9
609,NYM,DGEE-R,130,153,9.5,10
609,NYY,PHUGHES-R,-150,-173,9.5,10
609,KAN,VMAZZARO-R,135,124,7.5,7.5
609,PIT,JMCDONALD-R,-155,-144,7.5,7.5
609,CLE,JMASTERSN-R,118,116,8.5,9
609,STL,KLOHSE-R,-138,-136,8.5,9
609,TAM,MMOORE-L,115,-107,7.5,8
609,MIA,CZAMBRANO-R,-135,-113,7.5,8
609,LOS,CKERSHAW-L,-135,-133,6.5,6.5
609,SEA,JVARGAS-L,115,113,6.5,6.5
609,OAK,JPARKER-R,120,122,9,9.5
609,ARI,TCAHILL-R,-140,-142,9,9.5
610,SDG,ABASS-R,134,142,8,9
610,MIL,YGALLARDO-R,-154,-162,8,9
610,NYM,JNIESE-L,155,161,9,9.5
610,NYY,APETTITTE-L,-175,-181,9,9.5
610,DET,DSMYLY-L,105,104,9,9
610,CIN,HBAILEY-R,-125,-124,9,9
610,TAM,JSHIELDS-R,102,-105,7.5,7.5
610,MIA,ASANCHEZ-R,-122,-115,7.5,7.5
610,TOR,RROMERO-L,-113,-113,8.5,8.5
610,ATL,JTEHERAN-R,-107,-107,8.5,8.5
610,KAN,BCHEN-L,110,107,7,7.5
610,PIT,ABURNETT-R,-130,-127,7,7.5
610,PHI,CLEE-L,-125,-141,8,8.5
610,BAL,JHAMMEL-R,105,121,8,8.5
610,WAS,ZIMMERMANN-R,118,142,9,9
610,BOS,JLESTER-L,-138,-162,9,9
610,HOU,LHARRELL-R,134,154,9.5,10
610,CWS,PHUMBER-R,-154,-174,9.5,10
610,CUB,RDEMPSTER-R,-110,120,8,8.5
610,MIN,FLIRIANO-L,-110,-140,8,8.5
610,CLE,UJIMENEZ-R,102,-112,9,9.5
610,STL,JKELLY-R,-122,-108,9,9.5
610,LAA,ESANTANA-R,-114,-102,10,10.5
610,COL,CFRIEDRCH-L,-106,-118,10,10.5
610,TEX,AOGANDO-R,-123,-130,7.5,8
610,SFO,TLINCECUM-R,103,110,7.5,8
610,OAK,TBLACKLEY-L,116,132,9.5,9
610,ARI,JSAUNDERS-L,-136,-152,9.5,9
610,LOS,BILLINGSLY-R,-113,-105,8,7.5
610,SEA,BBEAVAN-R,-107,-105,8,7.5
611,WAS,EJACKSON-R,125,144,8,8
611,TOR,BMORROW-R,-145,-164,8,8
611,NYY,INOVA-R,-107,-115,9,9
611,ATL,RDELGADO-R,-113,-105,9,9
611,BOS,JBECKETT-R,-105,-110,8,7.5
611,MIA,JJOHNSON-R,-105,-110,8,7.5
611,LAA,GRICHARDS-R,-102,-111,7,7.5
611,LOS,CCAPUANO-L,-118,-109,7,7.5
612,HOU,BNORRIS-R,140,150,6.5,6.5
612,SFO,BUMGARNER-L,-160,-170,6.5,6.5
612,WAS,CWANG-R,125,135,9.5,9
612,TOR,HALVAREZ-R,-145,-155,9.5,9
612,PIT,BLINCOLN-R,140,124,8.5,8.5
612,BAL,WCHEN-L,-160,-144,8.5,8.5
612,NYM,CYOUNG-R,135,145,8,8
612,TAM,ACOBB-R,-155,-165,8,8
612,NYY,CSABATHIA-L,-165,-165,8.5,8
612,ATL,MMINOR-L,145,145,8.5,8
612,BOS,CBUCHHOLZ-R,100,-108,8.5,8
612,MIA,MBUEHRLE-L,-120,-112,8.5,8
612,CLE,JGOMEZ-R,145,135,8.5,9
612,CIN,JCUETO-R,-165,-155,8.5,9
612,DET,MSCHERZER-R,-130,-150,8,8
612,CUB,PMAHOLM-L,110,130,8,8
612,ARI,IKENNEDY-R,155,130,10,9.5
612,TEX,CLEWIS-R,-175,-150,10,9.5
612,MIL,ZGREINKE-R,-155,-150,8.5,8.5
612,KAN,LMENDOZA-R,135,130,8.5,8.5
612,PHI,KKENDRICK-R,-130,-105,9,9
612,MIN,BLACKBURN-R,110,-115,9,9
612,CWS,JQUINTANA-L,125,137,8.5,8.5
612,STL,WAINWRIGHT-R,-145,-157,8.5,8.5
612,OAK,BCOLON-R,100,-112,10.5,10.5
612,COL,JGUTHRIE-R,-120,-108,10.5,10.5
612,LAA,JWILLIAMS-R,100,-117,7.5,7.5
612,LOS,AHARANG-R,-120,-103,7.5,7.5
612,SDG,CRICHARD-L,150,150,6.5,6.5
612,SEA,FHERNANDZ-R,-170,-170,6.5,6.5
613,HOU,JHAPP-L,180,170,8,6
613,SFO,MCAIN-R,-210,-200,8,6
613,WAS,STRASBURG-R,-140,-150,9,8
613,TOR,KDRABEK-R,120,130,9,8
613,PIT,KCORREIA-R,115,124,8.5,9
613,BAL,JARRIETA-R,-135,-144,8.5,9
613,BOS,FDOUBRONT-L,-110,-107,9.5,8.5
613,MIA,RNOLASCO-R,-110,-113,9.5,8.5
613,CLE,DLOWE-R,120,117,8,9
613,CIN,MLATOS-R,-140,-137,8,9
613,NYY,HKURODA-R,105,-110,8,8.5
613,ATL,THUDSON-R,-125,-110,8,8.5
613,NYM,RDICKEY-R,140,133,7,6.5
613,TAM,DPRICE-L,-160,-153,7,6.5
613,ARI,WMILEY-L,155,145,10,9
613,TEX,MHARRISON-L,-175,-165,10,9
613,DET,RPORCELLO-R,110,-110,7.5,7.5
613,CUB,MGARZA-R,-130,-110,7.5,7.5
613,MIL,RWOLF-L,-110,-105,9.5,9
613,KAN,JSANCHEZ-L,-110,-105,9.5,9
613,PHI,CHAMELS-L,-165,-150,8,8
613,MIN,PWALTERS-R,145,130,8,8
613,CWS,JPEAVY-R,110,110,8,7.5
613,STL,LLYNN-R,-130,-130,8,7.5
613,OAK,TMILONE-L,-105,-114,10.5,10.5
613,COL,JOUTMAN-L,-115,-106,10.5,10.5
613,LAA,CWILSON-L,-135,-143,6.5,6.5
613,LOS,NEOVALDI-R,115,123,6.5,6.5
613,SDG,JMARQUIS-R,140,120,8,7.5
613,SEA,HNOESI-R,-160,-140,8,7.5
614,HOU,WRODRIGUZ-L,120,103,7.5,7
614,SFO,BZITO-L,-140,-123,7.5,7
614,CLE,JTOMLIN-R,110,-103,9,9
614,CIN,MLEAKE-R,-130,-117,9,9
614,NYM,JSANTANA-L,106,106,7.5,7.5
614,TAM,HELLICKSON-R,-126,-126,7.5,7.5
614,DET,VERLANDER-R,-185,-240,7.5,7.5
614,CUB,TWOOD-L,165,200,7.5,7.5
614,OAK,JPARKER-R,-112,-112,10,10.5
614,COL,AWHITE-R,-108,-108,10,10.5
614,PIT,EBEDARD-L,-114,-110,9,8.5
614,BAL,THUNTER-R,-106,-110,9,8.5
614,ARI,DHUDSON-R,139,124,10.5,10
614,TEX,SFELDMAN-R,-159,-144,10.5,10
614,MIL,SMARCUM-R,-126,-106,8.5,8.5
614,KAN,LHOCHEVAR-R,106,-114,8.5,8.5
614,PHI,JBLANTON-R,110,112,9,9.5
614,MIN,SDIAMOND-L,-130,-132,9,9.5
614,CWS,GFLOYD-R,110,-104,9,8.5
614,STL,WESTBROOK-R,-130,-116,9,8.5
614,SDG,EVOLQUEZ-R,-102,110,7,7.5
614,SEA,ERAMIREZ-R,-118,-130,7,7.5
615,CIN,BARROYO-R,-107,-103,8,8
615,NYM,DGEE-R,-113,-117,8,8
615,BOS,MATSUZAKA-R,-105,-132,9.5,10
615,CUB,RDEMPSTER-R,-105,112,9.5,10
615,NYY,PHUGHES-R,110,-110,7.5,7
615,WAS,GGONZALEZ-L,-130,-110,7.5,7
615,PHI,VWORLEY-R,105,108,9,9
615,TOR,DHUTCHISN-R,-125,-128,9,9
615,COL,JFRANCIS-L,130,130,9.5,10
615,DET,CCROSBY-L,-150,-150,9.5,10
615,PIT,JMCDONALD-R,102,124,7.5,7.5
615,CLE,JMASTERSN-R,-122,-144,7.5,7.5
615,MIA,CZAMBRANO-R,102,130,7.5,8.5
615,TAM,MMOORE-L,-122,-150,7.5,8.5
615,BAL,BMATUSZ-L,139,130,8.5,8
615,ATL,THANSON-R,-159,-150,8.5,8
615,HOU,JLYLES-R,220,230,10,10
615,TEX,YDARVISH-R,-260,-270,10,10
615,MIL,YGALLARDO-R,-117,-105,8.5,8.5
615,MIN,FLIRIANO-L,-103,-105,8.5,8.5
615,KAN,VMAZZARO-R,143,150,8,8.5
615,STL,KLOHSE-R,-163,-170,8,8.5
615,ARI,TCAHILL-R,136,130,7,7
615,LAA,DHAREN-R,-156,-150,7,7
615,SDG,ABASS-R,-103,-110,7,7.5
615,OAK,TBLACKLEY-L,-117,-110,7,7.5
615,SFO,VOGELSONG-R,-113,-111,7,6.5
615,SEA,JVARGAS-L,-107,-109,7,6.5
615,CWS,CSALE-L,110,100,5.5,5.5
615,LOS,CKERSHAW-L,-130,-120,5.5,5.5
616,CIN,HBAILEY-R,-110,-110,8,8
616,NYM,JNIESE-L,-110,-110,8,8
616,PHI,CLEE-L,-114,-108,7.5,8
616,TOR,RROMERO-L,-106,-112,7.5,8
616,NYY,APETTITTE-L,-105,-120,7.5,7.5
616,WAS,ZIMMERMANN-R,-105,100,7.5,7.5
616,MIL,MFIERS-R,-113,-108,9.5,9.5
616,MIN,LHENDRIKS-R,-107,-112,9.5,9.5
616,KAN,BCHEN-L,118,115,9,9
616,STL,JKELLY-R,-138,-135,9,9
616,PIT,ABURNETT-R,110,121,8,8
616,CLE,UJIMENEZ-R,-130,-141,8,8
616,SDG,ROHLENDRF-R,110,112,8,8.5
616,OAK,TROSS-R,-130,-132,8,8.5
616,COL,CFRIEDRCH-L,135,130,9,9.5
616,DET,DFISTER-R,-155,-150,9,9.5
616,BOS,JLESTER-L,-145,-150,9.5,10
616,CUB,SAMARDZIJA-R,125,130,9.5,10
616,BAL,JHAMMEL-R,152,136,8,7.5
616,ATL,BBEACHY-R,-172,-156,8,7.5
616,HOU,LHARRELL-R,185,170,10.5,10.5
616,TEX,JGRIMM-R,-215,-190,10.5,10.5
616,MIA,ASANCHEZ-R,105,117,7.5,7.5
616,TAM,JSHIELDS-R,-125,-137,7.5,7.5
616,ARI,JSAUNDERS-L,115,131,8,8.5
616,LAA,ESANTANA-R,-135,-151,8,8.5
616,SFO,TLINCECUM-R,-105,-112,7,7
616,SEA,KMILLWOOD-R,-105,-108,7,7
616,CWS,PHUMBER-R,110,117,7.5,7.5
616,LOS,BILLINGSLY-R,-130,-137,7.5,7.5
617,CIN,JCUETO-R,-135,-122,7.5,7
617,NYM,CYOUNG-R,115,102,7.5,7
617,PHI,KKENDRICK-R,110,115,9.5,10
617,TOR,BCECIL-L,-130,-135,9.5,10
617,PIT,BLINCOLN-R,120,113,9,9
617,CLE,JGOMEZ-R,-140,-133,9,9
617,COL,JGUTHRIE-R,150,162,10,10.5
617,DET,MSCHERZER-R,-170,-182,10,10.5
617,BAL,WCHEN-L,105,-103,8.5,8
617,ATL,RDELGADO-R,-125,-117,8.5,8
617,NYY,INOVA-R,-110,-115,8,8
617,WAS,EJACKSON-R,-110,-105,8,8
617,MIA,JJOHNSON-R,-110,-120,7.5,7.5
617,TAM,ACOBB-R,-110,100,7.5,7.5
617,MIL,ZGREINKE-R,-150,-150,8.5,8.5
617,MIN,BLACKBURN-R,130,130,8.5,8.5
617,KAN,LMENDOZA-R,160,164,8.5,8.5
617,STL,WAINWRIGHT-R,-180,-184,8.5,8.5
617,HOU,DKEUCHEL-L,190,210,10,10
617,TEX,CLEWIS-R,-220,-250,10,10
617,ARI,IKENNEDY-R,110,100,7.5,8
617,LAA,GRICHARDS-R,-130,-120,7.5,8
617,SDG,CRICHARD-L,125,118,7.5,8
617,OAK,BCOLON-R,-145,-138,7.5,8
617,SFO,BUMGARNER-L,-110,-114,6.5,6.5
617,SEA,FHERNANDZ-R,-110,-106,6.5,6.5
617,CWS,JQUINTANA-L,-105,112,7.5,8
617,LOS,CCAPUANO-L,-115,-132,7.5,8
617,BOS,FMORALES-L,-135,-122,9,9
617,CUB,PMAHOLM-L,115,102,9,9
618,CIN,MLATOS-R,-112,-105,8.5,9
618,CLE,DLOWE-R,-108,-105,8.5,9
618,ATL,MMINOR-L,175,180,9,8.5
618,NYY,CSABATHIA-L,-195,-210,9,8.5
618,BAL,JARRIETA-R,143,130,7.5,7
618,NYM,RDICKEY-R,-163,-150,7.5,7
618,KAN,JSANCHEZ-L,-112,-108,8.5,8.5
618,HOU,JHAPP-L,-108,-112,8.5,8.5
618,TOR,HALVAREZ-R,-113,-109,9,9.5
618,MIL,RWOLF-L,-107,-111,9,9.5
618,CUB,MGARZA-R,-102,101,8.5,9
618,CWS,ZSTEWART-R,-118,-121,8.5,9
618,SEA,HNOESI-R,140,160,9,9
618,ARI,WMILEY-L,-160,-180,9,9
618,TEX,MHARRISON-L,-175,-174,7.5,7
618,SDG,JMARQUIS-R,155,154,7.5,7
618,SFO,MCAIN-R,-116,-110,7,7
618,LAA,JWILLIAMS-R,-104,-110,7,7
619,COL,JOUTMAN-L,200,200,8,7.5
619,PHI,CHAMELS-L,-230,-240,8,7.5
619,ATL,THUDSON-R,120,115,8.5,9
619,NYY,HKURODA-R,-140,-135,8.5,9
619,CIN,MLEAKE-R,-113,-110,9,9.5
619,CLE,JTOMLIN-R,-107,-110,9,9.5
619,STL,LLYNN-R,125,140,7,7.5
619,DET,VERLANDER-R,-145,-160,7,7.5
619,TAM,DPRICE-L,-135,-142,7.5,7.5
619,WAS,CWANG-R,115,122,7.5,7.5
619,MIN,SDIAMOND-L,-105,-107,7.5,8.5
619,PIT,KCORREIA-R,-115,-113,7.5,8.5
619,BAL,THUNTER-R,135,124,8,7.5
619,NYM,JSANTANA-L,-155,-144,8,7.5
619,MIA,MBUEHRLE-L,119,124,9,9
619,BOS,CBUCHHOLZ-R,-139,-144,9,9
619,KAN,LHOCHEVAR-R,103,100,8.5,8
619,HOU,WRODRIGUZ-L,-123,-120,8.5,8
619,TOR,JCHAVEZ-R,103,-107,10,9.5
619,MIL,TTHORNBUR-R,-123,-113,10,9.5
619,CUB,TWOOD-L,170,180,8.5,9
619,CWS,JPEAVY-R,-190,-210,8.5,9
619,SEA,ERAMIREZ-R,125,142,9.5,9
619,ARI,DHUDSON-R,-145,-162,9.5,9
619,TEX,SFELDMAN-R,-130,-125,7.5,7
619,SDG,EVOLQUEZ-R,110,105,7.5,7
619,SFO,BZITO-L,168,190,7,7.5
619,LAA,CWILSON-L,-188,-220,7,7.5
619,LOS,AHARANG-R,-105,103,7,7
619,OAK,BMCCARTHY-R,-115,-123,7,7
620,COL,AWHITE-R,123,130,9.5,9.5
620,PHI,JBLANTON-R,-143,-150,9.5,9.5
620,ATL,THANSON-R,112,140,9,11
620,NYY,PHUGHES-R,-132,-160,9,11
620,KAN,BCHEN-L,-105,-122,9,8.5
620,HOU,JLYLES-R,-105,102,9,8.5
620,TOR,JCARRENO-R,135,133,9.5,10
620,MIL,YGALLARDO-R,-155,-153,9.5,10
620,SEA,JVARGAS-L,142,145,8.5,8.5
620,ARI,TCAHILL-R,-162,-165,8.5,8.5
620,TEX,YDARVISH-R,-180,-184,7.5,7
620,SDG,ABASS-R,160,164,7.5,7
620,STL,WESTBROOK-R,104,102,10,10.5
620,DET,RPORCELLO-R,-124,-122,10,10.5
620,CIN,BARROYO-R,-111,105,9,9.5
620,CLE,JMASTERSN-R,-109,-125,9,9.5
620,MIN,FLIRIANO-L,110,108,7.5,8.5
620,PIT,EBEDARD-L,-130,-128,7.5,8.5
620,TAM,CARCHER-R,173,190,7,7.5
620,WAS,STRASBURG-R,-193,-220,7,7.5
620,BAL,BMATUSZ-L,105,-101,8.5,9
620,NYM,DGEE-R,-125,-119,8.5,9
620,MIA,RNOLASCO-R,125,120,9.5,11
620,BOS,FDOUBRONT-L,-145,-140,9.5,11
620,CUB,RWELLS-R,140,160,10,10
620,CWS,GFLOYD-R,-160,-180,10,10
620,SFO,VOGELSONG-R,139,140,6.5,7
620,LAA,JWEAVER-R,-159,-160,6.5,7
620,LOS,NEOVALDI-R,-113,110,7,7
620,OAK,TMILONE-L,-107,-130,7,7
621,COL,JFRANCIS-L,152,160,9,9.5
621,PHI,VWORLEY-R,-172,-180,9,9.5
621,STL,KLOHSE-R,-106,-108,9.5,10.5
621,DET,JTURNER-R,-114,-112,9.5,10.5
621,LOS,CKERSHAW-L,-142,-150,6.5,6.5
621,OAK,TBLACKLEY-L,122,130,6.5,6.5
621,TAM,MMOORE-L,113,100,7,7
621,WAS,GGONZALEZ-L,-133,-120,7,7
621,MIN,LHENDRIKS-R,140,140,8,8.5
621,PIT,JMCDONALD-R,-160,-160,8,8.5
621,MIA,CZAMBRANO-R,110,115,10,11
621,BOS,MATSUZAKA-R,-130,-135,10,11
622,CUB,SAMARDZIJA-R,129,144,9,9
622,ARI,COLLMENTER-R,-149,-164,9,9
622,WAS,ZIMMERMANN-R,-105,-108,8,8.5
622,BAL,JHAMMEL-R,-115,-112,8,8.5
622,DET,DFISTER-R,-115,-112,7,7.5
622,PIT,ABURNETT-R,-105,-108,7,7.5
622,TOR,RROMERO-L,-103,-105,8,8
622,MIA,ASANCHEZ-R,-117,-115,8,8
622,NYY,APETTITTE-L,-139,-144,8.5,8
622,NYM,JNIESE-L,119,124,8.5,8
622,MIN,BLACKBURN-R,157,164,9.5,9.5
622,CIN,HBAILEY-R,-177,-184,9.5,9.5
622,ATL,JJURRJENS-R,129,175,10.5,10.5
622,BOS,JLESTER-L,-149,-195,10.5,10.5
622,CLE,UJIMENEZ-R,-120,-138,9,8.5
622,HOU,LHARRELL-R,100,118,9,8.5
622,COL,CFRIEDRCH-L,178,170,10.5,10.5
622,TEX,ROSWALT-R,-198,-190,10.5,10.5
622,MIL,ZGREINKE-R,114,110,7.5,7
622,CWS,CSALE-L,-134,-130,7.5,7
622,STL,JKELLY-R,-112,-110,9,9.5
622,KAN,VMAZZARO-R,-108,-110,9,9.5
622,SEA,KMILLWOOD-R,-112,-108,6.5,6
622,SDG,CRICHARD-L,-108,-112,6.5,6
622,SFO,TLINCECUM-R,100,-102,7,7
622,OAK,JPARKER-R,-120,-118,7,7
622,LOS,BILLINGSLY-R,135,145,7.5,7
622,LAA,DHAREN-R,-155,-165,7.5,7
623,CUB,PMAHOLM-L,155,175,9.5,9
623,ARI,IKENNEDY-R,-175,-205,9.5,9
623,TOR,BCECIL-L,130,124,8.5,8.5
623,MIA,JJOHNSON-R,-150,-144,8.5,8.5
623,STL,WAINWRIGHT-R,-136,-129,9,9.5
623,KAN,LMENDOZA-R,116,109,9,9.5
623,COL,JOUTMAN-L,207,240,10.5,11
623,TEX,CLEWIS-R,-247,-280,10.5,11
623,TAM,JSHIELDS-R,-107,-140,9,8
623,PHI,KKENDRICK-R,-113,120,9,8
623,CLE,JGOMEZ-R,-107,-109,9,9
623,HOU,DKEUCHEL-L,-113,-111,9,9
623,DET,MSCHERZER-R,-133,-142,8.5,8.5
623,PIT,BLINCOLN-R,113,122,8.5,8.5
623,MIN,BDUENSING-L,179,180,8.5,9
623,CIN,JCUETO-R,-199,-210,8.5,9
623,NYY,INOVA-R,-138,-152,8.5,9
623,NYM,CYOUNG-R,118,132,8.5,9
623,ATL,RDELGADO-R,112,124,10.5,10
623,BOS,FMORALES-L,-132,-144,10.5,10
623,WAS,EJACKSON-R,-101,-104,8.5,8.5
623,BAL,WCHEN-L,-119,-116,8.5,8.5
623,LOS,CCAPUANO-L,112,141,7.5,7.5
623,LAA,ESANTANA-R,-132,-161,7.5,7.5
623,MIL,RWOLF-L,102,-102,9.5,9.5
623,CWS,DAXELROD-R,-122,-118,9.5,9.5
623,SFO,BUMGARNER-L,-122,-135,7,7
623,OAK,TROSS-R,102,115,7,7
623,SEA,FHERNANDZ-R,-133,-132,6.5,6.5
623,SDG,JMARQUIS-R,113,112,6.5,6.5
624,CUB,MGARZA-R,139,130,8.5,8.5
624,ARI,WMILEY-L,-159,-150,8.5,8.5
624,NYY,CSABATHIA-L,-106,-135,7,6.5
624,NYM,RDICKEY-R,-114,115,7,6.5
624,TOR,JCHAVEZ-R,113,111,9,9
624,MIA,MBUEHRLE-L,-133,-131,9,9
624,MIN,SDIAMOND-L,135,130,9,9
624,CIN,MLEAKE-R,-155,-150,9,9
624,DET,VERLANDER-R,-172,-200,7,7
624,PIT,KCORREIA-R,152,170,7,7
624,TAM,DPRICE-L,107,100,7.5,7
624,PHI,CHAMELS-L,-127,-120,7.5,7
624,WAS,RDETWILER-L,-113,108,9,9
624,BAL,JARRIETA-R,-107,-128,9,9
624,ATL,MMINOR-L,-107,-105,11,11
624,BOS,ACOOK-R,-113,-105,11,11
624,CLE,DLOWE-R,-105,-104,9,8
624,HOU,JHAPP-L,-105,-116,9,8
624,STL,LLYNN-R,-145,-150,8,10
624,KAN,JSANCHEZ-L,125,130,8,10
624,MIL,MFIERS-R,114,105,9,9.5
624,CWS,JQUINTANA-L,-134,-125,9,9.5
624,LOS,AHARANG-R,135,141,8,8
624,LAA,GRICHARDS-R,-155,-161,8,8
624,SFO,MCAIN-R,-120,-144,6,7
624,OAK,AGRIFFIN-R,100,124,6,7
624,SEA,HNOESI-R,110,-110,7.5,7.5
624,SDG,EVOLQUEZ-R,-130,-110,7.5,7.5
624,COL,AWHITE-R,208,250,11,10.5
624,TEX,MHARRISON-L,-248,-300,11,10.5
624,TAM,CRAMOS-L,160,154,8.5,8.5
624,PHI,CLEE-L,-180,-174,8.5,8.5
625,PIT,JKARSTENS-R,125,114,8.5,8
625,PHI,JBLANTON-R,-145,-134,8.5,8
625,MIL,YGALLARDO-R,110,107,9,8.5
625,CIN,MLATOS-R,-130,-127,9,8.5
625,STL,WESTBROOK-R,-120,-114,9,9
625,MIA,RNOLASCO-R,100,-106,9,9
625,NYM,JSANTANA-L,-150,-129,6.5,7
625,CUB,TWOOD-L,130,109,6.5,7
625,SDG,ROHLENDRF-R,125,111,8,8.5
625,HOU,WRODRIGUZ-L,-145,-131,8,8.5
625,WAS,STRASBURG-R,-180,-180,9.5,10.5
625,COL,JFRANCIS-L,160,160,9.5,10.5
625,LOS,NEOVALDI-R,-110,-107,7.5,7.5
625,SFO,BZITO-L,-110,-113,7.5,7.5
625,CLE,JTOMLIN-R,170,138,9.5,9.5
625,NYY,HKURODA-R,-200,-158,9.5,9.5
625,TOR,HALVAREZ-R,135,134,10.5,10.5
625,BOS,FDOUBRONT-L,-155,-154,10.5,10.5
625,DET,RPORCELLO-R,155,130,11,11
625,TEX,JGRIMM-R,-175,-150,11,11
625,CWS,JPEAVY-R,-130,-110,8,7.5
625,MIN,FLIRIANO-L,110,-110,8,7.5
625,TAM,ACOBB-R,-130,-110,8.5,9
625,KAN,LHOCHEVAR-R,110,-110,8.5,9
625,OAK,TMILONE-L,-125,-110,7.5,7
625,SEA,ERAMIREZ-R,105,-110,7.5,7
626,PIT,EBEDARD-L,125,122,8,7.5
626,PHI,VWORLEY-R,-145,-142,8,7.5
626,MIL,MESTRADA-R,125,134,9,8.5
626,CIN,BARROYO-R,-145,-154,9,8.5
626,ARI,DHUDSON-R,135,122,8,7.5
626,ATL,THUDSON-R,-155,-142,8,7.5
626,STL,KLOHSE-R,-130,-118,8,8.5
626,MIA,CZAMBRANO-R,110,-102,8,8.5
626,NYM,DGEE-R,-145,-124,8.5,8
626,CUB,RWELLS-R,125,104,8.5,8
626,SDG,KWELLS-R,130,118,9,9
626,HOU,JLYLES-R,-150,-138,9,9
626,WAS,GGONZALEZ-L,-150,-142,10.5,10.5
626,COL,CFRIEDRCH-L,130,122,10.5,10.5
626,LOS,CKERSHAW-L,-115,-117,6,6
626,SFO,VOGELSONG-R,-105,-103,6,6
626,LAA,CWILSON-L,-170,-150,8.5,9
626,BAL,BMATUSZ-L,150,130,8.5,9
626,CLE,JMASTERSN-R,140,130,9.5,9.5
626,NYY,PHUGHES-R,-160,-150,9.5,9.5
626,TOR,ALAFFEY-L,150,132,11,10.5
626,BOS,MATSUZAKA-R,-170,-152,11,10.5
626,DET,DSMYLY-L,155,164,10.5,10
626,TEX,YDARVISH-R,-175,-184,10.5,10
626,CWS,GFLOYD-R,-140,-112,9,9
626,MIN,LHENDRIKS-R,120,-108,9,9
626,TAM,CARCHER-R,-110,-108,9,9
626,KAN,BCHEN-L,-110,-112,9,9
626,OAK,TBLACKLEY-L,-110,-102,7,7
626,SEA,JVARGAS-L,-110,-118,7,7
627,MIL,ZGREINKE-R,-113,-110,8,7.5
627,CIN,HBAILEY-R,-107,-110,8,7.5
627,NYM,JNIESE-L,-110,-115,11.5,11.5
627,CUB,SAMARDZIJA-R,-110,-105,11.5,11.5
627,LOS,BILLINGSLY-R,113,122,7,7
627,SFO,TLINCECUM-R,-133,-142,7,7
627,PIT,JMCDONALD-R,-110,-110,8,8
627,PHI,RVALDES-L,-110,-110,8,8
627,ARI,TCAHILL-R,110,112,7.5,7.5
627,ATL,THANSON-R,-130,-132,7.5,7.5
627,STL,JKELLY-R,113,114,9,8.5
627,MIA,ASANCHEZ-R,-133,-134,9,8.5
627,SDG,CRICHARD-L,-103,-110,8.5,8.5
627,HOU,LHARRELL-R,-117,-110,8.5,8.5
627,WAS,ZIMMERMANN-R,-134,-150,10.5,11
627,COL,ECABRERA-L,114,130,10.5,11
627,CLE,UJIMENEZ-R,152,170,9,9.5
627,NYY,APETTITTE-L,-172,-190,9,9.5
627,CWS,CSALE-L,-150,-164,8,8.5
627,MIN,BLACKBURN-R,130,144,8,8.5
627,TOR,RROMERO-L,117,124,10.5,10
627,BOS,JLESTER-L,-137,-144,10.5,10
627,TAM,MMOORE-L,-130,-132,9,9.5
627,KAN,ETEAFORD-L,110,112,9,9.5
627,OAK,JPARKER-R,-113,-109,7,7
627,SEA,KMILLWOOD-R,-107,-111,7,7
627,LAA,JWEAVER-R,-120,-125,8,7.5
627,BAL,JHAMMEL-R,100,105,8,7.5
627,DET,DFISTER-R,130,118,10,10
627,TEX,ROSWALT-R,-150,-138,10,10
628,PIT,ABURNETT-R,-114,-113,8.5,9
628,PHI,KKENDRICK-R,-106,-107,8.5,9
628,WAS,EJACKSON-R,-134,-150,11,11.5
628,COL,JOUTMAN-L,114,130,11,11.5
628,ARI,TBAUER-R,110,-102,8.5,8.5
628,ATL,JJURRJENS-R,-130,-118,8.5,8.5
628,SDG,ACASHNER-R,109,-112,8.5,8.5
628,HOU,DKEUCHEL-L,-129,-108,8.5,8.5
628,NYM,CYOUNG-R,120,110,7,7
628,LOS,CCAPUANO-L,-140,-130,7,7
628,CIN,JCUETO-R,-107,-106,6.5,6
628,SFO,BUMGARNER-L,-113,-114,6.5,6
628,LAA,DHAREN-R,-118,-138,9,9.5
628,TOR,BCECIL-L,-102,118,9,9.5
628,CWS,DAXELROD-R,160,160,10,10
628,NYY,INOVA-R,-180,-180,10,10
628,CLE,McALLISTER-R,116,130,9,9
628,BAL,WCHEN-L,-136,-150,9,9
628,DET,MSCHERZER-R,105,-101,8,7.5
628,TAM,JSHIELDS-R,-125,-119,8,7.5
628,OAK,TROSS-R,170,164,10.5,11
628,TEX,SFELDMAN-R,-200,-184,10.5,11
628,BOS,FMORALES-L,-105,-113,7,7
628,SEA,FHERNANDZ-R,-115,-107,7,7
629,HOU,BNORRIS-R,-114,111,8.5,8.5
629,CUB,PMAHOLM-L,-106,-131,8.5,8.5
629,PHI,CLEE-L,-111,-105,7,7.5
629,MIA,JJOHNSON-R,-109,-105,7,7.5
629,WAS,RDETWILER-L,-107,-102,8.5,9
629,ATL,RDELGADO-R,-113,-118,8.5,9
629,SDG,JMARQUIS-R,102,111,11,11.5
629,COL,JFRANCIS-L,-122,-131,11,11.5
629,ARI,IKENNEDY-R,-105,-118,8.5,9
629,MIL,RWOLF-L,-105,-102,8.5,9
629,PIT,KCORREIA-R,173,170,8,9
629,STL,WAINWRIGHT-R,-193,-200,8,9
629,NYM,RDICKEY-R,-118,-155,6.5,7
629,LOS,AHARANG-R,-102,135,6.5,7
629,CIN,MLEAKE-R,120,145,6.5,6.5
629,SFO,MCAIN-R,-140,-165,6.5,6.5
629,LAA,ESANTANA-R,-109,-120,9.5,10
629,TOR,VILLANUEVA-R,-111,100,9.5,10
629,CLE,DLOWE-R,104,118,9.5,9.5
629,BAL,JARRIETA-R,-124,-138,9.5,9.5
629,CWS,JQUINTANA-L,115,100,10,11
629,NYY,AWARREN-R,-135,-120,10,11
629,DET,VERLANDER-R,-111,-125,6.5,6.5
629,TAM,DPRICE-L,-109,105,6.5,6.5
629,OAK,AGRIFFIN-R,185,170,10.5,10.5
629,TEX,MHARRISON-L,-215,-200,10.5,10.5
629,KAN,LMENDOZA-R,-101,102,9,9.5
629,MIN,BDUENSING-L,-119,-122,9,9.5
629,BOS,ACOOK-R,-113,-115,8.5,8.5
629,SEA,HNOESI-R,-107,-105,8.5,8.5
630,PIT,JKARSTENS-R,180,170,9,9.5
630,STL,LLYNN-R,-210,-190,9,9.5
630,WAS,STRASBURG-R,-146,-142,8,8
630,ATL,MMINOR-L,126,122,8,8
630,CIN,MLATOS-R,-106,-125,7.5,7.5
630,SFO,BZITO-L,-114,105,7.5,7.5
630,HOU,JHAPP-L,125,136,8,7.5
630,CUB,MGARZA-R,-145,-156,8,7.5
630,PHI,CHAMELS-L,-122,-115,8,7.5
630,MIA,MBUEHRLE-L,102,-105,8,7.5
630,NYM,JSANTANA-L,-113,-160,7,7
630,LOS,NEOVALDI-R,-107,140,7,7
630,ARI,WMILEY-L,-110,-112,8,9
630,MIL,MFIERS-R,-110,-108,8,9
630,SDG,EVOLQUEZ-R,-104,108,11.5,11.5
630,COL,CFRIEDRCH-L,-116,-128,11.5,11.5
630,LAA,GRICHARDS-R,-121,-110,10,10.5
630,TOR,HALVAREZ-R,101,-110,10,10.5
630,CWS,JPEAVY-R,116,130,9.5,9.5
630,NYY,HKURODA-R,-136,-150,9.5,9.5
630,CLE,JTOMLIN-R,-102,100,10.5,10.5
630,BAL,DEVELAND-L,-118,-120,10.5,10.5
630,KAN,LHOCHEVAR-R,-130,-132,9,9
630,MIN,CDEVRIES-R,110,112,9,9
630,OAK,TMILONE-L,165,122,10.5,11
630,TEX,MPEREZ-L,-185,-142,10.5,11
630,DET,RPORCELLO-R,100,-103,8.5,8.5
630,TAM,HELLICKSON-R,-120,-117,8.5,8.5
630,BOS,JBECKETT-R,-155,-150,7.5,7.5
630,SEA,ERAMIREZ-R,135,130,7.5,7.5
630,KAN,JSANCHEZ-L,107,130,9.5,9.5
630,MIN,SDIAMOND-L,-127,-150,9.5,9.5
701,PHI,JBLANTON-R,103,112,9,8.5
701,MIA,RNOLASCO-R,-123,-132,9,8.5
701,WAS,GGONZALEZ-L,-104,-107,7.5,8
701,ATL,THUDSON-R,-116,-113,7.5,8
701,ARI,COLLMENTER-R,120,110,8.5,9
701,MIL,YGALLARDO-R,-140,-130,8.5,9
701,PIT,EBEDARD-L,130,145,9,9
701,STL,WESTBROOK-R,-150,-165,9,9
701,HOU,WRODRIGUZ-L,-112,-108,8,8
701,CUB,TWOOD-L,-108,-112,8,8
701,SDG,KWELLS-R,120,132,12,12
701,COL,DPOMERANZ-L,-140,-152,12,12
701,CIN,BARROYO-R,113,130,7.5,7
701,SFO,VOGELSONG-R,-133,-150,7.5,7
701,NYM,DGEE-R,125,130,6.5,6
701,LOS,CKERSHAW-L,-145,-150,6.5,6
701,CLE,JMASTERSN-R,-106,-110,9.5,9
701,BAL,BMATUSZ-L,-114,-110,9.5,9
701,DET,DSMYLY-L,100,-101,8.5,8.5
701,TAM,ACOBB-R,-120,-119,8.5,8.5
701,CWS,GFLOYD-R,140,130,10.5,10
701,NYY,PHUGHES-R,-160,-150,10.5,10
701,KAN,BCHEN-L,100,124,8,8
701,MIN,FLIRIANO-L,-120,-144,8,8
701,LAA,CWILSON-L,-145,-150,9,10
701,TOR,ALAFFEY-L,125,130,9,10
701,BOS,FDOUBRONT-L,-125,-132,8,8
701,SEA,JVARGAS-L,105,112,8,8
701,OAK,TBLACKLEY-L,195,190,10,10
701,TEX,YDARVISH-R,-225,-220,10,10
702,HOU,JLYLES-R,155,170,7.5,7.5
702,PIT,JMCDONALD-R,-175,-190,7.5,7.5
702,CUB,SAMARDZIJA-R,160,175,8.5,8
702,ATL,THANSON-R,-180,-205,8.5,8
702,MIA,CZAMBRANO-R,155,130,8,8
702,MIL,ZGREINKE-R,-175,-150,8,8
702,COL,JOUTMAN-L,200,190,9.5,9
702,STL,KLOHSE-R,-230,-220,9.5,9
702,SDG,CRICHARD-L,140,141,9,9
702,ARI,TCAHILL-R,-160,-161,9,9
702,CIN,HBAILEY-R,-135,-106,7,7
702,LOS,BILLINGSLY-R,115,-114,7,7
702,LAA,JWEAVER-R,-155,-120,8,8
702,CLE,UJIMENEZ-R,135,100,8,8
702,KAN,ETEAFORD-L,145,140,9.5,9.5
702,TOR,RROMERO-L,-165,-160,9.5,9.5
702,MIN,LHENDRIKS-R,170,142,9.5,9.5
702,DET,DFISTER-R,-190,-162,9.5,9.5
702,NYY,FGARCIA-R,-105,120,9,8.5
702,TAM,MMOORE-L,-115,-140,9,8.5
702,BOS,MATSUZAKA-R,-125,-108,7.5,7.5
702,OAK,JPARKER-R,105,-112,7.5,7.5
702,BAL,JHAMMEL-R,-130,-136,7,7
702,SEA,HIWAKUMA-R,110,116,7,7
703,MIA,ASANCHEZ-R,115,-105,9,9
703,MIL,MESTRADA-R,-135,-115,9,9
703,SFO,TLINCECUM-R,115,110,7,7.5
703,WAS,ZIMMERMANN-R,-135,-130,7,7.5
703,HOU,LHARRELL-R,150,164,7.5,7.5
703,PIT,ABURNETT-R,-170,-184,7.5,7.5
703,PHI,VWORLEY-R,115,-110,8,8
703,NYM,JNIESE-L,-135,-110,8,8
703,CUB,CVOLSTAD-R,170,164,8.5,9
703,ATL,JJURRJENS-R,-190,-184,8.5,9
703,COL,JFRANCIS-L,135,150,9.5,9.5
703,STL,JKELLY-R,-155,-170,9.5,9.5
703,SDG,ACASHNER-R,125,117,9,9
703,ARI,TBAUER-R,-145,-137,9,9
703,CIN,JCUETO-R,-155,-131,6.5,6.5
703,LOS,CCAPUANO-L,135,111,6.5,6.5
703,LAA,DHAREN-R,-145,-115,9.5,9
703,CLE,McALLISTER-R,125,-105,9.5,9
703,MIN,BLACKBURN-R,170,140,9.5,10.5
703,DET,DBELOW-L,-190,-160,9.5,10.5
703,KAN,VMAZZARO-R,130,140,10.5,9.5
703,TOR,BCECIL-L,-150,-160,10.5,9.5
703,NYY,INOVA-R,-120,-112,8,8
703,TAM,JSHIELDS-R,100,-108,8,8
703,TEX,ROSWALT-R,110,105,9,8.5
703,CWS,CSALE-L,-130,-125,9,8.5
703,BOS,JLESTER-L,-140,-152,7.5,7.5
703,OAK,BCOLON-R,120,132,7.5,7.5
703,BAL,WCHEN-L,115,130,6.5,6
703,SEA,FHERNANDZ-R,-135,-150,6.5,6
704,SFO,BUMGARNER-L,-106,-110,7.5,7.5
704,WAS,EJACKSON-R,-114,-110,7.5,7.5
704,PHI,CLEE-L,-123,-140,8,8
704,NYM,CYOUNG-R,103,120,8,8
704,HOU,DKEUCHEL-L,121,120,8,8.5
704,PIT,KCORREIA-R,-141,-140,8,8.5
704,MIA,JJOHNSON-R,-118,-132,8.5,9.5
704,MIL,RWOLF-L,-102,112,8.5,9.5
704,CUB,PMAHOLM-L,136,140,9,9
704,ATL,RDELGADO-R,-156,-160,9,9
704,COL,JGUTHRIE-R,175,180,9,9.5
704,STL,WAINWRIGHT-R,-205,-210,9,9.5
704,CIN,MLEAKE-R,-125,-160,7,7
704,LOS,AHARANG-R,105,140,7,7
704,SDG,JMARQUIS-R,155,190,9,9
704,ARI,IKENNEDY-R,-175,-220,9,9
704,NYY,DPHELPS-R,116,133,8,8
704,TAM,DPRICE-L,-136,-153,8,8
704,BOS,ACOOK-R,-111,102,7.5,8
704,OAK,AGRIFFIN-R,-109,-122,7.5,8
704,LAA,ESANTANA-R,-113,-110,9.5,9.5
704,CLE,DLOWE-R,-107,-110,9.5,9.5
704,BAL,CTILLMAN-R,-105,-108,8,8.5
704,SEA,HNOESI-R,-105,-112,8,8.5
704,KAN,LMENDOZA-R,120,130,10,9.5
704,TOR,VILLANUEVA-R,-140,-150,10,9.5
704,MIN,BDUENSING-L,205,250,7.5,8.5
704,DET,VERLANDER-R,-235,-290,7.5,8.5
704,TEX,SFELDMAN-R,-110,-110,10,11
704,CWS,DAXELROD-R,-110,-110,10,11
705,MIA,MBUEHRLE-L,110,-106,9,9
705,MIL,MFIERS-R,-130,-114,9,9
705,HOU,BNORRIS-R,120,130,8.5,8.5
705,PIT,JKARSTENS-R,-140,-150,8.5,8.5
705,SFO,MCAIN-R,-125,-114,7.5,7.5
705,WAS,RDETWILER-L,105,-106,7.5,7.5
705,CUB,MGARZA-R,110,130,8.5,8
705,ATL,MMINOR-L,-130,-150,8.5,8
705,PHI,CHAMELS-L,120,-105,7,7
705,NYM,RDICKEY-R,-140,-115,7,7
705,COL,CFRIEDRCH-L,170,160,9.5,9.5
705,STL,LLYNN-R,-190,-180,9.5,9.5
705,LOS,NEOVALDI-R,155,162,8.5,8.5
705,ARI,WMILEY-L,-175,-182,8.5,8.5
705,CIN,MLATOS-R,-145,-134,6.5,6.5
705,SDG,EVOLQUEZ-R,125,114,6.5,6.5
705,MIN,SDIAMOND-L,125,130,9.5,9.5
705,DET,RPORCELLO-R,-145,-150,9.5,9.5
705,TEX,MHARRISON-L,-135,-135,9.5,10
705,CWS,JQUINTANA-L,115,115,9.5,10
705,TAM,HELLICKSON-R,-120,-102,9.5,9.5
705,CLE,JTOMLIN-R,100,-118,9.5,9.5
705,KAN,LHOCHEVAR-R,110,118,10,10
705,TOR,HALVAREZ-R,-130,-138,10,10
705,BAL,JARRIETA-R,150,114,8.5,8.5
705,LAA,GRICHARDS-R,-170,-134,8.5,8.5
706,ATL,THUDSON-R,-124,-118,9,9
706,PHI,KKENDRICK-R,104,-102,9,9
706,SFO,BZITO-L,103,130,8.5,9
706,PIT,EBEDARD-L,-123,-150,8.5,9
706,COL,DPOMERANZ-L,185,200,7.5,7.5
706,WAS,STRASBURG-R,-215,-230,7.5,7.5
706,CUB,TWOOD-L,146,154,7.5,7.5
706,NYM,JSANTANA-L,-166,-174,7.5,7.5
706,MIL,YGALLARDO-R,-124,-140,9,8.5
706,HOU,JHAPP-L,104,120,9,8.5
706,MIA,RNOLASCO-R,123,115,9.5,9.5
706,STL,WESTBROOK-R,-143,-135,9.5,9.5
706,LOS,CKERSHAW-L,-106,-107,7.5,7.5
706,ARI,COLLMENTER-R,-114,-113,7.5,7.5
706,CIN,BARROYO-R,-137,-123,7,7
706,SDG,KWELLS-R,117,103,7,7
706,TAM,ACOBB-R,107,123,8.5,8.5
706,CLE,JMASTERSN-R,-127,-143,8.5,8.5
706,KAN,JSANCHEZ-L,145,170,10,9.5
706,DET,DSMYLY-L,-165,-200,10,9.5
706,NYY,HKURODA-R,-107,-107,9.5,9.5
706,BOS,JBECKETT-R,-113,-113,9.5,9.5
706,MIN,FLIRIANO-L,114,135,10,11
706,TEX,MPEREZ-L,-134,-155,10,11
706,TOR,ALAFFEY-L,129,130,9,9.5
706,CWS,JPEAVY-R,-149,-150,9,9.5
706,BAL,MGONZALEZ-R,170,162,8.5,8
706,LAA,CWILSON-L,-190,-182,8.5,8
706,SEA,KMILLWOOD-R,125,144,7,7
706,OAK,TMILONE-L,-145,-164,7,7
707,SFO,VOGELSONG-R,102,-107,8,8
707,PIT,JMCDONALD-R,-122,-113,8,8
707,MIL,ZGREINKE-R,-133,-150,7.5,7.5
707,HOU,WRODRIGUZ-L,113,130,7.5,7.5
707,COL,JFRANCIS-L,170,180,8.5,8.5
707,WAS,GGONZALEZ-L,-200,-210,8.5,8.5
707,CUB,SAMARDZIJA-R,135,122,8,8.5
707,NYM,DGEE-R,-155,-142,8,8.5
707,MIA,CZAMBRANO-R,130,118,9,9.5
707,STL,KLOHSE-R,-150,-138,9,9.5
707,ATL,THANSON-R,-113,-109,9,9
707,PHI,JBLANTON-R,-107,-111,9,9
707,CIN,HBAILEY-R,-114,-110,6.5,6.5
707,SDG,CRICHARD-L,-106,-110,6.5,6.5
707,LOS,BILLINGSLY-R,133,135,8.5,8.5
707,ARI,TCAHILL-R,-153,-155,8.5,8.5
707,KAN,BCHEN-L,133,130,9,9
707,DET,DFISTER-R,-153,-150,9,9
707,TOR,RROMERO-L,106,116,10,10
707,CWS,GFLOYD-R,-126,-136,10,10
707,TAM,MMOORE-L,-105,-115,8.5,8.5
707,CLE,UJIMENEZ-R,-115,-105,8.5,8.5
707,MIN,SDEDUNO-R,190,170,11,10.5
707,TEX,DHOLLAND-L,-220,-190,11,10.5
707,NYY,PHUGHES-R,103,-113,10.5,10.5
707,BOS,FDOUBRONT-L,-123,-107,10.5,10.5
707,BAL,JHAMMEL-R,148,141,7,7
707,LAA,JWEAVER-R,-168,-161,7,7
707,SEA,JVARGAS-L,134,122,6.5,6.5
707,OAK,JPARKER-R,-154,-142,6.5,6.5
707,NYY,FGARCIA-R,-113,112,10.5,10.5
707,BOS,FMORALES-L,-107,-132,10.5,10.5
708,CUB,RDEMPSTER-R,120,142,8,7.5
708,NYM,JNIESE-L,-140,-162,8,7.5
708,SFO,TLINCECUM-R,120,108,8.5,8
708,PIT,ABURNETT-R,-140,-128,8.5,8
708,COL,JGUTHRIE-R,180,170,9,8.5
708,WAS,ZIMMERMANN-R,-210,-200,9,8.5
708,ATL,JJURRJENS-R,105,124,9,8.5
708,PHI,VWORLEY-R,-125,-144,9,8.5
708,MIL,ZGREINKE-R,-140,-171,9,8
708,HOU,JLYLES-R,120,151,9,8
708,MIA,ASANCHEZ-R,115,-105,9.5,9
708,STL,JKELLY-R,-135,-115,9.5,9
708,CIN,JCUETO-R,-160,-160,6.5,7
708,SDG,JMARQUIS-R,140,140,6.5,7
708,LOS,CCAPUANO-L,100,-102,9,9
708,ARI,TBAUER-R,-120,-118,9,9
708,TAM,JSHIELDS-R,100,-105,9,8.5
708,CLE,McALLISTER-R,-120,-105,9,8.5
708,KAN,ETEAFORD-L,155,160,9,9
708,DET,MSCHERZER-R,-175,-180,9,9
708,TOR,BCECIL-L,125,-101,11,10.5
708,CWS,DAXELROD-R,-145,-119,11,10.5
708,BAL,WCHEN-L,115,103,8.5,9
708,LAA,BMILLS-L,-135,-123,8.5,9
708,SEA,FHERNANDZ-R,-110,-113,6.5,6.5
708,OAK,BCOLON-R,-110,-107,6.5,6.5
708,MIN,CDEVRIES-R,160,170,11.5,11
708,TEX,ROSWALT-R,-180,-200,11.5,11
708,NYY,INOVA-R,105,107,10,9.5
708,BOS,JLESTER-L,-125,-127,10,9.5
713,ARI,IKENNEDY-R,-126,-129,8,8
713,CUB,PMAHOLM-L,106,109,8,8
713,WAS,ZIMMERMANN-R,112,105,7.5,7.5
713,MIA,JJOHNSON-R,-132,-125,7.5,7.5
713,STL,WAINWRIGHT-R,100,111,8.5,8
713,CIN,MLATOS-R,-120,-131,8.5,8
713,NYM,CYOUNG-R,132,143,8.5,8.5
713,ATL,THUDSON-R,-152,-163,8.5,8.5
713,PIT,JMCDONALD-R,132,124,7.5,7.5
713,MIL,ZGREINKE-R,-152,-144,7.5,7.5
713,PHI,CLEE-L,-147,-161,10,10
713,COL,CFRIEDRCH-L,127,141,10,10
713,SDG,CRICHARD-L,162,175,6,6.5
713,LOS,CKERSHAW-L,-182,-195,6,6.5
713,HOU,WRODRIGUZ-L,181,170,7,6.5
713,SFO,BUMGARNER-L,-211,-190,7,6.5
713,LAA,CWILSON-L,100,105,8.5,9
713,NYY,HKURODA-R,-120,-125,8.5,9
713,CLE,JMASTERSN-R,101,105,9.5,9.5
713,TOR,RROMERO-L,-121,-125,9.5,9.5
713,DET,DFISTER-R,-113,-114,9,9
713,BAL,JHAMMEL-R,-107,-106,9,9
713,BOS,FMORALES-L,-113,-108,8.5,8
713,TAM,HELLICKSON-R,-107,-112,8.5,8
713,CWS,JQUINTANA-L,-120,-111,9,9
713,KAN,BCHEN-L,100,-109,9,9
713,OAK,AGRIFFIN-R,105,115,8,7.5
713,MIN,FLIRIANO-L,-125,-135,8,7.5
713,TEX,DHOLLAND-L,-147,-154,8,7.5
713,SEA,KMILLWOOD-R,127,134,8,7.5
714,PHI,VWORLEY-R,-127,-122,10.5,11
714,COL,JGUTHRIE-R,107,102,10.5,11
714,NYM,RDICKEY-R,-107,-106,7.5,7.5
714,ATL,THANSON-R,-113,-114,7.5,7.5
714,ARI,JSAUNDERS-L,-101,-103,8,8.5
714,CUB,RDEMPSTER-R,-119,-117,8,8.5
714,PIT,KCORREIA-R,107,138,9,9
714,MIL,MESTRADA-R,-127,-158,9,9
714,STL,KLOHSE-R,-101,-103,9,9
714,CIN,MLEAKE-R,-119,-117,9,9
714,WAS,GGONZALEZ-L,-113,-115,7.5,7.5
714,MIA,MBUEHRLE-L,-107,-105,7.5,7.5
714,HOU,LHARRELL-R,134,146,7,7
714,SFO,TLINCECUM-R,-154,-166,7,7
714,SDG,EVOLQUEZ-R,116,115,7,8.5
714,LOS,AHARANG-R,-136,-135,7,8.5
714,LAA,JWILLIAMS-R,110,110,10,11
714,NYY,FGARCIA-R,-130,-130,10,11
714,CLE,UJIMENEZ-R,-102,101,10,10
714,TOR,ALAFFEY-L,-118,-121,10,10
714,DET,MSCHERZER-R,-113,-129,9,9
714,BAL,WCHEN-L,-107,109,9,9
714,OAK,TMILONE-L,-101,-102,8,8
714,MIN,CDEVRIES-R,-119,-118,8,8
714,CWS,JPEAVY-R,-118,-122,8.5,8.5
714,KAN,LHOCHEVAR-R,-102,102,8.5,8.5
714,BOS,CBUCHHOLZ-R,134,145,7.5,7.5
714,TAM,DPRICE-L,-154,-165,7.5,7.5
714,TEX,YDARVISH-R,-123,-118,6.5,6.5
714,SEA,FHERNANDZ-R,103,-102,6.5,6.5
715,WAS,STRASBURG-R,-138,-142,7.5,7
715,MIA,RNOLASCO-R,118,122,7.5,7
715,NYM,JSANTANA-L,-114,-107,8.5,8.5
715,ATL,BSHEETS-R,-106,-113,8.5,8.5
715,PIT,ABURNETT-R,116,122,8.5,8.5
715,MIL,YGALLARDO-R,-136,-142,8.5,8.5
715,ARI,TCAHILL-R,-107,-105,7.5,7.5
715,CUB,MGARZA-R,-113,-105,7.5,7.5
715,PHI,CHAMELS-L,-127,-136,10,10
715,COL,DPOMERANZ-L,107,116,10,10
715,HOU,BNORRIS-R,178,200,6.5,6.5
715,SFO,MCAIN-R,-198,-230,6.5,6.5
715,SDG,JMARQUIS-R,139,135,7.5,7.5
715,LOS,CCAPUANO-L,-159,-155,7.5,7.5
715,STL,WESTBROOK-R,133,-110,8.5,9
715,CIN,HBAILEY-R,-153,-110,8.5,9
715,LAA,JWEAVER-R,104,-108,9.5,9
715,NYY,INOVA-R,-124,-112,9.5,9
715,CLE,DLOWE-R,116,123,9.5,10
715,TOR,VILLANUEVA-R,-136,-143,9.5,10
715,DET,VERLANDER-R,-163,-172,8,8.5
715,BAL,MGONZALEZ-R,143,152,8,8.5
715,BOS,JBECKETT-R,-111,-108,8,8
715,TAM,JSHIELDS-R,-109,-112,8,8
715,OAK,JPARKER-R,-114,-110,8.5,8.5
715,MIN,BDUENSING-L,-106,-110,8.5,8.5
715,CWS,CSALE-L,-145,-167,8.5,9
715,KAN,LMENDOZA-R,125,147,8.5,9
715,TEX,MHARRISON-L,-162,-180,8,7.5
715,SEA,HIWAKUMA-R,142,160,8,7.5
716,WAS,EJACKSON-R,-111,-109,8,8
716,MIA,CZAMBRANO-R,-109,-111,8,8
716,ARI,WMILEY-L,110,100,8.5,8.5
716,CIN,BARROYO-R,-130,-120,8.5,8.5
716,STL,LLYNN-R,-106,-107,8.5,8.5
716,MIL,MFIERS-R,-114,-113,8.5,8.5
716,PIT,JKARSTENS-R,-105,-110,10.5,10
716,COL,JFRANCIS-L,-115,-110,10.5,10
716,HOU,JHAPP-L,-103,111,7,7
716,SDG,KWELLS-R,-117,-131,7,7
716,PHI,JBLANTON-R,-103,-110,8,7.5
716,LOS,NEOVALDI-R,-117,-110,8,7.5
716,LAA,ESANTANA-R,-103,102,10,10
716,DET,RPORCELLO-R,-117,-122,10,10
716,TOR,HALVAREZ-R,148,160,10,11
716,NYY,PHUGHES-R,-168,-180,10,11
716,CWS,DAXELROD-R,110,124,11,10.5
716,BOS,ACOOK-R,-130,-144,11,10.5
716,CLE,McALLISTER-R,125,102,8.5,8.5
716,TAM,ACOBB-R,-145,-122,8.5,8.5
716,BAL,CTILLMAN-R,102,110,8.5,9
716,MIN,SDIAMOND-L,-122,-130,8.5,9
716,SEA,JVARGAS-L,-107,-105,9,9
716,KAN,JSANCHEZ-L,-113,-115,9,9
717,NYM,JNIESE-L,105,100,8,8.5
717,WAS,RDETWILER-L,-125,-120,8,8.5
717,ARI,TBAUER-R,156,135,8.5,8
717,CIN,JCUETO-R,-176,-155,8.5,8
717,SFO,BZITO-L,128,130,9,8.5
717,ATL,JJURRJENS-R,-148,-150,9,8.5
717,MIA,ASANCHEZ-R,-107,-118,9.5,9.5
717,CUB,TWOOD-L,-113,-102,9.5,9.5
717,STL,JKELLY-R,-112,-114,9.5,10
717,MIL,RWOLF-L,-108,-106,9.5,10
717,PIT,EBEDARD-L,-109,-103,11,10.5
717,COL,CFRIEDRCH-L,-111,-117,11,10.5
717,HOU,JLYLES-R,-108,104,7.5,7
717,SDG,ROHLENDRF-R,-112,-124,7.5,7
717,PHI,RHALLADAY-R,-156,-164,7.5,7.5
717,LOS,SFIFE-R,136,144,7.5,7.5
717,LAA,GRICHARDS-R,100,102,10,11
717,DET,JTURNER-R,-120,-122,10,11
717,TOR,BCECIL-L,185,200,9.5,10
717,NYY,CSABATHIA-L,-215,-240,9.5,10
717,CWS,PHUMBER-R,140,170,9.5,10
717,BOS,JLESTER-L,-160,-190,9.5,10
717,CLE,JTOMLIN-R,130,137,8.5,8
717,TAM,MMOORE-L,-150,-157,8.5,8
717,BAL,ZBRITTON-L,-113,-105,9,10
717,MIN,SDEDUNO-R,-107,-105,9,10
717,SEA,BBEAVAN-R,100,112,9,10
717,KAN,RVERDUGO-L,-120,-132,9,10
717,TEX,ROSWALT-R,-125,-113,7.5,7.5
717,OAK,BCOLON-R,105,-107,7.5,7.5
718,STL,WAINWRIGHT-R,-127,-150,9,9
718,MIL,TTHORNBUR-R,107,130,9,9
718,PHI,CLEE-L,107,-103,6.5,6
718,LOS,CKERSHAW-L,-127,-117,6.5,6
718,PIT,JMCDONALD-R,-106,-125,10.5,11
718,COL,JGUTHRIE-R,-114,105,10.5,11
718,HOU,WRODRIGUZ-L,110,108,6.5,6.5
718,SDG,CRICHARD-L,-130,-128,6.5,6.5
718,NYM,CYOUNG-R,131,154,8,8
718,WAS,ZIMMERMANN-R,-151,-174,8,8
718,SFO,VOGELSONG-R,-103,-106,8.5,8.5
718,ATL,MMINOR-L,-117,-114,8.5,8.5
718,ARI,IKENNEDY-R,120,115,8,8
718,CIN,MLATOS-R,-140,-135,8,8
718,MIA,JJOHNSON-R,-130,-117,7.5,7.5
718,CUB,SAMARDZIJA-R,110,-103,7.5,7.5
718,TOR,RROMERO-L,152,146,10,10.5
718,NYY,HKURODA-R,-172,-166,10,10.5
718,TEX,CLEWIS-R,-130,-133,8,7.5
718,OAK,TBLACKLEY-L,110,113,8,7.5
718,LAA,CWILSON-L,-113,-110,9,9
718,DET,DFISTER-R,-107,-110,9,9
718,CLE,JMASTERSN-R,-103,-105,8,8
718,TAM,HELLICKSON-R,-117,-105,8,8
718,CWS,PHERNANDEZ-L,142,138,10.5,11
718,BOS,FDOUBRONT-L,-162,-158,10.5,11
718,BAL,THUNTER-R,125,140,9,9
718,MIN,FLIRIANO-L,-145,-160,9,9
718,SEA,KMILLWOOD-R,105,113,9,9
718,KAN,BCHEN-L,-125,-133,9,9
719,SFO,BUMGARNER-L,105,-106,8,7.5
719,ATL,THUDSON-R,-125,-114,8,7.5
719,ARI,JSAUNDERS-L,125,124,9,8.5
719,CIN,MLEAKE-R,-145,-144,9,8.5
719,NYM,RDICKEY-R,105,114,7.5,7.5
719,WAS,GGONZALEZ-L,-125,-134,7.5,7.5
719,MIA,MBUEHRLE-L,-125,-121,7.5,7.5
719,CUB,PMAHOLM-L,105,101,7.5,7.5
719,HOU,LHARRELL-R,130,132,6.5,6
719,SDG,EVOLQUEZ-R,-150,-152,6.5,6
719,CLE,UJIMENEZ-R,150,175,7.5,7.5
719,TAM,DPRICE-L,-170,-195,7.5,7.5
719,LAA,JWILLIAMS-R,115,130,9.5,9
719,DET,MSCHERZER-R,-135,-150,9.5,9
719,BAL,WCHEN-L,-105,-107,9,9.5
719,MIN,CDEVRIES-R,-115,-113,9,9.5
719,SEA,FHERNANDZ-R,-125,-128,8.5,9
719,KAN,WSMITH-L,105,108,8.5,9
719,CWS,JQUINTANA-L,115,130,10.5,10.5
719,BOS,CBUCHHOLZ-R,-135,-150,10.5,10.5
719,NYY,FGARCIA-R,-115,-117,7.5,8
719,OAK,AGRIFFIN-R,-105,-103,7.5,8
720,ATL,THANSON-R,135,124,7,6.5
720,WAS,STRASBURG-R,-155,-144,7,6.5
720,MIA,RNOLASCO-R,100,-109,8.5,8.5
720,PIT,KCORREIA-R,-120,-111,8.5,8.5
720,SFO,TLINCECUM-R,105,108,8.5,8
720,PHI,VWORLEY-R,-125,-128,8.5,8
720,MIL,MESTRADA-R,125,-103,9,8.5
720,CIN,HBAILEY-R,-145,-117,9,8.5
720,LOS,AHARANG-R,125,130,7.5,7.5
720,NYM,JSANTANA-L,-145,-150,7.5,7.5
720,CUB,RDEMPSTER-R,130,130,8.5,7.5
720,STL,KLOHSE-R,-150,-150,8.5,7.5
720,HOU,BNORRIS-R,170,170,9,9
720,ARI,TCAHILL-R,-190,-200,9,9
720,COL,DPOMERANZ-L,-105,-105,7,6.5
720,SDG,JMARQUIS-R,-115,-105,7,6.5
720,BAL,MGONZALEZ-R,115,107,9,9.5
720,CLE,DLOWE-R,-135,-127,9,9.5
720,CWS,JPEAVY-R,155,160,7.5,7
720,DET,VERLANDER-R,-175,-180,7.5,7
720,TOR,ALAFFEY-L,170,160,9.5,9
720,BOS,JBECKETT-R,-190,-180,9.5,9
720,SEA,HIWAKUMA-R,170,160,8,7.5
720,TAM,JSHIELDS-R,-190,-180,8,7.5
720,MIN,BLACKBURN-R,120,130,9.5,10
720,KAN,LHOCHEVAR-R,-140,-150,9.5,10
720,NYY,INOVA-R,-135,-130,7.5,7.5
720,OAK,TMILONE-L,115,110,7.5,7.5
720,TEX,DHOLLAND-L,125,124,7.5,7.5
720,LAA,JWEAVER-R,-145,-144,7.5,7.5
721,LOS,CCAPUANO-L,-113,-130,8.5,8.5
721,NYM,MBATISTA-R,-107,110,8.5,8.5
721,CUB,MGARZA-R,120,120,9,8
721,STL,WESTBROOK-R,-140,-140,9,8
721,SFO,MCAIN-R,-102,109,7,7
721,PHI,CHAMELS-L,-118,-129,7,7
721,ATL,RDELGADO-R,104,-112,8.5,8.5
721,WAS,JLANNAN-L,-124,-108,8.5,8.5
721,MIA,CZAMBRANO-R,110,130,8,8
721,PIT,ABURNETT-R,-130,-150,8,8
721,MIL,YGALLARDO-R,-105,-105,8.5,8
721,CIN,BARROYO-R,-115,-105,8.5,8
721,HOU,DKEUCHEL-L,170,190,8.5,8.5
721,ARI,WMILEY-L,-190,-220,8.5,8.5
721,COL,JFRANCIS-L,-105,-105,7,7
721,SDG,KWELLS-R,-115,-105,7,7
721,TEX,YDARVISH-R,-113,-119,8.5,9
721,LAA,ESANTANA-R,-107,-101,8.5,9
721,BAL,CTILLMAN-R,110,136,9,9
721,CLE,McALLISTER-R,-130,-156,9,9
721,CWS,CSALE-L,-113,-115,8.5,8.5
721,DET,RPORCELLO-R,-107,-105,8.5,8.5
721,MIN,SDIAMOND-L,-112,105,9.5,9
721,KAN,LMENDOZA-R,-108,-125,9.5,9
721,TOR,VILLANUEVA-R,120,113,10.5,10
721,BOS,ACOOK-R,-140,-133,10.5,10
721,SEA,JVARGAS-L,123,124,8.5,7.5
721,TAM,ACOBB-R,-143,-144,8.5,7.5
721,NYY,PHUGHES-R,-114,-129,7.5,7.5
721,OAK,JPARKER-R,-106,109,7.5,7.5
721,ATL,BSHEETS-R,105,-108,8.5,8
721,WAS,EJACKSON-R,-125,-112,8.5,8
722,MIL,MFIERS-R,130,120,8,7.5
722,CIN,JCUETO-R,-150,-140,8,7.5
722,LOS,NEOVALDI-R,115,135,8,8
722,NYM,JNIESE-L,-135,-155,8,8
722,SFO,BZITO-L,112,120,9,9
722,PHI,JBLANTON-R,-132,-140,9,9
722,ATL,JJURRJENS-R,102,124,8.5,8.5
722,WAS,RDETWILER-L,-122,-144,8.5,8.5
722,MIA,ASANCHEZ-R,-107,-105,8,7.5
722,PIT,JKARSTENS-R,-113,-115,8,7.5
722,CUB,TWOOD-L,170,190,8.5,8.5
722,STL,LLYNN-R,-200,-220,8.5,8.5
722,COL,CFRIEDRCH-L,-106,-118,7.5,7.5
722,SDG,ROHLENDRF-R,-114,-102,7.5,7.5
722,HOU,JLYLES-R,160,200,9.5,9
722,ARI,COLLMENTER-R,-180,-240,9.5,9
722,CWS,PHUMBER-R,-102,108,10,10
722,DET,JTURNER-R,-118,-128,10,10
722,TOR,HALVAREZ-R,150,170,9.5,9
722,BOS,JLESTER-L,-170,-190,9.5,9
722,SEA,BBEAVAN-R,147,164,8,7.5
722,TAM,MMOORE-L,-167,-184,8,7.5
722,MIN,SDEDUNO-R,-102,132,10.5,10.5
722,KAN,JGUTHRIE-R,-118,-152,10.5,10.5
722,BAL,ZBRITTON-L,107,100,9.5,9.5
722,CLE,JTOMLIN-R,-127,-120,9.5,9.5
722,TEX,MHARRISON-L,-112,-114,8,8
722,LAA,DHAREN-R,-108,-106,8,8
722,NYY,CSABATHIA-L,-160,-180,7.5,7.5
722,OAK,BCOLON-R,140,160,7.5,7.5
723,CUB,SAMARDZIJA-R,130,135,8,8
723,PIT,EBEDARD-L,-150,-155,8,8
723,MIL,RWOLF-L,190,180,7.5,8
723,PHI,RHALLADAY-R,-220,-210,7.5,8
723,ATL,MMINOR-L,125,103,8,8
723,MIA,JJOHNSON-R,-145,-123,8,8
723,WAS,ZIMMERMANN-R,-130,-137,8,8
723,NYM,CYOUNG-R,110,117,8,8
723,CIN,MLATOS-R,-160,-155,7.5,7.5
723,HOU,WRODRIGUZ-L,140,135,7.5,7.5
723,LOS,BILLINGSLY-R,125,123,9,9
723,STL,JKELLY-R,-145,-143,9,9
723,COL,JSANCHEZ-L,170,200,9.5,9
723,ARI,IKENNEDY-R,-200,-230,9.5,9
723,SDG,CRICHARD-L,160,142,6.5,6.5
723,SFO,VOGELSONG-R,-180,-162,6.5,6.5
723,BAL,THUNTER-R,145,130,9,9.5
723,CLE,JMASTERSN-R,-165,-150,9,9.5
723,BOS,FDOUBRONT-L,125,105,10.5,10.5
723,TEX,SFELDMAN-R,-145,-125,10.5,10.5
723,MIN,FLIRIANO-L,120,114,9,9
723,CWS,GFLOYD-R,-140,-134,9,9
723,KAN,BCHEN-L,180,180,8,7.5
723,LAA,CWILSON-L,-210,-210,8,7.5
723,NYY,HKURODA-R,-160,-180,7.5,7.5
723,SEA,KMILLWOOD-R,140,160,7.5,7.5
724,CUB,PMAHOLM-L,150,149,7.5,7.5
724,PIT,JMCDONALD-R,-170,-169,7.5,7.5
724,MIL,ZGREINKE-R,130,130,7.5,7.5
724,PHI,CLEE-L,-150,-150,7.5,7.5
724,WAS,GGONZALEZ-L,-110,-112,7.5,7
724,NYM,RDICKEY-R,-110,-108,7.5,7
724,ATL,THUDSON-R,-120,-112,7.5,7.5
724,MIA,MBUEHRLE-L,100,-108,7.5,7.5
724,CIN,MLEAKE-R,-160,-133,8,7.5
724,HOU,LHARRELL-R,140,113,8,7.5
724,LOS,CKERSHAW-L,110,116,7,7.5
724,STL,WAINWRIGHT-R,-130,-136,7,7.5
724,COL,ECABRERA-L,159,170,10,10
724,ARI,JSAUNDERS-L,-179,-190,10,10
724,SDG,EVOLQUEZ-R,145,160,6.5,6.5
724,SFO,BUMGARNER-L,-165,-180,6.5,6.5
724,OAK,TBLACKLEY-L,-105,100,9.5,9
724,TOR,BCECIL-L,-115,-120,9.5,9
724,TAM,HELLICKSON-R,115,118,8.5,8.5
724,BAL,WCHEN-L,-135,-138,8.5,8.5
724,DET,DFISTER-R,-130,-123,9,8.5
724,CLE,UJIMENEZ-R,110,103,9,8.5
724,BOS,CBUCHHOLZ-R,-110,-107,10.5,10.5
724,TEX,MPEREZ-L,-110,-113,10.5,10.5
724,MIN,CDEVRIES-R,155,160,8.5,9
724,CWS,JQUINTANA-L,-175,-180,8.5,9
724,KAN,WSMITH-L,155,160,9,9
724,LAA,GRICHARDS-R,-175,-180,9,9
724,NYY,FGARCIA-R,-105,100,7,7
724,SEA,FHERNANDZ-R,-115,-120,7,7
725,WAS,STRASBURG-R,-170,-174,7.5,7.5
725,NYM,JHEFNER-R,150,154,7.5,7.5
725,CUB,RDEMPSTER-R,115,113,7.5,7.5
725,PIT,KCORREIA-R,-135,-133,7.5,7.5
725,ATL,THANSON-R,-115,-117,7.5,7.5
725,MIA,RNOLASCO-R,-105,-103,7.5,7.5
725,MIL,MESTRADA-R,105,116,8.5,8.5
725,PHI,VWORLEY-R,-125,-136,8.5,8.5
725,SDG,JMARQUIS-R,170,152,7.5,7
725,SFO,TLINCECUM-R,-190,-172,7.5,7
725,CIN,HBAILEY-R,-165,-144,8,7.5
725,HOU,BNORRIS-R,145,124,8,7.5
725,LOS,AHARANG-R,140,132,7.5,9.5
725,STL,KLOHSE-R,-160,-152,7.5,9.5
725,COL,JFRANCIS-L,160,170,9.5,9
725,ARI,TCAHILL-R,-180,-190,9.5,9
725,MIN,BLACKBURN-R,180,170,9.5,9.5
725,CWS,JPEAVY-R,-210,-190,9.5,9.5
725,KAN,LHOCHEVAR-R,200,190,7.5,8
725,LAA,JWEAVER-R,-230,-220,7.5,8
725,NYY,INOVA-R,-190,-160,8,7.5
725,SEA,HIWAKUMA-R,170,140,8,7.5
725,TAM,DPRICE-L,-145,-140,8,8.5
725,BAL,MGONZALEZ-R,125,120,8,8.5
725,DET,MSCHERZER-R,-140,-136,9,9
725,CLE,DLOWE-R,120,116,9,9
725,OAK,AGRIFFIN-R,100,107,8.5,9
725,TOR,RROMERO-L,-120,-127,8.5,9
725,BOS,JBECKETT-R,110,113,10,9.5
725,TEX,DHOLLAND-L,-130,-133,10,9.5
726,LOS,CCAPUANO-L,114,108,9,8.5
726,STL,WESTBROOK-R,-134,-128,9,8.5
726,PIT,ABURNETT-R,-150,-165,8.5,8.5
726,HOU,DKEUCHEL-L,130,145,8.5,8.5
726,WAS,EJACKSON-R,101,130,8,8
726,MIL,YGALLARDO-R,-121,-150,8,8
726,NYM,MHARVEY-R,139,162,9,9
726,ARI,WMILEY-L,-159,-182,9,9
726,TAM,JSHIELDS-R,-109,-113,9,9
726,BAL,CTILLMAN-R,-111,-107,9,9
726,OAK,TMILONE-L,-102,-108,9,8.5
726,TOR,ALAFFEY-L,-118,-112,9,8.5
726,DET,VERLANDER-R,-172,-166,7.5,8
726,CLE,McALLISTER-R,152,146,7.5,8
726,KAN,LMENDOZA-R,-103,-108,7,7
726,SEA,JVARGAS-L,-117,-112,7,7
727,STL,LLYNN-R,-153,-168,8,7.5
727,CUB,TWOOD-L,133,148,8,7.5
727,SDG,KWELLS-R,114,130,8.5,8.5
727,MIA,CZAMBRANO-R,-134,-150,8.5,8.5
727,PHI,CHAMELS-L,-113,-118,7.5,7.5
727,ATL,BSHEETS-R,-107,-102,7.5,7.5
727,PIT,JKARSTENS-R,-139,-160,8.5,8
727,HOU,JLYLES-R,119,140,8.5,8
727,WAS,RDETWILER-L,-104,110,8,8
727,MIL,MFIERS-R,-116,-130,8,8
727,CIN,BARROYO-R,-118,-117,10.5,10
727,COL,DPOMERANZ-L,-102,-103,10.5,10
727,NYM,JNIESE-L,114,115,9,9
727,ARI,COLLMENTER-R,-134,-135,9,9
727,LOS,SFIFE-R,160,164,6.5,6.5
727,SFO,MCAIN-R,-180,-184,6.5,6.5
727,DET,RPORCELLO-R,-112,-105,9,9
727,TOR,VILLANUEVA-R,-108,-115,9,9
727,OAK,JPARKER-R,-106,-112,8.5,8.5
727,BAL,ZBRITTON-L,-114,-108,8.5,8.5
727,BOS,ACOOK-R,139,150,10.5,10
727,NYY,PHUGHES-R,-159,-170,10.5,10
727,CWS,CSALE-L,106,118,9,8.5
727,TEX,YDARVISH-R,-126,-138,9,8.5
727,CLE,JTOMLIN-R,100,117,9,9
727,MIN,SDIAMOND-L,-120,-137,9,9
727,TAM,ACOBB-R,144,155,8.5,8
727,LAA,DHAREN-R,-164,-175,8.5,8
727,KAN,JGUTHRIE-R,107,-102,7.5,7
727,SEA,BBEAVAN-R,-127,-118,7.5,7
728,STL,JKELLY-R,-125,-107,7.5,7.5
728,CUB,SAMARDZIJA-R,105,-113,7.5,7.5
728,PHI,JBLANTON-R,110,107,8.5,8
728,ATL,MMINOR-L,-130,-127,8.5,8
728,PIT,WRODRIGUZ-L,-170,-173,8.5,8.5
728,HOU,GALARRAGA-R,150,153,8.5,8.5
728,SDG,ROHLENDRF-R,120,119,9,8.5
728,MIA,NEOVALDI-R,-140,-139,9,8.5
728,WAS,ZIMMERMANN-R,-145,-135,8,8
728,MIL,RWOLF-L,125,115,8,8
728,NYM,CYOUNG-R,150,160,9,9
728,ARI,IKENNEDY-R,-170,-180,9,9
728,CIN,JCUETO-R,-170,-150,10,9.5
728,COL,CFRIEDRCH-L,150,130,10,9.5
728,LOS,BILLINGSLY-R,105,-111,7.5,7.5
728,SFO,BZITO-L,-125,-109,7.5,7.5
728,DET,ASANCHEZ-R,-125,-138,9.5,9.5
728,TOR,HALVAREZ-R,105,118,9.5,9.5
728,BOS,JLESTER-L,155,154,9,9
728,NYY,CSABATHIA-L,-175,-174,9,9
728,KAN,BCHEN-L,-110,-108,7.5,7
728,SEA,KMILLWOOD-R,-110,-112,7.5,7
728,OAK,BCOLON-R,-110,-105,9,9
728,BAL,THUNTER-R,-110,-105,9,9
728,CLE,JMASTERSN-R,-130,-125,9,9
728,MIN,SDEDUNO-R,110,105,9,9
728,CWS,PHUMBER-R,170,170,10,9.5
728,TEX,MHARRISON-L,-190,-190,10,9.5
728,TAM,MMOORE-L,145,140,7.5,7.5
728,LAA,CWILSON-L,-165,-160,7.5,7.5
729,PHI,RHALLADAY-R,-113,-112,7.5,7.5
729,ATL,THUDSON-R,-107,-108,7.5,7.5
729,SDG,CRICHARD-L,144,145,7.5,7.5
729,MIA,JJOHNSON-R,-164,-165,7.5,7.5
729,PIT,JMCDONALD-R,-152,-138,8,7.5
729,HOU,LHARRELL-R,132,118,8,7.5
729,WAS,GGONZALEZ-L,-138,-150,8.5,8.5
729,MIL,MROGERS-R,118,130,8.5,8.5
729,STL,WAINWRIGHT-R,-147,-144,7.5,8
729,CUB,PMAHOLM-L,127,124,7.5,8
729,CIN,MLATOS-R,-164,-160,10.5,10.5
729,COL,JSANCHEZ-L,144,140,10.5,10.5
729,LOS,CKERSHAW-L,-106,-113,6,6.5
729,SFO,VOGELSONG-R,-114,-107,6,6.5
729,NYM,RDICKEY-R,-114,-110,8.5,8.5
729,ARI,JSAUNDERS-L,-106,-110,8.5,8.5
729,DET,DFISTER-R,-138,-144,9.5,9
729,TOR,BCECIL-L,118,124,9.5,9
729,OAK,TBLACKLEY-L,100,106,8.5,8.5
729,BAL,WCHEN-L,-120,-126,8.5,8.5
729,CLE,UJIMENEZ-R,113,-107,8,9
729,MIN,BDUENSING-L,-133,-113,8,9
729,TAM,HELLICKSON-R,152,150,8,8
729,LAA,ZGREINKE-R,-172,-170,8,8
729,KAN,WSMITH-L,147,170,6.5,6.5
729,SEA,FHERNANDZ-R,-167,-190,6.5,6.5
729,CWS,GFLOYD-R,117,132,10.5,10
729,TEX,SFELDMAN-R,-137,-152,10.5,10
729,BOS,FDOUBRONT-L,148,142,10,9.5
729,NYY,HKURODA-R,-168,-162,10,9.5
730,MIA,MBUEHRLE-L,122,138,8,7.5
730,ATL,THANSON-R,-142,-158,8,7.5
730,SDG,EVOLQUEZ-R,132,124,8.5,8
730,CIN,MLEAKE-R,-152,-144,8.5,8
730,PIT,EBEDARD-L,-130,-129,9,8.5
730,CUB,JGERMANO-R,110,109,9,8.5
730,HOU,BNORRIS-R,155,150,8.5,8.5
730,MIL,MESTRADA-R,-175,-170,8.5,8.5
730,ARI,TCAHILL-R,110,100,7.5,7.5
730,LOS,AHARANG-R,-130,-120,7.5,7.5
730,NYM,JHEFNER-R,178,170,7,6.5
730,SFO,BUMGARNER-L,-198,-200,7,6.5
730,BAL,MGONZALEZ-R,157,146,10,9.5
730,NYY,FGARCIA-R,-177,-166,10,9.5
730,DET,MSCHERZER-R,100,-104,9.5,9.5
730,BOS,CBUCHHOLZ-R,-120,-116,9.5,9.5
730,LAA,ESANTANA-R,120,134,10.5,10.5
730,TEX,ROSWALT-R,-140,-154,10.5,10.5
730,CWS,JQUINTANA-L,-135,-126,9,9
730,MIN,CDEVRIES-R,115,106,9,9
730,TAM,DPRICE-L,-110,-130,6.5,6.5
730,OAK,AGRIFFIN-R,-110,110,6.5,6.5
730,TOR,RROMERO-L,-114,-105,7.5,7.5
730,SEA,HIWAKUMA-R,-106,-105,7.5,7.5
731,PHI,CLEE-L,125,120,6.5,6.5
731,WAS,STRASBURG-R,-145,-140,6.5,6.5
731,MIA,RNOLASCO-R,130,154,8.5,8.5
731,ATL,KMEDLEN-R,-150,-174,8.5,8.5
731,SDG,JMARQUIS-R,160,150,8.5,8.5
731,CIN,HBAILEY-R,-180,-170,8.5,8.5
731,PIT,ABURNETT-R,-113,-130,8.5,8.5
731,CUB,CCOLEMAN-R,-107,110,8.5,8.5
731,HOU,DKEUCHEL-L,210,220,8.5,8.5
731,MIL,YGALLARDO-R,-250,-260,8.5,8.5
731,STL,KLOHSE-R,-140,-129,10.5,10.5
731,COL,JFRANCIS-L,120,109,10.5,10.5
731,ARI,WMILEY-L,102,100,7,7
731,LOS,CCAPUANO-L,-122,-120,7,7
731,NYM,MHARVEY-R,125,142,6.5,6.5
731,SFO,TLINCECUM-R,-145,-162,6.5,6.5
731,BAL,CTILLMAN-R,157,150,9.5,9.5
731,NYY,INOVA-R,-177,-170,9.5,9.5
731,DET,VERLANDER-R,-127,-135,8,8
731,BOS,JBECKETT-R,107,115,8,8
731,LAA,JWEAVER-R,-106,-107,9.5,9.5
731,TEX,DHOLLAND-L,-114,-113,9.5,9.5
731,CLE,DLOWE-R,-113,100,9.5,9.5
731,KAN,LHOCHEVAR-R,-107,-120,9.5,9.5
731,CWS,FLIRIANO-L,-133,-150,9,9
731,MIN,BLACKBURN-R,113,130,9,9
731,TAM,JSHIELDS-R,-107,100,7,6.5
731,OAK,TMILONE-L,-113,-120,7,6.5
731,TOR,ALAFFEY-L,-112,101,7,7
731,SEA,JVARGAS-L,-108,-121,7,7
801,HOU,JLYLES-R,200,210,8.5,8
801,MIL,MFIERS-R,-240,-250,8.5,8
801,PIT,JKARSTENS-R,-117,-125,8.5,8
801,CUB,TWOOD-L,-103,105,8.5,8
801,ARI,PCORBIN-L,-110,-106,7.5,8.5
801,LOS,SFIFE-R,-110,-114,7.5,8.5
801,PHI,VWORLEY-R,118,104,8.5,8
801,WAS,EJACKSON-R,-138,-124,8.5,8
801,MIA,WLEBLANC-L,157,160,8,7.5
801,ATL,BSHEETS-R,-177,-180,8,7.5
801,SDG,KWELLS-R,152,143,8.5,9
801,CIN,BARROYO-R,-172,-163,8.5,9
801,STL,WESTBROOK-R,-130,-140,10.5,10.5
801,COL,DPOMERANZ-L,110,120,10.5,10.5
801,NYM,JNIESE-L,149,154,6.5,6.5
801,SFO,MCAIN-R,-169,-174,6.5,6.5
801,BAL,ZBRITTON-L,166,164,10,9.5
801,NYY,PHUGHES-R,-186,-184,10,9.5
801,CWS,JPEAVY-R,-123,-119,8.5,8
801,MIN,SDIAMOND-L,103,-101,8.5,8
801,TAM,ACOBB-R,-103,-101,7.5,7.5
801,OAK,JPARKER-R,-117,-119,7.5,7.5
801,DET,RPORCELLO-R,-106,-105,10.5,10.5
801,BOS,ACOOK-R,-114,-105,10.5,10.5
801,LAA,GRICHARDS-R,145,146,10,10.5
801,TEX,YDARVISH-R,-165,-166,10,10.5
801,CLE,McALLISTER-R,-113,-115,9,9.5
801,KAN,LMENDOZA-R,-107,-105,9,9.5
801,TOR,VILLANUEVA-R,-113,-116,7,7
801,SEA,BBEAVAN-R,-107,-104,7,7
802,SDG,ROHLENDRF-R,170,180,8,8.5
802,CIN,JCUETO-R,-200,-210,8,8.5
802,NYM,CYOUNG-R,107,116,8,7.5
802,SFO,BZITO-L,-127,-136,8,7.5
802,PHI,CHAMELS-L,-113,-113,7.5,7.5
802,WAS,RDETWILER-L,-107,-107,7.5,7.5
802,MIA,NEOVALDI-R,144,164,8.5,7.5
802,ATL,MMINOR-L,-164,-184,8.5,7.5
802,STL,LLYNN-R,-150,-158,11,11
802,COL,AWHITE-R,130,138,11,11
802,MIN,SDEDUNO-R,170,170,10,10
802,BOS,JLESTER-L,-200,-200,10,10
802,LAA,CWILSON-L,-108,100,9.5,10
802,TEX,RDEMPSTER-R,-112,-120,9.5,10
802,CLE,CKLUBER-R,-106,118,10,9.5
802,KAN,BCHEN-L,-114,-138,10,9.5
802,TOR,HALVAREZ-R,110,117,7.5,7
802,OAK,BCOLON-R,-130,-137,7.5,7
803,MIA,JJOHNSON-R,121,121,7,7
803,WAS,GGONZALEZ-L,-141,-141,7,7
803,ARI,IKENNEDY-R,-105,-138,8.5,8.5
803,PHI,KKENDRICK-R,-105,118,8.5,8.5
803,PIT,WRODRIGUZ-L,132,113,8,8
803,CIN,MLATOS-R,-152,-133,8,8
803,HOU,GALARRAGA-R,224,250,8,8.5
803,ATL,THUDSON-R,-264,-300,8,8.5
803,MIL,RWOLF-L,134,131,9,9.5
803,STL,JKELLY-R,-154,-151,9,9.5
803,SFO,VOGELSONG-R,-150,-150,10.5,10.5
803,COL,JSANCHEZ-L,130,130,10.5,10.5
803,NYM,RDICKEY-R,-125,-134,7,6.5
803,SDG,CRICHARD-L,105,114,7,6.5
803,CUB,SAMARDZIJA-R,125,138,9,7
803,LOS,BILLINGSLY-R,-145,-158,9,7
803,CLE,JMASTERSN-R,120,142,9,9
803,DET,ASANCHEZ-R,-140,-162,9,9
803,SEA,KMILLWOOD-R,205,220,9,9
803,NYY,CSABATHIA-L,-235,-260,9,9
803,BAL,THUNTER-R,143,150,8,8
803,TAM,MMOORE-L,-163,-170,8,8
803,MIN,BDUENSING-L,145,157,10.5,10
803,BOS,FDOUBRONT-L,-165,-177,10.5,10
803,LAA,ZGREINKE-R,-130,-146,8.5,9
803,CWS,PHUMBER-R,110,126,8.5,9
803,TEX,MHARRISON-L,-170,-175,9.5,9.5
803,KAN,JGUTHRIE-R,150,155,9.5,9.5
803,TOR,BCECIL-L,102,153,7.5,7
803,OAK,DSTRAILY-R,-122,-173,7.5,7
803,MIA,BHAND-L,155,145,8.5,8.5
803,WAS,JLANNAN-L,-175,-165,8.5,8.5
804,MIA,MBUEHRLE-L,147,160,7.5,7
804,WAS,ZIMMERMANN-R,-167,-180,7.5,7
804,ARI,JSAUNDERS-L,135,112,8,8
804,PHI,RHALLADAY-R,-155,-132,8,8
804,PIT,JMCDONALD-R,115,100,9,9
804,CIN,MLEAKE-R,-135,-120,9,9
804,HOU,LHARRELL-R,165,180,8,7.5
804,ATL,PMAHOLM-L,-185,-210,8,7.5
804,MIL,MROGERS-R,170,170,9,9
804,STL,WAINWRIGHT-R,-200,-200,9,9
804,SFO,BUMGARNER-L,-145,-155,10,10
804,COL,JFRANCIS-L,125,135,10,10
804,NYM,JHEFNER-R,113,121,6.5,7.5
804,SDG,EVOLQUEZ-R,-133,-141,6.5,7.5
804,CUB,CVOLSTAD-R,205,270,7,6.5
804,LOS,CKERSHAW-L,-245,-320,7,6.5
804,SEA,FHERNANDZ-R,125,130,8,8
804,NYY,HKURODA-R,-145,-150,8,8
804,TOR,RROMERO-L,125,154,7.5,7.5
804,OAK,AGRIFFIN-R,-145,-174,7.5,7.5
804,TEX,SFELDMAN-R,-153,-160,10,10
804,KAN,WSMITH-L,133,140,10,10
804,CLE,UJIMENEZ-R,170,170,9,9
804,DET,DFISTER-R,-190,-200,9,9
804,BAL,WCHEN-L,111,120,7.5,7
804,TAM,HELLICKSON-R,-131,-140,7.5,7
804,MIN,CDEVRIES-R,165,170,10,10
804,BOS,CBUCHHOLZ-R,-185,-200,10,10
804,LAA,ESANTANA-R,105,-110,10,10.5
804,CWS,GFLOYD-R,-125,-110,10,10.5
805,ARI,TCAHILL-R,120,124,7.5,7.5
805,PHI,CLEE-L,-140,-144,7.5,7.5
805,PIT,ABURNETT-R,-105,-110,8,8
805,CIN,HBAILEY-R,-115,-110,8,8
805,MIA,RNOLASCO-R,180,200,7.5,7.5
805,WAS,STRASBURG-R,-210,-230,7.5,7.5
805,HOU,BNORRIS-R,200,200,7.5,7.5
805,ATL,KMEDLEN-R,-230,-230,7.5,7.5
805,MIL,MESTRADA-R,145,160,8.5,8.5
805,STL,KLOHSE-R,-165,-180,8.5,8.5
805,SFO,TLINCECUM-R,-155,-152,11,11
805,COL,TCHATWOOD-R,135,132,11,11
805,NYM,MHARVEY-R,-120,-130,7,7.5
805,SDG,JMARQUIS-R,100,110,7,7.5
805,CUB,JGERMANO-R,140,162,8,8
805,LOS,JBLANTON-R,-160,-182,8,8
805,SEA,HIWAKUMA-R,160,164,10,10
805,NYY,FGARCIA-R,-180,-184,10,10
805,CLE,CSEDDON-L,180,180,9.5,9.5
805,DET,MSCHERZER-R,-210,-210,9.5,9.5
805,MIN,BLACKBURN-R,170,180,10.5,10.5
805,BOS,FMORALES-L,-200,-210,10.5,10.5
805,BAL,MGONZALEZ-R,180,200,7,7
805,TAM,DPRICE-L,-210,-240,7,7
805,TEX,DHOLLAND-L,-150,-140,9.5,9
805,KAN,LHOCHEVAR-R,130,120,9.5,9
805,LAA,DHAREN-R,105,-112,9.5,9.5
805,CWS,FLIRIANO-L,-125,-108,9.5,9.5
805,TOR,ALAFFEY-L,155,150,7.5,7
805,OAK,TMILONE-L,-175,-170,7.5,7
806,ATL,BSHEETS-R,-114,-117,8.5,8
806,PHI,VWORLEY-R,-106,-103,8.5,8
806,ARI,WMILEY-L,-106,-109,8,7.5
806,PIT,EBEDARD-L,-114,-111,8,7.5
806,WAS,EJACKSON-R,-165,-190,8.5,8.5
806,HOU,DKEUCHEL-L,145,170,8.5,8.5
806,CIN,BARROYO-R,110,111,8.5,8
806,MIL,YGALLARDO-R,-130,-131,8.5,8
806,SFO,MCAIN-R,-106,-104,8,8
806,STL,WESTBROOK-R,-114,-116,8,8
806,CUB,TWOOD-L,105,118,7.5,7.5
806,SDG,ESTULTS-L,-125,-138,7.5,7.5
806,COL,DPOMERANZ-L,145,170,7.5,7.5
806,LOS,CCAPUANO-L,-165,-190,7.5,7.5
806,SEA,JVARGAS-L,-101,110,8.5,8.5
806,BAL,CTILLMAN-R,-119,-130,8.5,8.5
806,NYY,INOVA-R,148,154,8,8
806,DET,VERLANDER-R,-168,-174,8,8
806,MIN,SDIAMOND-L,-101,102,8.5,8.5
806,CLE,McALLISTER-R,-119,-122,8.5,8.5
806,TEX,YDARVISH-R,-130,-144,10.5,10
806,BOS,ACOOK-R,110,124,10.5,10
806,KAN,LMENDOZA-R,174,200,8.5,8
806,CWS,CSALE-L,-204,-230,8.5,8
806,LAA,JWEAVER-R,-145,-165,6.5,6.5
806,OAK,JPARKER-R,125,145,6.5,6.5
807,ATL,MMINOR-L,113,116,7.5,7
807,PHI,CHAMELS-L,-133,-136,7.5,7
807,ARI,PCORBIN-L,-107,101,8,7.5
807,PIT,JKARSTENS-R,-113,-121,8,7.5
807,MIA,WLEBLANC-L,125,130,8,7.5
807,NYM,JNIESE-L,-145,-150,8,7.5
807,WAS,RDETWILER-L,-175,-180,8.5,8.5
807,HOU,JLYLES-R,155,160,8.5,8.5
807,CIN,JCUETO-R,-113,-115,7.5,7.5
807,MIL,MFIERS-R,-107,-105,7.5,7.5
807,SFO,BZITO-L,157,180,8.5,9
807,STL,LLYNN-R,-177,-210,8.5,9
807,CUB,BRALEY-L,113,114,7.5,7.5
807,SDG,ROHLENDRF-R,-133,-134,7.5,7.5
807,COL,AWHITE-R,148,160,7.5,7.5
807,LOS,AHARANG-R,-168,-180,7.5,7.5
807,SEA,BBEAVAN-R,-102,117,9.5,9
807,BAL,ZBRITTON-L,-118,-137,9.5,9
807,MIN,SDEDUNO-R,-113,-114,9.5,9.5
807,CLE,CKLUBER-R,-107,-106,9.5,9.5
807,NYY,PHUGHES-R,-113,-110,9.5,9.5
807,DET,RPORCELLO-R,-107,-110,9.5,9.5
807,TOR,JHAPP-L,152,160,7.5,7
807,TAM,JSHIELDS-R,-172,-180,7.5,7
807,TEX,RDEMPSTER-R,-105,-108,9.5,9.5
807,BOS,JLESTER-L,-115,-112,9.5,9.5
807,KAN,BCHEN-L,168,170,9,8.5
807,CWS,JPEAVY-R,-188,-200,9,8.5
807,LAA,CWILSON-L,-133,-142,7,7
807,OAK,BCOLON-R,113,122,7,7
808,CIN,MLATOS-R,-145,-150,8.5,8.5
808,MIL,RWOLF-L,125,130,8.5,8.5
808,CUB,SAMARDZIJA-R,115,114,7,7
808,SDG,CRICHARD-L,-135,-134,7,7
808,ARI,IKENNEDY-R,-120,-138,8,8
808,PIT,KCORREIA-R,100,118,8,8
808,ATL,THUDSON-R,-145,-144,8,8.5
808,PHI,KKENDRICK-R,125,124,8,8.5
808,MIA,NEOVALDI-R,135,120,8,8
808,NYM,CYOUNG-R,-155,-140,8,8
808,WAS,GGONZALEZ-L,-230,-220,8.5,8.5
808,HOU,GALARRAGA-R,200,190,8.5,8.5
808,SFO,VOGELSONG-R,105,-107,8.5,8.5
808,STL,JKELLY-R,-125,-113,8.5,8.5
808,COL,JFRANCIS-L,180,180,7.5,7.5
808,LOS,BILLINGSLY-R,-210,-210,7.5,7.5
808,MIN,BDUENSING-L,120,106,9,9
808,CLE,JMASTERSN-R,-140,-126,9,9
808,TEX,MHARRISON-L,-120,-114,10,9.5
808,BOS,JBECKETT-R,100,-106,10,9.5
808,LAA,ZGREINKE-R,-135,-150,7.5,7
808,OAK,DSTRAILY-R,115,130,7.5,7
808,SEA,KMILLWOOD-R,100,110,9.5,9.5
808,BAL,SJOHNSON-R,-120,-130,9.5,9.5
808,NYY,CSABATHIA-L,-140,-136,8.5,8.5
808,DET,ASANCHEZ-R,120,116,8.5,8.5
808,TOR,VILLANUEVA-R,120,124,8,7.5
808,TAM,ACOBB-R,-140,-144,8,7.5
808,KAN,JGUTHRIE-R,170,145,9.5,9
808,CWS,JQUINTANA-L,-200,-165,9.5,9
809,MIA,JJOHNSON-R,102,134,6.5,6.5
809,NYM,RDICKEY-R,-122,-154,6.5,6.5
809,SFO,BUMGARNER-L,115,105,7.5,7.5
809,STL,WAINWRIGHT-R,-135,-125,7.5,7.5
809,ARI,JSAUNDERS-L,102,104,8,8
809,PIT,WRODRIGUZ-L,-122,-124,8,8
809,CIN,MLEAKE-R,-147,-153,7.5,7.5
809,CUB,CVOLSTAD-R,127,133,7.5,7.5
809,WAS,ZIMMERMANN-R,-180,-172,7.5,7.5
809,HOU,LHARRELL-R,160,152,7.5,7.5
809,NYY,HKURODA-R,-110,-110,9,8.5
809,DET,DFISTER-R,-110,-110,9,8.5
809,TOR,HALVAREZ-R,157,170,7.5,7
809,TAM,MMOORE-L,-177,-190,7.5,7
809,BOS,FDOUBRONT-L,-130,-142,9.5,9
809,CLE,UJIMENEZ-R,110,122,9.5,9
809,KAN,WSMITH-L,139,170,8.5,8.5
809,BAL,WCHEN-L,-159,-190,8.5,8.5
810,CIN,HBAILEY-R,-140,-138,6.5,6.5
810,CUB,JGERMANO-R,120,118,6.5,6.5
810,STL,KLOHSE-R,105,100,7.5,7.5
810,PHI,RHALLADAY-R,-125,-120,7.5,7.5
810,SDG,EVOLQUEZ-R,120,112,7.5,8
810,PIT,JMCDONALD-R,-140,-132,7.5,8
810,LOS,CKERSHAW-L,-160,-161,7,7
810,MIA,MBUEHRLE-L,140,141,7,7
810,ATL,PMAHOLM-L,-130,-110,8,7.5
810,NYM,MHARVEY-R,110,-110,8,7.5
810,MIL,MROGERS-R,-120,-115,8.5,8
810,HOU,BNORRIS-R,100,-105,8.5,8
810,WAS,STRASBURG-R,-120,-122,8,8
810,ARI,TCAHILL-R,100,102,8,8
810,COL,TCHATWOOD-R,180,190,7,7
810,SFO,TLINCECUM-R,-210,-220,7,7
810,KAN,LHOCHEVAR-R,115,-102,9,9.5
810,BAL,MGONZALEZ-R,-135,-118,9,9.5
810,BOS,CBUCHHOLZ-R,-160,-150,9,8.5
810,CLE,CSEDDON-L,140,130,9,8.5
810,NYY,FGARCIA-R,-130,-136,9.5,9.5
810,TOR,RROMERO-L,110,116,9.5,9.5
810,DET,MSCHERZER-R,120,114,10.5,10
810,TEX,SFELDMAN-R,-140,-134,10.5,10
810,OAK,BMCCARTHY-R,105,-112,8.5,8.5
810,CWS,GFLOYD-R,-125,-108,8.5,8.5
810,TAM,HELLICKSON-R,-110,-115,8.5,9
810,MIN,CDEVRIES-R,-110,-105,8.5,9
810,SEA,FHERNANDZ-R,-110,100,7,7.5
810,LAA,ESANTANA-R,-110,-120,7,7.5
811,CIN,BARROYO-R,-134,-133,7.5,7.5
811,CUB,TWOOD-L,114,113,7.5,7.5
811,COL,DPOMERANZ-L,195,210,7,7
811,SFO,MCAIN-R,-225,-250,7,7
811,SDG,JMARQUIS-R,152,160,8,7.5
811,PIT,ABURNETT-R,-172,-180,8,7.5
811,STL,WESTBROOK-R,114,118,8,8
811,PHI,CLEE-L,-134,-138,8,8
811,MIL,MESTRADA-R,-168,-173,8.5,8.5
811,HOU,DKEUCHEL-L,148,153,8.5,8.5
811,ATL,KMEDLEN-R,-113,-108,7.5,7.5
811,NYM,JSANTANA-L,-107,-112,7.5,7.5
811,LOS,JBLANTON-R,-125,-127,8,8
811,MIA,RNOLASCO-R,105,107,8,8
811,WAS,EJACKSON-R,103,104,9,8.5
811,ARI,WMILEY-L,-123,-124,9,8.5
811,NYY,INOVA-R,-145,-152,9.5,10
811,TOR,ALAFFEY-L,125,132,9.5,10
811,BOS,FMORALES-L,-145,-133,9,8
811,CLE,McALLISTER-R,125,113,9,8
811,KAN,LMENDOZA-R,110,118,9,9
811,BAL,CTILLMAN-R,-130,-138,9,9
811,OAK,TBLACKLEY-L,120,121,8.5,8.5
811,CWS,FLIRIANO-L,-140,-141,8.5,8.5
811,TAM,DPRICE-L,-185,-195,8,8.5
811,MIN,BLACKBURN-R,165,175,8,8.5
811,DET,VERLANDER-R,-142,-137,8.5,9
811,TEX,DHOLLAND-L,122,117,8.5,9
811,SEA,HIWAKUMA-R,190,200,8,8.5
811,LAA,DHAREN-R,-220,-240,8,8.5
812,ATL,BSHEETS-R,-110,-113,7.5,7.5
812,NYM,JNIESE-L,-110,-107,7.5,7.5
812,LOS,CCAPUANO-L,-115,-137,8,7.5
812,MIA,WLEBLANC-L,-105,117,8,7.5
812,SDG,ROHLENDRF-R,145,150,8,8
812,PIT,EBEDARD-L,-165,-170,8,8
812,MIL,YGALLARDO-R,-200,-182,8,7.5
812,HOU,JLYLES-R,170,162,8,7.5
812,CIN,JCUETO-R,-180,-184,8,8
812,CUB,BRALEY-L,160,164,8,8
812,COL,AWHITE-R,130,145,8,7.5
812,SFO,BZITO-L,-150,-165,8,7.5
812,WAS,RDETWILER-L,100,110,9,9
812,ARI,PCORBIN-L,-120,-130,9,9
812,STL,LLYNN-R,-120,-120,8.5,8.5
812,PHI,VWORLEY-R,100,100,8.5,8.5
812,NYY,PHUGHES-R,-165,-180,9.5,9
812,TOR,JHAPP-L,145,160,9.5,9
812,BOS,JLESTER-L,-160,-154,9,8.5
812,CLE,CKLUBER-R,140,134,9,8.5
812,KAN,BCHEN-L,115,102,9.5,9
812,BAL,THUNTER-R,-135,-122,9.5,9
812,OAK,BCOLON-R,140,130,8,7.5
812,CWS,CSALE-L,-160,-150,8,7.5
812,TAM,JSHIELDS-R,-120,-126,8,8
812,MIN,SDIAMOND-L,100,106,8,8
812,DET,RPORCELLO-R,125,117,10.5,10.5
812,TEX,YDARVISH-R,-145,-137,10.5,10.5
812,SEA,JVARGAS-L,200,230,7,7.5
812,LAA,JWEAVER-R,-230,-270,7,7.5
813,LOS,AHARANG-R,105,110,8,8
813,PIT,JKARSTENS-R,-125,-130,8,8
813,SDG,ESTULTS-L,155,170,8,8.5
813,ATL,MMINOR-L,-175,-190,8,8.5
813,PHI,CHAMELS-L,-150,-164,7.5,7.5
813,MIA,NEOVALDI-R,130,144,7.5,7.5
813,HOU,GALARRAGA-R,175,160,7.5,7.5
813,CUB,SAMARDZIJA-R,-205,-180,7.5,7.5
813,MIL,MFIERS-R,-150,-144,10,10
813,COL,JFRANCIS-L,130,124,10,10
813,WAS,GGONZALEZ-L,105,-103,6.5,6.5
813,SFO,VOGELSONG-R,-125,-117,6.5,6.5
813,TEX,RDEMPSTER-R,-114,-106,10,9.5
813,NYY,DPHELPS-R,-106,-114,10,9.5
813,CWS,JPEAVY-R,-145,-124,8.5,8
813,TOR,VILLANUEVA-R,125,104,8.5,8
813,DET,ASANCHEZ-R,-130,-137,9.5,9.5
813,MIN,SDEDUNO-R,110,117,9.5,9.5
813,CLE,JMASTERSN-R,170,175,8,7.5
813,LAA,CWILSON-L,-200,-195,8,7.5
813,TAM,ACOBB-R,-130,-132,7,7
813,SEA,BBEAVAN-R,110,112,7,7
814,LOS,BILLINGSLY-R,-108,-115,8,8
814,PIT,KCORREIA-R,-112,-105,8,8
814,PHI,KKENDRICK-R,125,135,7.5,7.5
814,MIA,JJOHNSON-R,-145,-155,7.5,7.5
814,NYM,CYOUNG-R,156,160,8,8
814,CIN,MLATOS-R,-176,-180,8,8
814,SDG,CRICHARD-L,150,148,8,8
814,ATL,THUDSON-R,-170,-168,8,8
814,HOU,LHARRELL-R,-105,102,8.5,8.5
814,CUB,CVOLSTAD-R,-115,-122,8.5,8.5
814,ARI,IKENNEDY-R,103,-110,9,9
814,STL,JKELLY-R,-123,-110,9,9
814,MIL,RWOLF-L,-110,-110,11,11
814,COL,TCHATWOOD-R,-110,-110,11,11
814,WAS,ZIMMERMANN-R,-107,115,6.5,6.5
814,SFO,BUMGARNER-L,-113,-135,6.5,6.5
814,BOS,JBECKETT-R,-110,-108,8.5,8.5
814,BAL,WCHEN-L,-110,-112,8.5,8.5
814,TEX,MHARRISON-L,117,116,9,9
814,NYY,HKURODA-R,-137,-136,9,9
814,CWS,JQUINTANA-L,-134,-118,9,8.5
814,TOR,HALVAREZ-R,114,-102,9,8.5
814,DET,DFISTER-R,-155,-160,9,9
814,MIN,BDUENSING-L,135,140,9,9
814,OAK,JPARKER-R,-121,-110,9,8.5
814,KAN,JGUTHRIE-R,101,-110,9,8.5
814,CLE,UJIMENEZ-R,170,160,8,8
814,LAA,ZGREINKE-R,-200,-180,8,8
814,TAM,MMOORE-L,-160,-162,6.5,7
814,SEA,KMILLWOOD-R,140,142,6.5,7
815,PHI,RHALLADAY-R,-137,-129,7,7
815,MIA,MBUEHRLE-L,117,109,7,7
815,HOU,BNORRIS-R,105,113,8.5,8.5
815,CUB,JGERMANO-R,-125,-133,8.5,8.5
815,MIL,MROGERS-R,-105,-106,11.5,11
815,COL,GMOSCOSO-R,-105,-114,11.5,11
815,WAS,STRASBURG-R,-113,-125,6.5,6.5
815,SFO,TLINCECUM-R,-107,105,6.5,6.5
815,LOS,CKERSHAW-L,-145,-142,7,7
815,PIT,WRODRIGUZ-L,125,122,7,7
815,SDG,EVOLQUEZ-R,130,160,8,8
815,ATL,PMAHOLM-L,-150,-180,8,8
815,NYM,RDICKEY-R,-110,-110,8,7.5
815,CIN,MLEAKE-R,-110,-110,8,7.5
815,ARI,JSAUNDERS-L,146,160,8,8
815,STL,WAINWRIGHT-R,-166,-180,8,8
815,DET,MSCHERZER-R,-139,-150,9.5,9.5
815,MIN,CDEVRIES-R,119,130,9.5,9.5
815,TAM,HELLICKSON-R,104,110,6.5,6.5
815,SEA,FHERNANDZ-R,-124,-130,6.5,6.5
815,BOS,ACOOK-R,-110,113,9.5,9.5
815,BAL,MGONZALEZ-R,-110,-133,9.5,9.5
815,CWS,GFLOYD-R,-113,-109,8.5,8.5
815,TOR,RROMERO-L,-107,-111,8.5,8.5
815,TEX,SFELDMAN-R,-103,-111,10.5,10
815,NYY,FGARCIA-R,-117,-109,10.5,10
815,OAK,BMCCARTHY-R,-113,-122,8.5,9
815,KAN,WSMITH-L,-107,102,8.5,9
815,CLE,RHERNANDZ-R,143,145,9,9
815,LAA,ESANTANA-R,-163,-165,9,9
816,LOS,JBLANTON-R,112,115,8,7.5
816,PIT,ABURNETT-R,-132,-135,8,7.5
816,SDG,JMARQUIS-R,159,170,8,8
816,ATL,KMEDLEN-R,-179,-190,8,8
816,NYM,MHARVEY-R,118,130,8.5,8.5
816,CIN,HBAILEY-R,-138,-150,8.5,8.5
816,PHI,CLEE-L,-124,-117,7.5,8
816,MIL,MESTRADA-R,104,-103,7.5,8
816,ARI,TCAHILL-R,127,122,8,8
816,STL,KLOHSE-R,-147,-142,8,8
816,MIA,RNOLASCO-R,-102,-108,11,10.5
816,COL,AWHITE-R,-118,-112,11,10.5
816,TEX,DHOLLAND-L,105,-114,10,9.5
816,NYY,INOVA-R,-125,-106,10,9.5
816,CWS,FLIRIANO-L,-130,-143,8.5,8.5
816,TOR,ALAFFEY-L,110,123,8.5,8.5
816,BOS,CBUCHHOLZ-R,-130,-132,9,8.5
816,BAL,CTILLMAN-R,110,112,9,8.5
816,OAK,DSTRAILY-R,-112,-112,9,8
816,KAN,LHOCHEVAR-R,-108,-108,9,8
816,TAM,DPRICE-L,-113,-106,7.5,7.5
816,LAA,DHAREN-R,-107,-114,7.5,7.5
817,NYM,JSANTANA-L,130,130,8,8
817,WAS,RDETWILER-L,-150,-150,8,8
817,CUB,TWOOD-L,165,170,9,8
817,CIN,BARROYO-R,-185,-200,9,8
817,LOS,CCAPUANO-L,110,-110,8,7.5
817,ATL,THANSON-R,-130,-110,8,7.5
817,ARI,WMILEY-L,-175,-174,8.5,8.5
817,HOU,DKEUCHEL-L,155,154,8.5,8.5
817,PHI,VWORLEY-R,119,122,8,8.5
817,MIL,YGALLARDO-R,-139,-142,8,8.5
817,PIT,JMCDONALD-R,127,132,8.5,8.5
817,STL,WESTBROOK-R,-147,-152,8.5,8.5
817,MIA,WLEBLANC-L,-114,122,10.5,10.5
817,COL,JFRANCIS-L,-106,-142,10.5,10.5
817,SFO,MCAIN-R,-145,-155,6.5,6.5
817,SDG,ROHLENDRF-R,125,135,6.5,6.5
817,TEX,YDARVISH-R,-159,-167,9,9
817,TOR,JHAPP-L,139,147,9,9
817,BAL,THUNTER-R,210,240,8,7.5
817,DET,VERLANDER-R,-250,-280,8,7.5
817,BOS,FMORALES-L,113,114,9.5,9.5
817,NYY,PHUGHES-R,-133,-134,9.5,9.5
817,CWS,CSALE-L,-149,-150,8,7.5
817,KAN,LMENDOZA-R,129,130,8,7.5
817,CLE,McALLISTER-R,110,107,7,7
817,OAK,TMILONE-L,-130,-127,7,7
817,TAM,JSHIELDS-R,139,139,7.5,7
817,LAA,JWEAVER-R,-159,-159,7.5,7
817,MIN,BLACKBURN-R,107,115,7.5,8
817,SEA,HIWAKUMA-R,-127,-135,7.5,8
818,CUB,SAMARDZIJA-R,170,175,7.5,7
818,CIN,JCUETO-R,-190,-195,7.5,7
818,CUB,BRALEY-L,170,160,9,9
818,CIN,TREDMOND-R,-190,-180,9,9
818,SFO,BZITO-L,-105,-109,7.5,8
818,SDG,ESTULTS-L,-115,-111,7.5,8
818,ARI,PCORBIN-L,-175,-162,8.5,8
818,HOU,JLYLES-R,155,142,8.5,8
818,NYM,JNIESE-L,120,122,8,8
818,WAS,EJACKSON-R,-140,-142,8,8
818,PHI,CHAMELS-L,-110,-113,7.5,7.5
818,MIL,MFIERS-R,-110,-107,7.5,7.5
818,LOS,AHARANG-R,130,115,8,8.5
818,ATL,BSHEETS-R,-150,-135,8,8.5
818,PIT,EBEDARD-L,145,145,8.5,8
818,STL,LLYNN-R,-165,-165,8.5,8
818,MIA,NEOVALDI-R,115,103,11,10.5
818,COL,TCHATWOOD-R,-135,-123,11,10.5
818,TEX,ROSWALT-R,-130,-136,9.5,9
818,TOR,VILLANUEVA-R,110,116,9.5,9
818,BOS,JLESTER-L,110,-109,9.5,9
818,NYY,DPHELPS-R,-130,-111,9.5,9
818,BAL,ZBRITTON-L,165,170,9.5,9
818,DET,RPORCELLO-R,-185,-190,9.5,9
818,CWS,JPEAVY-R,-155,-141,8.5,8
818,KAN,BCHEN-L,135,121,8.5,8
818,CLE,CKLUBER-R,155,135,7.5,7.5
818,OAK,BCOLON-R,-175,-155,7.5,7.5
818,TAM,ACOBB-R,125,124,8,8
818,LAA,CWILSON-L,-145,-144,8,8
818,MIN,SDIAMOND-L,100,-106,7,7
818,SEA,JVARGAS-L,-120,-114,7,7
819,CUB,CVOLSTAD-R,210,210,8.5,8.5
819,CIN,MLATOS-R,-250,-250,8.5,8.5
819,NYM,JHEFNER-R,173,180,8,8
819,WAS,GGONZALEZ-L,-203,-210,8,8
819,LOS,BILLINGSLY-R,-107,-113,8,8
819,ATL,MMINOR-L,-113,-107,8,8
819,ARI,IKENNEDY-R,-195,-195,8.5,9
819,HOU,GALARRAGA-R,175,175,8.5,9
819,PHI,KKENDRICK-R,-105,110,9,8.5
819,MIL,RWOLF-L,-115,-130,9,8.5
819,PIT,JKARSTENS-R,131,137,8.5,8
819,STL,JGARCIA-L,-151,-157,8.5,8
819,MIA,JJOHNSON-R,-125,-142,10,9.5
819,COL,DPOMERANZ-L,105,122,10,9.5
819,SFO,VOGELSONG-R,-119,-130,6.5,7.5
819,SDG,CRICHARD-L,-101,110,6.5,7.5
819,TEX,MHARRISON-L,-161,-153,9,9
819,TOR,HALVAREZ-R,141,133,9,9
819,BAL,WCHEN-L,142,149,8.5,7.5
819,DET,DFISTER-R,-162,-169,8.5,7.5
819,CWS,JQUINTANA-L,-117,-108,9,8
819,KAN,JGUTHRIE-R,-103,-112,9,8
819,TAM,MMOORE-L,110,124,7.5,8
819,LAA,ZGREINKE-R,-130,-144,7.5,8
819,CLE,JMASTERSN-R,104,110,7.5,7.5
819,OAK,JPARKER-R,-124,-130,7.5,7.5
819,MIN,SDEDUNO-R,-107,-102,7.5,7.5
819,SEA,BBEAVAN-R,-113,-118,7.5,7.5
819,BOS,JBECKETT-R,125,154,9,8.5
819,NYY,HKURODA-R,-145,-174,9,8.5
820,ATL,THUDSON-R,115,108,7.5,7
820,WAS,ZIMMERMANN-R,-135,-128,7.5,7
820,CIN,MLEAKE-R,130,138,7.5,7
820,PHI,RHALLADAY-R,-150,-158,7.5,7
820,COL,AWHITE-R,170,200,7.5,7
820,NYM,RDICKEY-R,-200,-240,7.5,7
820,CUB,JGERMANO-R,130,136,9,9
820,MIL,MROGERS-R,-150,-156,9,9
820,MIA,MBUEHRLE-L,130,132,9.5,9
820,ARI,JSAUNDERS-L,-150,-152,9.5,9
820,PIT,KCORREIA-R,-115,118,6.5,7.5
820,SDG,EVOLQUEZ-R,-105,-138,6.5,7.5
820,SFO,BUMGARNER-L,135,135,6,6
820,LOS,CKERSHAW-L,-155,-155,6,6
820,KAN,WSMITH-L,150,153,8,7.5
820,TAM,HELLICKSON-R,-170,-173,8,7.5
820,BAL,MGONZALEZ-R,150,150,10,9.5
820,TEX,RDEMPSTER-R,-170,-170,10,9.5
820,NYY,FGARCIA-R,-120,-113,9.5,9
820,CWS,GFLOYD-R,100,-107,9.5,9
820,MIN,BDUENSING-L,145,160,7.5,7.5
820,OAK,BMCCARTHY-R,-165,-180,7.5,7.5
820,CLE,UJIMENEZ-R,-110,104,7.5,7.5
820,SEA,KMILLWOOD-R,-110,-124,7.5,7.5
821,CIN,HBAILEY-R,125,135,8,7.5
821,PHI,CLEE-L,-145,-155,8,7.5
821,ATL,PMAHOLM-L,145,118,7,7
821,WAS,STRASBURG-R,-165,-138,7,7
821,COL,JCHACIN-R,135,140,8,7.5
821,NYM,CYOUNG-R,-155,-160,8,7.5
821,CUB,CRUSIN-L,165,170,9,9
821,MIL,MESTRADA-R,-185,-200,9,9
821,HOU,LHARRELL-R,200,230,7.5,7
821,STL,WAINWRIGHT-R,-240,-270,7.5,7
821,MIA,RNOLASCO-R,160,140,9.5,9.5
821,ARI,TCAHILL-R,-180,-160,9.5,9.5
821,PIT,ABURNETT-R,-130,-128,6.5,7
821,SDG,JMARQUIS-R,110,108,6.5,7
821,SFO,TLINCECUM-R,100,100,7.5,7.5
821,LOS,JBLANTON-R,-120,-120,7.5,7.5
821,TOR,RROMERO-L,170,200,9,8.5
821,DET,MSCHERZER-R,-200,-230,9,8.5
821,KAN,LHOCHEVAR-R,220,220,7,7
821,TAM,DPRICE-L,-260,-260,7,7
821,LAA,ESANTANA-R,-110,-111,11,10.5
821,BOS,ACOOK-R,-110,-109,11,10.5
821,BAL,CTILLMAN-R,155,160,10.5,9.5
821,TEX,SFELDMAN-R,-175,-180,10.5,9.5
821,NYY,INOVA-R,105,-112,9,9.5
821,CWS,FLIRIANO-L,-125,-108,9,9.5
821,MIN,CDEVRIES-R,135,148,8,8
821,OAK,BANDERSON-L,-155,-168,8,8
821,CLE,RHERNANDZ-R,180,180,6.5,6.5
821,SEA,FHERNANDZ-R,-210,-210,6.5,6.5
822,CUB,TWOOD-L,200,200,8,8
822,MIL,YGALLARDO-R,-240,-230,8,8
822,PIT,JMCDONALD-R,-125,-154,7.5,7.5
822,SDG,AWERNER-L,105,134,7.5,7.5
822,CIN,BARROYO-R,-105,-106,9,8.5
822,PHI,VWORLEY-R,-115,-114,9,8.5
822,ATL,KMEDLEN-R,-115,-110,7.5,7.5
822,WAS,RDETWILER-L,-105,-110,7.5,7.5
822,COL,JFRANCIS-L,160,138,8,7.5
822,NYM,MHARVEY-R,-180,-158,8,7.5
822,HOU,BNORRIS-R,220,250,8,7.5
822,STL,KLOHSE-R,-260,-300,8,7.5
822,MIA,WLEBLANC-L,170,170,9.5,9
822,ARI,WMILEY-L,-190,-190,9.5,9
822,SFO,MCAIN-R,-110,-113,6.5,6.5
822,LOS,CCAPUANO-L,-110,-107,6.5,6.5
822,KAN,LMENDOZA-R,170,170,7.5,7
822,TAM,JSHIELDS-R,-190,-200,7.5,7
822,MIN,LHENDRIKS-R,155,154,8.5,7.5
822,OAK,TMILONE-L,-175,-174,8.5,7.5
822,CLE,McALLISTER-R,120,104,7.5,7
822,SEA,HIWAKUMA-R,-140,-124,7.5,7
822,TOR,ALAFFEY-L,170,160,9.5,9.5
822,DET,ASANCHEZ-R,-200,-180,9.5,9.5
822,LAA,JWEAVER-R,-120,-122,9,9
822,BOS,CBUCHHOLZ-R,100,102,9,9
822,BAL,THUNTER-R,170,170,10.5,9.5
822,TEX,DHOLLAND-L,-200,-200,10.5,9.5
822,NYY,PHUGHES-R,115,-101,8.5,8.5
822,CWS,CSALE-L,-135,-119,8.5,8.5
822,MIA,JTURNER-R,135,144,10,9.5
822,ARI,TSKAGGS-L,-155,-164,10,9.5
823,COL,TCHATWOOD-R,115,130,8,7.5
823,NYM,CMCHUGH-R,-135,-150,8,7.5
823,HOU,DKEUCHEL-L,250,260,8.5,8
823,STL,WESTBROOK-R,-290,-310,8.5,8
823,CIN,JCUETO-R,100,-107,7,7
823,PHI,CHAMELS-L,-120,-113,7,7
823,ATL,THANSON-R,-115,-132,7.5,7.5
823,SFO,BZITO-L,-105,112,7.5,7.5
823,TOR,JHAPP-L,250,250,7.5,7.5
823,DET,VERLANDER-R,-290,-300,7.5,7.5
823,LAA,CWILSON-L,-110,-115,9.5,9.5
823,BOS,FMORALES-L,-110,-105,9.5,9.5
823,OAK,TROSS-R,150,170,8,8
823,TAM,ACOBB-R,-170,-190,8,8
823,MIN,SDIAMOND-L,170,152,9.5,10
823,TEX,ROSWALT-R,-200,-172,9.5,10
824,COL,DPOMERANZ-L,116,138,10,10
824,CUB,SAMARDZIJA-R,-136,-158,10,10
824,WAS,EJACKSON-R,-114,-118,8.5,8
824,PHI,KKENDRICK-R,-106,-102,8.5,8
824,MIL,MFIERS-R,-106,-102,7.5,7.5
824,PIT,WRODRIGUZ-L,-114,-118,7.5,7.5
824,HOU,JLYLES-R,195,190,7.5,7.5
824,NYM,JNIESE-L,-225,-220,7.5,7.5
824,STL,LLYNN-R,116,100,8,8.5
824,CIN,MLATOS-R,-136,-120,8,8.5
824,SDG,ESTULTS-L,145,160,9,9.5
824,ARI,PCORBIN-L,-165,-180,9,9.5
824,MIA,NEOVALDI-R,178,200,7,7
824,LOS,BILLINGSLY-R,-198,-230,7,7
824,ATL,BSHEETS-R,-102,105,7,6.5
824,SFO,VOGELSONG-R,-118,-125,7,6.5
824,LAA,ZGREINKE-R,-114,-108,9,9.5
824,DET,RPORCELLO-R,-106,-112,9,9.5
824,TOR,VILLANUEVA-R,-105,-113,9,8.5
824,BAL,ZBRITTON-L,-115,-107,9,8.5
824,NYY,CSABATHIA-L,-220,-250,9,9
824,CLE,CKLUBER-R,190,210,9,9
824,KAN,BCHEN-L,157,170,9,9
824,BOS,JLESTER-L,-177,-190,9,9
824,OAK,JPARKER-R,146,170,7,7
824,TAM,MMOORE-L,-166,-190,7,7
824,MIN,SDEDUNO-R,180,210,10,10
824,TEX,MHARRISON-L,-210,-250,10,10
824,SEA,JVARGAS-L,141,160,8,8
824,CWS,JPEAVY-R,-161,-180,8,8
825,COL,AWHITE-R,-110,-103,9.5,10
825,CUB,BRALEY-L,-110,-117,9.5,10
825,HOU,FABAD-L,235,270,7,7.5
825,NYM,RDICKEY-R,-275,-320,7,7.5
825,STL,JGARCIA-L,-110,-112,8.5,9
825,CIN,MLEAKE-R,-110,-108,8.5,9
825,ATL,MMINOR-L,150,144,6.5,6.5
825,SFO,BUMGARNER-L,-170,-164,6.5,6.5
825,WAS,GGONZALEZ-L,105,-106,7,7
825,PHI,RHALLADAY-R,-125,-114,7,7
825,MIL,SMARCUM-R,105,108,8,7.5
825,PIT,JKARSTENS-R,-125,-128,8,7.5
825,SDG,CRICHARD-L,145,147,8.5,9
825,ARI,IKENNEDY-R,-165,-167,8.5,9
825,MIA,JJOHNSON-R,155,180,6,6
825,LOS,CKERSHAW-L,-175,-210,6,6
825,OAK,BMCCARTHY-R,145,124,7.5,7
825,TAM,HELLICKSON-R,-165,-144,7.5,7
825,MIN,BDUENSING-L,200,190,10,10
825,TEX,RDEMPSTER-R,-230,-220,10,10
825,NYY,HKURODA-R,-165,-170,8.5,8.5
825,CLE,JMASTERSN-R,145,150,8.5,8.5
825,TOR,BMORROW-R,-105,-112,8.5,8.5
825,BAL,SJOHNSON-R,-115,-108,8.5,8.5
825,LAA,DHAREN-R,-110,-110,10,9.5
825,DET,DSMYLY-L,-110,-110,10,9.5
825,SEA,BBEAVAN-R,155,152,8.5,9
825,CWS,JQUINTANA-L,-175,-172,8.5,9
825,KAN,JGUTHRIE-R,140,-105,9.5,9.5
825,BOS,ACOOK-R,-160,-105,9.5,9.5
826,STL,WAINWRIGHT-R,-130,-130,8.5,8.5
826,CIN,HBAILEY-R,110,110,8.5,8.5
826,HOU,LHARRELL-R,115,135,8,8
826,NYM,JHEFNER-R,-135,-155,8,8
826,MIL,MROGERS-R,105,110,8.5,8.5
826,PIT,EBEDARD-L,-125,-130,8.5,8.5
826,WAS,ZIMMERMANN-R,-110,101,7.5,7
826,PHI,CLEE-L,-110,-121,7.5,7
826,COL,JCHACIN-R,-105,-108,10.5,10
826,CUB,CVOLSTAD-R,-105,-112,10.5,10
826,ATL,THUDSON-R,-102,-114,7,7
826,SFO,TLINCECUM-R,-118,-106,7,7
826,MIA,MBUEHRLE-L,135,142,8,8
826,LOS,AHARANG-R,-155,-162,8,8
826,SDG,EVOLQUEZ-R,115,135,9,9
826,ARI,TCAHILL-R,-135,-155,9,9
826,LAA,ESANTANA-R,105,124,9.5,9
826,DET,MSCHERZER-R,-125,-144,9.5,9
826,NYY,FGARCIA-R,-145,-150,9.5,9
826,CLE,UJIMENEZ-R,125,130,9.5,9
826,KAN,WSMITH-L,116,122,9.5,9.5
826,BOS,FDOUBRONT-L,-136,-142,9.5,9.5
826,SEA,KMILLWOOD-R,135,132,9.5,9
826,CWS,GFLOYD-R,-155,-152,9.5,9
826,MIN,CDEVRIES-R,203,190,10.5,10.5
826,TEX,SFELDMAN-R,-243,-220,10.5,10.5
827,STL,KLOHSE-R,-125,-122,8,8
827,PIT,ABURNETT-R,105,102,8,8
827,MIL,MESTRADA-R,-130,-122,8,8
827,CUB,JGERMANO-R,110,102,8,8
827,LOS,JBECKETT-R,-175,-155,10,10.5
827,COL,JFRANCIS-L,155,135,10,10.5
827,CIN,BARROYO-R,-108,-106,9,9
827,ARI,TSKAGGS-L,-112,-114,9,9
827,ATL,PMAHOLM-L,-147,-140,7,7
827,SDG,CKELLY-R,127,120,7,7
827,KAN,LHOCHEVAR-R,-105,-107,10,9.5
827,BOS,MATSUZAKA-R,-115,-113,10,9.5
827,CWS,FLIRIANO-L,-105,-107,8.5,8.5
827,BAL,WCHEN-L,-115,-113,8.5,8.5
827,OAK,BANDERSON-L,-150,-137,8,8
827,CLE,RHERNANDZ-R,130,117,8,8
827,TOR,HALVAREZ-R,170,220,9.5,9.5
827,NYY,DPHELPS-R,-200,-260,9.5,9.5
827,TAM,DPRICE-L,-130,-110,8.5,8.5
827,TEX,DHOLLAND-L,110,-110,8.5,8.5
827,SEA,FHERNANDZ-R,-165,-152,7.5,7.5
827,MIN,LHENDRIKS-R,145,132,7.5,7.5
828,NYM,CYOUNG-R,125,124,9,8.5
828,PHI,VWORLEY-R,-145,-144,9,8.5
828,STL,WESTBROOK-R,-130,-129,8,8.5
828,PIT,JMCDONALD-R,110,109,8,8.5
828,WAS,STRASBURG-R,-200,-172,7.5,7.5
828,MIA,RNOLASCO-R,170,152,7.5,7.5
828,MIL,YGALLARDO-R,-170,-157,7.5,7.5
828,CUB,TWOOD-L,150,137,7.5,7.5
828,SFO,MCAIN-R,-220,-210,7.5,7
828,HOU,BNORRIS-R,190,180,7.5,7
828,LOS,CCAPUANO-L,-155,-160,10.5,10.5
828,COL,TCHATWOOD-R,135,140,10.5,10.5
828,CIN,JCUETO-R,-125,-116,8,8
828,ARI,WMILEY-L,105,-104,8,8
828,ATL,KMEDLEN-R,-155,-165,7,7
828,SDG,AWERNER-L,135,145,7,7
828,OAK,TMILONE-L,-140,-118,8,7.5
828,CLE,McALLISTER-R,120,-102,8,7.5
828,CWS,CSALE-L,-140,-140,8,8
828,BAL,CTILLMAN-R,120,120,8,8
828,TOR,RROMERO-L,200,200,9.5,9.5
828,NYY,PHUGHES-R,-230,-230,9.5,9.5
828,TAM,JSHIELDS-R,105,102,9,9
828,TEX,YDARVISH-R,-125,-122,9,9
828,DET,VERLANDER-R,-200,-184,7.5,7.5
828,KAN,LMENDOZA-R,170,164,7.5,7.5
828,SEA,HIWAKUMA-R,105,124,8,8.5
828,MIN,SDIAMOND-L,-125,-144,8,8.5
828,BOS,CBUCHHOLZ-R,160,170,7,7.5
828,LAA,JWEAVER-R,-180,-200,7,7.5
829,LOS,JBLANTON-R,-132,-121,11,10.5
829,COL,DPOMERANZ-L,112,101,11,10.5
829,CIN,MLATOS-R,-119,-114,8.5,8
829,ARI,PCORBIN-L,-101,-106,8.5,8
829,ATL,THANSON-R,-130,-118,7,7
829,SDG,ESTULTS-L,110,-102,7,7
829,NYM,MHARVEY-R,143,100,7.5,8.5
829,PHI,TCLOYD-R,-163,-120,7.5,8.5
829,STL,JKELLY-R,-108,-108,8.5,8.5
829,PIT,WRODRIGUZ-L,-112,-112,8.5,8.5
829,WAS,RDETWILER-L,-139,-120,8.5,8
829,MIA,JTURNER-R,119,100,8.5,8
829,MIL,MFIERS-R,-120,-118,7.5,7.5
829,CUB,SAMARDZIJA-R,100,-102,7.5,7.5
829,SFO,BZITO-L,-159,-155,9,9
829,HOU,DKEUCHEL-L,139,135,9,9
829,TOR,JHAPP-L,205,220,8.5,8.5
829,NYY,CSABATHIA-L,-235,-260,8.5,8.5
829,OAK,TBLACKLEY-L,-130,-134,8.5,8
829,CLE,CKLUBER-R,110,114,8.5,8
829,CWS,DAXELROD-R,110,-104,9,8.5
829,BAL,JSAUNDERS-L,-130,-116,9,8.5
829,TAM,ACOBB-R,133,120,9.5,9
829,TEX,MHARRISON-L,-153,-140,9.5,9
829,DET,ASANCHEZ-R,-133,-128,9,9
829,KAN,BCHEN-L,113,108,9,9
829,SEA,JVARGAS-L,-110,-111,8.5,9
829,MIN,SDEDUNO-R,-110,-109,8.5,9
829,BOS,ZSTEWART-R,145,200,8.5,9
829,LAA,CWILSON-L,-165,-230,8.5,9
830,NYM,JNIESE-L,-105,-107,8,8.5
830,PHI,KKENDRICK-R,-115,-113,8,8.5
830,MIL,SMARCUM-R,-138,-154,11,11.5
830,CUB,BRALEY-L,118,134,11,11.5
830,STL,JGARCIA-L,-111,-110,8,8
830,WAS,EJACKSON-R,-109,-110,8,8
830,SFO,VOGELSONG-R,-177,-170,8,8
830,HOU,JLYLES-R,157,150,8,8
830,ARI,IKENNEDY-R,180,170,6.5,6.5
830,LOS,CKERSHAW-L,-210,-200,6.5,6.5
830,OAK,JPARKER-R,-113,-111,8.5,7.5
830,CLE,JMASTERSN-R,-107,-109,8.5,7.5
830,CWS,JQUINTANA-L,-113,-105,9,9
830,BAL,ZBRITTON-L,-107,-105,9,9
830,SEA,BBEAVAN-R,-105,120,9,9.5
830,MIN,BDUENSING-L,-115,-140,9,9.5
830,TAM,MMOORE-L,-155,-150,8,8
830,TOR,VILLANUEVA-R,135,130,8,8
830,DET,RPORCELLO-R,-120,-124,9,9.5
830,KAN,JGUTHRIE-R,100,104,9,9.5
830,BOS,JLESTER-L,135,160,8,8
830,LAA,ZGREINKE-R,-155,-180,8,8
831,SFO,BUMGARNER-L,-180,-184,8.5,10
831,CUB,CVOLSTAD-R,160,164,8.5,10
831,STL,WAINWRIGHT-R,-110,-112,7,7.5
831,WAS,GGONZALEZ-L,-110,-108,7,7.5
831,NYM,RDICKEY-R,-160,-144,7.5,8
831,MIA,NEOVALDI-R,140,124,7.5,8
831,PHI,RHALLADAY-R,-110,-107,7,7
831,ATL,MMINOR-L,-110,-113,7,7
831,CIN,MLEAKE-R,-200,-184,8.5,8.5
831,HOU,FABAD-L,170,164,8.5,8.5
831,PIT,JKARSTENS-R,100,110,8.5,8
831,MIL,MROGERS-R,-120,-130,8.5,8
831,SDG,CRICHARD-L,-110,-110,10.5,10.5
831,COL,AWHITE-R,-110,-110,10.5,10.5
831,ARI,TCAHILL-R,120,-101,7.5,7.5
831,LOS,AHARANG-R,-140,-119,7.5,7.5
831,TEX,RDEMPSTER-R,-175,-150,9,9
831,CLE,UJIMENEZ-R,155,130,9,9
831,TAM,HELLICKSON-R,-135,-110,8,8
831,TOR,BMORROW-R,115,-110,8,8
831,BAL,MGONZALEZ-R,170,170,9,9
831,NYY,HKURODA-R,-200,-190,9,9
831,CWS,JPEAVY-R,120,109,8.5,8
831,DET,DFISTER-R,-140,-129,8.5,8
831,BOS,ACOOK-R,155,150,8,7.5
831,OAK,BMCCARTHY-R,-175,-170,8,7.5
831,LAA,DHAREN-R,-145,-150,7.5,7.5
831,SEA,KMILLWOOD-R,125,130,7.5,7.5
901,PHI,CLEE-L,100,-110,7,7
901,ATL,THUDSON-R,-120,-110,7,7
901,SFO,TLINCECUM-R,-150,-142,8,8
901,CUB,JGERMANO-R,130,122,8,8
901,CIN,HBAILEY-R,-155,-158,8,7.5
901,HOU,LHARRELL-R,135,138,8,7.5
901,STL,KLOHSE-R,-107,-108,7.5,8
901,WAS,ZIMMERMANN-R,-113,-112,7.5,8
901,NYM,JHEFNER-R,120,124,7.5,7.5
901,MIA,JJOHNSON-R,-140,-144,7.5,7.5
901,PIT,ABURNETT-R,-105,110,8,8
901,MIL,MESTRADA-R,-115,-130,8,8
901,SDG,EVOLQUEZ-R,-105,-107,10,10.5
901,COL,JCHACIN-R,-115,-113,10,10.5
901,ARI,TSKAGGS-L,120,135,7.5,7.5
901,LOS,JBECKETT-R,-140,-155,7.5,7.5
901,TAM,JNIEMANN-R,-133,-153,9,9
901,TOR,HALVAREZ-R,113,133,9,9
901,BAL,WCHEN-L,125,120,9.5,9
901,NYY,DPHELPS-R,-145,-140,9.5,9
901,LAA,ESANTANA-R,120,120,7,7
901,SEA,FHERNANDZ-R,-140,-140,7,7
901,CWS,FLIRIANO-L,115,137,8.5,8.5
901,DET,MSCHERZER-R,-135,-157,8.5,8.5
901,TEX,SFELDMAN-R,-158,-155,9.5,9
901,CLE,JGOMEZ-R,138,135,9.5,9
901,MIN,LHENDRIKS-R,120,123,9,8.5
901,KAN,LHOCHEVAR-R,-140,-143,9,8.5
901,BOS,FDOUBRONT-L,147,136,7,7.5
901,OAK,AGRIFFIN-R,-167,-156,7,7.5
901,MIN,CDEVRIES-R,120,114,9,9
901,KAN,WSMITH-L,-140,-134,9,9
902,NYM,CYOUNG-R,130,124,8,8
902,MIA,MBUEHRLE-L,-150,-144,8,8
902,STL,WESTBROOK-R,145,143,7.5,7.5
902,WAS,STRASBURG-R,-165,-163,7.5,7.5
902,CIN,BARROYO-R,-200,-155,8,8
902,HOU,BNORRIS-R,170,135,8,8
902,PIT,JMCDONALD-R,145,140,7.5,7.5
902,MIL,YGALLARDO-R,-165,-160,7.5,7.5
902,SFO,MCAIN-R,-190,-170,7,7
902,CUB,TWOOD-L,170,150,7,7
902,SDG,CKELLY-R,-110,-110,10.5,11
902,COL,JFRANCIS-L,-110,-110,10.5,11
902,PHI,CHAMELS-L,-110,-110,7,7
902,ATL,PMAHOLM-L,-110,-110,7,7
902,ARI,WMILEY-L,110,-105,7,7
902,LOS,CCAPUANO-L,-130,-115,7,7
902,TEX,DHOLLAND-L,-165,-150,9,8.5
902,CLE,McALLISTER-R,145,130,9,8.5
902,BAL,CTILLMAN-R,125,133,9.5,9
902,NYY,PHUGHES-R,-145,-153,9.5,9
902,TAM,DPRICE-L,-190,-184,7.5,7.5
902,TOR,RROMERO-L,170,164,7.5,7.5
902,CWS,CSALE-L,155,148,7,7
902,DET,VERLANDER-R,-175,-168,7,7
902,MIN,EVASQUEZ-R,130,130,9,9
902,KAN,LMENDOZA-R,-150,-150,9,9
902,BOS,MATSUZAKA-R,145,154,7.5,7.5
902,OAK,BANDERSON-L,-165,-174,7.5,7.5
902,LAA,JWEAVER-R,-170,-190,7,7
902,SEA,HIWAKUMA-R,150,170,7,7
903,CUB,SAMARDZIJA-R,155,170,7.5,7.5
903,WAS,RDETWILER-L,-175,-190,7.5,7.5
903,PHI,TCLOYD-R,170,175,8,8
903,CIN,JCUETO-R,-200,-195,8,8
903,COL,TCHATWOOD-R,200,210,7.5,7.5
903,ATL,KMEDLEN-R,-230,-250,7.5,7.5
903,MIL,MFIERS-R,-135,-126,8,8
903,MIA,RNOLASCO-R,115,106,8,8
903,HOU,EGONZALEZ-R,178,190,8.5,8.5
903,PIT,JLOCKE-L,-198,-220,8.5,8.5
903,NYM,CMCHUGH-R,130,133,8.5,9
903,STL,JKELLY-R,-150,-153,8.5,9
903,ARI,PCORBIN-L,-105,-105,8,8
903,SFO,BZITO-L,-115,-105,8,8
903,SDG,AWERNER-L,145,160,7.5,8
903,LOS,JBLANTON-R,-165,-180,7.5,8
903,CLE,CKLUBER-R,200,200,9.5,9.5
903,DET,ASANCHEZ-R,-230,-230,9.5,9.5
903,BAL,JSAUNDERS-L,-110,-107,8.5,9
903,TOR,JHAPP-L,-110,-113,8.5,9
903,NYY,CSABATHIA-L,-110,-106,7.5,7
903,TAM,JSHIELDS-R,-110,-114,7.5,7
903,TEX,YDARVISH-R,-160,-163,8.5,9
903,KAN,BCHEN-L,140,143,8.5,9
903,LAA,CWILSON-L,-110,-107,8,8
903,OAK,TMILONE-L,-110,-113,8,8
903,BOS,CBUCHHOLZ-R,-115,-108,7.5,7
903,SEA,JVARGAS-L,-105,-112,7.5,7
903,MIN,SDEDUNO-R,135,154,9,9.5
903,CWS,HSANTIAGO-L,-155,-174,9,9.5
904,CUB,CRUSIN-L,175,180,8,8
904,WAS,EJACKSON-R,-205,-210,8,8
904,HOU,JLYLES-R,180,180,8,7.5
904,PIT,WRODRIGUZ-L,-210,-210,8,7.5
904,MIL,SMARCUM-R,-120,-125,8.5,8.5
904,MIA,WLEBLANC-L,100,105,8.5,8.5
904,PHI,KKENDRICK-R,155,142,8,8
904,CIN,MLATOS-R,-175,-162,8,8
904,COL,DPOMERANZ-L,165,160,8.5,8
904,ATL,THANSON-R,-185,-180,8.5,8
904,NYM,MHARVEY-R,130,124,8,8
904,STL,JGARCIA-L,-150,-144,8,8
904,SDG,ESTULTS-L,205,190,6.5,7
904,LOS,CKERSHAW-L,-235,-220,6.5,7
904,ARI,IKENNEDY-R,105,100,7,7
904,SFO,VOGELSONG-R,-125,-120,7,7
904,BAL,ZBRITTON-L,-113,-105,8.5,8
904,TOR,VILLANUEVA-R,-107,-105,8.5,8
904,CLE,JMASTERSN-R,175,162,9.5,9
904,DET,RPORCELLO-R,-205,-182,9.5,9
904,NYY,FGARCIA-R,102,113,8.5,8.5
904,TAM,ACOBB-R,-122,-133,8.5,8.5
904,MIN,SDIAMOND-L,140,123,9,9
904,CWS,JQUINTANA-L,-160,-143,9,9
904,TEX,MHARRISON-L,-135,-155,9,9
904,KAN,JGUTHRIE-R,115,135,9,9
904,LAA,ZGREINKE-R,-113,-128,7.5,7.5
904,OAK,JPARKER-R,-107,108,7.5,7.5
904,BOS,JLESTER-L,-135,-117,7,7
904,SEA,BBEAVAN-R,115,-103,7,7
905,PHI,RHALLADAY-R,-113,-108,8,8
905,CIN,MLEAKE-R,-107,-112,8,8
905,NYM,RDICKEY-R,120,106,7,7.5
905,STL,WAINWRIGHT-R,-140,-126,7,7.5
905,HOU,FABAD-L,170,170,8.5,8.5
905,PIT,KCORREIA-R,-200,-200,8.5,8.5
905,CUB,CVOLSTAD-R,200,220,7.5,7.5
905,WAS,GGONZALEZ-L,-240,-260,7.5,7.5
905,MIL,WPERALTA-R,-113,-105,9,9
905,MIA,NEOVALDI-R,-107,-105,9,9
905,COL,AWHITE-R,170,180,8,8
905,ATL,MMINOR-L,-190,-210,8,8
905,SDG,CRICHARD-L,130,115,7.5,8
905,LOS,AHARANG-R,-150,-135,7.5,8
905,ARI,TCAHILL-R,134,135,6.5,6.5
905,SFO,BUMGARNER-L,-154,-155,6.5,6.5
905,MIN,PWALTERS-R,170,180,9,9
905,CWS,JPEAVY-R,-190,-210,9,9
905,LAA,DHAREN-R,-113,-109,8,8
905,OAK,BMCCARTHY-R,-107,-111,8,8
905,CLE,UJIMENEZ-R,195,170,9,9
905,DET,DFISTER-R,-225,-200,9,9
905,BAL,MGONZALEZ-R,-106,-112,8,8
905,TOR,BMORROW-R,-114,-108,8,8
905,NYY,HKURODA-R,-102,-108,7.5,7
905,TAM,MMOORE-L,-118,-112,7.5,7
905,TEX,RDEMPSTER-R,-155,-155,9,9
905,KAN,ETEAFORD-L,135,135,9,9
905,BOS,ACOOK-R,-114,102,8,7.5
905,SEA,KMILLWOOD-R,-106,-122,8,7.5
906,COL,JCHACIN-R,157,190,7.5,7.5
906,ATL,THUDSON-R,-177,-220,7.5,7.5
906,MIL,MESTRADA-R,107,-110,7.5,7.5
906,MIA,JJOHNSON-R,-127,-110,7.5,7.5
906,CUB,JGERMANO-R,190,220,8,8
906,WAS,ZIMMERMANN-R,-220,-260,8,8
906,NYY,DPHELPS-R,-113,-109,9,9
906,BAL,JHAMMEL-R,-107,-111,9,9
906,TEX,SFELDMAN-R,-132,-127,9.5,9
906,KAN,LHOCHEVAR-R,112,107,9.5,9
907,MIA,JTURNER-R,215,230,7.5,7.5
907,WAS,STRASBURG-R,-255,-270,7.5,7.5
907,CUB,TWOOD-L,175,170,7.5,7.5
907,PIT,ABURNETT-R,-195,-190,7.5,7.5
907,COL,JFRANCIS-L,170,190,7.5,7.5
907,PHI,CLEE-L,-200,-220,7.5,7.5
907,HOU,LHARRELL-R,170,170,8.5,8
907,CIN,HBAILEY-R,-200,-200,8.5,8
907,ATL,PMAHOLM-L,-110,-105,7.5,7.5
907,NYM,JNIESE-L,-110,-115,7.5,7.5
907,MIL,YGALLARDO-R,110,114,7.5,7.5
907,STL,KLOHSE-R,-130,-134,7.5,7.5
907,ARI,TSKAGGS-L,-108,-104,7,7
907,SDG,ACASHNER-R,-112,-116,7,7
907,LOS,JBECKETT-R,-105,-113,7,7
907,SFO,TLINCECUM-R,-115,-107,7,7
907,NYY,PHUGHES-R,-110,-110,9,9
907,BAL,WCHEN-L,-110,-110,9,9
907,TOR,HALVAREZ-R,125,117,10,9.5
907,BOS,FDOUBRONT-L,-145,-137,10,9.5
907,TEX,DHOLLAND-L,-110,-111,8.5,8
907,TAM,HELLICKSON-R,-110,-109,8.5,8
907,CLE,JGOMEZ-R,108,115,9,9
907,MIN,LHENDRIKS-R,-128,-135,9,9
907,KAN,LMENDOZA-R,140,124,8.5,8.5
907,CWS,FLIRIANO-L,-160,-144,8.5,8.5
907,DET,MSCHERZER-R,-105,-111,8,8
907,LAA,ESANTANA-R,-105,-109,8,8
907,OAK,AGRIFFIN-R,115,123,6,6
907,SEA,FHERNANDZ-R,-135,-143,6,6
908,MIA,MBUEHRLE-L,151,145,7.5,8.5
908,WAS,RDETWILER-L,-171,-165,7.5,8.5
908,ATL,KMEDLEN-R,-165,-162,7.5,7.5
908,NYM,JHEFNER-R,145,142,7.5,7.5
908,LOS,CCAPUANO-L,135,122,7,7
908,SFO,MCAIN-R,-155,-142,7,7
908,CUB,SAMARDZIJA-R,132,118,7.5,7
908,PIT,JMCDONALD-R,-152,-138,7.5,7
908,HOU,BNORRIS-R,192,175,8,7.5
908,CIN,BARROYO-R,-222,-205,8,7.5
908,MIL,MFIERS-R,105,-108,8,7.5
908,STL,WESTBROOK-R,-125,-112,8,7.5
908,ARI,WMILEY-L,-135,-115,6.5,6.5
908,SDG,CKELLY-R,115,-105,6.5,6.5
908,KAN,BCHEN-L,180,154,8.5,8
908,CWS,CSALE-L,-210,-174,8.5,8
908,NYY,CSABATHIA-L,-143,-160,8.5,8.5
908,BAL,JSAUNDERS-L,123,140,8.5,8.5
908,TOR,ALAFFEY-L,115,117,9.5,10
908,BOS,MATSUZAKA-R,-135,-137,9.5,10
908,CLE,McALLISTER-R,100,-106,9,9
908,MIN,CDEVRIES-R,-120,-114,9,9
908,TEX,YDARVISH-R,-128,-130,8,7.5
908,TAM,CARCHER-R,108,110,8,7.5
908,DET,VERLANDER-R,-135,-124,7.5,7
908,LAA,CWILSON-L,115,104,7.5,7
908,OAK,BANDERSON-L,-125,-137,6.5,6.5
908,SEA,HIWAKUMA-R,105,117,6.5,6.5
909,ATL,THANSON-R,-130,-130,8,8
909,NYM,CYOUNG-R,110,110,8,8
909,HOU,EGONZALEZ-R,250,280,8,7.5
909,CIN,JCUETO-R,-300,-330,8,7.5
909,CUB,CRUSIN-L,155,164,8.5,8
909,PIT,JLOCKE-L,-175,-184,8.5,8
909,MIA,RNOLASCO-R,170,139,8.5,8
909,WAS,EJACKSON-R,-190,-159,8.5,8
909,COL,DPOMERANZ-L,145,134,8.5,8
909,PHI,TCLOYD-R,-165,-154,8.5,8
909,MIL,SMARCUM-R,110,107,8.5,8.5
909,STL,JKELLY-R,-130,-127,8.5,8.5
909,LOS,CKERSHAW-L,-175,-111,7,7.5
909,SFO,BZITO-L,155,-109,7,7.5
909,ARI,PCORBIN-L,100,-109,7,7
909,SDG,AWERNER-L,-120,-111,7,7
909,TOR,VILLANUEVA-R,140,130,9,8.5
909,BOS,CBUCHHOLZ-R,-160,-150,9,8.5
909,NYY,FGARCIA-R,104,-110,9,9
909,BAL,ZBRITTON-L,-124,-110,9,9
909,TEX,ROSWALT-R,125,118,8,7.5
909,TAM,JSHIELDS-R,-145,-138,8,7.5
909,KAN,JGUTHRIE-R,120,100,9,9
909,CWS,HSANTIAGO-L,-140,-120,9,9
909,CLE,CKLUBER-R,102,-103,9.5,9
909,MIN,EVASQUEZ-R,-122,-117,9.5,9
909,OAK,TMILONE-L,-125,-120,7,7
909,SEA,JVARGAS-L,105,100,7,7
909,DET,ASANCHEZ-R,135,135,8.5,8.5
909,LAA,ZGREINKE-R,-155,-155,8.5,8.5
909,COL,TCHATWOOD-R,145,200,8.5,7.5
909,PHI,CHAMELS-L,-165,-240,8.5,7.5
910,MIA,WLEBLANC-L,135,114,8.5,8
910,PHI,KKENDRICK-R,-155,-134,8.5,8
910,WAS,GGONZALEZ-L,-145,-153,7.5,7
910,NYM,CMCHUGH-R,125,133,7.5,7
910,PIT,WRODRIGUZ-L,145,150,7.5,7.5
910,CIN,MLATOS-R,-165,-170,7.5,7.5
910,CUB,CVOLSTAD-R,-110,-107,8.5,8.5
910,HOU,DKEUCHEL-L,-110,-113,8.5,8.5
910,ATL,MMINOR-L,-115,-122,8.5,8.5
910,MIL,WPERALTA-R,-105,102,8.5,8.5
910,SFO,VOGELSONG-R,-140,-139,10.5,10.5
910,COL,AWHITE-R,120,119,10.5,10.5
910,STL,JGARCIA-L,-115,-115,7,7
910,SDG,ESTULTS-L,-105,-105,7,7
910,DET,RPORCELLO-R,-110,-118,9.5,9
910,CWS,JQUINTANA-L,-110,-102,9.5,9
910,CLE,JMASTERSN-R,100,103,9,9
910,MIN,SDEDUNO-R,-120,-123,9,9
910,OAK,JPARKER-R,140,135,8,8
910,LAA,DHAREN-R,-160,-155,8,8
911,MIA,NEOVALDI-R,175,200,8,7.5
911,PHI,RHALLADAY-R,-205,-240,8,7.5
911,WAS,ZIMMERMANN-R,-108,-112,7,7
911,NYM,RDICKEY-R,-112,-108,7,7
911,PIT,KCORREIA-R,125,132,9,8.5
911,CIN,MLEAKE-R,-145,-152,9,8.5
911,CUB,JGERMANO-R,-113,-113,8.5,8.5
911,HOU,JLYLES-R,-107,-107,8.5,8.5
911,ATL,THUDSON-R,-113,-110,8,8.5
911,MIL,MESTRADA-R,-107,-110,8,8.5
911,SFO,BUMGARNER-L,-140,-154,9.5,9
911,COL,JCHACIN-R,120,134,9.5,9
911,LOS,CKERSHAW-L,-140,-134,7.5,7.5
911,ARI,IKENNEDY-R,120,114,7.5,7.5
911,STL,WAINWRIGHT-R,-140,-124,7,7
911,SDG,EVOLQUEZ-R,120,104,7,7
911,SEA,ERAMIREZ-R,135,144,8.5,8
911,TOR,BMORROW-R,-155,-164,8.5,8
911,TAM,MMOORE-L,-135,-121,8.5,8
911,BAL,JHAMMEL-R,115,101,8.5,8
911,NYY,HKURODA-R,-125,-138,9,8.5
911,BOS,JLESTER-L,105,118,9,8.5
911,CLE,UJIMENEZ-R,200,190,9.5,9.5
911,TEX,MHARRISON-L,-230,-220,9.5,9.5
911,KAN,WSMITH-L,117,112,9,9.5
911,MIN,SDIAMOND-L,-137,-132,9,9.5
911,DET,DFISTER-R,-105,-107,8.5,8
911,CWS,JPEAVY-R,-105,-113,8.5,8
911,OAK,DSTRAILY-R,135,113,8,8.5
911,LAA,JWILLIAMS-R,-155,-133,8,8.5
912,MIA,JJOHNSON-R,135,152,7,7
912,PHI,CLEE-L,-155,-172,7,7
912,STL,KLOHSE-R,-133,-130,7,7
912,SDG,CRICHARD-L,113,110,7,7
912,PIT,ABURNETT-R,107,115,8.5,7.5
912,CIN,HBAILEY-R,-127,-135,8.5,7.5
912,WAS,JLANNAN-L,-107,-110,8,8
912,NYM,MHARVEY-R,-113,-110,8,8
912,CUB,TWOOD-L,-127,-118,8.5,8
912,HOU,FABAD-L,107,-102,8.5,8
912,ATL,PMAHOLM-L,114,115,7.5,8
912,MIL,YGALLARDO-R,-134,-135,7.5,8
912,SFO,TLINCECUM-R,-124,-111,10.5,9.5
912,COL,JFRANCIS-L,104,-109,10.5,9.5
912,LOS,AHARANG-R,104,112,9,9
912,ARI,TCAHILL-R,-124,-132,9,9
912,SEA,KMILLWOOD-R,110,111,9,9
912,TOR,RROMERO-L,-130,-131,9,9
912,TAM,ACOBB-R,-108,-121,8.5,8
912,BAL,MGONZALEZ-R,-112,101,8.5,8
912,NYY,DPHELPS-R,-138,-154,10,9.5
912,BOS,ACOOK-R,118,134,10,9.5
912,CLE,JGOMEZ-R,200,220,9.5,10
912,TEX,RDEMPSTER-R,-230,-260,9.5,10
912,DET,MSCHERZER-R,-130,-142,8.5,9
912,CWS,GFLOYD-R,110,122,8.5,9
912,KAN,LHOCHEVAR-R,-120,-114,9.5,9
912,MIN,PWALTERS-R,100,-106,9.5,9
912,OAK,AGRIFFIN-R,-102,110,8,8
912,LAA,ESANTANA-R,-118,-130,8,8
913,PHI,TCLOYD-R,-135,-144,8,8
913,HOU,LHARRELL-R,115,124,8,8
913,STL,LLYNN-R,115,100,7.5,7.5
913,LOS,JBECKETT-R,-135,-120,7.5,7.5
913,TAM,HELLICKSON-R,-104,-117,8.5,8.5
913,BAL,WCHEN-L,-116,-103,8.5,8.5
913,OAK,BANDERSON-L,135,119,7,7.5
913,LAA,JWEAVER-R,-155,-139,7,7.5
913,SEA,FHERNANDZ-R,-150,-155,7.5,7.5
913,TOR,HALVAREZ-R,130,135,7.5,7.5
913,NYY,PHUGHES-R,-145,-150,10,9.5
913,BOS,FDOUBRONT-L,125,130,10,9.5
913,CLE,McALLISTER-R,200,200,10.5,9.5
913,TEX,DHOLLAND-L,-230,-240,10.5,9.5
913,KAN,LMENDOZA-R,-120,-114,9,9
913,MIN,LHENDRIKS-R,100,-106,9,9
914,PIT,JMCDONALD-R,-136,-137,8.5,8.5
914,CUB,CRUSIN-L,116,117,8.5,8.5
914,CIN,BARROYO-R,-142,-132,8.5,8.5
914,MIA,JTURNER-R,122,112,8.5,8.5
914,WAS,RDETWILER-L,144,114,7,7
914,ATL,KMEDLEN-R,-164,-134,7,7
914,PHI,CHAMELS-L,-185,-210,7,7.5
914,HOU,EGONZALEZ-R,165,180,7,7.5
914,NYM,JNIESE-L,135,130,7.5,7.5
914,MIL,MFIERS-R,-155,-150,7.5,7.5
914,SFO,MCAIN-R,-130,-137,8.5,9
914,ARI,TSKAGGS-L,110,117,8.5,9
914,COL,TCHATWOOD-R,130,164,7,7.5
914,SDG,ACASHNER-R,-150,-184,7,7.5
914,STL,JKELLY-R,110,107,8,8
914,LOS,CCAPUANO-L,-130,-127,8,8
914,DET,VERLANDER-R,-154,-200,9,7.5
914,CLE,CKLUBER-R,134,170,9,7.5
914,BOS,MATSUZAKA-R,100,122,9.5,9
914,TOR,ALAFFEY-L,-120,-142,9.5,9
914,TAM,DPRICE-L,102,105,8,8
914,NYY,CSABATHIA-L,-122,-125,8,8
914,SEA,HIWAKUMA-R,195,200,9,8.5
914,TEX,YDARVISH-R,-225,-230,9,8.5
914,LAA,CWILSON-L,-145,-166,9,8.5
914,KAN,BCHEN-L,125,146,9,8.5
914,CWS,CSALE-L,-177,-190,8.5,8.5
914,MIN,EVASQUEZ-R,157,170,8.5,8.5
914,BAL,JSAUNDERS-L,105,121,7.5,7
914,OAK,TMILONE-L,-125,-141,7.5,7
915,PIT,WRODRIGUZ-L,-145,-150,8.5,8.5
915,CUB,JBERKEN-R,125,130,8.5,8.5
915,COL,DPOMERANZ-L,110,122,7.5,7.5
915,SDG,CKELLY-R,-130,-142,7.5,7.5
915,PHI,KKENDRICK-R,-170,-180,8.5,8.5
915,HOU,DKEUCHEL-L,150,160,8.5,8.5
915,NYM,JMEJIA-R,140,143,8.5,8.5
915,MIL,SMARCUM-R,-160,-163,8.5,8.5
915,WAS,EJACKSON-R,110,-102,8,7.5
915,ATL,THANSON-R,-130,-118,8,7.5
915,CIN,JCUETO-R,-155,-134,7.5,7.5
915,MIA,MBUEHRLE-L,135,114,7.5,7.5
915,SFO,BZITO-L,135,124,9.5,9.5
915,ARI,WMILEY-L,-155,-144,9.5,9.5
915,STL,JGARCIA-L,100,-105,8,8.5
915,LOS,JBLANTON-R,-120,-115,8,8.5
915,BOS,CBUCHHOLZ-R,-110,107,8.5,8
915,TOR,VILLANUEVA-R,-110,-127,8.5,8
915,CWS,FLIRIANO-L,-113,-110,9,9
915,MIN,SDEDUNO-R,-107,-110,9,9
915,DET,ASANCHEZ-R,-140,-133,8.5,8.5
915,CLE,JMASTERSN-R,120,113,8.5,8.5
915,TAM,JSHIELDS-R,-115,-105,9,9
915,NYY,INOVA-R,-105,-105,9,9
915,LAA,ZGREINKE-R,-150,-150,8.5,8
915,KAN,JGUTHRIE-R,130,130,8.5,8
915,SEA,JVARGAS-L,170,154,9.5,9
915,TEX,SFELDMAN-R,-200,-174,9.5,9
915,BAL,ZBRITTON-L,120,115,7.5,7.5
915,OAK,JPARKER-R,-140,-135,7.5,7.5
916,CIN,MLATOS-R,-135,-127,8,8
916,MIA,RNOLASCO-R,115,107,8,8
916,WAS,GGONZALEZ-L,-120,-115,7.5,7.5
916,ATL,MMINOR-L,100,-105,7.5,7.5
916,PHI,RHALLADAY-R,-200,-210,8,7.5
916,HOU,JLYLES-R,170,180,8,7.5
916,NYM,CYOUNG-R,130,122,9,9
916,MIL,WPERALTA-R,-150,-142,9,9
916,PIT,JLOCKE-L,-120,-122,10.5,10.5
916,CUB,CVOLSTAD-R,100,102,10.5,10.5
916,COL,AWHITE-R,135,142,7.5,7.5
916,SDG,AWERNER-L,-155,-162,7.5,7.5
916,SFO,VOGELSONG-R,100,-103,9.5,9
916,ARI,PCORBIN-L,-120,-117,9.5,9
916,STL,WAINWRIGHT-R,-120,-130,7.5,7.5
916,LOS,SFIFE-R,100,110,7.5,7.5
916,TAM,MMOORE-L,120,110,8.5,9
916,NYY,HKURODA-R,-140,-130,8.5,9
916,BOS,JLESTER-L,-110,-106,8.5,7.5
916,TOR,BMORROW-R,-110,-114,8.5,7.5
916,LAA,DHAREN-R,-165,-160,9,9
916,KAN,WSMITH-L,145,140,9,9
916,CWS,JPEAVY-R,-125,-126,9,8.5
916,MIN,SDIAMOND-L,105,106,9,8.5
916,DET,RPORCELLO-R,-150,-120,9.5,8.5
916,CLE,UJIMENEZ-R,130,100,9.5,8.5
916,SEA,BBEAVAN-R,200,200,9.5,9.5
916,TEX,MHARRISON-L,-240,-240,9.5,9.5
916,BAL,RWOLF-L,122,124,8,8
916,OAK,DSTRAILY-R,-142,-144,8,8
917,ATL,THUDSON-R,-130,-150,7.5,7.5
917,MIA,WLEBLANC-L,110,130,7.5,7.5
917,PHI,CLEE-L,-113,-110,6.5,6.5
917,NYM,RDICKEY-R,-107,-110,6.5,6.5
917,PIT,KCORREIA-R,-113,-106,8.5,8.5
917,CUB,TWOOD-L,-107,-114,8.5,8.5
917,COL,JCHACIN-R,175,200,7,7
917,SFO,BUMGARNER-L,-195,-230,7,7
917,BOS,ACOOK-R,165,175,8.5,8
917,TAM,ACOBB-R,-185,-195,8.5,8
917,BAL,CTILLMAN-R,-118,-135,7.5,7.5
917,SEA,HNOESI-R,-102,115,7.5,7.5
917,DET,DFISTER-R,-125,-115,9,8.5
917,CWS,JQUINTANA-L,105,-105,9,8.5
918,MIL,YGALLARDO-R,-116,-124,7.5,7
918,PIT,ABURNETT-R,-104,104,7.5,7
918,ATL,PMAHOLM-L,-130,-159,8,8.5
918,MIA,NEOVALDI-R,110,139,8,8.5
918,CIN,HBAILEY-R,-130,-160,8,7.5
918,CUB,JGERMANO-R,110,140,8,7.5
918,HOU,FABAD-L,235,270,8.5,8
918,STL,KLOHSE-R,-275,-320,8.5,8
918,SDG,ESTULTS-L,130,130,9.5,9.5
918,ARI,IKENNEDY-R,-150,-150,9.5,9.5
918,COL,JFRANCIS-L,170,154,7,7
918,SFO,TLINCECUM-R,-190,-174,7,7
918,MIN,PWALTERS-R,120,120,9.5,9
918,CLE,DHUFF-L,-140,-140,9.5,9
918,OAK,AGRIFFIN-R,125,130,8,7.5
918,DET,MSCHERZER-R,-145,-150,8,7.5
918,BOS,FDOUBRONT-L,-114,148,8,7.5
918,TAM,HELLICKSON-R,-106,-168,8,7.5
918,CWS,GFLOYD-R,-106,-110,9.5,8.5
918,KAN,LHOCHEVAR-R,-114,-110,9.5,8.5
918,TEX,RDEMPSTER-R,118,102,7.5,7.5
918,LAA,JWEAVER-R,-138,-122,7.5,7.5
918,BAL,WCHEN-L,-120,-138,7,7
918,SEA,ERAMIREZ-R,100,118,7,7
919,MIL,MESTRADA-R,-130,-119,8,7.5
919,PIT,KMCPHRSON-R,110,-101,8,7.5
919,LOS,JBECKETT-R,-107,-114,8,8
919,WAS,JLANNAN-L,-113,-106,8,8
919,ATL,KMEDLEN-R,-140,-139,6.5,6.5
919,MIA,JJOHNSON-R,120,119,6.5,6.5
919,PHI,CHAMELS-L,-130,-135,7,7
919,NYM,MHARVEY-R,110,115,7,7
919,CIN,MLEAKE-R,-145,-144,14,14
919,CUB,CRUSIN-L,125,124,14,14
919,HOU,LHARRELL-R,200,200,8,7.5
919,STL,LLYNN-R,-240,-230,8,7.5
919,SDG,EVOLQUEZ-R,120,136,9.5,9.5
919,ARI,TCAHILL-R,-140,-156,9.5,9.5
919,COL,TCHATWOOD-R,210,200,7,7
919,SFO,MCAIN-R,-250,-240,7,7
919,MIN,LHENDRIKS-R,115,115,9,9
919,CLE,McALLISTER-R,-135,-135,9,9
919,TOR,RROMERO-L,170,180,10,9.5
919,NYY,DPHELPS-R,-190,-210,10,9.5
919,OAK,BANDERSON-L,150,160,7,7
919,DET,VERLANDER-R,-170,-180,7,7
919,BOS,MATSUZAKA-R,155,162,8,8.5
919,TAM,CARCHER-R,-175,-182,8,8.5
919,CWS,CSALE-L,-155,-144,8,7.5
919,KAN,BCHEN-L,135,124,8,7.5
919,TEX,DHOLLAND-L,105,136,8.5,8
919,LAA,CWILSON-L,-125,-156,8.5,8
919,BAL,JSAUNDERS-L,130,130,6.5,6.5
919,SEA,FHERNANDZ-R,-150,-150,6.5,6.5
919,TOR,HALVAREZ-R,174,180,9.5,9.5
919,NYY,APETTITTE-L,-194,-210,9.5,9.5
919,LOS,AHARANG-R,135,124,8,8
919,WAS,ZIMMERMANN-R,-155,-144,8,8
920,HOU,BNORRIS-R,200,200,8,8
920,STL,JGARCIA-L,-230,-230,8,8
920,CIN,JCUETO-R,-190,-160,8.5,8.5
920,CUB,JBERKEN-R,170,140,8.5,8.5
920,SDG,CRICHARD-L,100,-110,9.5,9.5
920,ARI,TSKAGGS-L,-120,-110,9.5,9.5
920,COL,JDELAROSA-L,150,144,8,8
920,SFO,BZITO-L,-170,-164,8,8
920,MIL,MFIERS-R,-125,-108,7.5,7.5
920,PIT,WRODRIGUZ-L,105,-112,7.5,7.5
920,LOS,CCAPUANO-L,125,100,8,8
920,WAS,RDETWILER-L,-145,-120,8,8
920,MIN,EVASQUEZ-R,115,119,9.5,9.5
920,CLE,CKLUBER-R,-135,-139,9.5,9.5
920,OAK,TMILONE-L,120,124,8.5,8
920,DET,ASANCHEZ-R,-140,-144,8.5,8
920,TOR,ALAFFEY-L,210,200,9.5,9
920,NYY,PHUGHES-R,-250,-240,9.5,9
920,BOS,CBUCHHOLZ-R,170,190,7,7
920,TAM,DPRICE-L,-200,-220,7,7
920,CWS,FLIRIANO-L,-110,-110,8.5,8
920,KAN,JGUTHRIE-R,-110,-110,8.5,8
920,TEX,YDARVISH-R,100,120,7,7.5
920,LAA,ZGREINKE-R,-120,-140,7,7.5
920,PHI,TCLOYD-R,-130,-113,8,8
920,NYM,JHEFNER-R,110,-107,8,8
921,STL,CARPENTER-R,-170,-180,9,9.5
921,CUB,CVOLSTAD-R,150,160,9,9.5
921,MIL,SMARCUM-R,110,120,8.5,8
921,WAS,EJACKSON-R,-130,-140,8.5,8
921,ATL,THANSON-R,-112,-114,8,8
921,PHI,KKENDRICK-R,-108,-106,8,8
921,MIA,JTURNER-R,112,130,7.5,7
921,NYM,JNIESE-L,-132,-150,7.5,7
921,LOS,JBLANTON-R,125,117,8.5,8
921,CIN,BARROYO-R,-145,-137,8.5,8
921,PIT,JLOCKE-L,-120,-108,8.5,8.5
921,HOU,EGONZALEZ-R,100,-112,8.5,8.5
921,ARI,WMILEY-L,-137,-140,10,10.5
921,COL,DPOMERANZ-L,117,120,10,10.5
921,SDG,CKELLY-R,137,135,7.5,7.5
921,SFO,VOGELSONG-R,-157,-155,7.5,7.5
921,OAK,JPARKER-R,140,154,8.5,8.5
921,NYY,CSABATHIA-L,-160,-174,8.5,8.5
921,BAL,MGONZALEZ-R,105,-107,9,8.5
921,BOS,JLESTER-L,-125,-113,9,8.5
921,TOR,VILLANUEVA-R,190,180,7,7
921,TAM,JSHIELDS-R,-220,-210,7,7
921,CLE,JMASTERSN-R,102,-109,8.5,8.5
921,KAN,LMENDOZA-R,-122,-111,8.5,8.5
921,CWS,JPEAVY-R,112,108,8,7.5
921,LAA,ESANTANA-R,-132,-128,8,7.5
921,TEX,MPEREZ-L,-125,-125,7.5,7.5
921,SEA,HIWAKUMA-R,105,105,7.5,7.5
922,MIL,WPERALTA-R,135,136,7.5,7.5
922,WAS,GGONZALEZ-L,-155,-156,7.5,7.5
922,MIA,MBUEHRLE-L,120,170,7,7
922,NYM,RDICKEY-R,-140,-190,7,7
922,STL,WAINWRIGHT-R,-160,-162,8,8
922,CUB,TWOOD-L,140,142,8,8
922,ATL,MMINOR-L,110,103,7.5,7.5
922,PHI,RHALLADAY-R,-130,-123,7.5,7.5
922,PIT,KCORREIA-R,-145,-128,8.5,8.5
922,HOU,DKEUCHEL-L,125,108,8.5,8.5
922,LOS,SFIFE-R,105,154,8,8
922,CIN,MLATOS-R,-125,-174,8,8
922,ARI,PCORBIN-L,-110,-117,10.5,10.5
922,COL,JCHACIN-R,-110,-103,10.5,10.5
922,SDG,AWERNER-L,145,160,7,7
922,SFO,BUMGARNER-L,-165,-180,7,7
922,BAL,RWOLF-L,-117,-112,9.5,9.5
922,BOS,ACOOK-R,-103,-108,9.5,9.5
922,TEX,MHARRISON-L,-180,-178,7.5,7
922,SEA,BBEAVAN-R,160,158,7.5,7
922,OAK,TBLACKLEY-L,130,140,9.5,9
922,NYY,INOVA-R,-150,-160,9.5,9
922,MIN,SDEDUNO-R,180,190,9,9
922,DET,DFISTER-R,-210,-220,9,9
922,TOR,BMORROW-R,155,164,7,7
922,TAM,MMOORE-L,-175,-184,7,7
922,CLE,UJIMENEZ-R,105,123,9,8.5
922,KAN,WSMITH-L,-125,-143,9,8.5
922,CWS,JQUINTANA-L,150,151,8.5,8
922,LAA,DHAREN-R,-170,-171,8.5,8
923,MIA,RNOLASCO-R,-110,-107,8,7.5
923,NYM,CYOUNG-R,-110,-113,8,7.5
923,LOS,CKERSHAW-L,100,-142,8,7.5
923,CIN,HBAILEY-R,-120,122,8,7.5
923,MIL,YGALLARDO-R,-130,-130,8,8
923,WAS,CWANG-R,110,110,8,8
923,PIT,ABURNETT-R,-130,-138,8,8.5
923,HOU,JLYLES-R,110,118,8,8.5
923,STL,KLOHSE-R,-175,-176,8,8
923,CUB,JGERMANO-R,155,156,8,8
923,ARI,IKENNEDY-R,-138,-132,10.5,10.5
923,COL,JFRANCIS-L,118,112,10.5,10.5
923,SDG,ESTULTS-L,-133,-154,7.5,7.5
923,SFO,YPETIT-R,113,134,7.5,7.5
923,ATL,THUDSON-R,122,142,7,7
923,PHI,CLEE-L,-142,-162,7,7
923,OAK,AGRIFFIN-R,135,140,8.5,8.5
923,NYY,HKURODA-R,-155,-160,8.5,8.5
923,MIN,SDIAMOND-L,203,190,8.5,8
923,DET,MSCHERZER-R,-243,-220,8.5,8
923,BAL,CTILLMAN-R,-113,-134,9,9
923,BOS,FDOUBRONT-L,-107,114,9,9
923,TOR,CJENKINS-R,203,210,8.5,8.5
923,TAM,HELLICKSON-R,-243,-250,8.5,8.5
923,CLE,DHUFF-L,100,110,9,9
923,KAN,JODORIZZI-R,-120,-130,9,9
923,CWS,GFLOYD-R,160,180,7.5,7.5
923,LAA,JWEAVER-R,-180,-210,7.5,7.5
923,TEX,RDEMPSTER-R,-145,-144,7,7
923,SEA,JVARGAS-L,125,124,7,7
923,MIN,PWALTERS-R,200,210,9,9
923,DET,DSMYLY-L,-230,-250,9,9
924,MIL,MESTRADA-R,115,117,8,7.5
924,WAS,ZIMMERMANN-R,-135,-137,8,7.5
924,PIT,KMCPHRSON-R,-105,-110,8,8
924,NYM,JMEJIA-R,-115,-110,8,8
924,STL,LLYNN-R,-200,-220,8,8
924,HOU,FABAD-L,170,190,8,8
924,ARI,TCAHILL-R,-145,-170,10.5,10.5
924,COL,TCHATWOOD-R,125,150,10.5,10.5
924,KAN,LHOCHEVAR-R,230,220,7.5,7.5
924,DET,VERLANDER-R,-270,-260,7.5,7.5
924,TOR,RROMERO-L,170,170,9,8.5
924,BAL,WCHEN-L,-200,-200,9,8.5
924,OAK,DSTRAILY-R,148,150,9.5,9
924,TEX,DHOLLAND-L,-168,-170,9.5,9
924,CLE,McALLISTER-R,200,230,8.5,8
924,CWS,CSALE-L,-240,-270,8.5,8
924,NYY,APETTITTE-L,-160,-170,9,9
924,MIN,LHENDRIKS-R,140,150,9,9
924,TOR,HALVAREZ-R,160,170,8.5,8.5
924,BAL,SJOHNSON-R,-180,-190,8.5,8.5
925,WAS,RDETWILER-L,120,124,7.5,7
925,PHI,CHAMELS-L,-140,-144,7.5,7
925,MIA,NEOVALDI-R,210,250,7.5,7
925,ATL,KMEDLEN-R,-250,-300,7.5,7
925,MIL,MFIERS-R,120,122,8,7.5
925,CIN,JCUETO-R,-140,-142,8,7.5
925,PIT,WRODRIGUZ-L,-115,-107,7.5,7.5
925,NYM,CMCHUGH-R,-105,-113,7.5,7.5
925,STL,JGARCIA-L,-154,-150,8,8
925,HOU,LHARRELL-R,134,130,8,8
925,CUB,CRUSIN-L,105,122,11,10.5
925,COL,JDELAROSA-L,-125,-142,11,10.5
925,LOS,JBECKETT-R,-112,-120,7,7
925,SDG,EVOLQUEZ-R,-108,100,7,7
925,ARI,COLLMENTER-R,129,130,7,7
925,SFO,TLINCECUM-R,-149,-150,7,7
925,TOR,ALAFFEY-L,173,160,9,9
925,BAL,JSAUNDERS-L,-203,-180,9,9
925,KAN,BCHEN-L,168,150,8.5,8.5
925,DET,ASANCHEZ-R,-188,-170,8.5,8.5
925,TAM,DPRICE-L,-164,-164,8,8
925,BOS,CBUCHHOLZ-R,144,144,8,8
925,OAK,TMILONE-L,170,136,8.5,9.5
925,TEX,SFELDMAN-R,-190,-156,8.5,9.5
925,CLE,CKLUBER-R,165,170,9,9
925,CWS,FLIRIANO-L,-185,-190,9,9
925,NYY,PHUGHES-R,-185,-200,9,9
925,MIN,EVASQUEZ-R,165,170,9,9
925,SEA,ERAMIREZ-R,200,200,7.5,7
925,LAA,ZGREINKE-R,-230,-240,7.5,7
926,LOS,AHARANG-R,105,-103,7,7
926,SDG,CRICHARD-L,-125,-117,7,7
926,WAS,JLANNAN-L,120,100,8.5,8.5
926,PHI,KKENDRICK-R,-140,-120,8.5,8.5
926,MIL,SMARCUM-R,110,110,8.5,8.5
926,CIN,BARROYO-R,-130,-130,8.5,8.5
926,PIT,JLOCKE-L,-110,-108,8.5,8
926,NYM,JHEFNER-R,-110,-112,8.5,8
926,MIA,JJOHNSON-R,123,130,7.5,7
926,ATL,PMAHOLM-L,-143,-150,7.5,7
926,STL,CARPENTER-R,-180,-184,8,8
926,HOU,BNORRIS-R,160,164,8,8
926,CUB,JBERKEN-R,110,120,10.5,10.5
926,COL,DPOMERANZ-L,-130,-140,10.5,10.5
926,ARI,WMILEY-L,130,140,6.5,6.5
926,SFO,MCAIN-R,-150,-160,6.5,6.5
926,NYY,CSABATHIA-L,-200,-250,8,7.5
926,MIN,SDEDUNO-R,170,210,8,7.5
926,TOR,VILLANUEVA-R,170,150,8.5,8.5
926,BAL,MGONZALEZ-R,-200,-170,8.5,8.5
926,KAN,JGUTHRIE-R,135,137,8.5,8.5
926,DET,RPORCELLO-R,-155,-157,8.5,8.5
926,TAM,ACOBB-R,-115,-134,9,9
926,BOS,JLESTER-L,-105,114,9,9
926,OAK,JPARKER-R,120,108,9.5,9.5
926,TEX,MPEREZ-L,-140,-128,9.5,9.5
926,CLE,JMASTERSN-R,143,143,9,9
926,CWS,HSANTIAGO-L,-163,-163,9,9
926,SEA,FHERNANDZ-R,120,130,7,7
926,LAA,CWILSON-L,-140,-150,7,7
927,MIL,WPERALTA-R,135,152,8,8
927,CIN,MLATOS-R,-155,-172,8,8
927,PIT,KCORREIA-R,170,170,7,7
927,NYM,RDICKEY-R,-200,-200,7,7
927,CUB,CVOLSTAD-R,140,122,11,10.5
927,COL,JCHACIN-R,-160,-142,11,10.5
927,ARI,PCORBIN-L,105,-107,7.5,7.5
927,SFO,BZITO-L,-125,-113,7.5,7.5
927,WAS,GGONZALEZ-L,-130,-136,7.5,7.5
927,PHI,TCLOYD-R,110,116,7.5,7.5
927,MIA,JTURNER-R,160,170,8,7.5
927,ATL,THANSON-R,-180,-200,8,7.5
927,LOS,CCAPUANO-L,-120,-130,7,7
927,SDG,CKELLY-R,100,110,7,7
927,KAN,LMENDOZA-R,180,190,8.5,8
927,DET,DFISTER-R,-210,-220,8.5,8
927,OAK,TBLACKLEY-L,180,180,9.5,9
927,TEX,MHARRISON-L,-210,-210,9.5,9
927,SEA,HIWAKUMA-R,170,170,8,8
927,LAA,DHAREN-R,-200,-200,8,8
927,NYY,INOVA-R,-150,-136,9,9
927,TOR,BMORROW-R,130,116,9,9
927,TAM,JSHIELDS-R,-110,-114,8,8
927,CWS,JPEAVY-R,-110,-106,8,8
928,CIN,HBAILEY-R,-127,-115,7.5,7
928,PIT,ABURNETT-R,107,-105,7.5,7
928,PHI,CLEE-L,-150,-150,7,7
928,MIA,MBUEHRLE-L,130,130,7,7
928,NYM,JNIESE-L,150,140,7,7.5
928,ATL,THUDSON-R,-170,-160,7,7.5
928,HOU,EGONZALEZ-R,230,240,8,8
928,MIL,YGALLARDO-R,-270,-280,8,8
928,WAS,EJACKSON-R,125,113,8,7.5
928,STL,WAINWRIGHT-R,-145,-133,8,7.5
928,CUB,TWOOD-L,180,154,9,9
928,ARI,IKENNEDY-R,-210,-174,9,9
928,SFO,VOGELSONG-R,100,-111,7,7
928,SDG,AWERNER-L,-120,-109,7,7
928,COL,JFRANCIS-L,250,240,7,7
928,LOS,CKERSHAW-L,-290,-280,7,7
928,NYY,HKURODA-R,-210,-190,9,9
928,TOR,CJENKINS-R,180,170,9,9
928,BOS,ACOOK-R,170,164,9,9
928,BAL,CTILLMAN-R,-200,-184,9,9
928,KAN,WSMITH-L,-105,-102,9,8.5
928,CLE,DHUFF-L,-115,-118,9,8.5
928,LAA,JWEAVER-R,-110,-113,9,9
928,TEX,RDEMPSTER-R,-110,-107,9,9
928,DET,DSMYLY-L,-150,-137,9,8.5
928,MIN,SDIAMOND-L,130,117,9,8.5
928,TAM,HELLICKSON-R,-120,-118,8.5,8
928,CWS,GFLOYD-R,100,-102,8.5,8
928,SEA,BBEAVAN-R,170,175,7,7
928,OAK,AGRIFFIN-R,-200,-195,7,7
929,CIN,MLEAKE-R,-145,-126,8.5,8.5
929,PIT,KMCPHRSON-R,125,106,8.5,8.5
929,HOU,DKEUCHEL-L,220,240,9,9
929,MIL,MESTRADA-R,-260,-280,9,9
929,NYM,CYOUNG-R,170,170,7.5,7.5
929,ATL,MMINOR-L,-200,-190,7.5,7.5
929,PHI,RHALLADAY-R,-130,-118,8,8
929,MIA,RNOLASCO-R,110,-102,8,8
929,WAS,ZIMMERMANN-R,110,-105,8,7.5
929,STL,KLOHSE-R,-130,-115,8,7.5
929,CUB,JGERMANO-R,180,175,9.5,9
929,ARI,TCAHILL-R,-210,-195,9.5,9
929,SFO,BUMGARNER-L,-125,-130,7,7
929,SDG,ESTULTS-L,105,110,7,7
929,COL,TCHATWOOD-R,180,180,8,7.5
929,LOS,JBLANTON-R,-210,-210,8,7.5
929,NYY,APETTITTE-L,-190,-200,9,8.5
929,TOR,RROMERO-L,170,170,9,8.5
929,DET,VERLANDER-R,-260,-240,8,8
929,MIN,PWALTERS-R,220,200,8,8
929,SEA,JVARGAS-L,135,141,8,7.5
929,OAK,DSTRAILY-R,-155,-161,8,7.5
929,KAN,JODORIZZI-R,105,107,9,8.5
929,CLE,JGOMEZ-R,-125,-127,9,8.5
929,BOS,FDOUBRONT-L,170,160,8.5,8.5
929,BAL,SJOHNSON-R,-190,-180,8.5,8.5
929,TAM,MMOORE-L,100,104,8,7.5
929,CWS,CSALE-L,-120,-124,8,7.5
930,PHI,CHAMELS-L,-145,-158,7.5,7.5
930,MIA,NEOVALDI-R,125,138,7.5,7.5
930,NYM,JMEJIA-R,250,240,7,7
930,ATL,KMEDLEN-R,-300,-280,7,7
930,CIN,JCUETO-R,-145,-144,7.5,7.5
930,PIT,WRODRIGUZ-L,125,124,7.5,7.5
930,HOU,JLYLES-R,206,210,8,8.5
930,MIL,MFIERS-R,-236,-250,8,8.5
930,WAS,RDETWILER-L,100,124,8,8
930,STL,LLYNN-R,-120,-144,8,8
930,SFO,TLINCECUM-R,-106,-102,7.5,7.5
930,SDG,EVOLQUEZ-R,-114,-118,7.5,7.5
930,COL,JDELAROSA-L,200,210,7.5,7.5
930,LOS,JBECKETT-R,-230,-250,7.5,7.5
930,CUB,CRUSIN-L,173,170,9.5,9.5
930,ARI,COLLMENTER-R,-203,-190,9.5,9.5
930,KAN,LHOCHEVAR-R,-103,115,9,8.5
930,CLE,McALLISTER-R,-117,-135,9,8.5
930,NYY,PHUGHES-R,-190,-170,9,9
930,TOR,HALVAREZ-R,170,150,9,9
930,BOS,ZSTEWART-R,203,180,9.5,9
930,BAL,JSAUNDERS-L,-243,-210,9.5,9
930,TAM,DPRICE-L,-150,-172,7.5,7.5
930,CWS,JQUINTANA-L,130,152,7.5,7.5
930,DET,ASANCHEZ-R,-167,-165,9,9
930,MIN,LHENDRIKS-R,147,145,9,9
930,LAA,ZGREINKE-R,102,-112,8.5,8.5
930,TEX,YDARVISH-R,-122,-108,8.5,8.5
930,SEA,ERAMIREZ-R,152,170,7.5,7.5
930,OAK,TMILONE-L,-172,-200,7.5,7.5
930,LAA,ESANTANA-R,120,105,8.5,10
930,TEX,DHOLLAND-L,-140,-125,8.5,10
1001,ATL,PMAHOLM-L,-135,-135,8,7.5
1001,PIT,JLOCKE-L,115,115,8,7.5
1001,PHI,KKENDRICK-R,120,132,8.5,8.5
1001,WAS,JLANNAN-L,-140,-152,8.5,8.5
1001,NYM,JFAMILIA-R,150,110,7.5,8
1001,MIA,WLEBLANC-L,-170,-130,7.5,8
1001,HOU,LHARRELL-R,-105,-114,8,7.5
1001,CUB,JBERKEN-R,-115,-106,8,7.5
1001,SDG,CRICHARD-L,123,150,8.5,8.5
1001,MIL,SMARCUM-R,-143,-170,8.5,8.5
1001,CIN,BARROYO-R,106,120,8,7.5
1001,STL,JGARCIA-L,-126,-140,8,7.5
1001,COL,DPOMERANZ-L,160,170,9,9
1001,ARI,WMILEY-L,-180,-200,9,9
1001,SFO,MCAIN-R,-113,-108,7,7.5
1001,LOS,AHARANG-R,-107,-112,7,7.5
1001,CWS,HSANTIAGO-L,-125,-111,9,8.5
1001,CLE,CKLUBER-R,105,-109,9,8.5
1001,MIN,EVASQUEZ-R,110,118,9,9
1001,TOR,ALAFFEY-L,-130,-138,9,9
1001,BAL,WCHEN-L,110,120,8,7.5
1001,TAM,ACOBB-R,-130,-140,8,7.5
1001,BOS,CBUCHHOLZ-R,200,250,8.5,8
1001,NYY,CSABATHIA-L,-230,-300,8.5,8
1001,DET,RPORCELLO-R,-137,-122,9,9
1001,KAN,BCHEN-L,117,102,9,9
1001,TEX,MPEREZ-L,118,120,8,8.5
1001,OAK,JPARKER-R,-138,-140,8,8.5
1001,LAA,CWILSON-L,-113,-114,6.5,6.5
1001,SEA,FHERNANDZ-R,-107,-106,6.5,6.5
1002,ATL,THANSON-R,-113,120,7.5,7.5
1002,PIT,KCORREIA-R,-107,-140,7.5,7.5
1002,PHI,BROSENBRG-R,165,132,7.5,8
1002,WAS,GORZELANNY-L,-185,-152,7.5,8
1002,NYM,RDICKEY-R,-136,-190,7,7
1002,MIA,JTURNER-R,116,170,7,7
1002,HOU,BNORRIS-R,-113,111,7.5,7.5
1002,CUB,CVOLSTAD-R,-107,-131,7.5,7.5
1002,SDG,ABASS-R,130,110,9.5,8.5
1002,MIL,TTHORNBUR-R,-150,-130,9.5,8.5
1002,CIN,MLATOS-R,106,119,7,7
1002,STL,CARPENTER-R,-126,-139,7,7
1002,COL,JCHACIN-R,130,150,10,9.5
1002,ARI,PCORBIN-L,-150,-170,10,9.5
1002,SFO,BZITO-L,135,154,7.5,8
1002,LOS,CCAPUANO-L,-155,-174,7.5,8
1002,CWS,JPEAVY-R,-107,-112,8.5,8
1002,CLE,JMASTERSN-R,-113,-108,8.5,8
1002,MIN,ASWARZAK-R,130,132,10,9
1002,TOR,CJENKINS-R,-150,-152,10,9
1002,BOS,JLESTER-L,143,160,9,8.5
1002,NYY,DPHELPS-R,-163,-180,9,8.5
1002,BAL,MGONZALEZ-R,130,124,7.5,7.5
1002,TAM,JSHIELDS-R,-150,-144,7.5,7.5
1002,DET,DFISTER-R,-107,-127,8.5,8.5
1002,KAN,JGUTHRIE-R,-113,107,8.5,8.5
1002,TEX,MHARRISON-L,-140,-158,7.5,8
1002,OAK,TBLACKLEY-L,120,138,7.5,8
1002,LAA,DHAREN-R,-120,-138,7.5,7
1002,SEA,HIWAKUMA-R,100,118,7.5,7
1003,ATL,BSHEETS-R,124,118,7.5,7
1003,PIT,ABURNETT-R,-144,-138,7.5,7
1003,PHI,CLEE-L,110,-111,7.5,7
1003,WAS,EJACKSON-R,-130,-109,7.5,7
1003,HOU,EGONZALEZ-R,104,101,8.5,8
1003,CUB,TWOOD-L,-124,-121,8.5,8
1003,NYM,JHEFNER-R,100,-110,8,8.5
1003,MIA,TKOEHLER-R,-120,-110,8,8.5
1003,COL,JFRANCIS-L,170,180,9,8.5
1003,ARI,IKENNEDY-R,-190,-210,9,8.5
1003,SFO,VOGELSONG-R,160,164,6.5,6
1003,LOS,CKERSHAW-L,-180,-184,6.5,6
1003,SDG,AWERNER-L,110,115,9,8.5
1003,MIL,JSTINSON-R,-130,-135,9,8.5
1003,CIN,HBAILEY-R,-148,-144,8.5,7.5
1003,STL,SMILLER-R,128,124,8.5,7.5
1003,TEX,RDEMPSTER-R,-113,-113,7.5,7.5
1003,OAK,AGRIFFIN-R,-107,-107,7.5,7.5
1003,LAA,JWEAVER-R,-175,-200,7,7
1003,SEA,BBEAVAN-R,155,170,7,7
1003,MIN,SDIAMOND-L,122,130,8.5,8
1003,TOR,BMORROW-R,-142,-150,8.5,8
1003,CWS,GFLOYD-R,-110,114,9,8.5
1003,CLE,DHUFF-L,-110,-134,9,8.5
1003,BOS,MATSUZAKA-R,270,280,9,9
1003,NYY,HKURODA-R,-320,-330,9,9
1003,BAL,CTILLMAN-R,-106,-120,7.5,7
1003,TAM,HELLICKSON-R,-114,100,7.5,7
1003,DET,MSCHERZER-R,110,-112,9,8.5
1003,KAN,LMENDOZA-R,-130,-108,9,8.5
1005,STL,KLOHSE-R,145,146,6.5,6.5
1005,ATL,KMEDLEN-R,-165,-166,6.5,6.5
1005,BAL,JSAUNDERS-L,170,208,9,8.5
1005,TEX,YDARVISH-R,-190,-238,9,8.5
1006,CIN,JCUETO-R,-113,109,6.5,6.5
1006,SFO,MCAIN-R,-107,-129,6.5,6.5
1006,OAK,JPARKER-R,165,170,7.5,7
1006,DET,VERLANDER-R,-185,-190,7.5,7
1007,WAS,GGONZALEZ-L,-107,-105,7,7
1007,STL,WAINWRIGHT-R,-113,-115,7,7
1007,CIN,BARROYO-R,125,130,7,7
1007,SFO,BUMGARNER-L,-145,-150,7,7
1007,OAK,TMILONE-L,145,138,7.5,7.5
1007,DET,DFISTER-R,-165,-158,7.5,7.5
1007,NYY,CSABATHIA-L,-155,-162,8,7.5
1007,BAL,JHAMMEL-R,135,142,8,7.5
1008,WAS,ZIMMERMANN-R,-107,-105,7.5,7.5
1008,STL,JGARCIA-L,-113,-105,7.5,7.5
1008,NYY,APETTITTE-L,-133,-131,8,8
1008,BAL,WCHEN-L,113,111,8,8
1009,SFO,VOGELSONG-R,117,121,8,7.5
1009,CIN,HBAILEY-R,-137,-141,8,7.5
1009,DET,ASANCHEZ-R,112,114,7,7
1009,OAK,BANDERSON-L,-132,-134,7,7
1010,STL,CARPENTER-R,-114,-111,7.5,7.5
1010,WAS,EJACKSON-R,-106,-109,7.5,7.5
1010,SFO,BZITO-L,120,124,8,8
1010,CIN,MLEAKE-R,-140,-144,8,8
1010,BAL,MGONZALEZ-R,162,152,8.5,8.5
1010,NYY,HKURODA-R,-182,-172,8.5,8.5
1010,DET,MSCHERZER-R,-105,-107,7,7
1010,OAK,AGRIFFIN-R,-105,-113,7,7
1011,SFO,MCAIN-R,-114,105,7,7
1011,CIN,MLATOS-R,-106,-125,7,7
1011,STL,KLOHSE-R,-113,-108,8,8
1011,WAS,RDETWILER-L,-107,-112,8,8
1011,BAL,JSAUNDERS-L,139,150,8.5,8.5
1011,NYY,PHUGHES-R,-159,-170,8.5,8.5
1011,DET,VERLANDER-R,-149,-130,7,6.5
1011,OAK,JPARKER-R,129,110,7,6.5
1012,STL,WAINWRIGHT-R,105,108,7,6.5
1012,WAS,GGONZALEZ-L,-125,-128,7,6.5
1012,BAL,JHAMMEL-R,185,175,7.5,7.5
1012,NYY,CSABATHIA-L,-215,-195,7.5,7.5
1013,DET,DFISTER-R,110,112,8,7.5
1013,NYY,APETTITTE-L,-130,-132,8,7.5
1014,STL,LLYNN-R,115,103,7,7
1014,SFO,BUMGARNER-L,-135,-123,7,7
1014,DET,ASANCHEZ-R,104,115,8,8
1014,NYY,HKURODA-R,-124,-135,8,8
1015,STL,CARPENTER-R,100,-107,7,6.5
1015,SFO,VOGELSONG-R,-120,-113,7,6.5
1016,NYY,PHUGHES-R,155,160,7,7
1016,DET,VERLANDER-R,-175,-180,7,7
1017,SFO,MCAIN-R,110,100,7,7
1017,STL,KLOHSE-R,-130,-120,7,7
1018,SFO,TLINCECUM-R,110,110,7,7
1018,STL,WAINWRIGHT-R,-130,-130,7,7
1018,NYY,CSABATHIA-L,-109,-113,7,7
1018,DET,MSCHERZER-R,-111,-107,7,7
1019,SFO,BZITO-L,135,135,8,8
1019,STL,LLYNN-R,-155,-155,8,8
1021,STL,CARPENTER-R,-104,107,6.5,7
1021,SFO,VOGELSONG-R,-116,-127,6.5,7
1022,STL,KLOHSE-R,127,113,7,6.5
1022,SFO,MCAIN-R,-147,-133,7,6.5
1024,DET,VERLANDER-R,-150,-170,6.5,6.5
1024,SFO,BZITO-L,130,150,6.5,6.5
1025,DET,DFISTER-R,-120,-118,7,7
1025,SFO,BUMGARNER-L,100,-102,7,7
1027,SFO,VOGELSONG-R,120,132,7.5,7
1027,DET,ASANCHEZ-R,-140,-152,7.5,7
1028,SFO,MCAIN-R,115,120,7,6.5
1028,DET,MSCHERZER-R,-135,-140,7,6.5
